code_type,code,description,gross_charge,discounted_cash,min_negotiated,max_negotiated,payer_entries
,,0.9 % NACL WITH KCL 40 MEQ 40-0.9 MEQ/L-% SOLN 1000 ML FLEX CONT,55.0,22.0,22.0,49.5,17
,,5% DEX AND 0.45% SOD CHL INJ,5.0,2.0,2.0,4.5,17
,,ABACAVIR 300 MG TABS 50 EACH BOX,50.22,20.088,20.09,45.2,17
,,ABACAVIR-DOLUTEGRAVIR-LAMIVUD 600-50-300 MG TABS 30 EACH BOTTLE,516.16,206.464,206.46,464.54,17
,,ABACAVIR-LAMIVUDINE 600-300 MG TABS 30 EACH BOTTLE,232.51,93.004,93.0,209.26,17
,,ABACAVIR-LAMIVUDINE-ZIDOVUDINE 300-150-300 MG TABS 60 EACH BOTTLE,144.87,57.948,57.95,130.38,17
,,ACARBOSE 100 MG TABS 100 EACH BOTTLE,7.24,2.896,2.9,6.52,17
,,ACARBOSE 50 MG TABS 100 EACH BOTTLE,4.84,1.936,1.94,4.36,17
,,ACCOMODATIONS,1200.0,480.0,850.0,11492.19,24
,,ACEBUTOLOL 200 MG CAPS 100 EACH BOTTLE,7.05,2.82,2.82,6.35,17
,,ACETAMINOPHEN 120 MG SUPP 1 EACH BOX,1.0,0.4,0.4,0.9,17
,,ACETAMINOPHEN 120 MG SUPP 100 EACH BOX,1.0,0.4,0.4,0.9,17
,,ACETAMINOPHEN 120 MG SUPP 12 EACH BOX,1.0,0.4,0.4,0.9,34
,,ACETAMINOPHEN 120 MG SUPP 6 EACH BOX,1.68,0.672,0.67,1.51,17
,,ACETAMINOPHEN 160 MG/5ML 10.15 ML CUP,2.04,0.816,0.82,2.94,34
,,ACETAMINOPHEN 160 MG/5ML 20.3 ML CUP,3.47,1.388,1.39,3.29,51
,,ACETAMINOPHEN 160 MG/5ML 5 ML CUP,1.62,0.648,0.65,2.62,68
,,ACETAMINOPHEN 160 MG/5ML SYRP 118 ML BOTTLE,6.37,2.548,2.55,5.73,17
,,ACETAMINOPHEN 325 MG SUPP 50 EACH BOX,1.0,0.4,0.4,0.9,17
,,ACETAMINOPHEN 325 MG SUPP 6 EACH BOX,1.83,0.732,0.73,1.65,17
,,ACETAMINOPHEN 325 MG TABS 100 EACH BOTTLE,1.0,0.4,0.4,0.9,34
,,ACETAMINOPHEN 325 MG TABS 100 EACH BOX,1.0,0.4,0.4,0.9,34
,,ACETAMINOPHEN 500 MG TABS 100 EACH BOTTLE,1.0,0.4,0.4,0.9,17
,,ACETAMINOPHEN 500 MG TABS 100 EACH BOX,1.0,0.4,0.4,0.9,34
,,ACETAMINOPHEN 500 MG TABS 1000 EACH BOTTLE,1.0,0.4,0.4,0.9,17
,,ACETAMINOPHEN 650 MG SUPP 12 EACH BOX,1.0,0.4,0.4,0.9,17
,,ACETAMINOPHEN 650 MG SUPP 50 EACH BOX,1.0,0.4,0.4,0.9,17
,,ACETAMINOPHEN-CODEINE 120-12 MG/5ML SOLN 12.5 ML CUP,10.0,4.0,4.0,9.0,17
,,ACETAMINOPHEN-CODEINE 120-12 MG/5ML SOLN 473 ML BOTTLE,10.0,4.0,4.0,9.0,17
,,ACETAMINOPHEN-CODEINE 120-12 MG/5ML SOLN 5 ML CUP,24.34,9.736,9.74,21.91,17
,,ACETAMINOPHEN-CODEINE 120-12 MG/5ML SOLN 5 ML ORAL SYRINGE,10.0,4.0,4.0,9.0,17
,,ACETAMINOPHEN-CODEINE 300-30 MG TABS 1 EACH,10.0,4.0,4.0,9.0,17
,,ACETAMINOPHEN-CODEINE 300-30 MG TABS 100 EACH BOX,10.0,4.0,4.0,9.0,17
,,ACETAMINOPHEN-CODEINE 300-60 MG TABS 100 EACH BOX,10.0,4.0,4.0,9.0,17
,,ACETAZOLAMIDE 125 MG TABS 100 EACH BOTTLE,3.0,1.2,1.2,9.81,34
,,ACETAZOLAMIDE 250 MG TABS 1 EACH,20.94,8.376,8.38,18.85,17
,,ACETAZOLAMIDE 250 MG TABS 50 EACH BOX,20.94,8.376,8.38,18.85,17
,,ACETAZOLAMIDE 500 MG CP12 100 EACH BOTTLE,21.47,8.588,8.59,19.32,51
,,ACETIC ACID 0.25 % SOLN 1000 ML PLAS CONT,55.0,22.0,22.0,49.5,17
,,ACETIC ACID 5 % SOLN 500 ML BOTTLE,21.0,8.4,8.4,18.9,17
,,ACETIC ACID-HYDROCORTISONE 1-2 % SOLN 10 ML BOTTLE,1038.54,415.416,415.42,934.69,17
,,ACETYLCHOLINE CHLORIDE 20 MG SOLR 1 EACH VIAL,720.73,288.292,288.29,648.66,17
,,ACQUISITION FEE,64971.0,25988.4,25988.4,68400.0,75
,,ACYCLOVIR 200 MG CAPS 1 EACH,6.55,2.62,2.62,5.9,17
,,ACYCLOVIR 200 MG CAPS 100 EACH BOTTLE,3.0,1.2,1.2,2.7,17
,,ACYCLOVIR 200 MG CAPS 100 EACH BOX,6.55,2.62,2.62,6.89,34
,,ACYCLOVIR 200 MG CAPS 500 EACH BOTTLE,3.0,1.2,1.2,2.7,17
,,ACYCLOVIR 200 MG/5 ML SUSP 1 ML,4.71,1.884,1.88,4.24,17
,,ACYCLOVIR 200 MG/5 ML SUSP 473 ML BOTTLE,2047.43,818.972,818.97,1842.69,17
,,ACYCLOVIR 200 MG/5ML SUSP 473 ML BOTTLE,23.53,9.412,9.41,21.18,17
,,ACYCLOVIR 200 MG/5ML SUSP 5 ML ORAL SYRINGE,23.53,9.412,9.41,21.18,17
,,ACYCLOVIR 400 MG TABS 1 EACH,9.88,3.952,3.95,8.89,17
,,ACYCLOVIR 400 MG TABS 100 EACH BOX,3.0,1.2,1.2,9.76,51
,,ACYCLOVIR 5 % CREA 5 G TUBE,1104.0,441.6,441.6,3638.21,34
,,ACYCLOVIR 5 % OINT 30 G TUBE,909.97,363.988,120.0,3014.86,68
,,ACYCLOVIR 800 MG TABS 1 EACH,22.75,9.1,9.1,20.48,17
,,ACYCLOVIR 800 MG TABS 100 EACH BOX,22.75,9.1,9.1,20.48,17
,,ADDITIONAL FRACTURE KIT,4100.0,1640.0,1640.0,3690.0,17
,,ADEFOVIR 10 MG TABS 30 EACH BOTTLE,189.48,75.792,75.79,170.53,17
,,AIRWAY EXCHANGE CATH,258.0,103.2,103.2,232.2,17
,,ALBENDAZOLE 200 MG TABS 2 EACH BOTTLE,526.49,210.596,210.6,473.84,17
,,ALBUTEROL (2.5 MG/3ML) NEBU 1 AMPULE AMPULE,3.0,1.2,1.2,2.7,17
,,ALBUTEROL (2.5 MG/3ML) NEBU 3 ML PLAS CONT,6.66,2.664,2.66,5.99,17
,,ALBUTEROL 108 (90 BASE) MCG/ACT AERS 18 G INHALER,342.09,136.836,124.88,307.88,34
,,ALBUTEROL 108 (90 BASE) MCG/ACT AERS 6.7 G INHALER,370.11,148.044,60.0,376.32,68
,,ALBUTEROL 108 (90 BASE) MCG/ACT AERS 8 G INHALER,136.32,54.528,54.53,122.69,17
,,ALBUTEROL 108 (90 BASE) MCG/ACT AERS 8.5 G INHALER,370.09,148.036,148.04,333.08,17
,,ALBUTEROL 2 MG TABS 100 EACH BOTTLE,29.37,11.748,11.75,26.44,34
,,ALBUTEROL 2 MG/5ML SYRP 473 ML BOTTLE,153.73,61.492,61.49,138.36,17
,,ALBUTEROL 4 MG TABS 100 EACH BOTTLE,29.37,11.748,11.75,26.44,34
,,ALCOHOL DEHYDRATED SOLN 5 ML AMPULE,4197.9,1679.16,1333.5,3778.11,51
,,ALENDRONATE 10 MG TABS 30 EACH BOTTLE,14.64,5.856,5.86,13.18,17
,,ALENDRONATE 70 MG TABS 4 EACH BOX,102.42,40.968,40.97,92.2,34
,,ALFENTANIL HCL 1000 MCG/2ML SOLN 2 ML AMPULE,52.61,21.044,21.04,47.35,17
,,ALFUZOSIN 10 MG TB24 100 EACH BOTTLE,21.07,8.428,8.43,18.96,17
,,ALISKIREN 150 MG TABS 30 EACH BOTTLE,69.06,27.624,27.62,62.15,17
,,ALLOPURINOL 100 MG TABS 1 EACH,3.0,1.2,1.2,2.7,34
,,ALLOPURINOL 100 MG TABS 100 EACH BOTTLE,3.0,1.2,1.2,2.7,17
,,ALLOPURINOL 100 MG TABS 100 EACH BOX,3.0,1.2,1.2,2.7,68
,,ALLOPURINOL 20 MG/ML SUSP 100 ML BOTTLE,20.0,8.0,8.0,18.0,17
,,ALLOPURINOL 300 MG TABS 1 EACH,4.71,1.884,1.88,4.24,17
,,ALLOPURINOL 300 MG TABS 100 EACH BOX,4.71,1.884,1.22,4.24,51
,,ALLOPURINOL 50 MG TABS 1 HALF TABLET,3.0,1.2,1.2,2.7,17
,,ALPHA KERI BATH OIL OIL 237 ML BOTTLE,55.7,22.28,22.28,50.13,17
,,ALPHA-LIPOIC ACID 100 MG CAPS 60 EACH BOTTLE,3.0,1.2,1.2,2.7,17
,,ALPRAZOLAM 0.25 MG TABS 1 EACH,10.0,4.0,4.0,9.0,17
,,ALPRAZOLAM 0.25 MG TABS 100 EACH BOTTLE,10.0,4.0,4.0,9.0,51
,,ALPRAZOLAM 0.25 MG TABS 100 EACH BOX,10.0,4.0,4.0,9.0,17
,,ALPRAZOLAM 0.5 MG TABS 1 EACH,10.0,4.0,4.0,9.0,17
,,ALPRAZOLAM 0.5 MG TABS 100 EACH BOTTLE,10.0,4.0,4.0,9.0,51
,,ALPRAZOLAM 0.5 MG TABS 100 EACH BOX,10.0,4.0,4.0,9.0,17
,,ALPRAZOLAM 1 MG TABS 100 EACH BOTTLE,10.0,4.0,4.0,9.0,51
,,ALPRAZOLAM 1 MG TB24 60 EACH BOTTLE,13.37,5.348,5.35,12.03,17
,,ALTEPLASE 25 MCG/0.1 ML SOLN 5 ML VIAL,608.42,243.368,243.37,547.58,14
,,ALUM AND MAG HYDROXIDE-SIMETH 200-200-20 MG/5ML SUSP 30 ML BOX,18.9,7.56,7.56,18.77,34
,,ALUM AND MAG HYDROXIDE-SIMETH 200-200-20 MG/5ML SUSP 30 ML CUP,18.9,7.56,7.56,18.77,51
,,ALUM AND MAG HYDROXIDE-SIMETH 200-200-20 MG/5ML SUSP 355 ML BOTTLE,3.0,1.2,1.2,2.7,17
,,ALUM AND MAG HYDROXIDE-SIMETH 400-400-40 MG/5ML SUSP 15 ML ORAL SYRINGE,3.0,1.2,1.2,2.7,17
,,ALUM AND MAG HYDROXIDE-SIMETH 400-400-40 MG/5ML SUSP 355 ML BOTTLE,3.0,1.2,1.2,2.7,17
,,ALUMINUM HYDROXIDE 320 MG/5ML SUSP 473 ML BOTTLE,40.21,16.084,16.08,36.19,17
,,ALUMINUM SULFATE-CALCIUM ACETATE PACK 12 EACH BOX,4.0,1.6,1.6,3.6,17
,,ALVIMOPAN 12 MG CAPS 1 EACH,867.25,346.9,346.9,780.53,17
,,ALVIMOPAN 12 MG CAPS 30 EACH BOX,867.25,346.9,346.9,903.38,51
,,AMANTADINE 100 MG CAPS 1 EACH,10.89,4.356,4.36,9.8,17
,,AMANTADINE 100 MG CAPS 100 EACH BOX,10.89,4.356,4.36,9.8,17
,,AMANTADINE HCL 50 MG/5ML SOLN 10 ML ORAL SYRINGE,7.7,3.08,3.08,6.93,17
,,AMANTADINE HCL 50 MG/5ML SOLN 473 ML BOTTLE,361.85,144.74,144.74,327.79,34
,,AMBRISENTAN 10 MG TABS 10 EACH BOTTLE,2445.64,978.256,978.26,2201.08,17
,,AMBRISENTAN 5 MG TABS 10 EACH BOTTLE,2445.64,978.256,978.26,2201.08,17
,,AMBRISENTAN 5 MG TABS 30 EACH BOTTLE,1696.97,678.788,678.79,1527.27,17
,,AMILORIDE 5 MG TABS 100 EACH BOTTLE,3.0,1.2,1.2,2.7,34
,,AMINO ACID 5 % SOLN 1000 ML FLEX CONT,1357.0,542.8,441.6,1569.06,51
,,AMINO ACIDS (CLINISOL) 15 % SOLN 2000 ML PLAS CONT,726.8,290.72,290.72,654.12,17
,,AMINO ACIDS (PREMASOL) 10 % SOLN 1000 ML PLAS CONT,552.0,220.8,220.8,496.8,17
,,AMINO ACIDS (PREMASOL) 10 % SOLN 2000 ML PLAS CONT,1085.6,434.24,434.24,977.04,17
,,AMINO ACIDS (PREMASOL) 10 % SOLN 500 ML PLAS CONT,325.0,130.0,130.0,292.5,17
,,AMINO ACIDS (TRAVASOL) 10 % SOLN 1000 ML FLEX CONT,190.0,76.0,76.0,171.0,17
,,AMINO ACIDS (TRAVASOL) 10 % SOLN 2000 ML PLAS CONT,340.0,136.0,136.0,306.0,17
,,AMINO ACIDS-DEXTROSE 8-14% SOLN 2000 ML FLEX CONT,625.6,250.24,250.24,563.04,17
,,AMINO ACIDS-DEXTROSE W/ ELECTROLYTES 4.25-5% SOLN 1000 ML PLAS CONT,260.0,104.0,104.0,234.0,17
,,AMINO ACIDS-DEXTROSE W/ ELECTROLYTES 4.25-5% SOLN 2000 ML FLEX CONT,240.0,96.0,96.0,216.0,17
,,AMINO ACIDS-DEXTROSE W/ ELECTROLYTES 5-15% SOLN 1000 ML PLAS CONT,270.0,108.0,108.0,243.0,17
,,AMINO ACIDS-DEXTROSE W/ ELECTROLYTES 5-15% SOLN 2000 ML FLEX CONT,469.2,187.68,187.68,422.28,17
,,AMINO ACIDS-DEXTROSE W/ ELECTROLYTES 8-14% SOLN 2000 ML FLEX CONT,671.6,268.64,268.64,604.44,17
,,AMINOCAPROIC ACID 0.25 GM/ML SOLN 236.5 ML BOTTLE,13382.73,5353.092,5353.09,12044.46,17
,,AMINOCAPROIC ACID 0.25 GM/ML SOLN 4 ML ORAL SYRINGE,269.46,107.784,107.78,242.51,17
,,AMINOCAPROIC ACID 500 MG TABS 30 EACH BOTTLE,112.01,44.804,44.8,100.81,51
,,AMINOCAPROIC ACID 500 MG TABS 30 EACH BOX,159.2,63.68,63.68,143.28,17
,,AMINOLEVULINIC ACID HCL 1.5 G SOLR 1 EACH VIAL,14056.56,5622.624,5622.62,12650.9,17
,,AMIODARONE 100 MG TABS 1 EACH,37.15,14.86,14.86,33.44,34
,,AMIODARONE 100 MG TABS 30 EACH BOTTLE,37.15,14.86,14.86,33.44,51
,,AMIODARONE 100 MG TABS 50 EACH BOX,37.15,14.86,14.86,33.44,17
,,AMIODARONE 200 MG TABS 1 EACH,39.72,15.888,1.21,35.75,34
,,AMIODARONE 200 MG TABS 100 EACH BOX,3.0,1.2,1.2,35.75,51
,,AMIODARONE 200 TABS 1 TABLET,16.91,6.764,6.76,15.22,17
,,AMIODARONE 5 MG/ML SOLN 200 ML BOTTLE,557.52,223.008,223.01,501.77,17
,,AMIODARONE 50 MG TABS 1 TABLET,16.91,6.764,6.76,15.22,17
,,AMITRIPTYLINE 10 MG TABS 1 EACH,3.0,1.2,1.2,2.7,17
,,AMITRIPTYLINE 10 MG TABS 100 EACH BOTTLE,3.0,1.2,1.2,2.7,68
,,AMITRIPTYLINE 10 MG TABS 50 EACH BOX,3.0,1.2,1.2,2.7,17
,,AMITRIPTYLINE 100 MG TABS 100 EACH BOTTLE,12.7,5.08,5.08,11.43,34
,,AMITRIPTYLINE 150 MG TABS 100 EACH BOTTLE,19.05,7.62,7.62,17.15,51
,,AMITRIPTYLINE 25 MG TABS 1 EACH,3.0,1.2,1.2,2.7,17
,,AMITRIPTYLINE 25 MG TABS 100 EACH BOX,3.0,1.2,1.2,2.7,17
,,AMITRIPTYLINE 5 MG/ML SUSP 1 ML,3.0,1.2,1.2,2.7,17
,,AMITRIPTYLINE 50 MG TABS 1 EACH,3.48,1.392,1.39,3.13,17
,,AMITRIPTYLINE 75 MG TABS 1 EACH,3.42,1.368,1.37,3.08,17
,,AMITRIPTYLINE 75 MG TABS 100 EACH BOTTLE,9.54,3.816,3.82,8.59,51
,,AMITRIPTYLINE 75 MG TABS 50 EACH BOX,3.42,1.368,1.37,3.08,17
,,AMITRIPTYLINE-CHLORDIAZEPOXIDE 5-12.5 MG TABS 100 EACH BOTTLE,10.0,4.0,4.0,9.0,17
,,AMLODIPINE 1 MG/ML SUSP 150 ML BOTTLE,3321.36,1328.544,1328.54,2989.22,17
,,AMLODIPINE 10 MG TABS 100 EACH BOX,11.28,4.512,4.51,10.15,17
,,AMLODIPINE 2.5 MG TABS 100 EACH BOX,7.97,3.188,3.19,7.17,17
,,AMLODIPINE 2.5 MG TABS 90 EACH BOTTLE,8.72,3.488,3.49,7.85,17
,,AMLODIPINE 5 MG TABS 100 EACH BOX,8.22,3.288,3.29,7.4,17
,,AMMONIA INHA 10 EACH BOX,3.0,1.2,1.2,2.7,17
,,AMMONIUM LACTATE 12 % LOTN 227 G BOTTLE,90.8,36.32,36.32,81.72,17
,,AMOXICILLIN 125 MG CHEW 100 EACH BOTTLE,3.0,1.2,1.2,2.7,17
,,AMOXICILLIN 125 MG/5ML SUSR 80 ML BOTTLE,15.6,6.24,6.24,14.04,17
,,AMOXICILLIN 200 MG/5ML SUSR 100 ML BOTTLE,45.5,18.2,18.2,40.95,17
,,AMOXICILLIN 250 MG CAPS 100 EACH BOTTLE,3.0,1.2,1.2,2.7,17
,,AMOXICILLIN 250 MG CHEW 100 EACH BOTTLE,3.68,1.472,1.47,3.31,17
,,AMOXICILLIN 250 MG/5ML SUSR 100 ML BOTTLE,30.5,12.2,12.2,27.45,17
,,AMOXICILLIN 400 MG/5ML SUSR 100 ML BOTTLE,49.0,19.6,19.6,44.1,34
,,AMOXICILLIN 400 MG/5ML SUSR 75 ML BOTTLE,36.75,14.7,14.7,33.08,17
,,AMOXICILLIN 500 MG CAPS 100 EACH BOTTLE,3.0,1.2,1.2,2.7,17
,,AMOXICILLIN 875 MG TABS 100 EACH BOTTLE,4.35,1.74,1.74,3.92,17
,,AMOXICILLIN-CLAVULANATE 1000-62.5 MG TB12 40 EACH BOTTLE,42.16,16.864,16.86,37.94,17
,,AMOXICILLIN-CLAVULANATE 200-28.5 MG/5ML SUSR 50 ML BOTTLE,92.25,36.9,36.9,83.03,17
,,AMOXICILLIN-CLAVULANATE 250-125 MG TABS 30 EACH BOTTLE,29.59,11.836,11.84,26.63,17
,,AMOXICILLIN-CLAVULANATE 250-62.5 MG/5ML SUSR 100 ML BOTTLE,397.44,158.976,158.98,357.7,17
,,AMOXICILLIN-CLAVULANATE 250-62.5 MG/5ML SUSR 150 ML BOTTLE,584.43,233.772,233.77,525.99,17
,,AMOXICILLIN-CLAVULANATE 400-57 MG/5ML SUSR 100 ML BOTTLE,344.5,137.8,137.8,310.05,34
,,AMOXICILLIN-CLAVULANATE 400-57 MG/5ML SUSR 5 ML ORAL SYRINGE,17.23,6.892,6.89,15.51,17
,,AMOXICILLIN-CLAVULANATE 500-125 MG TABS 20 EACH BOTTLE,18.93,7.572,7.57,17.04,17
,,AMOXICILLIN-CLAVULANATE 600-42.9 MG/5ML SUSR 125 ML BOTTLE,306.88,122.752,122.75,276.19,17
,,AMOXICILLIN-CLAVULANATE 875-125 MG TABS 1 EACH,9.5,3.8,3.8,8.55,17
,,AMOXICILLIN-CLAVULANATE 875-125 MG TABS 100 EACH BOTTLE,24.5,9.8,9.8,23.18,68
,,AMOXICILLIN-CLAVULANATE 875-125 MG TABS 100 EACH BOX,9.48,3.792,3.79,8.53,17
,,AMOXICILLIN-CLAVULANATE 875-125 MG TABS 20 EACH BOTTLE,25.26,10.104,10.1,22.73,17
,,AMPHETAMINE-DEXTROAMPHETAMINE 10 MG CP24 100 EACH BOTTLE,42.74,17.096,17.1,38.47,17
,,AMPHETAMINE-DEXTROAMPHETAMINE 10 MG TABS 100 EACH BOTTLE,10.0,4.0,4.0,9.0,34
,,AMPHETAMINE-DEXTROAMPHETAMINE 15 MG CP24 100 EACH BOTTLE,30.66,12.264,12.26,38.47,34
,,AMPHETAMINE-DEXTROAMPHETAMINE 15 MG TABS 100 EACH BOTTLE,10.0,4.0,4.0,9.0,34
,,AMPHETAMINE-DEXTROAMPHETAMINE 20 MG CP24 100 EACH BOTTLE,42.74,17.096,12.26,38.47,34
,,AMPHETAMINE-DEXTROAMPHETAMINE 30 MG CP24 100 EACH BOTTLE,42.74,17.096,14.1,38.47,34
,,AMPHETAMINE-DEXTROAMPHETAMINE 5 MG CP24 100 EACH BOTTLE,30.66,12.264,12.26,38.47,51
,,AMPHETAMINE-DEXTROAMPHETAMINE 5 MG TABS 100 EACH BOTTLE,10.0,4.0,4.0,9.0,51
,,AMPHOTERICIN B 0.15% 10 ML BOTTLE,250.0,100.0,100.0,225.0,17
,,AMPICILLIN 500 MG CAPS 100 EACH BOTTLE,3.24,1.296,1.3,2.92,17
,,AMPICILLIN-HEPARIN 10 MG-10 UNITS/ML LOCK SYRINGE 1 ML SYRINGE,35.0,14.0,14.0,31.5,17
,,AMPICILLIN-HEPARIN 10 MG-10 UNITS/ML LOCK SYRINGE 2 ML SYRINGE,35.0,14.0,14.0,31.5,17
,,AMPICILLIN-HEPARIN 10 MG-5000 UNITS/ML LOCK SYRINGE 1 ML SYRINGE,35.0,14.0,14.0,31.5,17
,,AMPICILLIN-HEPARIN 10 MG-5000 UNITS/ML LOCK SYRINGE 2 ML SYRINGE,35.0,14.0,14.0,31.5,17
,,ANAGRELIDE 0.5 MG CAPS 100 EACH BOTTLE,49.62,19.848,19.85,44.66,17
,,ANASTROZOLE 1 MG TABS 30 EACH BOX,10.36,4.144,4.14,9.32,17
,,ANES. SUPPLY/15 MIN-EPIDURAL,45.0,18.0,18.0,40.5,17
,,ANEURYSM ENDOGRAFT,24000.0,9600.0,9600.0,21600.0,17
,,ANNULOPLASTY BANDS,4882.0,1952.8,1952.8,4393.8,17
,,ANTICOAGULANT SODIUM CITRATE 4 % SOLN 500 ML PLAS CONT,60.0,24.0,24.0,54.0,17
,,ANTITHYMOCYTE GLOBULIN (EQUINE) TEST DOSE 50 MCG/ML 0.1 ML SYRINGE,343.55,137.42,137.42,309.2,17
,,APIXABAN 2.5 MG TABS 100 EACH BOX,34.56,13.824,13.82,31.1,17
,,APIXABAN 5 MG TABS 100 EACH BOX,34.56,13.824,13.82,31.1,17
,,APRACLONIDINE 0.5 % SOLN 5 ML BOTTLE,399.14,159.656,159.66,359.23,17
,,APRACLONIDINE 1 % SOLN 24 EACH PLAS CONT,166.37,66.548,66.55,149.73,17
,,AQUISTION FEES,70000.0,28000.0,28000.0,63000.0,15
,,ARGININE (L-ARGININE) 10 % SOLN 300 ML GLASS CONT,252.0,100.8,100.8,226.8,17
,,ARGININE 500 MG PACK 30 EACH BOX,27.69,11.076,11.08,24.92,34
,,ARIPIPRAZOLE 10 MG TABS 1 EACH,3.75,1.5,1.5,3.38,17
,,ARIPIPRAZOLE 10 MG TABS 100 EACH BOX,32.97,13.188,1.5,29.67,51
,,ARIPIPRAZOLE 15 MG TABS 1 EACH,153.07,61.228,61.23,137.76,17
,,ARIPIPRAZOLE 15 MG TABS 20 EACH BOX,153.07,61.228,61.23,137.76,17
,,ARIPIPRAZOLE 2 MG TABS 30 EACH BOTTLE,160.03,64.012,64.01,144.5,34
,,ARIPIPRAZOLE 2 MG TABS 30 EACH BOX,9.0,3.6,3.6,8.1,17
,,ARIPIPRAZOLE 20 MG TABS 1 EACH,207.06,82.824,82.82,186.35,17
,,ARIPIPRAZOLE 20 MG TABS 30 EACH BOTTLE,227.05,90.82,90.82,204.35,17
,,ARIPIPRAZOLE 20 MG TABS 30 EACH BOX,13.7,5.48,3.4,12.33,34
,,ARIPIPRAZOLE 30 MG TABS 20 EACH BOX,185.46,74.184,74.18,166.91,17
,,ARIPIPRAZOLE 30 MG TABS 30 EACH BOTTLE,227.05,90.82,90.82,204.35,17
,,ARIPIPRAZOLE 5 MG TABS 1 EACH,150.2,60.08,60.08,135.18,17
,,ARIPIPRAZOLE 5 MG TABS 100 EACH BOX,3.0,1.2,1.2,30.72,51
,,ARTEMETHER-LUMEFANTRINE 20-120 MG TABS 24 EACH BOTTLE,33.69,13.476,13.48,30.32,17
,,ASCORBIC ACID 250 MG TABS 1 EACH,3.0,1.2,1.2,2.7,17
,,ASCORBIC ACID 250 MG TABS 100 EACH BOTTLE,3.0,1.2,1.2,2.7,17
,,ASCORBIC ACID 250 MG TABS 250 EACH BOTTLE,3.0,1.2,1.2,2.7,17
,,ASCORBIC ACID 250 MG TABS 50 EACH BOX,3.0,1.2,1.2,2.7,17
,,ASCORBIC ACID 25000 MG/50ML SOLN 50 ML VIAL,1475.45,590.18,590.18,1344.26,34
,,ASCORBIC ACID 500 MG TABS 100 EACH BOX,3.0,1.2,1.2,2.7,17
,,ASCORBIC ACID 500 MG/ML SOLN 30 ML VIAL,199.95,79.98,79.98,179.96,17
,,ASCORBIC ACID 500 MG/ML SOLN 50 ML VIAL,499.56,199.824,187.86,449.6,34
,,ASENAPINE MALEATE 10 MG SUBL 60 EACH BOTTLE,35.0,14.0,14.0,31.5,17
,,ASENAPINE MALEATE 5 MG SUBL 10 EACH BOX,126.09,50.436,50.44,113.48,17
,,ASENAPINE MALEATE 5 MG SUBL 60 EACH BOTTLE,22.5,9.0,9.0,20.25,17
,,ASPIRIN 10 MG/ML ORAL SOLN 32.5 ML BOTTLE,16.25,6.5,6.5,14.63,17
,,ASPIRIN 20.25 MG CHEW 1 QUARTER TABLET,3.0,1.2,1.2,2.7,17
,,ASPIRIN 300 MG SUPP 12 EACH BOX,2.19,0.876,0.88,1.97,17
,,ASPIRIN 325 MG TABS 500 EACH BOX,1.0,0.4,0.4,0.9,17
,,ASPIRIN 325 MG TBEC 100 EACH BOTTLE,1.0,0.4,0.4,0.9,17
,,ASPIRIN 40.5 MG CHEW 1 HALF TABLET,3.0,1.2,1.2,2.7,17
,,ASPIRIN 81 MG CHEW 30 EACH BOX,1.0,0.4,0.4,0.9,17
,,ASPIRIN 81 MG CHEW 300 EACH BOX,1.0,0.4,0.4,0.9,34
,,ASPIRIN 81 MG CHEW 36 EACH BOTTLE,1.0,0.4,0.4,0.9,17
,,ASPIRIN 81 MG CHEW 500 EACH DISP PACK,1.0,0.4,0.4,0.9,17
,,ASPIRIN 81 MG TBEC 120 EACH BOTTLE,1.0,0.4,0.4,0.9,34
,,ASPIRIN-ACETAMINOPHEN-CAFFEINE 250-250-65 MG TABS 100 EACH BOTTLE,3.0,1.2,1.2,2.7,17
,,ATAZANAVIR 150 MG CAPS 60 EACH BOTTLE,139.01,55.604,55.6,125.11,34
,,ATAZANAVIR 200 MG CAPS 60 EACH BOTTLE,139.01,55.604,55.6,125.11,51
,,ATAZANAVIR 300 MG CAPS 30 EACH BOTTLE,289.89,115.956,115.96,260.9,17
,,ATENOLOL 100 MG TABS 1 EACH,7.45,2.98,2.98,6.71,17
,,ATENOLOL 100 MG TABS 100 EACH BOX,7.47,2.988,2.99,6.72,17
,,ATENOLOL 25 MG TABS 1 EACH,4.0,1.6,1.6,3.6,17
,,ATENOLOL 25 MG TABS 100 EACH BOTTLE,4.09,1.636,1.64,3.68,17
,,ATENOLOL 50 MG TABS 1 EACH,4.45,1.78,1.78,4.01,17
,,ATENOLOL 50 MG TABS 100 EACH BOX,4.46,1.784,1.78,4.01,17
,,ATENOLOL-CHLORTHALIDONE 50-25 MG TABS 100 EACH BOTTLE,9.42,3.768,3.77,8.48,17
,,ATOMOXETINE 10 MG CAPS 30 EACH BOTTLE,71.1,28.44,28.44,64.05,34
,,ATOMOXETINE 18 MG CAPS 30 EACH BOTTLE,71.1,28.44,28.44,64.05,34
,,ATOMOXETINE 25 MG CAPS 30 EACH BOTTLE,79.08,31.632,31.63,71.17,17
,,ATOMOXETINE 40 MG CAPS 1 EACH,37.94,15.176,15.18,34.15,34
,,ATOMOXETINE 40 MG CAPS 30 EACH BOX,37.94,15.176,15.18,34.15,17
,,ATOMOXETINE 60 MG CAPS 30 EACH BOTTLE,77.33,30.932,30.93,69.6,17
,,ATORVASTATIN 10 MG TABS 1 EACH,3.16,1.264,1.26,2.84,17
,,ATORVASTATIN 10 MG TABS 100 EACH BOX,3.16,1.264,1.2,2.84,34
,,ATORVASTATIN 20 MG TABS 1 EACH,4.29,1.716,1.72,3.86,17
,,ATORVASTATIN 20 MG TABS 100 EACH BOX,4.29,1.716,1.2,3.86,34
,,ATORVASTATIN 40 MG TABS 1 EACH,4.29,1.716,1.72,3.86,17
,,ATORVASTATIN 40 MG TABS 100 EACH BOX,3.46,1.384,1.38,3.86,34
,,ATOVAQUONE 750 MG/5ML SUSP 210 ML BOTTLE,5788.57,2315.428,2315.43,5960.65,34
,,ATOVAQUONE 750 MG/5ML SUSP 5 ML BOX,206.5,82.6,71.14,185.85,34
,,ATOVAQUONE 750 MG/5ML SUSP 5 ML CUP,88.85,35.54,35.54,226.44,85
,,ATOVAQUONE 750 MG/5ML SUSP 5 ML SACHET,206.5,82.6,82.6,185.85,17
,,ATOVAQUONE-PROGUANIL 250-100 MG TABS 24 EACH BOX,37.04,14.816,14.82,33.34,17
,,ATOVAQUONE-PROGUANIL HCL 62.5-25 MG TABS 100 EACH BOTTLE,14.94,5.976,5.98,13.45,17
,,ATRACURIUM BESYLATE 100 MG/10ML SOLN 10 ML VIAL,56.7,22.68,22.68,75.96,51
,,ATROPINE 1 % OINT 3.5 G TUBE,105.05,42.02,42.02,168.04,34
,,ATROPINE 1 % SOLN 2 ML BOTTLE,239.3,95.72,95.72,215.37,34
,,ATROPINE 1 % SOLN 5 ML BOTTLE,291.9,116.76,116.76,262.71,34
,,ATROPINE SULFATE 1 MG/2.5ML SOSY 2.5 ML SYRINGE,133.8,53.52,53.52,120.42,17
,,ATROPINE SULFATE 1.2 MG/3ML SOSY 3 ML SYRINGE,51.0,20.4,20.4,45.9,17
,,AVEENO SOOTHING BATH TREATMENT PACK 8 EACH BOX,3.99,1.596,1.6,3.59,17
,,AZATHIOPRINE 50 MG/ML SUSP 30 ML BOTTLE,1108.28,443.312,443.31,997.45,17
,,AZELASTINE 0.05 % SOLN 6 ML BOTTLE,478.72,191.488,191.49,430.85,17
,,AZELASTINE 0.1 % SOLN 30 ML BOTTLE,483.97,193.588,193.59,435.57,17
,,AZITHROMYCIN 1 G PACK 3 EACH BOX,145.64,58.256,58.26,133.38,34
,,AZITHROMYCIN 100 MG/5ML SUSR 15 ML BOTTLE,174.38,69.752,69.75,156.94,17
,,AZITHROMYCIN 200 MG/5ML SUSR 30 ML BOTTLE,174.45,69.78,69.78,157.01,34
,,AZITHROMYCIN 250 MG TABS 1 EACH,9.36,3.744,3.74,8.42,17
,,AZITHROMYCIN 250 MG TABS 100 EACH BOX,21.08,8.432,8.43,18.97,34
,,AZITHROMYCIN 250 MG TABS 50 EACH BOX,20.71,8.284,8.28,18.64,17
,,AZITHROMYCIN 250 MG TABS 6 EACH DISP PACK,38.92,15.568,15.57,35.03,34
,,AZITHROMYCIN 500 MG TABS 30 EACH BOX,34.36,13.744,13.74,30.92,17
,,AZITHROMYCIN 600 MG TABS 30 EACH BOTTLE,11.37,4.548,4.55,84.07,51
,,AZTREONAM LYSINE 75 MG SOLR 1 ML PLAS CONT,883.09,353.236,353.24,794.78,17
,,AZTREONAM-AVIBACTAM 1.5-0.5 G SOLR 1 EACH VIAL,1805.04,722.016,722.02,1624.54,17
,,B COMPLEX-VITAMIN C-FOLIC ACID 0.8 MG TABS 100 EACH,3.0,1.2,1.2,2.7,17
,,B COMPLEX-VITAMIN C-FOLIC ACID 0.8 MG TABS 100 EACH BOTTLE,3.0,1.2,1.2,2.7,34
,,BACITRACIN 500 UNIT/GM OINT 0.9 G PACKAGE,3.0,1.2,1.2,2.7,17
,,BACITRACIN 500 UNIT/GM OINT 1 EACH BOX,3.0,1.2,1.2,2.7,17
,,BACITRACIN 500 UNIT/GM OINT 14 G TUBE,17.99,7.196,7.2,16.19,17
,,BACITRACIN 500 UNIT/GM OINT 28 G TUBE,14.84,5.936,5.94,23.69,34
,,BACITRACIN 500 UNIT/GM OINT 28.4 G TUBE,17.32,6.928,6.93,15.59,17
,,BACITRACIN 500 UNIT/GM OINT 3.5 G TUBE,596.57,238.628,238.63,536.91,17
,,BACITRACIN 500 UNIT/GM OINT 425 G JAR,119.0,47.6,47.6,107.1,17
,,BACITRACIN-POLYMYXIN B (OPHTH) OINT 3.5 G TUBE,143.26,57.304,57.3,128.93,17
,,BACITRACIN-POLYMYXIN B 500-10000 UNIT/GM OINT 3.5 G TUBE,130.6,52.24,52.24,117.54,17
,,BACLOFEN 10 MG TABS 1 EACH,3.11,1.244,1.24,3.32,51
,,BACLOFEN 10 MG TABS 100 EACH BOTTLE,12.36,4.944,4.94,11.12,17
,,BACLOFEN 10 MG TABS 100 EACH BOX,3.0,1.2,1.2,3.32,85
,,BACLOFEN 10 MG TABS 50 EACH BOX,3.11,1.244,1.24,2.8,17
,,BACLOFEN 10 MG/ML SUSP 1 ML,11.31,4.524,4.52,10.18,17
,,BACLOFEN 20 MG TABS 1 EACH,4.43,1.772,1.77,5.45,51
,,BACLOFEN 20 MG TABS 100 EACH BOTTLE,25.65,10.26,10.26,23.09,17
,,BACLOFEN 20 MG TABS 100 EACH BOX,4.43,1.772,1.71,5.45,51
,,BACLOFEN 20 MG TABS 50 EACH BOX,4.65,1.86,1.86,4.19,34
,,BACLOFEN 5 MG TABS 1 EACH,13.61,5.444,5.44,12.25,17
,,BACLOFEN 5 MG TABS 100 EACH BOTTLE,6.18,2.472,2.47,5.56,17
,,BACLOFEN 5 MG TABS 100 EACH BOX,9.72,3.888,3.89,8.75,17
,,BACLOFEN 5 MG TABS 50 EACH BOX,13.61,5.444,3.89,12.25,34
,,BACLOFEN PUMP TRIAL SESSION,925.0,370.0,370.0,832.5,17
,,BALANCED SALTS SOLN 15 ML BOTTLE,75.9,30.36,30.36,68.31,17
,,BALANCED SALTS SOLN 500 ML GLASS CONT,570.4,228.16,228.16,513.36,17
,,BALSALAZIDE 750 MG CAPS 280 EACH BOTTLE,8.0,3.2,3.2,7.2,17
,,BAND LIGATION KIT,925.0,370.0,370.0,832.5,17
,,BANDAGE,125.0,50.0,50.0,112.5,17
,,BARIUM SULFATE 96 % SUSR 176 G BOTTLE,22.88,9.152,9.15,20.59,17
,,BECLOMETHASONE 40 MCG/ACT AERB 10.6 G INHALER,1257.23,502.892,502.89,1131.51,17
,,BECLOMETHASONE 42 MCG/SPRAY SUSP 25 G INHALER,1619.32,647.728,647.73,1457.39,17
,,BECLOMETHASONE 80 MCG/ACT AERB 10.6 G INHALER,1683.78,673.512,673.51,1515.4,17
,,BEER CAN 1 CAN CAN,5.0,2.0,2.0,4.5,17
,,BENAZEPRIL 10 MG TABS 100 EACH BOTTLE,5.25,2.1,2.1,4.73,17
,,BENAZEPRIL 20 MG TABS 1 EACH,4.75,1.9,1.9,4.28,17
,,BENAZEPRIL 20 MG TABS 50 EACH BOX,4.75,1.9,1.9,4.28,17
,,BENAZEPRIL 40 MG TABS 1 EACH,4.87,1.948,1.95,4.38,17
,,BENAZEPRIL 40 MG TABS 50 EACH BOX,4.87,1.948,1.95,4.38,17
,,BENAZEPRIL 5 MG TABS 100 EACH BOTTLE,5.25,2.1,2.1,4.73,17
,,BENZOCAINE 20 % SOLN 25 EACH BOX,53.18,21.272,21.27,47.86,17
,,BENZOCAINE-LANOLIN-ALOE VERA 20-0.5 % AEROSOL 56 G CAN,27.16,10.864,10.86,24.44,17
,,BENZOCAINE-LANOLIN-ALOE VERA 20-0.5 % AEROSOL 85 G CAN,34.85,13.94,13.94,31.37,17
,,BENZOCAINE-MENTHOL 15-2.6 MG LOZG 16 EACH BOX,3.0,1.2,1.2,2.7,17
,,BENZOCAINE-MENTHOL 18 EACH BOX,3.0,1.2,1.2,2.7,51
,,BENZOCAINE-MENTHOL 25 EACH BAG,3.0,1.2,1.2,2.7,17
,,BENZOCAINE-MENTHOL-ZINC CL 20-0.26-0.15 % GEL 7 G TUBE,31.26,12.504,12.5,28.13,17
,,BENZOIN COMPOUND TINC 59 ML BOTTLE,1.0,0.4,0.4,0.9,17
,,BENZONATATE 100 MG CAPS 1 EACH,3.65,1.46,1.46,3.29,17
,,BENZONATATE 100 MG CAPS 100 EACH BOTTLE,5.07,2.028,2.03,11.27,34
,,BENZONATATE 100 MG CAPS 100 EACH BOX,3.65,1.46,1.46,3.29,17
,,BENZTROPINE 0.5 MG TABS 1 EACH,6.0,2.4,2.4,5.4,17
,,BENZTROPINE 0.5 MG TABS 100 EACH BOX,6.0,2.4,2.4,5.4,17
,,BENZTROPINE 1 MG TABS 1 EACH,3.0,1.2,1.2,2.7,17
,,BENZTROPINE 1 MG TABS 100 EACH BOX,3.0,1.2,1.2,2.7,17
,,BENZTROPINE 2 MG TABS 1 EACH,3.35,1.34,1.34,3.02,34
,,BENZTROPINE 2 MG TABS 100 EACH BOX,3.36,1.344,1.34,3.02,34
,,BETAMETHASONE VALERATE 0.1 % CREA 45 G TUBE,228.38,91.352,91.35,205.54,17
,,BETAMETHASONE VALERATE 0.1 % OINT 45 G TUBE,207.68,83.072,83.07,191.97,34
,,BETAXOLOL 0.25 % SUSP 10 ML BOTTLE,2239.1,895.64,895.64,2015.19,17
,,BETAXOLOL 0.5 % SOLN 5 ML BOTTLE,331.35,132.54,132.54,298.22,17
,,BETAXOLOL 10 MG TABS 100 EACH BOTTLE,6.22,2.488,2.49,5.6,17
,,BETHANECHOL 10 MG TABS 100 EACH BOX,10.01,4.004,4.0,9.01,17
,,BETHANECHOL 25 MG TABS 1 EACH,13.35,5.34,5.34,12.02,17
,,BETHANECHOL 25 MG TABS 100 EACH BOX,8.92,3.568,3.57,12.02,34
,,BETHANECHOL 5 MG TABS 100 EACH BOTTLE,4.51,1.804,1.8,4.06,17
,,BICALUTAMIDE 50 MG TABS 100 EACH BOTTLE,92.65,37.06,37.06,83.39,17
,,BICALUTAMIDE 50 MG TABS 30 EACH BOTTLE,91.77,36.708,36.71,83.4,34
,,BICTEGRAVIR-EMTRICITABINE-TENOFOVIR AF 50-200-25 MG TABS 30 EACH BOTTLE,775.76,310.304,310.3,698.18,17
,,BICTEGRAVIR-EMTRICITABINE-TENOFOVIR AF 50-200-25 MG TABS 30 EACH BOX,775.76,310.304,310.3,698.18,17
,,BILARY STENT,100.0,40.0,40.0,90.0,14
,,BIMATOPROST 0.01 % SOLN 2.5 ML BOTTLE,1457.05,582.82,582.82,1311.35,17
,,BIOCOMPA HEMOPERF SYS CLARK/IP,1300.0,520.0,520.0,1170.0,17
,,BIOPSY FORCEPS CATHETER,1100.0,440.0,440.0,990.0,17
,,BIOPSY MUSCLE OR SOFT TISSUE,400.0,160.0,160.0,400.0,17
,,BIOPSY STEREOTACTIC BRAIN,10000.0,4000.0,4000.0,9000.0,17
,,BIOTENE DRY MOUTH LIQD 237 ML BOTTLE,29.63,11.852,11.85,26.67,17
,,BIOTENE DRY MOUTH LIQD 473 ML BOTTLE,49.67,19.868,19.87,44.7,17
,,BIOTENE ORALBALANCE DRY MOUTH GEL 42 G TUBE,49.14,19.656,19.66,44.23,17
,,BIOTIN 1000 MCG TABS 100 EACH BOTTLE,3.0,1.2,1.2,2.7,17
,,BIOTIN 5 MG CAPS 72 EACH BOTTLE,3.0,1.2,1.2,2.7,17
,,BIOTIN 5000 MCG SUBL 60 EACH BOTTLE,1.0,0.4,0.4,0.9,17
,,BISACODYL 10 MG SUPP 12 EACH BOX,1.0,0.4,0.4,0.9,17
,,BISACODYL 10 MG SUPP 4 EACH BOX,3.75,1.5,1.5,3.38,17
,,BISACODYL 10 MG SUPP 50 EACH BOX,1.0,0.4,0.4,0.9,34
,,BISACODYL 5 MG TBEC 100 EACH BOX,1.0,0.4,0.4,0.9,17
,,BISMUTH SUBSALICYLATE 262 MG CHEW 100 EACH BOX,3.0,1.2,1.2,2.7,17
,,BISMUTH SUBSALICYLATE 262 MG CHEW 30 EACH BOX,3.0,1.2,1.2,2.7,68
,,BISMUTH SUBSALICYLATE 262 MG/15ML SUSP 236 ML BOTTLE,14.16,5.664,5.66,12.74,17
,,BISMUTH SUBSALICYLATE 262 MG/15ML SUSP 30 ML CUP,3.0,1.2,1.2,2.7,17
,,BISMUTH SUBSALICYLATE 262 MG/15ML SUSP 473 ML BOTTLE,28.38,11.352,11.35,25.54,17
,,BISMUTH-METRONIDAZOLE-TETRACYCLINE 140-125-125 MG CAPS 120 EACH BOX,15.21,6.084,6.08,13.69,17
,,BISOPROLOL 10 MG TABS 100 EACH BOTTLE,11.25,4.5,4.5,10.13,17
,,BISOPROLOL 10 MG TABS 30 EACH BOTTLE,7.02,2.808,2.81,10.05,34
,,BISOPROLOL 5 MG TABS 1 EACH,7.8,3.12,3.12,7.02,17
,,BISOPROLOL 5 MG TABS 30 EACH BOTTLE,7.02,2.808,2.81,10.05,34
,,BISOPROLOL 5 MG TABS 30 EACH BOX,7.8,3.12,3.12,7.02,17
,,BISOPROLOL-HYDROCHLOROTHIAZIDE 10-6.25 MG TABS 30 EACH BOTTLE,16.85,6.74,6.74,15.17,17
,,BISOPROLOL-HYDROCHLOROTHIAZIDE 2.5-6.25 MG TABS 100 EACH BOTTLE,17.88,7.152,7.15,16.09,17
,,BISOPROLOL-HYDROCHLOROTHIAZIDE 5-6.25 MG TABS 100 EACH BOTTLE,17.88,7.152,7.15,16.09,17
,,BLADE SEPTOSTOMY CATHETER,3500.0,1400.0,1400.0,3150.0,17
,,BONE GRAFT HUMAN TISSUE,2500.0,1000.0,1000.0,2250.0,17
,,BONE TAMP,2500.0,1000.0,1000.0,2250.0,17
,,BOSENTAN 32 MG TBSO 1 EACH,1271.07,508.428,508.43,1143.96,17
,,BOSENTAN 32 MG TBSO 56 EACH BOX,1234.07,493.628,493.63,1110.66,17
,,BRAVO TRAUMA ACTIVATION W/O CRITICAL CARE,11790.0,4716.0,4219.0,11790.0,18
,,BREAST BINDER,59.0,23.6,23.6,53.1,17
,,BREXUCABTAGENE AUTOLEUCEL 100000000 CELLS SUSP 1 EACH FLEX CONT,2328480.0,931392.0,931392.0,2095632.0,15
,,BRIDLE,500.0,200.0,200.0,450.0,17
,,BRILLIANT BLUE G 0.025 % SOSY 0.5 ML SYRINGE,926.69,370.676,370.68,834.05,34
,,BRILLIANT BLUE G 0.5 ML VIAL,60.0,24.0,24.0,54.0,17
,,BRILLIANT BLUE G 1 ML VIAL,180.0,72.0,72.0,162.0,17
,,BRIMONIDINE 0.1 % SOLN 5 ML BOTTLE,1073.32,429.328,429.33,965.99,17
,,BRIMONIDINE 0.15 % SOLN 5 ML BOTTLE,881.68,352.672,352.67,1029.83,85
,,BRIMONIDINE 0.2 % SOLN 5 ML BOTTLE,163.25,65.3,65.3,146.93,17
,,BRIMONIDINE-TIMOLOL 0.2-0.5 % SOLN 5 ML BOTTLE,1126.82,450.728,64.8,1014.14,85
,,BRINZOLAMIDE 1 % SUSP 10 ML BOTTLE,1683.65,673.46,673.46,1515.29,17
,,BRIVARACETAM 10 MG/ML SOLN 2.5 ML ORAL SYRINGE,75.56,30.224,30.22,68.0,17
,,BRIVARACETAM 10 MG/ML SOLN 300 ML BOTTLE,7616.7,3046.68,3046.68,6855.03,17
,,BRIVARACETAM 10 MG/ML SOLN 5 ML ORAL SYRINGE,151.13,60.452,60.45,136.02,17
,,BRIVARACETAM 25 MG TABS 100 EACH BOX,151.13,60.452,60.45,136.02,17
,,BRIVARACETAM 50 MG TABS 100 EACH BOX,151.13,60.452,60.45,136.02,17
,,BRIVARACETAM 50 MG/5ML SOLN 5 ML VIAL,357.51,143.004,143.0,321.79,34
,,BROMOCRIPTINE 2.5 MG TABS 100 EACH BOTTLE,18.78,7.512,7.51,16.9,34
,,BROMOCRIPTINE 2.5 MG TABS 30 EACH BOTTLE,31.34,12.536,12.54,28.21,17
,,BROMPHENIRAMINE-PHENYLEPHRINE 1-2.5 MG/5ML ELIX 118 ML BOTTLE,20.06,8.024,8.02,18.05,17
,,BROMPHENIRAMINE-PSEUDOEPHEDRINE 1-15 MG/5ML ELIX 236 ML BOTTLE,3.0,1.2,1.2,2.7,17
,,BRONCHOSCOPY-MINOR PROCEDURE,2370.0,948.0,929.6,2370.0,34
,,BSS SOLN 500 ML GLASS CONT,232.5,93.0,93.0,209.25,17
,,BUDESONIDE 3 MG CPEP 1 EACH,81.0,32.4,32.4,72.9,17
,,BUDESONIDE 3 MG CPEP 100 EACH BOTTLE,5.93,2.372,2.37,5.34,17
,,BUDESONIDE 3 MG CPEP 20 EACH BOX,81.0,32.4,32.4,72.9,17
,,BUDESONIDE 32 MCG/ACT SUSP 8.43 ML BOTTLE,85.94,34.376,34.38,77.35,17
,,BUDESONIDE 90 MCG/ACT AEPB 1 EACH INHALER,1090.75,436.3,436.3,981.68,17
,,BUDESONIDE-FORMOTEROL 160-4.5 MCG/ACT AEROSOL 6 G INHALER,878.78,351.512,351.51,790.9,17
,,BUDESONIDE-FORMOTEROL 80-4.5 MCG/ACT AEROSOL 6.9 G INHALER,763.98,305.592,305.59,687.58,17
,,BUMETANIDE 0.5 MG TABS 100 EACH BOTTLE,12.14,4.856,4.86,10.93,17
,,BUMETANIDE 1 MG TABS 1 EACH,9.79,3.916,3.0,8.81,34
,,BUMETANIDE 1 MG TABS 100 EACH BOTTLE,13.5,5.4,5.4,12.15,17
,,BUMETANIDE 1 MG TABS 100 EACH BOX,6.49,2.596,2.6,5.84,17
,,BUMETANIDE 1 MG TABS 30 EACH BOX,9.79,3.916,3.92,8.81,17
,,BUMETANIDE 1 MG TABS 50 EACH BOX,7.5,3.0,3.0,6.75,17
,,BUPIVACAINE 0.125% OB INTRATHECAL 200 ML BAG,460.0,184.0,184.0,414.0,17
,,BUPIVACAINE 0.125% OB PCEA (ADULT) 200 ML BAG,460.0,184.0,184.0,414.0,17
,,BUPIVACAINE 0.125% OB PIEB 200 ML BAG,460.0,184.0,184.0,414.0,17
,,BUPIVACAINE 0.125% PIB (ADULT) 200 ML BAG,460.0,184.0,184.0,414.0,17
,,BUPIVACAINE 0.5 % SOLN 270 ML,1182.2,472.88,472.88,1063.98,17
,,BUPIVACAINE 0.75%/LIDOCAINE 2% 0.75% AND 2% SOLN 5 ML,35.0,14.0,14.0,31.5,17
,,BUPIVACAINE-EPINEPHRINE (PF) 0.25% -1:200000 SOLN 10 ML VIAL,47.9,19.16,14.0,43.11,85
,,BUPIVACAINE-EPINEPHRINE (PF) 0.25% -1:200000 SOLN 30 ML VIAL,76.2,30.48,14.0,68.58,102
,,BUPIVACAINE-EPINEPHRINE (PF) 0.5% -1:200000 SOLN 10 ML VIAL,47.05,18.82,14.0,42.35,102
,,BUPIVACAINE-EPINEPHRINE (PF) 0.5% -1:200000 SOLN 30 ML VIAL,78.15,31.26,14.0,70.34,102
,,BUPIVACAINE-EPINEPHRINE 0.5% -1:200000 SOLN 50 ML VIAL,124.5,49.8,49.8,117.68,34
,,BUPRENORPHINE 2 MG SUBL 1 EACH,12.25,4.9,4.9,11.03,17
,,BUPRENORPHINE 2 MG SUBL 30 EACH BOTTLE,20.7,8.28,8.28,18.63,17
,,BUPRENORPHINE 2 MG SUBL 30 EACH BOX,12.25,4.9,4.9,11.03,17
,,BUPRENORPHINE HCL 8 MG SUBL 1 EACH,23.23,9.292,9.29,20.91,17
,,BUPRENORPHINE HCL 8 MG SUBL 30 EACH BOTTLE,38.7,15.48,15.48,34.83,17
,,BUPRENORPHINE HCL 8 MG SUBL 50 EACH BOX,23.23,9.292,9.29,20.91,17
,,BUPROPION 100 MG TABS 1 EACH,8.93,3.572,3.57,8.04,17
,,BUPROPION 100 MG TABS 100 EACH BOX,8.93,3.572,3.57,8.04,17
,,BUPROPION 100 MG TABS 50 EACH BOX,10.61,4.244,4.24,9.55,17
,,BUPROPION 100 MG TB12 100 EACH BOTTLE,8.45,3.38,3.38,7.61,17
,,BUPROPION 100 MG TB12 100 EACH BOX,8.32,3.328,3.33,7.49,17
,,BUPROPION 150 MG TB12 1 EACH,3.67,1.468,1.47,3.3,17
,,BUPROPION 150 MG TB12 100 EACH BOX,3.52,1.408,1.41,3.84,34
,,BUPROPION 150 MG TB12 30 EACH BOX,3.67,1.468,1.47,3.3,17
,,BUPROPION 150 MG TB24 1 EACH,23.29,9.316,4.44,20.96,34
,,BUPROPION 150 MG TB24 100 EACH BOX,23.29,9.316,4.44,20.96,34
,,BUPROPION 150 MG TB24 30 EACH BOTTLE,23.87,9.548,8.62,21.48,34
,,BUPROPION 150 MG TB24 30 EACH BOX,7.9,3.16,3.16,7.11,34
,,BUPROPION 300 MG TB24 1 EACH,23.84,9.536,9.53,21.46,34
,,BUPROPION 300 MG TB24 30 EACH BOTTLE,23.84,9.536,9.54,21.46,34
,,BUPROPION 300 MG TB24 30 EACH BOX,23.84,9.536,9.54,21.46,17
,,BUPROPION 300 MG TB24 50 EACH BOX,23.83,9.532,9.53,21.45,17
,,BUPROPION 75 MG TABS 1 EACH,7.96,3.184,2.64,7.16,34
,,BUPROPION 75 MG TABS 100 EACH BOX,6.59,2.636,2.64,5.93,17
,,BUPROPION 75 MG TABS 50 EACH BOX,7.96,3.184,3.18,7.16,17
,,BUSPIRONE 10 MG TABS 1 EACH,6.73,2.692,2.69,6.06,17
,,BUSPIRONE 10 MG TABS 100 EACH BOX,3.0,1.2,1.2,6.06,34
,,BUSPIRONE 15 MG TABS 1 EACH,3.26,1.304,1.3,9.09,34
,,BUSPIRONE 15 MG TABS 100 EACH BOTTLE,10.1,4.04,4.04,9.09,17
,,BUSPIRONE 15 MG TABS 100 EACH BOX,3.26,1.304,1.3,9.09,34
,,BUSPIRONE 5 MG TABS 1 EACH,3.86,1.544,1.54,3.47,17
,,BUSPIRONE 5 MG TABS 100 EACH BOTTLE,3.86,1.544,1.54,3.47,68
,,BUSPIRONE 5 MG TABS 100 EACH BOX,3.0,1.2,1.2,3.47,34
,,BUSPIRONE 7.5 MG TABS 1 EACH,11.57,4.628,4.63,10.41,17
,,BUSPIRONE 7.5 MG TABS 100 EACH BOTTLE,7.9,3.16,3.16,7.11,51
,,BUSPIRONE 7.5 MG TABS 30 EACH BOX,11.57,4.628,4.63,10.41,17
,,BUTALBITAL-ACETAMINOPHEN-CAFFEINE 50-325-40 MG TABS 1 EACH,10.0,4.0,4.0,9.0,17
,,BUTALBITAL-ACETAMINOPHEN-CAFFEINE 50-325-40 MG TABS 100 EACH BOTTLE,10.0,4.0,4.0,9.0,34
,,BUTALBITAL-ACETAMINOPHEN-CAFFEINE 50-325-40 MG TABS 50 EACH BOX,10.0,4.0,4.0,9.0,17
,,BUTAMBEN-TETRACAINE-BENZOCAINE 2-2-14 % AEROSOL 20 G BOTTLE,775.56,310.224,310.22,698.0,17
,,C-SECTION EACH ADD 30 MIN,1763.0,705.2,705.2,1763.0,17
,,CABERGOLINE 0.5 MG TABS 8 EACH BOTTLE,183.3,73.32,73.32,164.97,17
,,CABOZANTINIB S-MALATE 60 MG TABS 30 EACH BOTTLE,4551.16,1820.464,1820.46,4096.04,14
,,CADEXOMER IODINE 0.9 % GEL 10 G TUBE,119.9,47.96,47.96,107.91,17
,,CAFFEINE 200 MG TABS 16 EACH BOTTLE,3.0,1.2,1.2,2.7,17
,,CAFFEINE 200 MG TABS 16 EACH BOX,3.0,1.2,1.2,2.7,34
,,CAFFEINE 200 MG TABS 8 EACH BOTTLE,3.0,1.2,1.2,2.7,17
,,CAFFEINE-SODIUM BENZOATE 125-125 MG/ML SOLN 2 ML VIAL,117.42,46.968,46.97,105.69,34
,,CALAMINE 8-8 % LOTN 177 ML BOTTLE,8.85,3.54,3.54,7.97,17
,,CALCITONIN (SALMON) 200 UNIT/ACT SOLN 3.7 ML BOTTLE,545.29,218.116,218.12,490.76,34
,,CALCITRIOL 0.25 MCG CAPS 1 EACH,4.8,1.92,1.92,4.32,17
,,CALCITRIOL 0.25 MCG CAPS 100 EACH BOTTLE,6.05,2.42,2.42,5.45,17
,,CALCITRIOL 0.25 MCG CAPS 100 EACH BOX,4.8,1.92,1.92,4.32,17
,,CALCITRIOL 1 MCG/ML ORAL SOLN 0.5 ML ORAL SYRINGE,21.47,8.588,8.59,19.32,17
,,CALCITRIOL 1 MCG/ML ORAL SOLN 15 ML BOTTLE,14.92,5.968,5.97,35.7,51
,,CALCIUM ACETATE (PHOS BINDER) 667 MG CAPS 1 EACH,8.4,3.36,3.36,7.56,17
,,CALCIUM ACETATE (PHOS BINDER) 667 MG CAPS 100 EACH BOX,8.4,3.36,3.36,7.56,17
,,CALCIUM ACETATE (PHOS BINDER) 667 MG CAPS 200 EACH BOTTLE,5.14,2.056,2.06,4.63,17
,,CALCIUM ACETATE 667 MG TABS 200 EACH BOTTLE,3.0,1.2,1.2,2.7,17
,,CALCIUM CARB-CHOLECALCIFEROL 600-10 MG-MCG TABS 1 EACH,3.0,1.2,1.2,2.7,17
,,CALCIUM CARB-CHOLECALCIFEROL 600-10 MG-MCG TABS 100 EACH BOX,3.0,1.2,1.2,2.7,17
,,CALCIUM CARBONATE 1250 MG/5ML SUSP 473 ML BOTTLE,61.49,24.596,24.6,55.34,17
,,CALCIUM CARBONATE 1250 MG/5ML SUSP 5 ML CUP,15.38,6.152,6.15,13.84,17
,,CALCIUM CARBONATE 1250 MG/5ML SUSP 500 ML BOTTLE,62.5,25.0,25.0,56.25,17
,,CALCIUM CARBONATE 500 MG CHEW 100 EACH BOX,3.0,1.2,1.2,2.7,17
,,CALCIUM CARBONATE 500 MG CHEW 150 EACH BOTTLE,3.0,1.2,1.2,2.7,68
,,CALCIUM CARBONATE 500 MG CHEW 500 EACH BOX,3.0,1.2,1.2,2.7,17
,,CALCIUM CARBONATE OYSTER SHELL 500 MG TABS 100 EACH BOX,3.0,1.2,1.2,2.7,17
,,CALCIUM CARBONATE POWD 454 G BOTTLE,172.52,69.008,69.01,155.27,17
,,CALCIUM CHLORIDE 10 % SOLN 10 ML SYRINGE,35.0,14.0,14.0,46.17,119
,,CALCIUM CHLORIDE 10 % SOLN 10 ML VIAL,60.65,24.26,24.26,54.59,34
,,CALCIUM CHLORIDE PREMIX (CRRT ONLY) 500 ML,40.0,16.0,16.0,36.0,17
,,CALCIUM CHLORIDE SOLN 500 ML BAG,4309.2,1723.68,1723.68,3878.28,17
,,CALCIUM CITRATE-VITAMIN D 315-6.25 MG-MCG TABS 1 EACH,3.0,1.2,1.2,2.7,17
,,CALCIUM CITRATE-VITAMIN D 315-6.25 MG-MCG TABS 100 EACH BOX,3.0,1.2,1.2,2.7,17
,,CALCIUM GLUCONATE IV SYRINGE LOADING DOSE (NICU) 1 ML,3.0,1.2,1.2,2.7,17
,,CALCIUM-PHOSPHORUS 600-280 MG TABS 90 EACH BOTTLE,3.0,1.2,1.2,2.7,17
,,CANAGLIFLOZIN 100 MG TABS 30 EACH BOTTLE,119.71,47.884,47.88,107.74,17
,,CANDESARTAN 16 MG TABS 90 EACH BOTTLE,15.88,6.352,6.35,14.29,17
,,CANDESARTAN 32 MG TABS 90 EACH BOTTLE,21.48,8.592,8.59,19.33,17
,,CANDESARTAN 4 MG TABS 90 EACH BOTTLE,15.87,6.348,6.35,14.28,17
,,CANDESARTAN 8 MG TABS 90 EACH BOTTLE,15.87,6.348,6.35,14.28,17
,,CANDIDA ALBICANS SKIN TEST SOLN 1 ML VIAL,193.2,77.28,77.28,173.88,17
,,CANNABIDIOL 100 MG/ML SOLN 100 ML BOTTLE,8618.4,3447.36,3447.36,7756.56,17
,,CANNABIDIOL 100 MG/ML SOLN 5 ML ORAL SYRINGE,471.96,188.784,188.78,424.76,17
,,CANNABIDIOL 100 MG/ML SOLN 60 ML BOTTLE,5171.29,2068.516,2068.52,4654.16,17
,,CAPD - COMP/INPT,2431.0,972.4,972.4,2187.9,17
,,CAPD UNCOMPLICATED/INPT,1019.0,407.6,407.6,917.1,17
,,CAPHOSOL SOLN 15 ML AMPULE,31.28,12.512,12.51,28.15,17
,,CAPSAICIN 0.025 % CREA 60 G TUBE,49.8,19.92,19.92,44.82,17
,,CAPTOPRIL 1 MG/ML SUSP 1 ML,3.0,1.2,1.2,2.7,34
,,CAPTOPRIL 100 MG TABS 100 EACH BOTTLE,19.03,7.612,7.61,17.13,34
,,CAPTOPRIL 12.5 MG TABS 1 EACH,8.49,3.396,3.4,7.64,17
,,CAPTOPRIL 12.5 MG TABS 30 EACH BOX,8.49,3.396,3.4,7.64,17
,,CAPTOPRIL 25 MG TABS 1 EACH,9.23,3.692,3.69,8.31,17
,,CAPTOPRIL 25 MG TABS 100 EACH BOTTLE,8.35,3.34,3.34,7.52,17
,,CAPTOPRIL 25 MG TABS 30 EACH BOX,9.23,3.692,3.69,8.31,17
,,CAPTOPRIL 50 MG TABS 100 EACH BOTTLE,14.5,5.8,5.8,13.05,51
,,CAPTOPRIL 6.25 MG TABS 1 EACH,8.48,3.392,3.39,7.63,17
,,CARBACHOL 0.01 % SOLN 1.5 ML VIAL,92.94,37.176,37.18,83.65,17
,,CARBAMAZEPINE 100 MG CHEW 1 EACH,3.0,1.2,1.2,2.7,17
,,CARBAMAZEPINE 100 MG CHEW 100 EACH BOX,3.0,1.2,1.2,2.7,17
,,CARBAMAZEPINE 100 MG CP12 1 EACH,18.6,7.44,7.44,16.74,17
,,CARBAMAZEPINE 100 MG CP12 120 EACH BOTTLE,10.64,4.256,3.93,9.58,51
,,CARBAMAZEPINE 100 MG CP12 30 EACH BOX,18.6,7.44,7.44,16.74,17
,,CARBAMAZEPINE 100 MG TB12 100 EACH BOTTLE,5.73,2.292,2.29,5.18,51
,,CARBAMAZEPINE 100 MG/5ML SUSP 450 ML BOTTLE,373.5,149.4,149.4,367.01,34
,,CARBAMAZEPINE 100 MG/5ML SUSP 5 ML ORAL SYRINGE,4.93,1.972,1.97,4.44,17
,,CARBAMAZEPINE 200 MG CP12 120 EACH BOTTLE,9.82,3.928,3.93,8.84,34
,,CARBAMAZEPINE 200 MG TABS 1 EACH,3.4,1.36,1.36,3.06,17
,,CARBAMAZEPINE 200 MG TABS 100 EACH BOX,3.4,1.36,1.36,5.04,34
,,CARBAMAZEPINE 200 MG TB12 1 EACH,20.18,8.072,8.07,18.16,17
,,CARBAMAZEPINE 200 MG TB12 100 EACH BOTTLE,10.4,4.16,4.16,9.36,34
,,CARBAMAZEPINE 200 MG TB12 30 EACH BOX,20.18,8.072,8.07,18.16,17
,,CARBAMAZEPINE 300 MG CP12 120 EACH BOTTLE,10.64,4.256,4.26,9.58,17
,,CARBAMAZEPINE 300 MG CP12 30 EACH BOX,20.74,8.296,8.3,18.67,17
,,CARBAMAZEPINE 400 MG TB12 100 EACH BOTTLE,20.77,8.308,8.31,18.72,51
,,CARBAMIDE PEROXIDE 6.5 % SOLN 15 ML BOTTLE,44.03,17.612,6.0,39.63,51
,,CARBIDOPA-LEVODOPA 10-100 MG TABS 100 EACH BOTTLE,3.86,1.544,1.42,3.47,51
,,CARBIDOPA-LEVODOPA 25-100 MG TAB CR 100 EACH BOTTLE,4.94,1.976,1.98,4.45,17
,,CARBIDOPA-LEVODOPA 25-100 MG TABS 1 EACH,4.1,1.64,1.64,3.69,17
,,CARBIDOPA-LEVODOPA 25-100 MG TABS 100 EACH BOX,3.0,1.2,1.2,3.69,51
,,CARBIDOPA-LEVODOPA 25-100 MG TBDP 100 EACH BOTTLE,6.9,2.76,2.76,6.21,17
,,CARBIDOPA-LEVODOPA 25-250 MG TABS 100 EACH BOX,3.0,1.2,1.2,4.27,34
,,CARBIDOPA-LEVODOPA 50-200 MG TAB CR 1 EACH,8.7,3.48,3.48,7.83,17
,,CARBIDOPA-LEVODOPA 50-200 MG TAB CR 100 EACH BOX,8.71,3.484,3.16,7.84,34
,,CARBIDOPA-LEVODOPA ER 48.75-195 MG CPCR 100 EACH BOTTLE,24.93,9.972,9.97,22.44,17
,,CARBOPROST 250 MCG/ML SOLN 1 ML AMPULE,772.8,309.12,309.12,695.52,34
,,CARBOPROST 250 MCG/ML SOLN 1 ML VIAL,441.6,176.64,144.0,397.44,51
,,CARBOXYMETHYLCELLULOSE 0.25 % SOLN 30 EACH PLAS CONT,3.0,1.2,1.2,2.7,17
,,CARBOXYMETHYLCELLULOSE PF 1 % GEL 30 EACH PLAS CONT,3.0,1.2,1.2,2.7,34
,,CARDIOPLEGIA COLD MULTIDOSE 1 BAG 1 EACH,280.0,112.0,112.0,252.0,17
,,CARDIOPLEGIA DEL NIDO SOLUTION 1 EACH BAG,225.0,90.0,90.0,202.5,17
,,CARDIOPLEGIA KCL SOLUTION 1 EACH BAG,375.0,150.0,150.0,337.5,17
,,CARDIOPLEGIA SOLN.#1 INDUCTION 1 BAG BAG 1 EACH,257.5,103.0,103.0,231.75,17
,,CARDIOPLEGIA SOLN.#2 MAINT. 1 BAG BAG 1 EACH,257.5,103.0,103.0,231.75,17
,,CARDIOPLEGIA WARM INDUCTION 1 BAG 1 EACH,667.0,266.8,266.8,600.3,17
,,CARDIOPLEGIA WARM REPERFUSION 1 BAG 1 EACH,667.0,266.8,266.8,600.3,17
,,CARGLUMIC ACID 200 MG TBSO 5 EACH BOTTLE,1217.55,487.02,487.02,1095.8,17
,,CARGLUMIC ACID 200 MG TBSO 60 EACH BOTTLE,1156.66,462.664,462.66,1040.99,17
,,CARIPRAZINE 6 MG CAPS 30 EACH BOTTLE,303.78,121.512,121.51,273.4,17
,,CARIPRAZINE HCL 1.5 MG CAPS 20 EACH BOX,303.78,121.512,121.51,273.4,14
,,CARIPRAZINE HCL 3 MG CAPS 20 EACH BOX,303.78,121.512,121.51,273.4,17
,,CARIPRAZINE HCL 4.5 MG CAPS 30 EACH BOTTLE,303.78,121.512,121.51,273.4,17
,,CARISOPRODOL 350 MG TABS 100 EACH BOTTLE,10.0,4.0,4.0,9.0,34
,,CARVEDILOL 12.5 MG TABS 100 EACH BOTTLE,10.69,4.276,4.28,9.62,17
,,CARVEDILOL 12.5 MG TABS 100 EACH BOX,3.0,1.2,1.2,9.46,34
,,CARVEDILOL 25 MG TABS 100 EACH BOTTLE,10.69,4.276,4.28,9.62,17
,,CARVEDILOL 25 MG TABS 100 EACH BOX,3.0,1.2,1.2,9.46,34
,,CARVEDILOL 3.125 MG TABS 1 EACH,10.67,4.268,4.27,9.6,17
,,CARVEDILOL 3.125 MG TABS 100 EACH BOTTLE,8.44,3.376,3.38,9.62,34
,,CARVEDILOL 3.125 MG TABS 100 EACH BOX,3.0,1.2,1.2,9.6,51
,,CARVEDILOL 3.125 MG TABS 500 EACH BOTTLE,8.44,3.376,3.38,7.6,17
,,CARVEDILOL 6.25 MG TABS 1 EACH,9.75,3.9,3.9,8.78,17
,,CARVEDILOL 6.25 MG TABS 100 EACH BOTTLE,10.69,4.276,4.28,9.62,17
,,CARVEDILOL 6.25 MG TABS 100 EACH BOX,3.0,1.2,1.2,8.78,51
,,CASCARA SAGRADA 450 MG CAPS 100 EACH BOTTLE,3.0,1.2,1.2,2.7,17
,,CASIMERSEN 100 MG/2ML SOLN 2 ML VIAL,8064.0,3225.6,3225.6,7257.6,17
,,CASTOR OIL OIL 30 ML CUP,8.25,3.3,3.3,7.43,17
,,CASTOR OIL OIL 473 ML BOTTLE,130.08,52.032,52.03,117.07,17
,,CASTOR OIL OIL 59 ML BOTTLE,23.9,9.56,9.56,21.51,17
,,CATH BILIARY DILATION,390.0,156.0,156.0,351.0,17
,,CATH BLADDER CPLX,500.0,200.0,200.0,500.0,17
,,CATH DIAGNOSTIC CORONARY,100.0,40.0,40.0,90.0,17
,,CATH IABP DELIVERY SYS CON,3020.0,1208.0,1208.0,2718.0,17
,,CATH IMPELLA,51500.0,20600.0,20600.0,46350.0,17
,,CATH PERICARDIUM,250.0,100.0,100.0,225.0,17
,,CATH REENTRY,3000.0,1200.0,1200.0,2700.0,17
,,CATH TRI LUMEN KIT,280.0,112.0,112.0,252.0,17
,,CATH VENTRICULAR TRAUMA,415.0,166.0,166.0,373.5,17
,,CEFADROXIL 250 MG/5ML SUSR 10 ML ORAL SYRINGE,30.4,12.16,12.16,27.36,17
,,CEFADROXIL 250 MG/5ML SUSR 100 ML BOTTLE,304.0,121.6,121.6,273.6,34
,,CEFADROXIL 500 MG CAPS 100 EACH BOTTLE,18.0,7.2,7.2,16.2,17
,,CEFADROXIL 500 MG CAPS 50 EACH BOTTLE,18.6,7.44,7.44,16.74,17
,,CEFAZOLIN 3 G SOLR 1 EACH VIAL,54.85,21.94,21.94,49.37,17
,,CEFAZOLIN-HEPARIN 5 MG-10 UNITS/ML LOCK SYRINGE 1 ML SYRINGE,35.0,14.0,14.0,31.5,17
,,CEFAZOLIN-HEPARIN 5 MG-10 UNITS/ML LOCK SYRINGE 2 ML SYRINGE,35.0,14.0,14.0,31.5,17
,,CEFAZOLIN-HEPARIN 5 MG-2500 UNITS/ML LOCK SYRINGE 1 ML SYRINGE,35.0,14.0,14.0,31.5,17
,,CEFAZOLIN-HEPARIN 5 MG-2500 UNITS/ML LOCK SYRINGE 2 ML SYRINGE,35.0,14.0,14.0,31.5,17
,,CEFDINIR 125 MG/5ML SUSR 100 ML BOTTLE,371.68,148.672,148.49,334.51,34
,,CEFDINIR 125 MG/5ML SUSR 60 ML BOTTLE,254.4,101.76,101.76,229.5,34
,,CEFDINIR 250 MG/5ML SUSR 100 ML BOTTLE,724.96,289.984,289.98,652.46,17
,,CEFDINIR 250 MG/5ML SUSR 60 ML BOTTLE,456.78,182.712,182.71,411.85,68
,,CEFDINIR 300 MG CAPS 1 EACH,20.25,8.1,8.1,18.23,17
,,CEFDINIR 300 MG CAPS 30 EACH BOX,20.25,8.1,8.1,18.23,17
,,CEFDINIR 300 MG CAPS 60 EACH BOTTLE,25.57,10.228,10.23,23.01,34
,,CEFIXIME 200 MG/5ML SUSR 50 ML BOTTLE,2048.84,819.536,819.54,1843.96,34
,,CEFOTETAN 1 G SOLR 1 EACH VIAL,145.32,58.128,58.13,130.79,17
,,CEFOTETAN 2 G SOLR 1 EACH VIAL,290.64,116.256,116.26,261.58,17
,,CEFPODOXIME 100 MG TABS 20 EACH BOTTLE,33.69,13.476,13.48,30.35,34
,,CEFPODOXIME 200 MG TABS 20 EACH BOTTLE,42.14,16.856,16.86,37.93,17
,,CEFPROZIL 250 MG/5ML SUSR 50 ML BOTTLE,195.5,78.2,78.2,175.95,17
,,CEFTAZIDIME-AVIBACTAM 50 MG/ML SOLN 50 ML BAG,1980.3,792.12,792.12,1782.27,17
,,CEFTAZIDIME-HEPARIN 0.5 MG-100 UNITS/ML LOCK SYRINGE 1 ML SYRINGE,35.0,14.0,14.0,31.5,17
,,CEFTAZIDIME-HEPARIN 0.5 MG-100 UNITS/ML LOCK SYRINGE 2 ML SYRINGE,35.0,14.0,14.0,31.5,17
,,CEFTAZIDIME-HEPARIN 5 MG-2500 UNITS/ML LOCK SYRINGE 1 ML SYRINGE,35.0,14.0,14.0,31.5,17
,,CEFTAZIDIME-HEPARIN 5 MG-2500 UNITS/ML LOCK SYRINGE 2 ML SYRINGE,35.0,14.0,14.0,31.5,17
,,CEFUROXIME 250 MG TABS 20 EACH BOX,20.63,8.252,8.25,18.57,17
,,CEFUROXIME 250 MG TABS 60 EACH BOTTLE,28.43,11.372,8.8,25.59,34
,,CELECOXIB 100 MG CAPS 1 EACH,21.83,8.732,8.73,20.79,34
,,CELECOXIB 100 MG CAPS 100 EACH BOX,60.06,24.024,9.24,54.05,34
,,CELECOXIB 100 MG CAPS 50 EACH BOX,21.83,8.732,8.73,19.65,17
,,CELECOXIB 200 MG CAPS 1 EACH,12.14,4.856,4.86,10.93,17
,,CELECOXIB 200 MG CAPS 100 EACH BOX,12.14,4.856,4.86,10.93,17
,,CENOBAMATE 50 MG TABS 30 EACH BOTTLE,250.38,100.152,100.15,225.34,17
,,CEPHALEXIN 250 MG CAPS 1 EACH,3.39,1.356,1.36,3.21,34
,,CEPHALEXIN 250 MG CAPS 100 EACH BOTTLE,3.47,1.388,1.39,3.12,17
,,CEPHALEXIN 250 MG CAPS 100 EACH BOX,3.57,1.428,1.43,3.21,17
,,CEPHALEXIN 250 MG CAPS 50 EACH BOX,3.39,1.356,1.36,3.05,17
,,CEPHALEXIN 250 MG/5ML SUSR 100 ML BOTTLE,114.5,45.8,45.8,129.6,34
,,CEPHALEXIN 250 MG/5ML SUSR 200 ML BOTTLE,256.0,102.4,102.4,230.4,17
,,CEPHALEXIN 500 MG CAPS 1 EACH,6.11,2.444,2.44,6.08,34
,,CEPHALEXIN 500 MG CAPS 100 EACH BOTTLE,6.88,2.752,2.66,6.19,34
,,CEPHALEXIN 500 MG CAPS 100 EACH BOX,6.76,2.704,2.7,6.08,17
,,CEPHALEXIN 500 MG CAPS 50 EACH BOX,3.0,1.2,1.2,5.5,34
,,CETAPHIL GENTLE CLEANSER LIQD 118 ML BOTTLE,18.29,7.316,7.32,16.46,17
,,CETAPHIL-GLYCERIN-PMC 245 G JAR,40.0,16.0,16.0,36.0,17
,,CETIRIZINE 10 MG TABS 1 EACH,12.47,4.988,4.99,11.22,17
,,CETIRIZINE 10 MG TABS 100 EACH BOX,3.0,1.2,1.2,11.22,34
,,CETIRIZINE 5 MG CHEW 1 EACH,26.82,10.728,10.73,24.14,17
,,CETIRIZINE 5 MG CHEW 30 EACH BOX,26.82,10.728,10.73,24.14,17
,,CETIRIZINE 5 MG TABS 100 EACH BOTTLE,12.47,4.988,4.99,11.22,17
,,CETIRIZINE 5 MG/5ML SOLN 118 ML BOTTLE,60.18,24.072,10.86,54.16,34
,,CETIRIZINE 5 MG/5ML SOLN 120 ML BOTTLE,182.4,72.96,72.96,164.16,34
,,CETIRIZINE 5 MG/5ML SOLN 2.5 ML ORAL SYRINGE,3.0,1.2,1.2,2.7,17
,,CETIRIZINE 5 MG/5ML SOLN 5 ML CUP,17.3,6.92,6.92,15.57,34
,,CETIRIZINE 5 MG/5ML SOLN 5 ML ORAL SYRINGE,3.0,1.2,1.2,2.7,17
,,CEVIMELINE 30 MG CAPS 100 EACH BOTTLE,17.43,6.972,6.97,15.69,17
,,CHARCOAL (ACTIVATED) 25 GM/120ML LIQD 120 ML BOTTLE,148.2,59.28,59.28,133.38,17
,,CHARCOAL (ACTIVATED) 25 GM/120ML LIQD 120 ML TUBE,83.4,33.36,33.36,75.06,17
,,CHARCOAL (ACTIVATED) W/ SORBITOL 25 GM/120ML SUSP 120 ML BOTTLE,148.2,59.28,59.28,133.38,17
,,CHARCOAL (ACTIVATED) W/ SORBITOL 25 GM/120ML SUSP 120 ML TUBE,83.4,33.36,33.36,75.06,17
,,CHARLIE TRAUMA ACTIVATON W/O CRITICAL CARE,7250.0,2900.0,2827.5,7250.0,18
,,CHIARI DECOMPRESSION,25000.0,10000.0,4093.0,22500.0,17
,,CHLORAMBUCIL 2 MG TABS 25 EACH BOTTLE,2910.95,1164.38,1164.38,2619.86,17
,,CHLORDIAZEPOXIDE 10 MG CAPS 100 EACH BOTTLE,10.0,4.0,4.0,9.0,17
,,CHLORDIAZEPOXIDE 25 MG CAPS 1 EACH,10.0,4.0,4.0,9.0,34
,,CHLORDIAZEPOXIDE 25 MG CAPS 100 EACH BOTTLE,10.0,4.0,4.0,9.0,17
,,CHLORDIAZEPOXIDE 25 MG CAPS 100 EACH BOX,10.0,4.0,4.0,9.0,34
,,CHLORDIAZEPOXIDE 25 MG CAPS 500 EACH BOTTLE,10.0,4.0,4.0,9.0,17
,,CHLORDIAZEPOXIDE 5 MG CAPS 1 EACH,10.0,4.0,4.0,9.0,17
,,CHLORDIAZEPOXIDE 5 MG CAPS 100 EACH BOTTLE,10.0,4.0,4.0,9.0,17
,,CHLORDIAZEPOXIDE 5 MG CAPS 100 EACH BOX,10.0,4.0,4.0,9.0,17
,,CHLORHEXIDINE 0.12 % SOLN 15 ML BOTTLE,16.28,6.512,6.51,14.65,17
,,CHLORHEXIDINE 0.12 % SOLN 15 ML CUP,10.8,4.32,2.25,10.53,51
,,CHLORHEXIDINE 0.12 % SOLN 473 ML BOTTLE,3.0,1.2,1.2,2.7,17
,,CHLORHEXIDINE GLUCONATE 4 % SOLN 946 ML BOTTLE,56.76,22.704,22.7,51.08,17
,,CHLOROQUINE 250 MG TABS 50 EACH BOTTLE,45.97,18.388,18.39,41.37,14
,,CHLOROQUINE 500 MG TABS 25 EACH BOTTLE,119.27,47.708,47.71,107.34,17
,,CHLOROTHIAZIDE 250 MG/5ML SUSP 10 ML ORAL SYRINGE,19.2,7.68,7.68,17.28,17
,,CHLOROTHIAZIDE 250 MG/5ML SUSP 237 ML BOTTLE,418.64,167.456,167.46,376.78,17
,,CHLOROTHIAZIDE 50 MG/ML SUSP 1 ML,3.0,1.2,1.2,2.7,17
,,CHLORPROMAZINE 10 MG TABS 1 EACH,25.72,10.288,10.29,23.15,17
,,CHLORPROMAZINE 10 MG TABS 100 EACH BOX,25.72,10.288,10.29,23.15,17
,,CHLORPROMAZINE 100 MG TABS 1 EACH,77.95,31.18,31.18,97.16,34
,,CHLORPROMAZINE 100 MG TABS 100 EACH BOX,77.95,31.18,31.18,97.14,34
,,CHLORPROMAZINE 200 MG TABS 1 EACH,30.05,12.02,12.02,27.05,17
,,CHLORPROMAZINE 200 MG TABS 100 EACH BOX,69.0,27.6,12.01,62.1,34
,,CHLORPROMAZINE 25 MG TABS 100 EACH BOX,35.57,14.228,14.23,32.01,17
,,CHLORPROMAZINE 50 MG TABS 1 EACH,75.2,30.08,20.44,67.68,34
,,CHLORPROMAZINE 50 MG TABS 100 EACH BOX,75.22,30.088,20.44,67.7,34
,,CHLORTHALIDONE 25 MG TABS 1 EACH,13.5,5.4,4.6,12.15,34
,,CHLORTHALIDONE 25 MG TABS 100 EACH BOX,13.5,5.4,4.59,12.15,34
,,CHLORTHALIDONE 50 MG TABS 100 EACH BOTTLE,7.42,2.968,2.97,6.68,17
,,CHLORZOXAZONE 500 MG TABS 100 EACH BOTTLE,5.42,2.168,2.17,4.88,17
,,CHOLECALCIFEROL 1000 UNITS TABS 100 EACH BOTTLE,1.0,0.4,0.4,0.9,34
,,CHOLECALCIFEROL 1000 UNITS TABS 100 EACH BOX,1.0,0.4,0.4,0.9,34
,,CHOLECALCIFEROL 1000 UNITS TABS 300 EACH BOTTLE,1.0,0.4,0.4,0.9,34
,,CHOLECALCIFEROL 400 UNITS TABS 1 EACH,1.0,0.4,0.4,0.9,17
,,CHOLECALCIFEROL 400 UNITS TABS 100 EACH BOX,1.0,0.4,0.4,0.9,17
,,CHOLECALCIFEROL 400 UNITS TABS 50 EACH BOX,1.0,0.4,0.4,0.9,17
,,CHOLESTYRAMINE 4 G PACK 1 EACH PACKET,16.85,6.74,6.74,15.17,34
,,CHOLESTYRAMINE 4 G PACK 1 EACH SACHET,16.85,6.74,6.74,15.17,17
,,CHOLESTYRAMINE 4 G PACK 60 EACH BOX,16.84,6.736,6.74,15.17,51
,,CHOLESTYRAMINE LIGHT 4 G PACK 1 EACH PACKET,16.75,6.7,6.7,23.0,51
,,CHOLESTYRAMINE LIGHT 4 G PACK 60 EACH BOX,16.76,6.704,6.7,15.08,34
,,CHORIOGONADOTROPIN ALFA 250 MCG/0.5ML SOSY 0.5 ML SYRINGE,1390.17,556.068,556.07,1251.15,17
,,CILOSTAZOL 100 MG TABS 60 EACH BOTTLE,9.13,3.652,3.65,8.22,17
,,CILOSTAZOL 50 MG TABS 60 EACH BOTTLE,9.64,3.856,3.86,8.68,17
,,CIMETIDINE 200 MG TABS 100 EACH BOTTLE,7.73,3.092,3.09,6.96,17
,,CIMETIDINE 300 MG TABS 100 EACH BOTTLE,10.27,4.108,4.11,9.24,17
,,CIMETIDINE 400 MG TABS 100 EACH BOTTLE,13.06,5.224,5.22,11.75,17
,,CIPROFLOXACIN 0.3 % OINT 3.5 G TUBE,1500.62,600.248,600.25,1350.56,17
,,CIPROFLOXACIN 0.3 % SOLN 10 ML BOTTLE,434.42,173.768,173.77,390.98,17
,,CIPROFLOXACIN 0.3 % SOLN 2.5 ML BOTTLE,63.0,25.2,25.2,56.7,17
,,CIPROFLOXACIN 100 MG TABS 6 EACH DISP PACK,76.09,30.436,30.44,68.48,17
,,CIPROFLOXACIN 250 MG TABS 100 EACH BOTTLE,22.18,8.872,8.87,20.62,51
,,CIPROFLOXACIN 250 MG/5ML (5%) SUSR 100 ML BOTTLE,719.9,287.96,287.96,647.91,17
,,CIPROFLOXACIN 500 MG TABS 1 EACH,15.89,6.356,6.36,14.3,17
,,CIPROFLOXACIN 500 MG TABS 100 EACH BOTTLE,25.96,10.384,10.38,23.36,17
,,CIPROFLOXACIN 500 MG TABS 100 EACH BOX,3.0,1.2,1.2,14.3,51
,,CIPROFLOXACIN 500 MG/5ML (10%) SUSR 100 ML BOTTLE,840.88,336.352,336.35,756.79,17
,,CIPROFLOXACIN 500 MG/5ML (10%) SUSR 5 ML ORAL SYRINGE,45.7,18.28,18.28,41.13,17
,,CIPROFLOXACIN 750 MG TABS 50 EACH BOTTLE,28.13,11.252,10.89,25.32,51
,,CIPROFLOXACIN-DEXAMETHASONE 0.3-0.1 % SUSP 7.5 ML BOTTLE,1289.06,515.624,283.05,1160.15,68
,,CIPROFLOXACIN-HEPARIN 0.125 MG-100 UNITS/ML LOCK SYRINGE 1 ML SYRINGE,35.0,14.0,14.0,31.5,17
,,CIPROFLOXACIN-HEPARIN 0.125 MG-100 UNITS/ML LOCK SYRINGE 2 ML SYRINGE,35.0,14.0,14.0,31.5,17
,,CIPROFLOXACIN-HEPARIN 0.2 MG-5000 UNITS/ML LOCK SYRINGE 1 ML SYRINGE,35.0,14.0,14.0,31.5,17
,,CIPROFLOXACIN-HEPARIN 0.2 MG-5000 UNITS/ML LOCK SYRINGE 2 ML SYRINGE,35.0,14.0,14.0,31.5,17
,,CISATRACURIUM BESYLATE (PF) 10 MG/5ML SOLN 5 ML VIAL,42.0,16.8,16.8,75.6,51
,,CISATRACURIUM BESYLATE 20 MG/10ML SOLN 10 ML VIAL,54.7,21.88,21.88,124.2,153
,,CISATRACURIUM BESYLATE 200 MG/20ML SOLN 20 ML VIAL,919.63,367.852,367.85,827.67,17
,,CITALOPRAM 10 MG TABS 100 EACH BOTTLE,12.9,5.16,5.16,11.61,17
,,CITALOPRAM 10 MG TABS 100 EACH BOX,12.14,4.856,4.86,10.93,17
,,CITALOPRAM 10 MG/5ML SOLN 240 ML BOTTLE,12.25,4.9,4.9,11.03,17
,,CITALOPRAM 10 MG/5ML SOLN 5 ML ORAL SYRINGE,12.25,4.9,4.9,11.03,17
,,CITALOPRAM 20 MG TABS 100 EACH BOTTLE,13.46,5.384,5.38,12.11,17
,,CITALOPRAM 20 MG TABS 100 EACH BOX,13.47,5.388,5.39,12.12,17
,,CITRATE DEXTROSE 0.73-2.45-2.2 GM/100ML SOLN 1000 ML PLAS CONT,60.0,24.0,24.0,54.0,17
,,CITRIC ACID-POTASSIUM CITRATE 1100-334 MG/5ML SOLN 473 ML BOTTLE,3.95,1.58,1.58,3.56,17
,,CLARITHROMYCIN 250 MG TABS 50 EACH BOX,29.19,11.676,11.68,26.27,17
,,CLARITHROMYCIN 250 MG/5ML SUSR 10 ML ORAL SYRINGE,109.1,43.64,43.64,98.19,17
,,CLARITHROMYCIN 250 MG/5ML SUSR 100 ML BOTTLE,1003.72,401.488,401.49,903.35,17
,,CLARITHROMYCIN 500 MG TABS 60 EACH BOTTLE,30.08,12.032,9.04,27.07,51
,,CLINDAMYCIN 1 % SOLN 30 ML BOTTLE,190.05,76.02,76.02,171.05,17
,,CLINDAMYCIN 1 % SOLN 60 ML BOTTLE,216.0,86.4,86.4,194.4,17
,,CLINDAMYCIN 1 MG/0.1 ML SOLN 10 ML VIAL,35.0,14.0,14.0,31.5,17
,,CLINDAMYCIN 150 MG CAPS 1 EACH,3.14,1.256,1.26,2.83,17
,,CLINDAMYCIN 150 MG CAPS 100 EACH BOX,3.14,1.256,1.26,2.83,17
,,CLINDAMYCIN 300 MG CAPS 100 EACH BOX,6.49,2.596,2.6,5.89,34
,,CLINDAMYCIN 450 MCG/0.1 ML SOLN 10 ML VIAL,35.0,14.0,14.0,31.5,17
,,CLINDAMYCIN 75 MG/5 ML SOLN 1 ML,35.0,14.0,14.0,31.5,17
,,CLINDAMYCIN 75 MG/5ML SOLR 100 ML BOTTLE,310.0,124.0,124.0,279.0,34
,,CLINIMIX E/DEXTROSE (2.75/5) 2.75 % SOLN 1000 ML PLAS CONT,265.0,106.0,106.0,238.5,17
,,CLINIMIX E/DEXTROSE (4.25/10) 4.25 % SOLN 1000 ML PLAS CONT,285.0,114.0,114.0,256.5,17
,,CLINIMIX E/DEXTROSE (8/10) 8 % SOLN 2000 ML FLEX CONT,625.6,250.24,250.24,563.04,34
,,CLINIMIX/DEXTROSE (4.25/10) 4.25 % SOLN 2000 ML FLEX CONT,414.0,165.6,165.6,372.6,17
,,CLINIMIX/DEXTROSE (4.25/5) 4.25 % SOLN 2000 ML FLEX CONT,414.0,165.6,165.6,372.6,17
,,CLINIMIX/DEXTROSE (5/15) 5 % SOLN 2000 ML FLEX CONT,441.6,176.64,176.64,397.44,17
,,CLINIMIX/DEXTROSE (5/20) 5 % SOLN 2000 ML FLEX CONT,450.8,180.32,180.32,405.72,17
,,CLINIMIX/DEXTROSE (8/10) 8 % SOLN 2000 ML FLEX CONT,579.6,231.84,231.84,521.64,34
,,CLIOQUINOL-LCD-TRIAMCINOLONE 2 OZ BOTTLE,30.0,12.0,12.0,27.0,17
,,CLIOQUINOL-LCD-TRIAMCINOLONE 4 OZ BOTTLE,60.0,24.0,24.0,54.0,17
,,CLIOQUINOL-LCD-TRIAMCINOLONE 6 OZ BAG,90.0,36.0,36.0,81.0,17
,,CLIOQUINOL-LCD-TRIAMCINOLONE 8 OZ BOTTLE,120.0,48.0,48.0,108.0,17
,,CLIP,409.0,163.6,16.8,1224.0,51
,,CLOBAZAM 10 MG TABS 1 EACH,15.6,6.24,6.24,14.04,17
,,CLOBAZAM 10 MG TABS 100 EACH BOTTLE,11.45,4.58,4.58,82.38,34
,,CLOBAZAM 2.5 MG/ML SUSP 1 ML ORAL SYRINGE,43.23,17.292,17.29,38.91,17
,,CLOBAZAM 2.5 MG/ML SUSP 120 ML BOTTLE,4357.58,1743.032,1743.03,3921.82,17
,,CLOBAZAM 2.5 MG/ML SUSP 4 ML SYRINGE,32.4,12.96,12.96,29.16,34
,,CLOBETASOL 0.05 % CREA 15 G TUBE,589.88,235.952,235.95,530.89,17
,,CLOBETASOL 0.05 % CREA 60 G TUBE,2111.12,844.448,844.45,1900.01,34
,,CLOMIPRAMINE 25 MG CAPS 100 EACH BOTTLE,56.21,22.484,22.48,50.59,17
,,CLOMIPRAMINE 25 MG CAPS 90 EACH BOTTLE,56.21,22.484,22.48,50.59,17
,,CLOMIPRAMINE 50 MG CAPS 100 EACH BOTTLE,56.21,22.484,22.48,50.59,17
,,CLOMIPRAMINE 75 MG CAPS 100 EACH BOTTLE,56.21,22.484,22.48,50.59,17
,,CLONAZEPAM 0.125 MG TBDP 1 EACH,10.0,4.0,4.0,9.0,17
,,CLONAZEPAM 0.125 MG TBDP 60 EACH,10.0,4.0,4.0,9.0,34
,,CLONAZEPAM 0.125 MG TBDP 60 EACH BOTTLE,10.0,4.0,4.0,9.0,17
,,CLONAZEPAM 0.25 MG TBDP 1 EACH,10.0,4.0,4.0,9.0,34
,,CLONAZEPAM 0.25 MG TBDP 60 EACH,10.0,4.0,4.0,9.0,34
,,CLONAZEPAM 0.25 MG TBDP 60 EACH BOTTLE,10.0,4.0,4.0,9.0,17
,,CLONAZEPAM 0.25 MG TBDP 60 EACH BOX,10.0,4.0,4.0,9.0,17
,,CLONAZEPAM 0.5 MG TABS 1 EACH,10.0,4.0,4.0,9.0,17
,,CLONAZEPAM 0.5 MG TABS 100 EACH BOTTLE,10.0,4.0,4.0,9.0,51
,,CLONAZEPAM 0.5 MG TABS 100 EACH BOX,10.0,4.0,4.0,9.0,17
,,CLONAZEPAM 1 MG TABS 1 EACH,10.0,4.0,4.0,9.0,17
,,CLONAZEPAM 1 MG TABS 100 EACH BOTTLE,10.0,4.0,4.0,9.0,51
,,CLONAZEPAM 1 MG TABS 100 EACH BOX,10.0,4.0,4.0,9.0,34
,,CLONAZEPAM 2 MG TABS 1 EACH,10.0,4.0,4.0,9.0,17
,,CLONAZEPAM 2 MG TABS 100 EACH BOTTLE,10.0,4.0,4.0,9.0,51
,,CLONAZEPAM 2 MG TABS 50 EACH BOX,10.0,4.0,4.0,9.0,17
,,CLONIDINE 0.05 MG TABS 1 HALF TABLET,3.0,1.2,1.2,2.7,17
,,CLONIDINE 0.1 MG TABS 1 EACH,3.0,1.2,1.2,2.7,17
,,CLONIDINE 0.1 MG TABS 100 EACH BOTTLE,3.0,1.2,1.2,2.7,17
,,CLONIDINE 0.1 MG TABS 100 EACH BOX,3.0,1.2,1.2,2.7,17
,,CLONIDINE 0.1 MG/24HR PTWK 1 EACH BOX,165.62,66.248,66.25,149.21,34
,,CLONIDINE 0.1 MG/24HR PTWK 1 EACH PACKAGE,165.79,66.316,66.32,149.21,17
,,CLONIDINE 0.1 MG/24HR PTWK 4 EACH BOX,400.54,160.216,66.25,360.49,51
,,CLONIDINE 0.2 MG TABS 1 EACH,3.0,1.2,1.2,2.7,17
,,CLONIDINE 0.2 MG TABS 100 EACH BOTTLE,3.0,1.2,1.2,2.7,34
,,CLONIDINE 0.2 MG TABS 100 EACH BOX,3.0,1.2,1.2,2.7,17
,,CLONIDINE 0.2 MG/24HR PTWK 1 EACH BOX,278.83,111.532,111.53,250.95,17
,,CLONIDINE 0.2 MG/24HR PTWK 4 EACH BOX,606.29,242.516,111.53,545.66,51
,,CLONIDINE 0.3 MG TABS 1 EACH,3.0,1.2,1.2,2.7,17
,,CLONIDINE 0.3 MG TABS 100 EACH BOTTLE,3.0,1.2,1.2,2.84,34
,,CLONIDINE 0.3 MG TABS 50 EACH BOX,3.0,1.2,1.2,2.7,17
,,CLONIDINE 0.3 MG/24HR PTWK 1 EACH BOX,355.86,142.344,142.34,320.27,34
,,CLONIDINE 0.3 MG/24HR PTWK 4 EACH BOX,355.86,142.344,142.34,756.95,68
,,CLONIDINE 20 MCG/ML SUSP 300 ML BOTTLE,621.0,248.4,248.4,558.9,17
,,CLOPIDOGREL 300 MG TABS 1 EACH,133.17,53.268,53.27,119.85,17
,,CLOPIDOGREL 300 MG TABS 30 EACH BOX,133.17,53.268,31.89,119.85,34
,,CLOPIDOGREL 5 MG/ML SUSP 60 ML BOTTLE,150.0,60.0,60.0,135.0,17
,,CLOPIDOGREL 75 MG TABS 1 EACH,34.07,13.628,13.63,30.66,17
,,CLOPIDOGREL 75 MG TABS 100 EACH BOX,34.07,13.628,8.72,30.66,34
,,CLOPIDOGREL 75 MG TABS 90 EACH BOTTLE,32.83,13.132,13.13,29.55,17
,,CLORAZEPATE 15 MG TABS 100 EACH BOTTLE,23.38,9.352,9.35,21.04,17
,,CLORAZEPATE 3.75 MG TABS 100 EACH BOTTLE,10.16,4.064,4.06,9.14,17
,,CLORAZEPATE 7.5 MG TABS 100 EACH BOTTLE,14.22,5.688,5.69,12.8,17
,,CLORAZEPATE 7.5 MG TABS 30 EACH BOX,25.09,10.036,10.04,22.58,17
,,CLOSURE DERMABOND,80.0,32.0,32.0,72.0,17
,,CLOTRIMAZOLE 1 % CREA 14.17 G TUBE,7.37,2.948,2.95,6.63,17
,,CLOTRIMAZOLE 1 % CREA 15 G TUBE,99.53,39.812,17.01,89.71,51
,,CLOTRIMAZOLE 1 % CREA 30 G TUBE,174.3,69.72,69.72,156.87,17
,,CLOTRIMAZOLE 1 % CREA 45 G TUBE,24.08,9.632,9.63,21.67,34
,,CLOTRIMAZOLE 10 MG TROC 70 EACH BOTTLE,8.04,3.216,3.22,7.24,17
,,CLOTRIMAZOLE 10 MG TROC 70 EACH BOX,7.15,2.86,2.86,15.46,34
,,CLOTRIMAZOLE-BETAMETHASONE 1-0.05 % CREA 15 G TUBE,101.18,40.472,40.47,138.24,34
,,CLOZAPINE 100 MG TABS 1 EACH,17.29,6.916,6.92,15.56,17
,,CLOZAPINE 100 MG TABS 100 EACH BOX,17.14,6.856,6.86,15.43,17
,,CLOZAPINE 25 MG TABS 1 EACH,6.6,2.64,2.64,5.99,34
,,CLOZAPINE 25 MG TABS 100 EACH BOX,6.65,2.66,2.66,5.99,17
,,CO Q 10 10 MG CAPS 60 EACH BOTTLE,3.0,1.2,1.2,2.7,17
,,CO-ENZYME Q-10 30 MG CAPS 30 EACH BOTTLE,3.0,1.2,1.2,2.7,17
,,COABLATION WAND,4781.0,1912.4,1912.4,4302.9,17
,,COAL TAR 20 % SOLN 100 ML BOTTLE,169.5,67.8,67.8,152.55,17
,,COAL TAR 20 % SOLN 500 ML BOTTLE,724.5,289.8,289.8,652.05,17
,,COCAINE 40 MG/ML SOLN 4 ML BOTTLE,1217.16,486.864,486.86,1783.51,85
,,CODEINE 15 MG TABS 100 EACH BOX,10.0,4.0,4.0,9.0,17
,,CODEINE 30 MG TABS 100 EACH BOTTLE,10.0,4.0,4.0,9.0,17
,,COENZYME Q10 100 MG CAPS 30 EACH BOTTLE,3.0,1.2,1.2,2.7,17
,,COENZYME Q10 100 MG CAPS 40 EACH BOTTLE,3.0,1.2,1.2,2.7,17
,,COENZYME Q10 200 MG CAPS 30 EACH BOTTLE,3.0,1.2,1.2,2.7,17
,,COENZYME Q10 50 MG CAPS 30 EACH BOTTLE,3.0,1.2,1.2,2.7,17
,,COLCHICINE 0.6 MG TABS 1 EACH,55.75,22.3,22.3,50.18,34
,,COLCHICINE 0.6 MG TABS 30 EACH BOX,55.75,22.3,22.3,50.18,17
,,COLESEVELAM 625 MG TABS 180 EACH BOTTLE,19.78,7.912,7.49,17.8,51
,,COLESTIPOL 1 G TABS 120 EACH BOTTLE,13.48,5.392,2.53,12.13,51
,,COLLAGENASE 250 UNIT/GM OINT 30 G TUBE,1840.09,736.036,736.04,1656.08,17
,,COLLECTION FEE,29.0,11.6,11.6,26.1,13
,,COLON DECOMPRESSION SET,389.0,155.6,155.6,350.1,17
,,COMPLEX ANESTHESIA EACH ADD MIN,16.0,6.4,6.4,14.4,17
,,COMPLEX ANESTHESIA INITIAL MIN,240.0,96.0,96.0,216.0,17
,,COMPLEX MAC (MONITORED ANESTHESIA CARE) EACH ADD MIN,12.0,4.8,4.8,10.8,17
,,COMPLEX MAC (MONITORED ANESTHESIA CARE) INITIAL MIN,192.0,76.8,76.8,172.8,17
,,COMPRESSION ASSIST DEVICE,300.0,120.0,120.0,270.0,17
,,CONFIRMATORY INTERPRETATION,200.0,80.0,80.0,180.0,17
,,CONNECTOR,3700.0,1480.0,1480.0,3330.0,17
,,CONSCIOUS SED. IV IM INH,320.0,128.0,128.0,288.0,17
,,COPPER 0.4 MG/ML SOLN 10 ML VIAL,190.25,76.1,62.88,171.23,34
,,CORNEAL TISSUE WITH NO CORNEA TRANSPLANT(LION'S EYE BANK),1006.0,402.4,402.4,905.4,17
,,CP TEST 30 MINUTES OF OR TIME,250.0,100.0,100.0,250.0,17
,,CRANI SKULL BASE TUMOR,30000.0,12000.0,4093.0,27000.0,17
,,CRANI-TEMPORAL LOBE BX,31000.0,12400.0,4093.0,27900.0,17
,,CRANIOTOMY -REMOVAL OF TUMOR,23000.0,9200.0,4093.0,20700.0,17
,,CRANIOTOMY ACCESS KIT,850.0,340.0,340.0,765.0,17
,,CRANIOTOMY-HEMATOMA ASPIRATION,11000.0,4400.0,4093.0,9900.0,17
,,CRANIOTOMY-TRANSECT/CORP COLLO,29000.0,11600.0,4093.0,26100.0,17
,,CRRT (CONTINOUS RENAL REPL TX),2519.0,1007.6,1007.6,2267.1,17
,,CULTURELLE KIDS CHEW 30 EACH BOX,4.53,1.812,1.81,4.08,17
,,CULTURELLE KIDS PACK 30 EACH BOX,4.53,1.812,1.81,4.08,17
,,CUSTODIOL 1000 ML BAG,984.4,393.76,393.76,885.96,17
,,CYCLOBENZAPRINE 10 MG TABS 1 EACH,3.0,1.2,1.2,2.7,17
,,CYCLOBENZAPRINE 10 MG TABS 100 EACH BOTTLE,5.79,2.316,2.32,5.21,34
,,CYCLOBENZAPRINE 10 MG TABS 100 EACH BOX,3.0,1.2,1.2,2.7,17
,,CYCLOBENZAPRINE 5 MG TABS 1 EACH,4.23,1.692,1.69,5.63,51
,,CYCLOBENZAPRINE 5 MG TABS 100 EACH BOTTLE,8.21,3.284,3.28,7.39,34
,,CYCLOBENZAPRINE 5 MG TABS 30 EACH BOX,6.25,2.5,2.5,5.63,17
,,CYCLOBENZAPRINE 5 MG TABS 50 EACH BOX,4.23,1.692,1.69,5.54,34
,,CYCLOPENTOLATE 0.5 % SOLN 15 ML BOTTLE,558.83,223.532,223.53,502.95,17
,,CYCLOPENTOLATE 1 % SOLN 15 ML BOTTLE,191.33,76.532,76.53,172.2,17
,,CYCLOPENTOLATE 1 % SOLN 2 ML BOTTLE,81.65,32.66,32.66,191.34,51
,,CYCLOPENTOLATE 1 % SOLN 5 ML BOTTLE,351.62,140.648,140.65,316.46,17
,,CYCLOPENTOLATE 2 % SOLN 2 ML BOTTLE,278.2,111.28,111.28,250.38,17
,,CYCLOPENTOLATE-PHENYLEPHRINE 0.2-1 % SOLN 2 ML BOTTLE,222.1,88.84,88.84,199.89,17
,,CYCLOSERINE 250 MG CAPS 30 EACH BOX,384.56,153.824,153.82,346.1,17
,,CYCLOSPORINE 0.05 % EMUL 30 EACH PLAS CONT,61.33,24.532,24.53,58.1,34
,,CYCLOSPORINE 0.05 % EMUL 60 EACH PLAS CONT,61.34,24.536,24.54,55.21,17
,,CYPROHEPTADINE 2 MG TABS 1 HALF TABLET,3.0,1.2,1.2,2.7,17
,,CYPROHEPTADINE 2 MG/5ML SYRP 473 ML BOTTLE,3.4,1.36,1.36,3.06,17
,,CYPROHEPTADINE 2 MG/5ML SYRP 5 ML ORAL SYRINGE,3.4,1.36,1.36,3.06,17
,,CYPROHEPTADINE 4 MG TABS 1 EACH,5.36,2.144,2.14,4.82,17
,,CYPROHEPTADINE 4 MG TABS 100 EACH BOTTLE,8.04,3.216,2.14,7.24,34
,,CYPROHEPTADINE 4 MG TABS 50 EACH BOX,5.36,2.144,2.14,4.82,17
,,DABIGATRAN ETEXILATE MESYLATE 150 MG CAPS 60 EACH BOX,19.84,7.936,7.94,17.86,17
,,DABIGATRAN ETEXILATE MESYLATE 75 MG CAPS 60 EACH BOX,19.84,7.936,7.94,17.86,17
,,DAKINS (1/2 STRENGTH) 0.25 % SOLN 473 ML BOTTLE,68.59,27.436,27.44,83.02,34
,,DAKINS (1/4 STRENGTH) 0.125 % SOLN 473 ML BOTTLE,68.59,27.436,27.44,146.87,51
,,DAKINS (FULL STRENGTH) 0.5 % SOLN 473 ML BOTTLE,68.59,27.436,27.44,61.73,17
,,DANAZOL 100 MG CAPS 100 EACH BOTTLE,27.22,10.888,10.89,24.5,17
,,DANAZOL 50 MG CAPS 100 EACH BOTTLE,18.14,7.256,7.26,16.33,17
,,DANTROLENE 100 MG CAPS 100 EACH BOTTLE,10.84,4.336,4.34,9.76,17
,,DANTROLENE 20 MG SOLR 1 EACH VIAL,386.4,154.56,154.56,440.36,51
,,DANTROLENE 25 MG CAPS 1 EACH,9.7,3.88,3.88,8.73,17
,,DANTROLENE 25 MG CAPS 30 EACH BOX,9.69,3.876,3.88,8.72,17
,,DANTROLENE 50 MG CAPS 100 EACH BOTTLE,8.65,3.46,3.11,7.79,34
,,DAPAGLIFLOZIN 10 MG TABS 30 EACH BOTTLE,75.57,30.228,30.23,68.01,17
,,DAPAGLIFLOZIN 10 MG TABS 30 EACH BOX,75.57,30.228,30.23,68.01,17
,,DAPAGLIFLOZIN 5 MG TABS 30 EACH BOTTLE,110.63,44.252,44.25,99.57,17
,,DAPSONE 100 MG TABS 100 EACH BOTTLE,13.5,5.4,5.4,12.15,17
,,DAPSONE 100 MG TABS 30 EACH BOTTLE,15.12,6.048,6.05,13.61,34
,,DAPSONE 25 MG TABS 30 EACH BOTTLE,12.33,4.932,4.93,11.1,34
,,DAPTOMYCIN-HEPARIN 1 MG-100 UNITS/ML LOCK SYRINGE 5 ML VIAL,35.0,14.0,14.0,31.5,17
,,DARUN-COBIC-EMTRICIT-TENOF AF 800-150-200-10 MG TABS 30 EACH BOTTLE,867.91,347.164,347.16,781.12,17
,,DARUNAVIR 600 MG TABS 60 EACH BOTTLE,215.82,86.328,86.33,194.24,17
,,DARUNAVIR 800 MG TABS 30 EACH BOTTLE,397.1,158.84,158.84,357.39,17
,,DARUNAVIR-COBICISTAT 800-150 MG TABS 30 EACH BOTTLE,453.88,181.552,181.55,408.49,17
,,DASATINIB 20 MG TABS 60 EACH BOTTLE,884.81,353.924,353.92,838.25,34
,,DASATINIB 50 MG TABS 60 EACH BOTTLE,1862.77,745.108,745.11,1676.49,17
,,DASATINIB 70 MG TABS 60 EACH BOTTLE,1862.77,745.108,745.11,1676.49,17
,,DEFERASIROX 125 MG TBSO 30 EACH BOTTLE,308.68,123.472,123.47,277.81,17
,,DEFERASIROX 250 MG TBSO 30 EACH BOTTLE,567.95,227.18,227.18,511.16,17
,,DEFERASIROX 360 MG TABS 30 EACH BOTTLE,419.12,167.648,167.65,377.21,17
,,DEFERASIROX 500 MG TBSO 30 EACH BOTTLE,1135.89,454.356,454.36,1022.3,17
,,DEKAS PLUS CHEW 60 EACH BOTTLE,3.05,1.22,1.22,2.75,17
,,DELIVERY ROOM,1000.0,400.0,400.0,900.0,17
,,DELIVERY ROOM LEVEL 3,2000.0,800.0,800.0,1800.0,17
,,DELIVERY ROOM LEVEL 4,2500.0,1000.0,1000.0,2250.0,17
,,DELVERY ROOM,1500.0,600.0,600.0,1350.0,17
,,DEMECLOCYCLINE 150 MG TABS 100 EACH BOX,53.16,21.264,21.26,47.84,17
,,DEMECLOCYCLINE 300 MG TABS 1 EACH,106.32,42.528,42.53,95.69,17
,,DEMECLOCYCLINE 300 MG TABS 48 EACH BOTTLE,85.34,34.136,34.14,76.81,17
,,DEMECLOCYCLINE 300 MG TABS 50 EACH BOX,106.32,42.528,42.53,95.69,17
,,DEPLIN 15 15-90.314 MG CAPS 90 EACH BOTTLE,20.58,8.232,8.23,18.52,17
,,DERMACERIN CREA 454 G JAR,24.97,9.988,9.99,22.47,17
,,DESIPRAMINE 25 MG TABS 100 EACH BOTTLE,7.12,2.848,2.85,6.41,17
,,DESIPRAMINE 50 MG TABS 100 EACH BOTTLE,13.39,5.356,5.36,12.05,17
,,DESMOPRESSIN 0.01 % SOLN 5 ML BOTTLE,1132.75,453.1,453.1,1019.52,34
,,DESMOPRESSIN 0.05 MG TABS 1 HALF TABLET,13.22,5.288,5.29,11.9,17
,,DESMOPRESSIN 0.1 MG TABS 1 EACH,13.14,5.256,5.26,11.83,17
,,DESMOPRESSIN 0.1 MG TABS 100 EACH BOTTLE,26.43,10.572,10.57,23.79,34
,,DESMOPRESSIN 0.1 MG TABS 30 EACH BOX,13.14,5.256,5.26,11.83,17
,,DESMOPRESSIN 0.2 MG TABS 100 EACH BOTTLE,38.08,15.232,15.23,34.27,17
,,DESMOPRESSIN ACETATE 1.5 MG/ML SOLN 1 EACH BOTTLE,1656.0,662.4,662.4,1490.4,17
,,DESMOPRESSIN ACETATE 1.5 MG/ML SOLN 2.5 ML BOTTLE,3689.28,1475.712,1475.71,3320.35,17
,,DESONIDE 0.05 % CREA 15 G TUBE,369.36,147.744,147.74,332.42,17
,,DESVENLAFAXINE 50 MG TB24 30 EACH BOTTLE,55.06,22.024,22.02,49.55,34
,,DEXAMETHASONE 0.1 % SOLN 5 ML BOTTLE,323.4,129.36,129.36,291.06,17
,,DEXAMETHASONE 0.5 MG/5ML SOLN 500 ML BOTTLE,120.0,48.0,48.0,108.0,17
,,DEXAMETHASONE 1 MG/ML CONC 1 ML,5.36,2.144,2.14,4.82,17
,,DEXMEDETOMIDINE HCL 200 MCG/2ML SOLN 2 ML VIAL,35.0,14.0,14.0,103.09,119
,,DEXMEDETOMIDINE HCL IN NACL 200 MCG/50ML SOLN 50 ML BOTTLE,100.25,40.1,40.1,162.0,68
,,DEXMEDETOMIDINE HCL IN NACL 200 MCG/50ML SOLN 50 ML FLEX CONT,87.5,35.0,35.0,78.75,17
,,DEXMEDETOMIDINE HCL IN NACL 200 MCG/50ML SOLN 50 ML GLASS CONT,168.0,67.2,62.4,241.88,153
,,DEXMEDETOMIDINE HCL IN NACL 200 MCG/50ML SOLN 50 ML VIAL,156.0,62.4,62.4,140.4,17
,,DEXMEDETOMIDINE HCL IN NACL 400 MCG/100ML SOLN 100 ML GLASS CONT,300.0,120.0,120.0,270.0,51
,,DEXMETHYLPHENIDATE 10 MG CP24 100 EACH BOTTLE,29.95,11.98,11.98,40.94,34
,,DEXMETHYLPHENIDATE 15 MG CP24 100 EACH BOTTLE,30.8,12.32,12.32,27.72,17
,,DEXMETHYLPHENIDATE 2.5 MG TABS 100 EACH BOTTLE,10.0,4.0,4.0,9.0,51
,,DEXMETHYLPHENIDATE 5 MG CP24 100 EACH BOTTLE,47.28,18.912,11.8,42.55,68
,,DEXMETHYLPHENIDATE 5 MG TABS 100 EACH BOTTLE,10.0,4.0,4.0,9.0,102
,,DEXROSE 5 % AND 0.45 % NACL WITH KCL 30 MEQ 30-5-0.45 MEQ/L-%-% SOLN 1000 ML,20.0,8.0,8.0,18.0,17
,,DEXTRAN 40 IN DEXTROSE 5% 10 % SOLN 500 ML FLEX CONT,1752.6,701.04,701.04,1577.34,17
,,DEXTRAN 70-HYPROMELLOSE-GLYCERIN 0.1-0.2-0.3 % SOLN 15 ML BOTTLE,39.68,15.872,15.87,35.71,17
,,DEXTROAMPHETAMINE 5 MG TABS 100 EACH BOTTLE,14.5,5.8,5.8,13.05,17
,,DEXTROMETHORPHAN POLISTIREX ER 30 MG/5ML SUER 148 ML BOTTLE,3.0,1.2,1.2,2.7,17
,,DEXTROMETHORPHAN-GUAIFENESIN 30-600 MG TB12 20 EACH BOTTLE,3.0,1.2,1.2,2.7,17
,,DEXTROMETHORPHAN-GUAIFENESIN 30-600 MG TB12 20 EACH BOX,3.0,1.2,1.2,2.7,17
,,DEXTROMETHORPHAN-GUAIFENESIN 30-600 MG TB12 40 EACH BOX,3.36,1.344,1.34,3.02,17
,,DEXTROMETHORPHAN-QUINIDINE 20-10 MG CAPS 60 EACH BOTTLE,157.38,62.952,62.95,141.64,17
,,DEXTROSE 10 % AND 0.2 % NACL 10-0.2 % SOLN 250 ML FLEX CONT,23.75,9.5,9.5,21.38,17
,,DEXTROSE 10 % AND 0.45 % NACL 10-0.45 % SOLN 1000 ML FLEX CONT,55.0,22.0,22.0,49.5,17
,,DEXTROSE 10 % SOLN 1000 ML FLEX CONT,20.0,8.0,8.0,18.0,17
,,DEXTROSE 10 % SOLN 250 ML FLEX CONT,33.75,13.5,8.0,30.38,68
,,DEXTROSE 10 % SOLN 500 ML FLEX CONT,20.0,8.0,8.0,18.0,17
,,DEXTROSE 12.5 % SOLN 250 ML FLEX CONT,20.0,8.0,8.0,18.0,17
,,DEXTROSE 12.5% AND 0.225% NACL SOLN 1000 ML BAG,100.0,40.0,40.0,90.0,17
,,DEXTROSE 12.5% AND 0.225% NACL SOLN 250 ML BAG,25.0,10.0,10.0,22.5,17
,,DEXTROSE 12.5% AND 0.225% NACL SOLN 500 ML BAG,50.0,20.0,20.0,45.0,17
,,DEXTROSE 2.5 % SOLN 250 ML BAG,20.0,8.0,8.0,18.0,17
,,DEXTROSE 25 % SOLN 10 ML SYRINGE,135.85,54.34,54.34,122.27,17
,,DEXTROSE 5 % AND 0.2 % NACL 5-0.2 % SOLN 1000 ML FLEX CONT,20.0,8.0,8.0,18.0,17
,,DEXTROSE 5 % AND 0.2 % NACL 5-0.2 % SOLN 250 ML FLEX CONT,20.0,8.0,8.0,18.0,17
,,DEXTROSE 5 % AND 0.2 % NACL 5-0.2 % SOLN 500 ML FLEX CONT,30.0,12.0,12.0,27.0,17
,,DEXTROSE 5 % AND 0.2 % NACL 5-0.225 % SOLN 1000 ML FLEX CONT,25.0,10.0,10.0,40.5,34
,,DEXTROSE 5 % AND 0.2 % NACL 5-0.225 % SOLN 500 ML FLEX CONT,22.5,9.0,9.0,20.25,17
,,DEXTROSE 5 % AND 0.2 % NACL WITH KCL 20 MEQ 20-5-0.2 MEQ/L-%-% SOLN 1000 ML,30.0,12.0,12.0,27.0,17
,,DEXTROSE 5 % AND 0.2 % NACL WITH KCL 20 MEQ 20-5-0.2 MEQ/L-%-% SOLN 500 ML,20.0,8.0,8.0,18.0,17
,,DEXTROSE 5 % AND 0.33 % NACL 5-0.33 % SOLN 500 ML FLEX CONT,35.0,14.0,14.0,31.5,17
,,DEXTROSE 5 % AND 0.45 % NACL 5-0.45 % SOLN 1000 ML FLEX CONT,20.0,8.0,8.0,18.0,17
,,DEXTROSE 5 % AND 0.45 % NACL 5-0.45 % SOLN 500 ML FLEX CONT,20.0,8.0,8.0,18.0,17
,,DEXTROSE 5 % AND 0.45 % NACL WITH KCL 10 MEQ 10-5-0.45 MEQ/L-%-% SOLN 1000 ML,20.0,8.0,8.0,18.0,17
,,DEXTROSE 5 % AND 0.45 % NACL WITH KCL 20 MEQ 20-5-0.45 MEQ/L-%-% SOLN 1000 ML,35.0,14.0,14.0,31.5,17
,,DEXTROSE 5 % AND 0.45 % NACL WITH KCL 40 MEQ 40-5-0.45 MEQ/L-%-% SOLN 1000 ML,20.0,8.0,8.0,18.0,17
,,DEXTROSE 5 % AND 0.9 % NACL WITH KCL 20 MEQ 20-5-0.9 MEQ/L-%-% SOLN 1000 ML,20.0,8.0,8.0,18.0,17
,,DEXTROSE 5 % AND 0.9 % NACL WITH KCL 40 MEQ 40-5-0.9 MEQ/L-%-% SOLN 1000 ML,60.0,24.0,24.0,54.0,17
,,DEXTROSE 5% LACTATED RINGERS 5 % SOLN 1000 ML FLEX CONT,20.0,8.0,8.0,18.0,17
,,DEXTROSE 5% LACTATED RINGERS 5 % SOLN 500 ML FLEX CONT,20.0,8.0,8.0,18.0,17
,,DEXTROSE 50 % SOLN 50 ML SYRINGE,130.25,52.1,28.8,117.23,136
,,DEXTROSE 50 % SOLN 50 ML VIAL,35.0,14.0,14.0,31.5,34
,,DEXTROSE 50 % SOLN 500 ML FLEX CONT,107.5,43.0,43.0,96.75,17
,,DEXTROSE 7.5 % SOLN 250 ML,25.0,10.0,10.0,22.5,17
,,DEXTROSE 7.5% AND 0.2 % NACL 7.5-0.2 % SOLN 250 ML,25.0,10.0,10.0,22.5,17
,,DEXTROSE 70 % SOLN 2000 ML PLAS CONT,120.0,48.0,48.0,108.0,17
,,DIA CALCIUM CARBONATE 1000MG CHEW,0.15,0.06,0.06,0.14,17
,,DIA CALCIUM CARBONATE 500MG CHEW,0.1,0.04,0.04,0.09,17
,,DIA CALCIUM CARBONATE 500MG TAB,0.06,0.024,0.02,0.05,14
,,DIA CALCIUM CARBONATE 600MG TAB,0.25,0.1,0.1,0.23,14
,,DIAGNOSTIC EAD,1300.0,520.0,520.0,1300.0,17
,,DIALYSIS MEDICATION,15.0,6.0,6.0,13.5,17
,,DIANEAL LO-CAL 1.5% 344 MOSM/L SOLN 1500 ML PLAS CONT,330.0,132.0,132.0,297.0,17
,,DIANEAL LO-CAL 1.5% 344 MOSM/L SOLN 2000 ML FLEX CONT,310.0,124.0,124.0,279.0,17
,,DIANEAL LO-CAL 1.5% 344 MOSM/L SOLN 2500 ML PLAS CONT,337.5,135.0,135.0,303.75,17
,,DIANEAL LO-CAL 1.5% 344 MOSM/L SOLN 3000 ML FLEX CONT,345.0,138.0,138.0,310.5,17
,,DIANEAL LO-CAL 1.5% 344 MOSM/L SOLN 3000 ML PLAS CONT,375.0,150.0,150.0,337.5,17
,,DIANEAL LO-CAL 1.5% 344 MOSM/L SOLN 6000 ML FLEX CONT,386.4,154.56,154.56,347.76,17
,,DIANEAL LO-CAL 2.5% 395 MOSM/L SOLN 6000 ML FLEX CONT,386.4,154.56,154.56,347.76,17
,,DIANEAL PD-2/1.5% DEXTROSE 346 MOSM/L SOLN 2000 ML FLEX CONT,200.0,80.0,80.0,180.0,17
,,DIANEAL PD-2/1.5% DEXTROSE 346 MOSM/L SOLN 3000 ML FLEX CONT,345.0,138.0,138.0,310.5,17
,,DIANEAL PD-2/1.5% DEXTROSE 346 MOSM/L SOLN 6000 ML FLEX CONT,386.4,154.56,154.56,347.76,17
,,DIAPER RASH 60 G JAR,25.0,10.0,10.0,22.5,17
,,DIAZEPAM 1 MG/ML SOLN 5 ML CUP,23.58,9.432,9.2,21.22,68
,,DIAZEPAM 1 MG/ML SOLN 500 ML BOTTLE,358.8,143.52,143.52,322.92,17
,,DIAZEPAM 10 MG GEL 1 EACH BOX,1674.68,669.872,669.87,1507.21,17
,,DIAZEPAM 10 MG TABS 1 EACH,10.0,4.0,4.0,9.0,17
,,DIAZEPAM 10 MG TABS 100 EACH BOTTLE,10.0,4.0,4.0,9.0,17
,,DIAZEPAM 10 MG/0.1ML LIQD 1 EACH BOX,2110.85,844.34,844.34,1899.78,28
,,DIAZEPAM 2 MG TABS 1 EACH,10.0,4.0,4.0,9.0,17
,,DIAZEPAM 2 MG TABS 100 EACH BOTTLE,10.0,4.0,4.0,9.0,17
,,DIAZEPAM 2 MG TABS 100 EACH BOX,10.0,4.0,4.0,9.0,17
,,DIAZEPAM 2.5 MG GEL 1 EACH BOX,1411.74,564.696,564.7,1270.57,17
,,DIAZEPAM 20 MG GEL 1 EACH BOX,1674.68,669.872,669.87,1507.21,17
,,DIAZEPAM 5 MG TABS 1 EACH,10.0,4.0,4.0,9.0,17
,,DIAZEPAM 5 MG TABS 100 EACH BOTTLE,10.0,4.0,4.0,9.0,17
,,DIAZEPAM 5 MG TABS 100 EACH BOX,10.0,4.0,4.0,9.0,17
,,DIAZOXIDE 50 MG/ML SUSP 30 ML BOTTLE,2683.04,1073.216,684.37,2414.74,34
,,DIBUCAINE (PERIANAL) 1 % OINT 28 G TUBE,19.6,7.84,7.84,17.64,17
,,DIBUCAINE 1 % OINT 28 G TUBE,29.4,11.76,11.76,26.46,17
,,DICLOFENAC 0.1 % SOLN 2.5 ML BOTTLE,223.85,89.54,89.54,201.47,17
,,DICLOFENAC 0.1 % SOLN 5 ML BOTTLE,87.5,35.0,35.0,328.64,34
,,DICLOFENAC 25 MG TBEC 100 EACH BOTTLE,7.11,2.844,2.84,6.4,17
,,DICLOFENAC 50 MG TBEC 100 EACH BOTTLE,4.73,1.892,1.89,4.26,17
,,DICLOFENAC 75 MG TBEC 100 EACH BOTTLE,5.73,2.292,2.29,5.16,17
,,DICLOFENAC 75 MG TBEC 100 EACH BOX,4.03,1.612,1.61,3.63,17
,,DICLOFENAC EPOLAMINE 1.3 % PTCH 30 EACH BOX,64.8,25.92,25.51,60.43,51
,,DICLOFENAC EPOLAMINE 1.3 % PTCH 5 EACH BOX,67.14,26.856,26.86,60.43,17
,,DICLOFENAC EPOLAMINE 1.3 % PTCH 5 EACH PACKAGE,64.8,25.92,25.51,58.32,34
,,DICLOXACILLIN 250 MG CAPS 100 EACH BOTTLE,7.51,3.004,3.0,6.76,17
,,DICLOXACILLIN 500 MG CAPS 100 EACH BOTTLE,13.66,5.464,5.46,12.29,17
,,DICYCLOMINE 10 MG CAPS 1 EACH,3.3,1.32,1.32,2.97,17
,,DICYCLOMINE 10 MG CAPS 100 EACH BOTTLE,3.0,1.2,1.2,2.7,17
,,DICYCLOMINE 10 MG CAPS 100 EACH BOX,3.3,1.32,1.32,2.97,17
,,DICYCLOMINE 10 MG/5ML SOLN 473 ML BOTTLE,7.5,3.0,3.0,6.75,34
,,DICYCLOMINE 10 MG/5ML SOLN 5 ML ORAL SYRINGE,7.5,3.0,3.0,6.75,17
,,DIGOXIN 0.05 MG/ML SOLN 2.5 ML ORAL SYRINGE,35.0,14.0,14.0,31.5,17
,,DIGOXIN 0.05 MG/ML SOLN 60 ML BOTTLE,783.84,313.536,309.12,705.46,34
,,DIGOXIN 0.125 MG TABS 1 EACH,7.29,2.916,2.78,6.56,34
,,DIGOXIN 0.125 MG TABS 100 EACH BOX,6.95,2.78,2.78,7.59,51
,,DIGOXIN 0.25 MG TABS 1 EACH,6.95,2.78,2.78,6.26,17
,,DIGOXIN 0.25 MG TABS 100 EACH BOX,8.43,3.372,2.78,7.59,34
,,DIGOXIN 0.25 MG TABS 1000 EACH BOTTLE,5.94,2.376,2.38,5.35,17
,,DIGOXIN 50 MCG/ML SOLN 0.4 ML ORAL SYRINGE,3.0,1.2,1.2,2.7,17
,,DIGOXIN 50 MCG/ML SOLN 0.5 ML ORAL SYRINGE,3.0,1.2,1.2,2.7,17
,,DIGOXIN 50 MCG/ML SOLN 0.6 ML ORAL SYRINGE,3.0,1.2,1.2,2.7,17
,,DIGOXIN 50 MCG/ML SOLN 0.8 ML ORAL SYRINGE,3.0,1.2,1.2,2.7,17
,,DIGOXIN 50 MCG/ML SOLN 1 ML ORAL SYRINGE,3.48,1.392,1.39,3.13,17
,,DIL STRICT URETH FILIFORM MALE,3000.0,1200.0,1200.0,3000.0,17
,,DILTIAZEM 120 MG CP12 100 EACH BOX,32.6,13.04,13.04,29.34,17
,,DILTIAZEM 120 MG CP24 1 EACH,4.85,1.94,1.94,4.37,17
,,DILTIAZEM 120 MG CP24 100 EACH BOX,4.84,1.936,1.94,4.36,17
,,DILTIAZEM 120 MG CP24 30 EACH BOTTLE,11.81,4.724,4.72,10.63,17
,,DILTIAZEM 180 MG CP24 1 EACH,4.85,1.94,1.94,4.37,17
,,DILTIAZEM 180 MG CP24 100 EACH BOX,4.84,1.936,1.94,4.36,17
,,DILTIAZEM 180 MG CP24 30 EACH BOTTLE,14.26,5.704,5.7,12.83,17
,,DILTIAZEM 180 MG CP24 90 EACH BOTTLE,5.61,2.244,2.24,5.05,17
,,DILTIAZEM 240 MG CP24 1 EACH,4.02,1.608,1.61,3.62,17
,,DILTIAZEM 240 MG CP24 100 EACH BOX,4.02,1.608,1.2,3.62,34
,,DILTIAZEM 240 MG CP24 90 EACH BOTTLE,7.96,3.184,3.18,7.16,17
,,DILTIAZEM 30 MG TABS 100 EACH BOTTLE,5.0,2.0,2.0,4.5,17
,,DILTIAZEM 300 MG CP24 90 EACH BOTTLE,10.32,4.128,4.13,9.29,17
,,DILTIAZEM 60 MG CP12 100 EACH BOTTLE,17.29,6.916,6.92,15.56,17
,,DILTIAZEM 60 MG CP12 100 EACH BOX,19.87,7.948,7.95,17.88,17
,,DILTIAZEM 60 MG TABS 1 EACH,3.04,1.216,1.22,2.74,17
,,DILTIAZEM 60 MG TABS 100 EACH BOTTLE,7.84,3.136,3.14,7.06,17
,,DILTIAZEM 60 MG TABS 100 EACH BOX,3.04,1.216,1.22,2.74,17
,,DILTIAZEM 90 MG CP12 100 EACH BOX,23.36,9.344,9.34,21.02,17
,,DILTIAZEM 90 MG TABS 100 EACH BOTTLE,10.71,4.284,4.28,9.64,34
,,DILTIAZEM HCL 125 MG/25ML SOLN 25 ML VIAL,54.63,21.852,21.85,49.17,34
,,DILTIAZEM HCL 25 MG/5ML SOLN 5 ML VIAL,35.0,14.0,14.0,31.5,51
,,DILTIAZEM HCL 50 MG/10ML SOLN 10 ML VIAL,37.4,14.96,14.0,33.66,51
,,DIMENHYDRINATE 50 MG TABS 100 EACH BOTTLE,3.0,1.2,1.2,2.7,17
,,DINOPROSTONE 10 MG INST 1 EACH BOX,2772.92,1109.168,1109.17,2495.63,17
,,DIPHENHYDRAMINE 12.5 MG/5ML ELIX 10 ML CUP,7.74,3.096,3.1,6.97,17
,,DIPHENHYDRAMINE 12.5 MG/5ML ELIX 5 ML CUP,7.82,3.128,3.13,7.04,17
,,DIPHENHYDRAMINE 12.5 MG/5ML ELIX 5 ML PACKAGE,7.82,3.128,3.13,7.04,17
,,DIPHENHYDRAMINE 12.5 MG/5ML LIQD 118 ML BOTTLE,4.25,1.7,0.99,9.4,68
,,DIPHENHYDRAMINE 2 % CREA 30 G TUBE,19.95,7.98,7.98,17.96,17
,,DIPHENHYDRAMINE 25 MG CAPS 100 EACH BOTTLE,1.0,0.4,0.4,0.9,17
,,DIPHENHYDRAMINE 25 MG CAPS 100 EACH BOX,1.0,0.4,0.4,0.9,34
,,DIPHENHYDRAMINE 25 MG CAPS 24 EACH BOX,1.0,0.4,0.4,0.9,34
,,DIPHENHYDRAMINE 50 MG CAPS 100 EACH BOTTLE,1.0,0.4,0.4,0.9,17
,,DIPHENHYDRAMINE 50 MG CAPS 100 EACH BOX,1.0,0.4,0.4,0.9,17
,,DIPHENHYDRAMINE-NYSTATIN-HYDROCORTISONE-CLINDAMYCIN SUSP 270 ML BOTTLE,87.75,35.1,35.1,78.98,17
,,DIPHENHYDRAMINE-ZINC ACETATE 2-0.1 % CREA 28 G TUBE,11.76,4.704,4.7,10.58,17
,,DIPHENHYDRAMINE-ZINC ACETATE 2-0.1 % CREA 28.4 G TUBE,20.59,8.236,8.24,18.53,17
,,DIPHENOXYLATE-ATROPINE 2.5-0.025 MG TABS 100 EACH BOTTLE,10.0,4.0,4.0,9.0,68
,,DIPHENOXYLATE-ATROPINE 2.5-0.025 MG/5ML LIQD 10 ML ORAL SYRINGE,10.0,4.0,4.0,9.0,17
,,DIPHENOXYLATE-ATROPINE 2.5-0.025 MG/5ML LIQD 60 ML BOTTLE,49.95,19.98,19.98,44.96,17
,,DIPYRIDAMOLE 25 MG TABS 100 EACH BOTTLE,7.11,2.844,2.84,6.4,34
,,DIPYRIDAMOLE 50 MG TABS 100 EACH BOTTLE,11.44,4.576,4.58,10.3,17
,,DIPYRIDAMOLE 75 MG TABS 100 EACH BOTTLE,15.31,6.124,6.12,13.78,51
,,DIPYRIDAMOLE-ASPIRIN 25-200 MG CP12 60 EACH BOTTLE,41.78,16.712,16.71,37.6,17
,,DISOPYRAMIDE 100 MG CAPS 100 EACH BOTTLE,14.29,5.716,5.72,12.86,17
,,DISOPYRAMIDE 100 MG CP12 100 EACH BOTTLE,25.91,10.364,10.36,23.32,17
,,DISOPYRAMIDE 150 MG CAPS 100 EACH BOTTLE,16.88,6.752,6.75,15.19,17
,,DISOPYRAMIDE 150 MG CP12 100 EACH BOTTLE,30.62,12.248,12.25,27.56,17
,,DIVALPROEX 125 MG TBEC 1 EACH,6.32,2.528,2.53,5.69,17
,,DIVALPROEX 125 MG TBEC 30 EACH BOX,4.45,1.78,1.78,5.69,34
,,DIVALPROEX 250 MG TB24 1 EACH,12.24,4.896,4.9,11.02,17
,,DIVALPROEX 250 MG TB24 100 EACH BOX,12.24,4.896,4.9,11.02,17
,,DIVALPROEX 250 MG TB24 80 EACH BOX,9.73,3.892,3.89,8.76,17
,,DIVALPROEX 250 MG TBEC 1 EACH,8.81,3.524,1.2,7.93,34
,,DIVALPROEX 250 MG TBEC 1 EACH BOX,5.37,2.148,2.15,4.83,17
,,DIVALPROEX 250 MG TBEC 100 EACH BOTTLE,10.83,4.332,4.33,9.75,17
,,DIVALPROEX 250 MG TBEC 100 EACH BOX,5.37,2.148,1.2,7.93,68
,,DIVALPROEX 250 MG TBEC 500 EACH BOTTLE,10.83,4.332,4.33,9.75,17
,,DIVALPROEX 500 MG TB24 1 EACH,19.16,7.664,7.66,18.32,34
,,DIVALPROEX 500 MG TB24 100 EACH BOX,19.16,7.664,7.66,17.24,17
,,DIVALPROEX 500 MG TB24 80 EACH BOX,20.38,8.152,8.15,18.34,17
,,DIVALPROEX 500 MG TBEC 1 EACH,3.0,1.2,1.2,14.54,34
,,DIVALPROEX 500 MG TBEC 1 EACH BOX,7.11,2.844,2.84,6.4,17
,,DIVALPROEX 500 MG TBEC 100 EACH BOTTLE,16.25,6.5,6.5,14.63,17
,,DIVALPROEX 500 MG TBEC 100 EACH BOX,7.11,2.844,1.2,6.4,34
,,DIVALPROEX 500 MG TBEC 90 EACH BOX,16.15,6.46,1.2,14.54,51
,,DIVALPROEX SODIUM 125 MG CSDR 1 EACH,7.1,2.84,2.84,6.39,17
,,DIVALPROEX SODIUM 125 MG CSDR 100 EACH BOTTLE,5.6,2.24,2.24,5.04,34
,,DIVALPROEX SODIUM 125 MG CSDR 100 EACH BOX,7.1,2.84,2.84,6.39,17
,,DIVALPROEX SODIUM 125 MG CSDR 50 EACH BOX,5.56,2.224,2.22,5.0,17
,,DOCUSATE 50 MG/5ML LIQD 10 ML CUP,3.33,1.332,0.82,3.0,51
,,DOCUSATE 50 MG/5ML LIQD 473 ML BOTTLE,19.87,7.948,7.95,17.88,17
,,DOCUSATE 50 MG/5ML LIQD 5 ML CUP,2.54,1.016,1.02,2.29,17
,,DOCUSATE SODIUM 100 MG CAPS 100 EACH BOX,1.0,0.4,0.4,0.9,17
,,DOCUSATE SODIUM 100 MG CAPS 30 EACH BOTTLE,1.0,0.4,0.4,0.9,17
,,DOCUSATE SODIUM 100 MG CAPS 30 EACH BOX,1.0,0.4,0.4,0.9,17
,,DOCUSATE SODIUM 150 MG/15ML LIQD 1 ML ORAL SYRINGE,1.0,0.4,0.4,0.9,17
,,DOCUSATE SODIUM 150 MG/15ML LIQD 10 ML CUP,2.0,0.8,0.8,1.85,34
,,DOCUSATE SODIUM 150 MG/15ML LIQD 2 ML ORAL SYRINGE,1.0,0.4,0.4,0.9,17
,,DOCUSATE SODIUM 150 MG/15ML LIQD 3 ML ORAL SYRINGE,1.0,0.4,0.4,0.9,17
,,DOCUSATE SODIUM 150 MG/15ML LIQD 4 ML ORAL SYRINGE,1.0,0.4,0.4,0.9,17
,,DOCUSATE SODIUM 150 MG/15ML LIQD 473 ML BOTTLE,9.93,3.972,3.97,11.49,51
,,DOCUSATE SODIUM 150 MG/15ML LIQD 5 ML ORAL SYRINGE,1.0,0.4,0.4,0.9,17
,,DOCUSATE SODIUM 50 MG CAPS 28 EACH BOTTLE,1.0,0.4,0.4,0.9,17
,,DOFETILIDE 125 MCG CAPS 60 EACH BOTTLE,48.72,19.488,19.49,43.85,17
,,DOFETILIDE 250 MCG CAPS 40 EACH BOX,66.49,26.596,26.6,59.84,17
,,DOFETILIDE 250 MCG CAPS 60 EACH BOTTLE,48.72,19.488,17.13,43.85,34
,,DOFETILIDE 500 MCG CAPS 60 EACH BOTTLE,48.72,19.488,19.49,43.85,17
,,DOLUTEGRAVIR SODIUM 50 MG TABS 30 EACH BOTTLE,440.66,176.264,176.26,396.59,17
,,DOLUTEGRAVIR-LAMIVUDINE 50-300 MG TABS 30 EACH BOTTLE,598.09,239.236,239.24,538.28,17
,,DOLUTEGRAVIR-RILPIVIRINE 50-25 MG TABS 30 EACH BOTTLE,692.26,276.904,276.9,623.03,17
,,DONEPEZIL 10 MG TABS 1 EACH,3.88,1.552,1.55,3.49,17
,,DONEPEZIL 10 MG TABS 100 EACH BOX,3.88,1.552,1.55,3.49,17
,,DONEPEZIL 5 MG TABS 1 EACH,3.88,1.552,1.55,3.49,17
,,DONEPEZIL 5 MG TABS 100 EACH BOX,3.88,1.552,1.2,3.49,34
,,DONEPEZIL 5 MG TBDP 30 EACH BOTTLE,38.94,15.576,15.58,35.05,17
,,DORAVIRIN-LAMIVUDIN-TENOFOV DF 100-300-300 MG TABS 30 EACH BOTTLE,515.29,206.116,206.12,463.76,17
,,DORAVIRINE 100 MG TABS 30 EACH BOTTLE,367.98,147.192,147.19,331.18,17
,,DORZOLAMIDE 2 % SOLN 10 ML BOTTLE,334.0,133.6,133.6,300.6,17
,,DORZOLAMIDE-TIMOLOL 2-0.5 % SOLN 10 ML BOTTLE,337.45,134.98,134.98,505.08,34
,,DOUBLE ANTIBIOTIC 500-10000 UNIT/GM OINT 14.2 G TUBE,30.1,12.04,12.04,27.09,17
,,DOXAPRAM 20 MG/ML SOLN 20 ML VIAL,319.3,127.72,127.72,287.37,17
,,DOXAZOSIN 1 MG TABS 30 EACH BOX,5.08,2.032,2.03,4.57,17
,,DOXAZOSIN 2 MG TABS 100 EACH BOX,5.46,2.184,2.18,4.91,17
,,DOXAZOSIN 4 MG TABS 100 EACH BOX,5.46,2.184,2.18,4.91,17
,,DOXEPIN 10 MG CAPS 100 EACH BOX,3.2,1.28,1.28,2.88,17
,,DOXEPIN 100 MG CAPS 1 EACH,10.0,4.0,4.0,9.0,17
,,DOXEPIN 100 MG CAPS 100 EACH BOX,9.99,3.996,4.0,8.99,17
,,DOXEPIN 25 MG CAPS 100 EACH BOX,4.22,1.688,1.69,3.8,17
,,DOXEPIN 50 MG CAPS 1 EACH,5.85,2.34,2.34,5.27,17
,,DOXEPIN 50 MG CAPS 100 EACH BOX,5.84,2.336,2.34,5.26,17
,,DOXYCYCLINE 100 MG TABS 1 EACH,27.94,11.176,10.69,25.15,34
,,DOXYCYCLINE 100 MG TABS 30 EACH BOX,22.73,9.092,9.09,25.15,34
,,DOXYCYCLINE 100 MG TABS 50 EACH BOTTLE,30.74,12.296,12.3,27.67,17
,,DOXYCYCLINE 100 MG TABS 50 EACH BOX,26.73,10.692,10.69,24.06,17
,,DOXYCYCLINE 50 MG CAPS 100 EACH BOTTLE,7.26,2.904,2.9,6.53,34
,,DOXYCYCLINE MONOHYDRATE 25 MG/5ML SUSR 20 ML ORAL SYRINGE,38.0,15.2,15.2,34.2,17
,,DOXYCYCLINE MONOHYDRATE 25 MG/5ML SUSR 60 ML BOTTLE,114.0,45.6,45.6,102.6,17
,,DOXYLAMINE SUCCINATE (SLEEP) 25 MG TABS 32 EACH BOX,3.0,1.2,1.2,2.7,17
,,DRESSINGS,109.0,43.6,43.6,98.1,17
,,DRONEDARONE HCL 400 MG TABS 60 EACH BOTTLE,82.62,33.048,33.05,74.36,17
,,DROXIDOPA 100 MG CAPS 90 EACH BOTTLE,183.89,73.556,73.56,165.5,17
,,DRUG SCREEN TEST AND COLLECTION,42.0,16.8,16.8,37.8,13
,,DRUG SCREEN TEST ONLY,35.0,14.0,14.0,31.5,13
,,DTAP-HEPATITIS B RECOMB-IPV SUSY 0.5 ML SYRINGE,398.11,159.244,159.24,358.3,34
,,DTAP-IPV SUSP 0.5 ML VIAL,204.19,81.676,81.68,207.6,34
,,DULOXETINE 20 MG CPEP 1 EACH,40.83,16.332,16.33,36.75,17
,,DULOXETINE 20 MG CPEP 100 EACH BOX,9.63,3.852,3.85,8.67,17
,,DULOXETINE 20 MG CPEP 30 EACH BOX,40.83,16.332,16.33,36.75,17
,,DULOXETINE 20 MG CPEP 60 EACH BOTTLE,34.99,13.996,14.0,31.49,17
,,DULOXETINE 30 MG CPEP 30 EACH BOTTLE,39.26,15.704,15.7,35.33,17
,,DULOXETINE 60 MG CPEP 1 EACH,38.5,15.4,15.4,34.65,17
,,DULOXETINE 60 MG CPEP 100 EACH BOX,8.62,3.448,3.45,34.65,34
,,DULOXETINE 60 MG CPEP 30 EACH BOTTLE,39.26,15.704,15.7,35.33,17
,,DUODERM CGF DRESSING MISC 5 EACH BOX,37.14,14.856,14.86,33.43,17
,,DUPILUMAB 200 MG/1.14ML SOAJ 1.14 ML PEN,10566.45,4226.58,4120.92,9509.81,14
,,DUPILUMAB 300 MG/2ML SOAJ 2 ML PEN,10566.44,4226.576,4120.91,9509.8,14
,,DUTASTERIDE 0.5 MG CAPS 90 EACH BOTTLE,30.25,12.1,12.1,27.23,17
,,EAR TUBES,52.0,20.8,20.8,46.8,17
,,EDWARDS PASCAL DEVICE COMPLETE PACKAGE,62100.0,24840.0,24840.0,55890.0,17
,,EFAVIRENZ 200 MG CAPS 90 EACH BOTTLE,58.84,23.536,23.54,52.96,17
,,EFAVIRENZ 600 MG TABS 30 EACH BOTTLE,178.87,71.548,71.55,167.69,34
,,EFAVIRENZ-EMTRICITAB-TENOFO DF 600-200-300 MG TABS 30 EACH BOTTLE,523.48,209.392,209.39,471.13,34
,,EFAVIRENZ-LAMIVUDINE-TENOFOVIR DF 600-300-300 MG TABS 30 EACH BOTTLE,372.16,148.864,148.86,334.94,17
,,EGD-CONTROL BLEEDING,2400.0,960.0,960.0,2400.0,17
,,ELECTROLYTE-A SOLN 1000 ML FLEX CONT,35.0,14.0,14.0,31.5,17
,,ELECTROLYTE-A SOLN 500 ML FLEX CONT,42.5,17.0,17.0,38.25,17
,,ELETRIPTAN 20 MG TABS 1 EACH,307.3,122.92,122.92,276.57,17
,,ELETRIPTAN 20 MG TABS 6 EACH BOX,445.84,178.336,122.92,401.26,34
,,ELETRIPTAN 40 MG TABS 6 EACH BOX,445.84,178.336,178.34,401.26,17
,,ELTROMBOPAG 50 MG TABS 30 EACH BOTTLE,2379.43,951.772,951.77,2141.49,17
,,ELVITEG-COBIC-EMTRICIT-TENOF AF 150-150-200-10 MG TABS 30 EACH BOTTLE,813.78,325.512,325.51,732.4,17
,,ELVITEG-COBIC-EMTRICIT-TENOF DF 150-150-200-300 MG TABS 30 EACH BOTTLE,853.65,341.46,341.46,768.29,17
,,EMPAGLIFLOZIN 25 MG TABS 30 EACH BOTTLE,70.0,28.0,28.0,63.0,17
,,EMTRICITAB-RILPIVIR-TENOFOV AF 200-25-25 MG TABS 30 EACH BOTTLE,740.6,296.24,296.24,666.54,17
,,EMTRICITAB-RILPIVIR-TENOFOV DF 200-25-300 MG TABS 30 EACH BOTTLE,740.6,296.24,296.24,666.54,17
,,EMTRICITABINE 200 MG CAPS 30 EACH BOTTLE,136.43,54.572,54.57,122.79,17
,,ENALAPRIL 10 MG TABS 100 EACH BOTTLE,3.5,1.4,1.4,8.75,34
,,ENALAPRIL 2.5 MG TABS 100 EACH BOTTLE,3.0,1.2,1.2,6.56,34
,,ENALAPRIL 2.5 MG TABS 100 EACH BOX,7.29,2.916,2.92,6.56,17
,,ENALAPRIL 20 MG TABS 100 EACH BOTTLE,13.83,5.532,1.99,12.45,34
,,ENALAPRIL 20 MG TABS 100 EACH BOX,11.48,4.592,4.59,10.33,17
,,ENALAPRIL 20 MG TABS 1000 EACH BOTTLE,4.73,1.892,1.89,4.26,17
,,ENALAPRIL 5 MG TABS 100 EACH BOTTLE,3.33,1.332,1.33,8.33,51
,,ENALAPRIL 5 MG TABS 100 EACH BOX,7.72,3.088,3.09,6.95,17
,,ENALAPRIL MALEATE 1 MG/ML SOLN 150 ML BOTTLE,69.93,27.972,27.97,62.94,17
,,ENALAPRILAT 1.25 MG/ML SOLN 2 ML VIAL,56.89,22.756,22.76,51.21,68
,,ENDOSCOPIC SHUNT-CSF,23000.0,9200.0,4093.0,20700.0,17
,,ENDOVASCULAR EA ADD 30 MIN,3568.0,1427.2,1427.2,3568.0,17
,,ENDOVASCULAR INITIAL 30 MIN,10596.0,4238.4,4093.0,9536.4,17
,,ENT EXAM AND TREATMENT (IP),100.0,40.0,40.0,100.0,17
,,ENTACAPONE 200 MG TABS 1 EACH,24.7,9.88,9.88,22.23,17
,,ENTACAPONE 200 MG TABS 30 EACH BOX,24.71,9.884,9.88,22.24,17
,,ENTECAVIR 0.05 MG/ML SOLN 10 ML ORAL SYRINGE,274.5,109.8,109.8,247.05,17
,,ENTECAVIR 0.5 MG TABS 30 EACH BOTTLE,222.16,88.864,88.86,199.96,34
,,ENTECAVIR 1 MG TABS 30 EACH BOTTLE,222.16,88.864,88.86,199.94,17
,,EPHEDRINE 5 MG/ML SOLN 1 SYRINGE,35.0,14.0,14.0,31.5,17
,,EPHEDRINE SULFATE (PRESSORS) 50 MG/ML SOLN 1 ML VIAL,48.0,19.2,18.7,266.01,255
,,EPINEPHRINE 0.1 % SOLN 10 ML BOTTLE,460.0,184.0,184.0,414.0,17
,,EPINEPHRINE 0.1 % SOLN 30 ML BOTTLE,1383.17,553.268,553.27,1244.85,17
,,EPINEPHRINE 0.1 MG/ML SOLN 1 ML,35.0,14.0,14.0,31.5,17
,,EPINEPHRINE 0.1 MG/ML SOLN 1 ML SYRINGE,35.0,14.0,14.0,31.5,17
,,EPINEPHRINE 0.1 MG/ML SOLN 10 ML SYRINGE,59.1,23.64,23.64,53.19,17
,,EPINEPHRINE 0.15 MG/0.3ML SOAJ 2 EACH PEN,1679.76,671.904,671.9,1511.78,17
,,EPINEPHRINE 0.3 MG/0.3ML SOAJ 2 EACH PEN,862.5,345.0,345.0,1511.78,51
,,EPINEPHRINE 5-0.9 MG/250ML-% SOLN 250 ML FLEX CONT,360.0,144.0,144.0,324.0,17
,,EPISIL LIQD 10 ML,2086.56,834.624,834.62,1877.9,17
,,EPLERENONE 25 MG TABS 30 EACH BOX,25.0,10.0,10.0,22.5,17
,,EPLERENONE 50 MG TABS 30 EACH BOTTLE,21.7,8.68,8.68,19.53,17
,,ERGOCALCIFEROL 1.25 MG (50000 UT) CAPS 1 EACH,9.6,3.84,3.84,8.64,17
,,ERGOCALCIFEROL 1.25 MG (50000 UT) CAPS 100 EACH BOTTLE,3.6,1.44,1.44,3.24,17
,,ERGOCALCIFEROL 200 MCG/ML SOLN 0.25 ML ORAL SYRINGE,3.0,1.2,1.2,2.7,17
,,ERGOCALCIFEROL 200 MCG/ML SOLN 6.25 ML ORAL SYRINGE,3.0,1.2,1.2,2.7,17
,,ERGOCALCIFEROL 200 MCG/ML SOLN 60 ML BOTTLE,3.0,1.2,1.2,2.7,51
,,ERGOCALCIFEROL 8000 UNITS/ML SOLN 0.03 ML ORAL SYRINGE,3.0,1.2,1.2,2.7,17
,,ERGOCALCIFEROL 8000 UNITS/ML SOLN 0.05 ML ORAL SYRINGE,3.0,1.2,1.2,2.7,17
,,ERGOTAMINE 2 MG SUBL 20 EACH BOX,392.82,157.128,157.13,353.54,17
,,ERGOTAMINE-CAFFEINE 1-100 MG TABS 100 EACH BOTTLE,69.39,27.756,27.76,62.45,17
,,ERYTHROMYCIN 400 MG/5ML SUSR 100 ML BOTTLE,198.48,79.392,71.38,178.63,51
,,ERYTHROMYCIN 400 MG/5ML SUSR 5 ML ORAL SYRINGE,178.45,71.38,71.38,160.61,17
,,ERYTHROMYCIN 5 MG/GM OINT 1 G TUBE,43.48,17.392,17.39,90.16,51
,,ERYTHROMYCIN 5 MG/GM OINT 3.5 G TUBE,144.74,57.896,35.92,130.27,51
,,ERYTHROMYCIN 500 MG TBEC 100 EACH BOTTLE,68.45,27.38,27.38,61.61,17
,,ERYTHROMYCIN BASE 250 MG TABS 30 EACH BOTTLE,69.63,27.852,26.46,62.67,34
,,ERYTHROMYCIN BASE 500 MG TABS 100 EACH BOTTLE,104.96,41.984,41.98,94.46,17
,,ERYTHROMYCIN ETHYLSUCCINATE 200 MG/5ML SUSR 100 ML BOTTLE,2076.9,830.76,830.76,1869.21,17
,,ERYTHROMYCIN ETHYLSUCCINATE 400 MG/5 ML SUSP 1 ML,3.0,1.2,1.2,2.7,17
,,ESCITALOPRAM 10 MG TABS 100 EACH BOX,21.91,8.764,8.76,19.72,17
,,ESCITALOPRAM 20 MG TABS 1 EACH,22.99,9.196,9.2,20.69,17
,,ESCITALOPRAM 20 MG TABS 100 EACH BOX,22.86,9.144,9.14,20.69,34
,,ESCITALOPRAM 5 MG TABS 100 EACH BOTTLE,22.55,9.02,8.3,20.3,34
,,ESLICARBAZEPINE ACETATE 200 MG TABS 30 EACH BOTTLE,277.49,110.996,111.0,249.74,17
,,ESLICARBAZEPINE ACETATE 400 MG TABS 30 EACH BOTTLE,277.49,110.996,111.0,249.74,17
,,ESLICARBAZEPINE ACETATE 600 MG TABS 60 EACH BOTTLE,277.49,110.996,111.0,249.74,17
,,ESLICARBAZEPINE ACETATE 800 MG TABS 30 EACH BOTTLE,277.49,110.996,111.0,249.74,17
,,ESMOLOL 2000 MG/100ML SOLN 100 ML FLEX CONT,2539.74,1015.896,1015.9,2285.77,17
,,ESOMEPRAZOLE 20 MG CPDR 30 EACH BOTTLE,42.62,17.048,17.05,40.61,68
,,ESOMEPRAZOLE 40 MG CPDR 30 EACH BOTTLE,42.62,17.048,17.05,40.61,51
,,ESOMEPRAZOLE 40 MG SOLR 1 EACH VIAL,267.9,107.16,107.16,241.11,17
,,ESTAZOLAM 1 MG TABS 100 EACH BOTTLE,29.6,11.84,11.84,26.64,17
,,ESTERIFIED ESTROGENS 0.3 MG TABS 100 EACH BOTTLE,11.35,4.54,4.54,10.22,17
,,ESTERIFIED ESTROGENS 0.625 MG TABS 100 EACH BOTTLE,16.12,6.448,6.45,14.51,17
,,ESTRADIOL 0.01 % CREA 42.5 G TUBE,1903.19,761.276,761.28,1712.87,17
,,ESTRADIOL 0.025 MG/24HR PTWK 4 EACH BOX,116.04,46.416,46.42,104.44,17
,,ESTRADIOL 0.0375 MG/24HR PTWK 4 EACH BOX,116.04,46.416,46.42,104.44,17
,,ESTRADIOL 0.05 MG/24HR PTWK 4 EACH BOX,116.04,46.416,46.42,104.44,17
,,ESTRADIOL 0.075 MG/24HR PTWK 4 EACH BOX,116.04,46.416,46.42,104.44,34
,,ESTRADIOL 0.1 MG/24HR PTWK 4 EACH BOX,114.45,45.78,45.78,104.44,34
,,ESTRADIOL 0.5 MG TABS 100 EACH BOTTLE,3.0,1.2,1.2,2.7,17
,,ESTRADIOL 1 MG TABS 100 EACH BOTTLE,3.4,1.36,1.36,29.44,51
,,ESTRADIOL 10 MCG TABS 8 EACH BOX,127.62,51.048,51.05,114.86,17
,,ESTRADIOL 2 MG TABS 100 EACH BOTTLE,4.71,1.884,1.88,4.24,51
,,ESTROGEN (CONJUGATED)-MEDROXYPROGESTERONE 0.3-1.5 MG TABS 28 EACH DISP PACK,54.5,21.8,21.8,49.05,17
,,ESTROGENS (CONJUGATED) 0.3 MG TABS 100 EACH BOTTLE,43.58,17.432,17.43,39.22,17
,,ESTROGENS (CONJUGATED) 0.45 MG TABS 100 EACH BOTTLE,43.58,17.432,17.43,39.22,17
,,ESTROGENS (CONJUGATED) 0.625 MG TABS 100 EACH BOTTLE,43.58,17.432,17.43,39.22,17
,,ESTROGENS (CONJUGATED) 0.9 MG TABS 100 EACH BOTTLE,43.58,17.432,17.43,39.22,17
,,ESTROGENS (CONJUGATED) 1.25 MG TABS 100 EACH BOTTLE,43.58,17.432,17.43,39.22,17
,,ESTROGENS (CONJUGATED)-METHYLTESTOSTERONE 0.625-1.25 MG TABS 100 EACH BOTTLE,24.0,9.6,9.6,21.6,17
,,ESTROGENS (CONJUGATED)-METHYLTESTOSTERONE 1.25-2.5 MG TABS 100 EACH BOTTLE,18.0,7.2,7.2,16.2,17
,,ESTROGENS CONJUGATED 0.625 MG/GM CREA 30 G TUBE,2385.43,954.172,954.17,2146.89,17
,,ESZOPICLONE 1 MG TABS 30 EACH BOTTLE,60.81,24.324,24.32,54.73,17
,,ESZOPICLONE 2 MG TABS 100 EACH BOTTLE,119.45,47.78,47.78,107.51,17
,,ESZOPICLONE 3 MG TABS 100 EACH BOTTLE,119.45,47.78,47.78,107.51,17
,,ETHACRYNIC ACID 25 MG TABS 100 EACH BOTTLE,120.96,48.384,48.38,108.86,17
,,ETHACRYNIC ACID 50 MG SOLR 1 EACH VIAL,19152.0,7660.8,7660.8,17236.8,34
,,ETHAMBUTOL 100 MG TABS 100 EACH BOTTLE,3.0,1.2,1.2,2.7,34
,,ETHAMBUTOL 400 MG TABS 1 EACH,8.13,3.252,3.25,7.32,17
,,ETHAMBUTOL 400 MG TABS 100 EACH BOX,8.13,3.252,1.95,7.32,34
,,ETHOSUXIMIDE 250 MG CAPS 100 EACH BOTTLE,10.71,4.284,4.28,12.54,51
,,ETHOSUXIMIDE 250 MG/5ML SOLN 473 ML BOTTLE,1079.2,431.68,431.68,971.28,17
,,ETHOSUXIMIDE 250 MG/5ML SOLN 474 ML BOTTLE,791.49,316.596,316.6,712.34,17
,,ETHOSUXIMIDE 250 MG/5ML SOLN 5 ML ORAL SYRINGE,12.4,4.96,4.96,11.16,17
,,ETHYL ALCOHOL 100 % SOLN 480 ML BOTTLE,3.0,1.2,1.2,2.7,17
,,ETHYL ALCOHOL 70 % SOLN 473 ML BOTTLE,37.84,15.136,15.14,34.06,17
,,ETHYL CHLORIDE AEROSOL 116 ML CAN,174.0,69.6,69.6,156.6,17
,,ETODOLAC 200 MG CAPS 100 EACH BOTTLE,6.47,2.588,2.59,5.82,17
,,ETODOLAC 300 MG CAPS 100 EACH BOTTLE,8.09,3.236,3.24,7.28,17
,,ETODOLAC 400 MG TABS 100 EACH BOTTLE,7.34,2.936,2.94,6.61,17
,,ETOMIDATE 2 MG/ML SOLN 10 ML VIAL,48.0,19.2,14.0,52.97,221
,,ETOMIDATE 2 MG/ML SOLN 20 ML VIAL,38.1,15.24,14.0,58.86,221
,,ETONOGESTREL-ETHINYL ESTRADIOL 0.12-0.015 MG/24HR RING 1 EACH BOX,897.72,359.088,359.09,807.95,14
,,ETRAVIRINE 100 MG TABS 120 EACH BOTTLE,74.9,29.96,29.96,67.41,17
,,EXEMESTANE 25 MG TABS 30 EACH BOTTLE,101.16,40.464,40.46,91.04,17
,,EYE WASH SOLN 118 ML BOTTLE,6.02,2.408,2.41,5.42,17
,,EYELID WEIGHT,464.0,185.6,185.6,417.6,17
,,EZETIMIBE 10 MG TABS 1 EACH,61.96,24.784,24.78,55.78,34
,,EZETIMIBE 10 MG TABS 20 EACH BOX,61.96,24.784,12.78,55.76,34
,,EZETIMIBE 10 MG TABS 30 EACH BOTTLE,56.49,22.596,22.6,50.84,17
,,EZETIMIBE 10 MG TABS 30 EACH BOX,61.98,24.792,24.79,55.78,17
,,FA-PYRIDOXINE-CYANOCOBALAMIN 2.5-25-2 MG TABS 90 EACH BOTTLE,4.58,1.832,1.83,4.12,17
,,FAILURE TO RETURN HOME SLEEP STUDY EQUIP TIMELY,50.0,20.0,20.0,45.0,17
,,FAMCICLOVIR 125 MG TABS 30 EACH BOTTLE,29.07,11.628,11.63,26.16,17
,,FAMCICLOVIR 250 MG TABS 30 EACH BOTTLE,31.61,12.644,12.64,28.45,17
,,FAMCICLOVIR 500 MG TABS 30 EACH BOTTLE,63.47,25.388,25.39,57.12,17
,,FAMOTIDINE 10 MG TABS 30 EACH BOX,3.0,1.2,1.2,2.7,34
,,FAMOTIDINE 20 MG TABS 1 EACH,3.0,1.2,1.2,2.7,17
,,FAMOTIDINE 20 MG TABS 100 EACH BOTTLE,12.11,4.844,4.84,10.9,17
,,FAMOTIDINE 20 MG TABS 100 EACH BOX,3.0,1.2,1.2,2.7,51
,,FAMOTIDINE 40 MG TABS 100 EACH BOTTLE,23.41,9.364,9.36,21.07,17
,,FAMOTIDINE 40 MG TABS 50 EACH BOX,16.36,6.544,6.54,14.72,17
,,FAMOTIDINE 40 MG/5ML SUSR 50 ML BOTTLE,22.12,8.848,8.85,19.91,17
,,FAT EMUL FISH OIL/PLANT BASED 20 % EMUL 100 ML FLEX CONT,362.5,145.0,145.0,326.25,17
,,FAT EMUL FISH OIL/PLANT BASED 20 % EMUL 250 ML FLEX CONT,171.25,68.5,68.5,154.13,17
,,FAT EMULSION 20 % EMUL 100 ML FLEX CONT,433.55,173.42,173.42,390.2,17
,,FAT EMULSION 20 % EMUL 250 ML FLEX CONT,282.5,113.0,113.0,261.0,34
,,FEBUXOSTAT 40 MG TABS 30 EACH BOTTLE,50.3,20.12,20.12,45.3,34
,,FEBUXOSTAT 80 MG TABS 30 EACH BOTTLE,66.01,26.404,26.4,59.41,17
,,FELBAMATE 400 MG TABS 100 EACH BOTTLE,92.61,37.044,37.04,83.35,17
,,FELBAMATE 600 MG TABS 100 EACH BOTTLE,29.62,11.848,11.85,26.66,17
,,FELBAMATE 600 MG/5ML SUSP 237 ML BOTTLE,2667.67,1067.068,1067.07,8194.43,34
,,FELBAMATE 600 MG/5ML SUSP 240 ML BOTTLE,2694.38,1077.752,1077.75,2424.94,17
,,FELBAMATE 600 MG/5ML SUSP 5 ML ORAL SYRINGE,67.0,26.8,26.8,60.3,17
,,FELBAMATE 600 MG/5ML SUSP 946 ML BOTTLE,10286.61,4114.644,4114.64,9257.95,17
,,FELODIPINE 10 MG TB24 100 EACH BOTTLE,13.58,5.432,5.43,12.22,17
,,FELODIPINE 2.5 MG TB24 100 EACH BOTTLE,7.56,3.024,3.02,6.8,17
,,FELODIPINE 5 MG TB24 100 EACH BOTTLE,7.56,3.024,3.02,6.8,17
,,FENOFIBRATE 160 MG TABS 1 EACH,25.65,10.26,10.26,23.09,17
,,FENOFIBRATE 160 MG TABS 50 EACH BOX,25.65,10.26,10.26,23.09,17
,,FENOFIBRATE 160 MG TABS 90 EACH BOTTLE,11.88,4.752,4.75,10.69,17
,,FENOFIBRATE 54 MG TABS 30 EACH BOX,6.52,2.608,2.61,5.87,34
,,FENOFIBRATE 54 MG TABS 50 EACH BOX,8.52,3.408,3.41,7.67,17
,,FENOLDOPAM 10 MG/ML SOLN 1 ML VIAL,2509.42,1003.768,1003.77,2258.48,17
,,FENTANYL 100 MCG/HR PT72 1 EACH PACKAGE,362.07,144.828,106.72,325.87,51
,,FENTANYL 100 MCG/HR PT72 5 EACH BOX,362.08,144.832,106.72,325.87,51
,,FENTANYL 12 MCG/HR PT72 1 EACH,101.51,40.604,40.6,91.36,17
,,FENTANYL 12 MCG/HR PT72 1 EACH PACKAGE,101.5,40.6,40.6,91.35,17
,,FENTANYL 12 MCG/HR PT72 5 EACH BOX,101.51,40.604,40.6,91.36,51
,,FENTANYL 200 MCG LPOP 30 EACH BOX,94.13,37.652,37.65,84.72,17
,,FENTANYL 25 MCG/HR PT72 1 EACH PACKAGE,106.33,42.532,28.84,95.7,34
,,FENTANYL 25 MCG/HR PT72 5 EACH BOX,106.33,42.532,28.84,95.7,34
,,FENTANYL 400 MCG LPOP 30 EACH BOX,119.25,47.7,47.7,107.33,17
,,FENTANYL 50 MCG/HR PT72 1 EACH BOX,194.41,77.764,77.76,174.97,17
,,FENTANYL 50 MCG/HR PT72 1 EACH PACKAGE,131.8,52.72,52.72,174.97,51
,,FENTANYL 50 MCG/HR PT72 5 EACH BOX,131.8,52.72,52.72,174.97,51
,,FENTANYL 50 MCG/ML SOLN 100 ML BAG,515.66,206.264,206.26,464.09,17
,,FENTANYL 600 MCG LPOP 30 EACH BOX,146.07,58.428,58.43,131.46,17
,,FENTANYL 75 MCG/HR PT72 1 EACH BOX,296.53,118.612,118.61,266.88,17
,,FENTANYL 75 MCG/HR PT72 1 EACH PACKAGE,201.05,80.42,80.42,266.9,34
,,FENTANYL 75 MCG/HR PT72 5 EACH BOX,296.53,118.612,118.61,266.88,34
,,FENTANYL CIT-ROPIVACAINE-NACL 0.2-0.2-0.9 MG/100ML-% SOLN 100 ML FLEX CONT,273.0,109.2,109.2,245.7,17
,,FENTANYL CIT-ROPIVACAINE-NACL 0.4-0.1-0.9 MG/200ML-% SOLN 200 ML FLEX CONT,278.0,111.2,111.2,250.2,17
,,FENTANYL CITRATE-NACL 20 MCG/ML SOLN 100 ML FLEX CONT,350.06,140.024,63.4,315.05,51
,,FERRIC SUBSULFATE SOLN 500 ML BOTTLE,496.8,198.72,198.72,447.12,17
,,FERRIC SUBSULFATE SOLN 8 ML BOTTLE,88.4,35.36,35.36,79.56,17
,,FERROUS FUMARATE 324 (106 FE) MG TABS 100 EACH BOX,3.0,1.2,1.2,2.7,34
,,FERROUS FUMARATE 325 (106 FE) MG TABS 60 EACH BOTTLE,3.0,1.2,1.2,2.7,17
,,FERROUS GLUCONATE (38 FE) 324 MG (38 FE) TABS 100 EACH BOTTLE,3.0,1.2,1.2,2.7,17
,,FERROUS GLUCONATE (38 FE) 324 MG (38 FE) TABS 1000 EACH BOTTLE,3.0,1.2,1.2,2.7,17
,,FERROUS SULFATE 15 MG OF IRON/ML SOLN 0.067 ML ORAL SYRINGE,1.0,0.4,0.4,0.9,17
,,FERROUS SULFATE 15 MG OF IRON/ML SOLN 0.1 ML ORAL SYRINGE,1.0,0.4,0.4,0.9,17
,,FERROUS SULFATE 15 MG OF IRON/ML SOLN 0.133 ML ORAL SYRINGE,1.0,0.4,0.4,0.9,17
,,FERROUS SULFATE 15 MG OF IRON/ML SOLN 0.167 ML ORAL SYRINGE,1.0,0.4,0.4,0.9,17
,,FERROUS SULFATE 15 MG OF IRON/ML SOLN 0.2 ML ORAL SYRINGE,1.0,0.4,0.4,0.9,17
,,FERROUS SULFATE 15 MG OF IRON/ML SOLN 0.233 ML ORAL SYRINGE,1.0,0.4,0.4,0.9,17
,,FERROUS SULFATE 15 MG OF IRON/ML SOLN 0.267 ML ORAL SYRINGE,1.0,0.4,0.4,0.9,17
,,FERROUS SULFATE 15 MG OF IRON/ML SOLN 0.3 ML ORAL SYRINGE,1.0,0.4,0.4,0.9,17
,,FERROUS SULFATE 15 MG OF IRON/ML SOLN 0.333 ML ORAL SYRINGE,1.0,0.4,0.4,0.9,17
,,FERROUS SULFATE 15 MG OF IRON/ML SOLN 0.367 ML ORAL SYRINGE,1.0,0.4,0.4,0.9,17
,,FERROUS SULFATE 15 MG OF IRON/ML SOLN 0.4 ML ORAL SYRINGE,1.0,0.4,0.4,0.9,17
,,FERROUS SULFATE 15 MG OF IRON/ML SOLN 0.433 ML ORAL SYRINGE,1.0,0.4,0.4,0.9,17
,,FERROUS SULFATE 15 MG OF IRON/ML SOLN 0.467 ML ORAL SYRINGE,1.0,0.4,0.4,0.9,17
,,FERROUS SULFATE 15 MG OF IRON/ML SOLN 0.5 ML ORAL SYRINGE,1.0,0.4,0.4,0.9,17
,,FERROUS SULFATE 15 MG OF IRON/ML SOLN 0.533 ML ORAL SYRINGE,1.0,0.4,0.4,0.9,17
,,FERROUS SULFATE 15 MG OF IRON/ML SOLN 0.6 ML ORAL SYRINGE,1.0,0.4,0.4,0.9,17
,,FERROUS SULFATE 15 MG OF IRON/ML SOLN 0.667 ML ORAL SYRINGE,1.0,0.4,0.4,0.9,17
,,FERROUS SULFATE 15 MG OF IRON/ML SOLN 0.8 ML ORAL SYRINGE,1.0,0.4,0.4,0.9,17
,,FERROUS SULFATE 15 MG OF IRON/ML SOLN 1 ML,1.0,0.4,0.4,0.9,17
,,FERROUS SULFATE 15 MG OF IRON/ML SOLN 1 ML ORAL SYRINGE,1.0,0.4,0.4,0.9,17
,,FERROUS SULFATE 15 MG OF IRON/ML SOLN 1.2 ML ORAL SYRINGE,1.0,0.4,0.4,0.9,17
,,FERROUS SULFATE 15 MG OF IRON/ML SOLN 1.3333 ML ORAL SYRINGE,1.0,0.4,0.4,0.9,17
,,FERROUS SULFATE 15 MG OF IRON/ML SOLN 1.6667 ML ORAL SYRINGE,1.0,0.4,0.4,0.9,17
,,FERROUS SULFATE 15 MG OF IRON/ML SOLN 3.3333 ML ORAL SYRINGE,1.0,0.4,0.4,0.9,17
,,FERROUS SULFATE 15 MG OF IRON/ML SOLN 5 ML ORAL SYRINGE,1.0,0.4,0.4,0.9,17
,,FERROUS SULFATE 15 MG OF IRON/ML SOLN 50 ML BOTTLE,4.8,1.92,1.92,14.52,68
,,FERROUS SULFATE 300 (60 FE) MG/5ML SOLN 5 ML BOX,4.86,1.944,1.94,4.37,17
,,FERROUS SULFATE 300 (60 FE) MG/5ML SOLN 5 ML CUP,6.11,2.444,1.94,5.5,34
,,FERROUS SULFATE 325 (65 FE) MG TABS 100 EACH BOTTLE,1.0,0.4,0.4,0.9,17
,,FERROUS SULFATE 325 (65 FE) MG TABS 100 EACH BOX,1.0,0.4,0.4,0.9,17
,,FERROUS SULFATE DRIED 160 (50 FE) MG TAB CR 60 EACH BOX,3.0,1.2,1.2,2.7,17
,,FESOTERODINE FUMARATE 4 MG TB24 30 EACH BOTTLE,57.99,23.196,23.2,52.19,17
,,FEXOFENADINE 180 MG TABS 100 EACH BOTTLE,1.0,0.4,0.4,0.9,17
,,FEXOFENADINE 30 MG/5ML SUSP 120 ML BOTTLE,1.0,0.4,0.4,0.9,17
,,FEXOFENADINE 60 MG TABS 100 EACH BOTTLE,1.0,0.4,0.4,0.9,17
,,FIBRIN SEALANT PATCH LARGE,1400.0,560.0,560.0,1260.0,17
,,FIBRIN SEALANT PATCH MEDIUM,450.0,180.0,180.0,405.0,17
,,FIDAXOMICIN 200 MG TABS 20 EACH BOTTLE,1436.58,574.632,574.63,1292.92,17
,,FINASTERIDE 5 MG TABS 1 EACH,5.4,2.16,2.16,4.86,17
,,FINASTERIDE 5 MG TABS 50 EACH BOX,4.8,1.92,1.92,4.32,17
,,FIRST FRACTURE KIT,6200.0,2480.0,2480.0,5580.0,17
,,FIRST-MOUTHWASH BLM SUSP 15 ML CUP,47.48,18.992,18.99,42.73,17
,,FIRST-MOUTHWASH BLM SUSP 237 ML BOTTLE,47.48,18.992,18.99,42.73,17
,,FISH OIL 1000 MG CAPS 1 EACH,3.0,1.2,1.2,2.7,17
,,FISH OIL 1000 MG CAPS 100 EACH BOX,3.0,1.2,1.2,2.7,17
,,FISH OIL 1000 MG CAPS 200 EACH BOTTLE,3.0,1.2,1.2,2.7,17
,,FISH OIL TRIGLYCERIDES 10 GM/100ML EMUL 100 ML VIAL,577.76,231.104,231.1,519.98,17
,,FISH OIL TRIGLYCERIDES 10 GM/100ML EMUL 50 ML VIAL,404.8,161.92,161.92,364.32,17
,,FISH OIL TRIGLYCERIDES 5 GM/50ML EMUL 50 ML VIAL,404.8,161.92,161.92,364.32,17
,,FIT/ORIENT/CHECK AID,95.0,38.0,38.0,85.5,15
,,FLAVOR PO SYRUP SYRP 473 ML BOTTLE,80.41,32.164,32.16,91.53,102
,,FLAVOXATE 100 MG TABS 100 EACH BOTTLE,7.32,2.928,2.93,6.59,17
,,FLECAINIDE 100 MG TABS 100 EACH BOTTLE,13.66,5.464,5.46,12.29,17
,,FLECAINIDE 100 MG TABS 50 EACH BOX,29.88,11.952,11.95,26.89,17
,,FLECAINIDE 20 MG/ML ORAL SUSP 100 ML BOTTLE,128.02,51.208,51.21,115.22,17
,,FLECAINIDE 50 MG TABS 1 EACH,20.27,8.108,8.11,18.24,17
,,FLECAINIDE 50 MG TABS 100 EACH BOTTLE,8.71,3.484,3.48,7.84,17
,,FLECAINIDE 50 MG TABS 50 EACH BOX,20.27,8.108,8.11,18.24,17
,,FLECAINIDE 50 MG TABS 60 EACH BOTTLE,10.1,4.04,4.04,9.09,17
,,FLEET ENEMA ENEM 133 ML BOTTLE,8.65,3.46,3.46,8.98,34
,,FLOWTRIEVERSYSTEM (PULMONARY CLOT) INPT ONLY.,25000.0,10000.0,10000.0,22500.0,17
,,FLUCONAZOLE 100 MG TABS 1 EACH,120.0,48.0,48.0,108.0,17
,,FLUCONAZOLE 100 MG TABS 100 EACH BOX,120.0,48.0,48.0,108.0,17
,,FLUCONAZOLE 150 MG TABS 1 EACH BOX,69.67,27.868,27.87,62.7,17
,,FLUCONAZOLE 150 MG TABS 12 EACH BOX,69.88,27.952,27.87,62.89,34
,,FLUCONAZOLE 200 MG TABS 1 EACH,220.0,88.0,88.0,198.0,17
,,FLUCONAZOLE 200 MG TABS 100 EACH BOX,81.73,32.692,32.69,198.0,34
,,FLUCONAZOLE 40 MG/ML SUSP 1 ML,17.94,7.176,7.18,16.15,17
,,FLUCONAZOLE 40 MG/ML SUSR 35 ML BOTTLE,168.7,67.48,67.48,519.76,34
,,FLUCONAZOLE 40 MG/ML SUSR 5 ML ORAL SYRINGE,89.68,35.872,35.87,80.71,17
,,FLUCYTOSINE 10 MG/ML SUSP 1 ML,18.44,7.376,7.38,16.6,17
,,FLUCYTOSINE 250 MG CAPS 100 EACH BOTTLE,377.52,151.008,151.01,381.76,34
,,FLUCYTOSINE 250 MG CAPS 20 EACH BOX,451.88,180.752,180.75,406.69,17
,,FLUCYTOSINE 250 MG CAPS 30 EACH BOTTLE,187.5,75.0,75.0,168.75,17
,,FLUCYTOSINE 500 MG CAPS 1 EACH,864.82,345.928,340.35,778.34,34
,,FLUCYTOSINE 500 MG CAPS 100 EACH BOTTLE,730.5,292.2,292.2,657.45,17
,,FLUCYTOSINE 500 MG CAPS 20 EACH BOX,850.87,340.348,340.35,765.78,17
,,FLUCYTOSINE 500 MG CAPS 30 EACH BOTTLE,354.17,141.668,141.67,318.75,17
,,FLUCYTOSINE 500 MG CAPS 30 EACH BOX,864.82,345.928,345.93,778.34,17
,,FLUDROCORTISONE 0.1 MG TABS 1 EACH,5.25,2.1,2.1,4.73,17
,,FLUDROCORTISONE 0.1 MG TABS 100 EACH BOX,5.28,2.112,2.11,4.75,17
,,FLUNISOLIDE 25 MCG/ACT (0.025%) SOLN 25 ML BOTTLE,359.75,143.9,143.9,323.78,17
,,FLUOCINONIDE 0.05 % OINT 30 G TUBE,650.95,260.38,260.38,585.86,34
,,FLUOCINONIDE 0.05 % OINT 60 G TUBE,1301.89,520.756,520.76,1171.7,17
,,FLUORESCEIN 1 MG STRP 100 EACH BOX,3.0,1.2,1.2,2.7,17
,,FLUORESCEIN 1 MG STRP 300 EACH BOX,3.0,1.2,1.2,2.7,17
,,FLUORESCEIN SODIUM 10 % SOLN 5 ML VIAL,397.44,158.976,120.0,1465.56,68
,,FLUORESCEIN-BENOXINATE 0.25-0.4 % SOLN 5 ML BOTTLE,39.3,15.72,15.72,35.37,17
,,FLUOROMETHOLONE 0.1 % OINT 3.5 G TUBE,885.4,354.16,354.16,796.86,17
,,FLUOROMETHOLONE 0.1 % SUSP 5 ML BOTTLE,427.48,170.992,170.99,446.91,34
,,FLUOROURACIL 5 % CREA 40 G TUBE,1184.04,473.616,144.0,1065.64,34
,,FLUOXETINE 10 MG CAPS 100 EACH BOTTLE,12.99,5.196,5.2,11.69,85
,,FLUOXETINE 10 MG CAPS 100 EACH BOX,3.0,1.2,1.2,10.89,34
,,FLUOXETINE 20 MG CAPS 100 EACH BOTTLE,13.34,5.336,5.34,12.01,17
,,FLUOXETINE 20 MG CAPS 100 EACH BOX,3.0,1.2,1.2,11.18,34
,,FLUOXETINE 20 MG/5ML SOLN 120 ML BOTTLE,12.24,4.896,4.9,11.06,34
,,FLUOXETINE 20 MG/5ML SOLN 5 ML CUP,17.1,6.84,6.84,15.39,17
,,FLUOXETINE 20 MG/5ML SOLN 5 ML ORAL SYRINGE,12.24,4.896,4.9,11.02,17
,,FLUPHENAZINE 1 MG TABS 100 EACH BOTTLE,21.96,8.784,8.78,19.76,34
,,FLUPHENAZINE 10 MG TABS 100 EACH BOTTLE,58.0,23.2,23.2,52.2,68
,,FLUPHENAZINE 2.5 MG TABS 100 EACH BOTTLE,34.0,13.6,13.6,30.6,17
,,FLUPHENAZINE 5 MG TABS 100 EACH BOTTLE,46.0,18.4,18.4,41.4,34
,,FLUPHENAZINE 5 MG TABS 100 EACH BOX,45.3,18.12,18.12,40.77,17
,,FLURAZEPAM 15 MG CAPS 90 EACH BOTTLE,91.02,36.408,36.41,81.92,17
,,FLURBIPROFEN 0.03 % SOLN 2.5 ML BOTTLE,216.0,86.4,86.4,194.4,17
,,FLURBIPROFEN 100 MG TABS 100 EACH BOTTLE,10.33,4.132,4.13,9.3,17
,,FLUTICASONE 110 MCG/ACT AEROSOL 12 G INHALER,1511.54,604.616,574.39,1360.39,34
,,FLUTICASONE 220 MCG/ACT AEROSOL 12 G INHALER,2143.66,857.464,857.46,2007.42,34
,,FLUTICASONE 27.5 MCG/SPRAY SUSP 9.1 ML BOTTLE,211.98,84.792,84.79,190.78,17
,,FLUTICASONE 44 MCG/ACT AEROSOL 10.6 G INHALER,1129.09,451.636,429.05,1016.18,34
,,FLUTICASONE 50 MCG/ACT SUSP 16 G BOTTLE,392.21,156.884,156.88,386.38,51
,,FLUTICASONE-SALMETEROL 100-50 MCG/ACT AEPB 14 EACH DISP PACK,19.51,7.804,7.8,17.56,17
,,FLUTICASONE-SALMETEROL 115-21 MCG/ACT AEROSOL 12 G INHALER,1760.44,704.176,704.18,1584.4,17
,,FLUTICASONE-SALMETEROL 115-21 MCG/ACT AEROSOL 8 G INHALER,863.7,345.48,345.48,777.33,17
,,FLUTICASONE-SALMETEROL 230-21 MCG/ACT AEROSOL 12 G INHALER,2216.19,886.476,886.48,2299.57,34
,,FLUTICASONE-SALMETEROL 230-21 MCG/ACT AEROSOL 8 G INHALER,1411.76,564.704,564.7,1270.58,17
,,FLUTICASONE-SALMETEROL 250-50 MCG/ACT AEPB 14 EACH DISP PACK,19.51,7.804,7.8,17.56,17
,,FLUTICASONE-SALMETEROL 45-21 MCG/ACT AEROSOL 12 G INHALER,1384.42,553.768,553.77,1245.98,17
,,FLUTICASONE-SALMETEROL 45-21 MCG/ACT AEROSOL 8 G INHALER,930.16,372.064,372.06,837.14,17
,,FLUTICASONE-SALMETEROL 500-50 MCG/ACT AEPB 14 EACH DISP PACK,31.8,12.72,12.72,28.62,17
,,FLUTICASONE-SALMETEROL 500-50 MCG/ACT AEPB 60 EACH DISP PACK,48.7,19.48,19.48,43.83,17
,,FLUTICASONE-UMECLIDINIUM-VILANTEROL 200-62.5-25 MCG/ACT AEPB 60 EACH DISP PACK,69.78,27.912,27.91,62.8,17
,,FLUVASTATIN 20 MG CAPS 30 EACH BOTTLE,25.03,10.012,10.01,22.53,17
,,FLUVASTATIN 40 MG CAPS 30 EACH BOTTLE,25.03,10.012,10.01,22.53,17
,,FLUVASTATIN XL 80 MG TB24 30 EACH BOTTLE,81.92,32.768,32.77,73.73,17
,,FLUVOXAMINE 100 MG TABS 100 EACH BOTTLE,13.15,5.26,5.26,11.89,51
,,FLUVOXAMINE 25 MG TABS 100 EACH BOTTLE,11.5,4.6,4.6,10.37,34
,,FLUVOXAMINE 50 MG TABS 100 EACH BOTTLE,12.87,5.148,5.15,11.58,17
,,FOLIC ACID 1 MG SOLN 0.2 ML SYRINGE,3.0,1.2,1.2,2.7,17
,,FOLIC ACID 1 MG TABS 1 EACH,3.0,1.2,1.2,2.7,17
,,FOLIC ACID 1 MG TABS 100 EACH BOX,3.0,1.2,1.2,2.7,34
,,FOLIC ACID 1 MG/ML SOLN 1 ML,38.35,15.34,15.34,34.52,17
,,FOR USE IN ESTIMATES ONLY.  DO NOT USE TO BILL.,396.0,158.4,158.4,356.4,34
,,FORMALDEHYDE 10 % SOLN 3800 ML BOTTLE,1660.6,664.24,664.24,1494.54,17
,,FOSAMPRENAVIR 700 MG TABS 60 EACH BOTTLE,115.86,46.344,46.34,104.27,17
,,FOSFOMYCIN 3 G PACK 1 EACH BOX,461.84,184.736,184.74,415.66,17
,,FOSFOMYCIN 3 G PACK 1 EACH SACHET,461.84,184.736,184.74,415.66,17
,,FOSINOPRIL 10 MG TABS 90 EACH BOTTLE,5.95,2.38,2.38,5.36,17
,,FOSINOPRIL 20 MG TABS 90 EACH BOTTLE,5.95,2.38,2.38,5.36,17
,,FOSINOPRIL 40 MG TABS 90 EACH BOTTLE,5.95,2.38,2.38,5.36,17
,,FUROSEMIDE 10 MG/ML SOLN 0.15 ML ORAL SYRINGE,3.0,1.2,1.2,2.7,17
,,FUROSEMIDE 10 MG/ML SOLN 0.2 ML ORAL SYRINGE,3.0,1.2,1.2,2.7,17
,,FUROSEMIDE 10 MG/ML SOLN 0.25 ML ORAL SYRINGE,3.0,1.2,1.2,2.7,17
,,FUROSEMIDE 10 MG/ML SOLN 0.3 ML ORAL SYRINGE,3.0,1.2,1.2,2.7,17
,,FUROSEMIDE 10 MG/ML SOLN 0.4 ML ORAL SYRINGE,3.0,1.2,1.2,2.7,17
,,FUROSEMIDE 10 MG/ML SOLN 0.5 ML ORAL SYRINGE,3.0,1.2,1.2,2.7,17
,,FUROSEMIDE 10 MG/ML SOLN 0.6 ML ORAL SYRINGE,3.0,1.2,1.2,2.7,17
,,FUROSEMIDE 10 MG/ML SOLN 0.7 ML ORAL SYRINGE,3.0,1.2,1.2,2.7,17
,,FUROSEMIDE 10 MG/ML SOLN 0.8 ML ORAL SYRINGE,3.0,1.2,1.2,2.7,17
,,FUROSEMIDE 10 MG/ML SOLN 0.9 ML ORAL SYRINGE,3.0,1.2,1.2,2.7,17
,,FUROSEMIDE 10 MG/ML SOLN 1 ML,35.0,14.0,1.2,31.5,34
,,FUROSEMIDE 10 MG/ML SOLN 1.5 ML ORAL SYRINGE,3.0,1.2,1.2,2.7,17
,,FUROSEMIDE 10 MG/ML SOLN 10 ML ORAL SYRINGE,7.6,3.04,3.04,6.84,17
,,FUROSEMIDE 10 MG/ML SOLN 2 ML ORAL SYRINGE,3.0,1.2,1.2,2.7,17
,,FUROSEMIDE 10 MG/ML SOLN 4 ML ORAL SYRINGE,3.46,1.384,1.38,3.11,17
,,FUROSEMIDE 10 MG/ML SOLN 60 ML BOTTLE,51.9,20.76,18.24,46.71,34
,,FUROSEMIDE 20 MG TABS 100 EACH BOX,3.0,1.2,1.2,2.7,34
,,FUROSEMIDE 40 MG TABS 100 EACH BOX,3.0,1.2,1.2,2.7,34
,,FUROSEMIDE 80 MG TABS 1 EACH,3.0,1.2,1.2,2.7,17
,,FUROSEMIDE 80 MG TABS 100 EACH BOTTLE,3.0,1.2,1.2,2.7,34
,,FUROSEMIDE 80 MG TABS 100 EACH BOX,3.0,1.2,1.2,2.7,17
,,GABAPENTIN 100 MG CAPS 1 EACH,10.0,4.0,4.0,9.0,17
,,GABAPENTIN 100 MG CAPS 100 EACH BOX,10.0,4.0,4.0,9.0,34
,,GABAPENTIN 100 MG CAPS 1000 EACH BOTTLE,10.0,4.0,4.0,9.0,17
,,GABAPENTIN 100 MG/ML SUSP 240 ML BOTTLE,349.97,139.988,139.99,314.97,17
,,GABAPENTIN 250 MG/5ML SOLN 470 ML BOTTLE,685.35,274.14,274.14,616.82,17
,,GABAPENTIN 250 MG/5ML SOLN 5 ML ORAL SYRINGE,10.0,4.0,4.0,9.0,17
,,GABAPENTIN 250 MG/5ML SOLN 6 ML CUP,36.06,14.424,14.42,32.45,17
,,GABAPENTIN 250 MG/5ML SOLN 6 ML ORAL SYRINGE,36.06,14.424,14.42,32.45,17
,,GABAPENTIN 300 MG CAPS 1 EACH,10.0,4.0,4.0,9.0,17
,,GABAPENTIN 300 MG CAPS 100 EACH BOTTLE,10.0,4.0,4.0,9.0,17
,,GABAPENTIN 300 MG CAPS 100 EACH BOX,10.0,4.0,4.0,9.0,17
,,GABAPENTIN 300 MG CAPS 500 EACH BOTTLE,10.0,4.0,4.0,9.0,17
,,GABAPENTIN 400 MG CAPS 1 EACH,10.0,4.0,4.0,9.0,17
,,GABAPENTIN 400 MG CAPS 100 EACH BOX,10.0,4.0,4.0,9.0,17
,,GALANTAMINE 12 MG TABS 60 EACH BOTTLE,15.91,6.364,6.36,14.32,17
,,GALANTAMINE 16 MG CP24 30 EACH BOTTLE,31.83,12.732,12.73,28.65,17
,,GALANTAMINE 4 MG TABS 30 EACH BOX,23.94,9.576,9.58,21.55,17
,,GALANTAMINE 8 MG TABS 60 EACH BOTTLE,15.91,6.364,6.36,14.32,17
,,GANCICLOVIR 0.15 % GEL 5 G TUBE,2404.67,961.868,961.87,2164.2,17
,,GANCICLOVIR 2 MG/ML 10 ML VIAL,35.0,14.0,14.0,31.5,17
,,GANCICLOVIR 20 MG/ML 10 ML VIAL,35.0,14.0,14.0,31.5,17
,,GELATIN ABSORBABLE POWD 1 G PACKET,463.13,185.252,185.25,416.82,17
,,GELATIN ABSORBABLE PRSY 1 EACH BOX,673.53,269.412,269.41,606.18,17
,,GELATIN ADSORBABLE 100 CM MISC 6 EACH BOX,276.39,110.556,110.56,248.75,17
,,GELATIN ADSORBABLE 100 MISC 6 EACH BOX,276.94,110.776,110.78,249.25,17
,,GELATIN ADSORBABLE 12-7 MM MISC 12 EACH BOX,57.14,22.856,22.86,51.43,17
,,GELATIN ADSORBABLE 50 MISC 4 EACH BOX,211.55,84.62,84.62,190.4,17
,,GELATIN ADSORBABLE FILM 6 EACH BOX,1368.68,547.472,547.47,1231.81,17
,,GELCLAIR GEL 15 ML BOX,271.65,108.66,108.66,244.49,17
,,GEMFIBROZIL 600 MG TABS 1 EACH,11.58,4.632,4.63,10.42,17
,,GEMFIBROZIL 600 MG TABS 100 EACH BOX,11.58,4.632,4.63,10.42,17
,,GEN SURG EA ADDL 30 MIN,1942.0,776.8,776.8,1942.0,17
,,GEN SURG INITIAL 30 MIN,7597.0,3038.8,3038.8,6837.3,17
,,GENTAMICIN 0.1 % CREA 15 G TUBE,246.9,98.76,98.76,222.21,17
,,GENTAMICIN 0.1 % OINT 15 G TUBE,246.9,98.76,98.76,222.21,17
,,GENTAMICIN 0.1 % OINT 30 G TUBE,454.3,181.72,181.72,408.87,34
,,GENTAMICIN 0.3 % OINT 3.5 G TUBE,194.76,77.904,77.9,175.28,17
,,GENTAMICIN 0.3 % SOLN 5 ML BOTTLE,108.5,43.4,38.36,192.83,51
,,GENTAMICIN 5 MG/ML LOCK SYRINGE 1 ML SYRINGE,35.0,14.0,14.0,31.5,17
,,GENTAMICIN 5 MG/ML LOCK SYRINGE 2 ML SYRINGE,35.0,14.0,14.0,31.5,17
,,GENTIAN VIOLET 1 % SOLN 59 ML BOTTLE,3.0,1.2,1.2,2.7,17
,,GI EACH ADDTNL 30 MINUTES,2000.0,800.0,800.0,2000.0,17
,,GI INITIAL 30 MINUTES,3500.0,1400.0,1400.0,3500.0,17
,,GLIDESCOPE VIDEO BATONS,42.0,16.8,16.8,37.8,17
,,GLIMEPIRIDE 1 MG TABS 50 EACH BOX,5.04,2.016,2.02,4.54,17
,,GLIMEPIRIDE 2 MG TABS 100 EACH BOTTLE,3.26,1.304,1.3,2.93,17
,,GLIMEPIRIDE 4 MG TABS 100 EACH BOX,6.1,2.44,2.44,5.49,17
,,GLIPIZIDE 10 MG TABS 1 EACH,3.79,1.516,1.52,3.41,17
,,GLIPIZIDE 10 MG TABS 50 EACH BOX,3.79,1.516,1.52,3.41,17
,,GLIPIZIDE 10 MG TB24 100 EACH BOTTLE,4.03,1.612,1.61,3.63,17
,,GLIPIZIDE 10 MG TB24 500 EACH BOTTLE,4.03,1.612,1.61,3.63,17
,,GLIPIZIDE 2.5 MG TB24 30 EACH BOTTLE,3.0,1.2,1.2,2.7,17
,,GLIPIZIDE 5 MG TABS 1 EACH,3.0,1.2,1.2,2.7,17
,,GLIPIZIDE 5 MG TABS 50 EACH BOX,3.0,1.2,1.2,2.7,17
,,GLIPIZIDE 5 MG TB24 100 EACH BOX,3.6,1.44,1.44,3.24,17
,,GLUCOSE 4 G CHEW 10 EACH BOTTLE,3.0,1.2,1.2,2.7,17
,,GLUCOSE 4-6 GM-MG CHEW 10 EACH TUBE,3.0,1.2,1.2,2.7,17
,,GLUCOSE 40 % GEL 38 G TUBE,16.72,6.688,6.69,15.05,17
,,GLUCOSE GEL 31 G TUBE,24.65,9.86,9.86,22.19,17
,,GLUCOSE GEL 37.5 G TUBE,19.69,7.876,7.88,17.72,68
,,GLYBURIDE 1.25 MG TABS 100 EACH BOTTLE,3.0,1.2,1.2,2.7,17
,,GLYBURIDE 2.5 MG TABS 100 EACH BOTTLE,3.0,1.2,1.2,2.7,17
,,GLYBURIDE 5 MG TABS 100 EACH BOTTLE,3.89,1.556,1.56,3.5,17
,,GLYBURIDE 5 MG TABS 500 EACH BOTTLE,3.42,1.368,1.37,3.08,34
,,GLYBURIDE MICRONIZED 3 MG TABS 100 EACH BOTTLE,19.15,7.66,1.31,17.24,34
,,GLYCERIN (LAXATIVE) 1 G SUPP 12 EACH BOX,4.22,1.688,1.69,3.8,17
,,GLYCERIN (LAXATIVE) 1 G SUPP 25 EACH BOX,3.05,1.22,1.22,2.75,17
,,GLYCERIN (LAXATIVE) 1.2 G SUPP 25 EACH BOX,3.0,1.2,1.2,2.7,17
,,GLYCERIN (LAXATIVE) 2 G SUPP 24 EACH JAR,3.0,1.2,1.2,2.7,17
,,GLYCERIN LIQD 177 ML BOTTLE,13.54,5.416,5.42,12.19,34
,,GLYCERIN LIQD 473 ML BOTTLE,41.15,16.46,16.46,37.04,17
,,GLYCOPYRROLATE 0.5 MG TABS 1 HALF TABLET,3.28,1.312,1.31,2.95,17
,,GLYCOPYRROLATE 1 MG TABS 1 EACH,6.24,2.496,2.5,5.62,17
,,GLYCOPYRROLATE 1 MG TABS 100 EACH BOTTLE,6.57,2.628,2.63,5.91,34
,,GLYCOPYRROLATE 1 MG TABS 100 EACH BOX,6.5,2.6,2.6,5.85,17
,,GLYCOPYRROLATE 1 MG TABS 50 EACH BOX,6.24,2.496,2.5,5.62,17
,,GRENADA LABOR PRIVATE ROOM,1080.0,432.0,850.0,11492.19,24
,,GRISEOFULVIN MICROSIZE 125 MG/5ML SUSP 120 ML BOTTLE,358.8,143.52,143.52,322.92,34
,,GUAIFENESIN 100 MG/5ML LIQD 10 ML CUP,1.45,0.58,0.58,1.31,34
,,GUAIFENESIN 100 MG/5ML LIQD 10 ML ORAL SYRINGE,1.0,0.4,0.4,0.9,17
,,GUAIFENESIN 100 MG/5ML LIQD 118 ML BOTTLE,1.0,0.4,0.4,0.9,34
,,GUAIFENESIN 100 MG/5ML LIQD 5 ML CUP,2.87,1.148,1.15,2.58,34
,,GUAIFENESIN 200 MG TABS 100 EACH BOTTLE,1.0,0.4,0.4,0.9,17
,,GUAIFENESIN 600 MG TB12 1 EACH,1.5,0.6,0.6,1.35,17
,,GUAIFENESIN 600 MG TB12 100 EACH BOX,1.5,0.6,0.4,1.35,34
,,GUAIFENESIN-CODEINE 100-10 MG/5ML SOLN 118 ML BOTTLE,67.85,27.14,27.14,61.07,17
,,GUAIFENESIN-CODEINE 100-10 MG/5ML SOLN 5 ML CUP,21.5,8.6,8.6,19.35,17
,,GUAIFENESIN-CODEINE 100-10 MG/5ML SOLN 5 ML SYRINGE,10.0,4.0,4.0,9.0,17
,,GUAIFENESIN-DEXTROMETHORPHAN 100-10 MG/5ML SYRP 10 ML CUP,6.93,2.772,2.77,6.24,17
,,GUAIFENESIN-DEXTROMETHORPHAN 100-10 MG/5ML SYRP 5 ML CUP,12.48,4.992,4.99,11.23,17
,,GUANFACINE 1 MG TABS 100 EACH BOTTLE,6.35,2.54,2.54,5.72,17
,,GUANFACINE 1 MG TABS 30 EACH BOX,16.4,6.56,3.86,14.76,34
,,GUANFACINE 1 MG TB24 100 EACH BOTTLE,52.46,20.984,20.98,47.21,34
,,GUANFACINE HCL 2 MG TB24 100 EACH BOTTLE,52.46,20.984,20.98,47.21,51
,,GUANFACINE HCL 3 MG TB24 100 EACH BOTTLE,52.46,20.984,20.98,47.21,17
,,GUANFACINE HCL 4 MG TB24 100 EACH BOTTLE,52.46,20.984,20.98,47.21,17
,,HALOPERIDOL 0.5 MG TABS 1 EACH,3.0,1.2,1.2,2.7,17
,,HALOPERIDOL 0.5 MG TABS 100 EACH BOTTLE,3.0,1.2,1.2,4.02,34
,,HALOPERIDOL 0.5 MG TABS 100 EACH BOX,3.0,1.2,1.2,2.7,17
,,HALOPERIDOL 1 MG TABS 1 EACH,3.0,1.2,1.2,2.7,17
,,HALOPERIDOL 1 MG TABS 100 EACH BOX,3.0,1.2,1.2,2.7,17
,,HALOPERIDOL 10 MG TABS 1 EACH,9.5,3.8,3.8,8.55,17
,,HALOPERIDOL 10 MG TABS 100 EACH BOTTLE,7.18,2.872,2.87,6.46,17
,,HALOPERIDOL 10 MG TABS 100 EACH BOX,9.51,3.804,3.8,8.56,17
,,HALOPERIDOL 2 MG TABS 1 EACH,3.35,1.34,1.34,3.02,17
,,HALOPERIDOL 2 MG TABS 100 EACH BOX,3.37,1.348,1.35,3.03,17
,,HALOPERIDOL 2 MG/ML CONC 120 ML BOTTLE,3.0,1.2,1.2,2.7,34
,,HALOPERIDOL 2 MG/ML CONC 5 ML CUP,4.19,1.676,1.68,3.77,17
,,HALOPERIDOL 5 MG TABS 1 EACH,5.46,2.184,2.18,4.95,34
,,HALOPERIDOL 5 MG TABS 100 EACH BOX,5.46,2.184,2.18,4.91,51
,,HAPPY HINEY TOPICAL 30 G JAR,25.0,10.0,10.0,22.5,17
,,HARVEST ORGANS-EACH ADD 30 MIN,2598.0,1039.2,1039.2,2598.0,17
,,HARVEST ORGANS-INITIAL 30 MIN,4266.0,1706.4,1706.4,4266.0,17
,,HARVEST TISSUE,800.0,320.0,320.0,800.0,17
,,HC  EXTERNAL FIXATION ALL SITES-L,44788.0,17915.2,17915.2,40309.2,17
,,HC BAG DRAINAGE WOUND,206.0,82.4,82.4,185.4,17
,,HC BONE CEMENT KIT,200.0,80.0,80.0,180.0,17
,,HC CANNULA,772.0,308.8,308.8,694.8,17
,,HC CAPSULES PH BRAVO,515.0,206.0,206.0,838.8,34
,,HC CENTRIMAG LVAD,31000.0,12400.0,12400.0,27900.0,17
,,HC CLIP APPLIER,335.0,134.0,52.8,301.5,34
,,HC CLOSURE SUTURE,750.0,300.0,38.0,675.0,34
,,HC CPSGLF GAS LINE,50.0,20.0,20.0,45.0,17
,,HC CRANIAL MESH,6000.0,2400.0,2400.0,14400.0,51
,,HC CSF SHUNTS/DRAINS/CONNECTORS,1751.0,700.4,216.8,2917.8,81
,,HC CSF SHUNTS/DRAINS/CONNECTORS F,3500.0,1400.0,1400.0,3150.0,15
,,HC CSF SHUNTS/DRANS/CONNECTORS E,3726.0,1490.4,1490.4,3353.4,15
,,HC CV SHUNTS,1500.0,600.0,120.0,1350.0,34
,,HC DRAIN CHEST,127.0,50.8,50.8,114.3,17
,,HC DRAIN INCISION,286.0,114.4,114.4,257.4,17
,,HC EXCLUDER ENDOPROSTHESIS,9544.0,3817.6,3817.6,19800.0,34
,,HC EXTERNAL FIXATION  ALL SITES,3375.0,1350.0,1350.0,3037.5,17
,,HC GASTROSTOMY MIC KEY KIT,721.0,288.4,148.0,648.9,34
,,HC GOLD PROBE,515.0,206.0,206.0,463.5,17
,,HC HEMOSTATIC AGENTS AND SUPP,1846.0,738.4,158.0,1661.4,51
,,HC ICU TRAUMA ROOM,5400.0,2160.0,850.0,11492.19,24
,,HC IV SOLUTIONS,15.0,6.0,6.0,13.5,17
,,HC LEFT ATRIAL APPENDAGE CLOSURE DEVICE,34000.0,13600.0,13600.0,30600.0,17
,,HC LOA HOME AND THERAPEUTIC,2072.0,828.8,850.0,11492.19,20
,,HC LOA HOSPITALIZATION,2072.0,828.8,850.0,11492.19,20
,,HC MINOR PROC EACH ADD 30 MINUTES,2084.0,833.6,833.6,2084.0,17
,,HC MINOR PROCEDURE INITIAL 30 MIN,8147.0,3258.8,3258.8,7332.3,17
,,HC NB NURSERY WELLCARE,1040.0,416.0,460.0,11492.19,24
,,HC NEEDLE BIOPSY,1550.0,620.0,84.4,1395.0,34
,,HC NEUROSTIMULATOR KIT/ SUPPLIES,1500.0,600.0,235.2,1350.0,34
,,HC NON-SKILLED NURSING ROOM,2072.0,828.8,850.0,11492.19,24
,,HC PAIN PUMP EXTERNAL,500.0,200.0,200.0,2250.0,51
,,HC PAIN PUMP EXTERNAL B,1000.0,400.0,400.0,900.0,17
,,HC PEDS BED/BOARD ACCOMODATIONS,1800.0,720.0,850.0,11492.19,24
,,HC PEG KIT,474.0,189.6,189.6,900.0,51
,,HC POSITIONER PATIENT,195.0,78.0,78.0,175.5,17
,,HC RECOVERY ROOOM EA ADD 15 MINUTES,150.0,60.0,60.0,135.0,17
,,HC SKILLED NURSING ROOM,2072.0,828.8,850.0,11492.19,24
,,HC SOD CHL INJ USP 0.9%,5.0,2.0,2.0,4.5,17
,,HC SPECIMEN RETRIEVER,396.0,158.4,126.0,356.4,34
,,HC SURGICAL  MESH,3000.0,1200.0,1200.0,2700.0,15
,,HC TRANSCATH VALVE DEVICE/SYSTEM,51500.0,20600.0,20600.0,46350.0,17
,,HC TRANSSEPTAL NEEDLE,500.0,200.0,200.0,450.0,17
,,HC TUBE TRACH SHILEY,159.0,63.6,63.6,143.1,17
,,HEART TRANS-INITIAL 30 MIN,13542.0,5416.8,4093.0,12187.8,17
,,HEART TRANSP-EACH ADD 30 MIN,2907.0,1162.8,1162.8,2907.0,17
,,HEPARIN (PORCINE) 500 UNIT/ML SOLN 20 ML SYRINGE,35.0,14.0,14.0,31.5,17
,,HEPARIN 100 UNIT/ML SOLN 50 ML SYRINGE,185.0,74.0,74.0,166.5,17
,,HETASTARCH 6% IN 0.9% NACL INFUSION 500 ML 6-0.9 % SOLN 500 ML FLEX CONT,349.6,139.84,139.84,314.64,17
,,HETASTARCH 6% IN 0.9% NACL INFUSION 500 ML 6-0.9 % SOLN 500 ML PLAS CONT,157.5,63.0,63.0,314.64,34
,,HIRUDO MEDICINALIS 1 EACH,53.75,21.5,21.5,48.38,17
,,HOMATROPINE 5 % SOLN 5 ML BOTTLE,104.05,41.62,41.62,93.65,17
,,HYDRALAZINE 10 MG TABS 1 EACH,3.0,1.2,1.2,2.7,51
,,HYDRALAZINE 10 MG TABS 100 EACH BOTTLE,3.0,1.2,1.2,2.7,17
,,HYDRALAZINE 10 MG TABS 100 EACH BOX,3.0,1.2,1.2,2.7,68
,,HYDRALAZINE 100 MG TABS 100 EACH BOTTLE,5.07,2.028,2.03,4.56,68
,,HYDRALAZINE 100 MG TABS 100 EACH BOX,3.0,1.2,1.2,2.7,17
,,HYDRALAZINE 12.5 MG TABS 1 TABLET,3.0,1.2,1.2,2.7,17
,,HYDRALAZINE 25 MG TABS 1 EACH,3.0,1.2,1.2,2.7,34
,,HYDRALAZINE 25 MG TABS 100 EACH BOX,3.0,1.2,1.2,2.7,51
,,HYDRALAZINE 50 MG TABS 1 EACH,3.0,1.2,1.2,2.7,34
,,HYDRALAZINE 50 MG TABS 100 EACH BOX,3.0,1.2,1.2,2.7,51
,,HYDROCERIN CREA 113 G JAR,64.41,25.764,25.76,57.97,17
,,HYDROCERIN CREA 454 G JAR,111.23,44.492,44.49,100.11,17
,,HYDROCHLOROTHIAZIDE 12.5 MG CAPS 1 EACH,3.0,1.2,1.2,2.7,17
,,HYDROCHLOROTHIAZIDE 12.5 MG CAPS 100 EACH BOTTLE,3.0,1.2,1.2,2.7,17
,,HYDROCHLOROTHIAZIDE 12.5 MG CAPS 100 EACH BOX,3.0,1.2,1.2,2.7,17
,,HYDROCHLOROTHIAZIDE 25 MG TABS 1 EACH,3.0,1.2,1.2,2.7,17
,,HYDROCHLOROTHIAZIDE 25 MG TABS 100 EACH BOX,3.0,1.2,1.2,2.7,17
,,HYDROCHLOROTHIAZIDE 5 MG/ML SUSP 120 ML BOTTLE,150.0,60.0,60.0,135.0,17
,,HYDROCHLOROTHIAZIDE 50 MG TABS 100 EACH BOTTLE,3.0,1.2,1.2,2.7,51
,,HYDROCODONE BIT-HOMATROP MBR 5-1.5 MG TABS 100 EACH BOTTLE,10.0,4.0,4.0,9.0,17
,,HYDROCODONE BIT-HOMATROP MBR 5-1.5 MG/5ML SOLN 473 ML BOTTLE,10.0,4.0,4.0,9.0,17
,,HYDROCODONE-ACETAMINOPHEN 10-325 MG TABS 1 EACH,10.0,4.0,4.0,9.0,34
,,HYDROCODONE-ACETAMINOPHEN 10-325 MG TABS 100 EACH BOX,10.0,4.0,4.0,9.0,34
,,HYDROCODONE-ACETAMINOPHEN 10-325 MG TABS 120 EACH BOTTLE,10.0,4.0,4.0,9.0,17
,,HYDROCODONE-ACETAMINOPHEN 5-325 MG TABS 1 EACH,10.0,4.0,4.0,9.0,34
,,HYDROCODONE-ACETAMINOPHEN 5-325 MG TABS 100 EACH BOTTLE,10.0,4.0,4.0,9.0,17
,,HYDROCODONE-ACETAMINOPHEN 5-325 MG TABS 100 EACH BOX,10.0,4.0,4.0,9.0,17
,,HYDROCODONE-ACETAMINOPHEN 5-325 MG TABS 50 EACH BOX,10.0,4.0,4.0,9.0,17
,,HYDROCODONE-ACETAMINOPHEN 5-325 MG TABS 500 EACH BOTTLE,10.0,4.0,4.0,9.0,17
,,HYDROCODONE-ACETAMINOPHEN 7.5-325 MG/15ML SOLN 15 ML CUP,49.65,19.86,9.84,44.69,85
,,HYDROCORT-PRAMOXINE (PERIANAL) 1-1 % FOAM 10 G CAN,1126.63,450.652,450.65,1013.97,17
,,HYDROCORTISONE (PERIANAL) 2.5 % CREA 28 G TUBE,386.4,154.56,154.56,347.76,17
,,HYDROCORTISONE (PERIANAL) 2.5 % CREA 30 G TUBE,382.54,153.016,153.02,361.55,34
,,HYDROCORTISONE 0.5 % CREA 28.35 G TUBE,30.33,12.132,12.13,27.3,17
,,HYDROCORTISONE 1 % CREA 28 G TUBE,20.02,8.008,8.01,18.02,17
,,HYDROCORTISONE 1 % CREA 28.35 G TUBE,36.0,14.4,14.4,32.4,17
,,HYDROCORTISONE 1 % OINT 28 G TUBE,17.36,6.944,6.94,18.02,34
,,HYDROCORTISONE 1 % OINT 28.35 G TUBE,41.25,16.5,16.5,37.13,17
,,HYDROCORTISONE 10 MG TABS 1 EACH,10.01,4.004,4.0,9.01,17
,,HYDROCORTISONE 10 MG TABS 100 EACH BOTTLE,3.0,1.2,1.2,2.7,51
,,HYDROCORTISONE 10 MG TABS 100 EACH BOX,10.01,4.004,4.0,9.01,17
,,HYDROCORTISONE 100 MG/60ML ENEM 60 ML BOTTLE,128.7,51.48,51.48,115.83,17
,,HYDROCORTISONE 2.5 % CREA 30 G TUBE,55.05,22.02,22.02,49.55,17
,,HYDROCORTISONE 2.5 % CREA 453.6 G JAR,360.61,144.244,144.24,324.55,17
,,HYDROCORTISONE 2.5 % OINT 28.35 G TUBE,55.0,22.0,22.0,49.5,17
,,HYDROCORTISONE 2.5 MG TABS 1 HALF TABLET,3.02,1.208,1.21,2.72,17
,,HYDROCORTISONE 20 MG TABS 1 EACH,11.56,4.624,4.62,10.4,17
,,HYDROCORTISONE 20 MG TABS 100 EACH BOTTLE,5.44,2.176,2.18,4.9,34
,,HYDROCORTISONE 20 MG TABS 50 EACH BOX,11.56,4.624,4.62,10.4,17
,,HYDROCORTISONE 25 MG SUPP 12 EACH BOX,72.1,28.84,28.84,64.89,17
,,HYDROCORTISONE 5 MG TABS 1 EACH,9.76,3.904,3.9,8.78,17
,,HYDROCORTISONE 5 MG TABS 50 EACH BOTTLE,3.0,1.2,1.2,5.43,51
,,HYDROCORTISONE 5 MG TABS 50 EACH BOX,9.76,3.904,3.9,8.78,17
,,HYDROGEN PEROXIDE 3 % SOLN 118 ML BOTTLE,4.13,1.652,1.65,3.72,17
,,HYDROMORPHONE 0.2 MG/ML SOLN 30 ML SYRINGE,58.5,23.4,23.4,745.2,85
,,HYDROMORPHONE 0.4 MG/ML SOLN 30 ML SYRINGE,58.5,23.4,23.4,52.65,17
,,HYDROMORPHONE 1 EACH,35.0,14.0,14.0,31.5,17
,,HYDROMORPHONE 2 MG TABS 1 EACH,10.0,4.0,4.0,9.0,17
,,HYDROMORPHONE 2 MG TABS 100 EACH BOTTLE,10.0,4.0,4.0,9.0,34
,,HYDROMORPHONE 2 MG TABS 100 EACH BOX,10.0,4.0,4.0,9.0,34
,,HYDROMORPHONE 3 MG SUPP 6 EACH BOX,61.34,24.536,24.54,55.21,17
,,HYDROMORPHONE 4 MG TABS 1 EACH,10.0,4.0,4.0,9.0,17
,,HYDROMORPHONE 4 MG TABS 100 EACH BOTTLE,10.0,4.0,4.0,9.0,17
,,HYDROMORPHONE 4 MG TABS 100 EACH BOX,10.0,4.0,4.0,9.0,34
,,HYDROMORPHONE 4 MG TABS 500 EACH BOTTLE,10.0,4.0,4.0,9.0,17
,,HYDROMORPHONE HCL-NACL 20-0.9 MG/100ML-% SOLN 100 ML BAG,62.0,24.8,24.8,67.5,34
,,HYDROMORPHONE HCL-NACL 20-0.9 MG/100ML-% SOLN 100 ML FLEX CONT,130.0,52.0,52.0,173.25,34
,,HYDROPHOR OINT 396 G JAR,128.7,51.48,51.48,115.83,17
,,HYDROPHOR OINT 80 G JAR,52.0,20.8,20.8,46.8,17
,,HYDROXOCOBALAMIN IV 5 G SOLR 1 EACH BOX,5281.92,2112.768,2112.77,4753.73,17
,,HYDROXYCHLOROQUINE 200 MG TABS 1 EACH,21.95,8.78,8.78,19.76,17
,,HYDROXYCHLOROQUINE 200 MG TABS 100 EACH BOTTLE,20.44,8.176,8.18,18.4,17
,,HYDROXYCHLOROQUINE 200 MG TABS 100 EACH BOX,8.34,3.336,3.34,19.76,34
,,HYDROXYCHLOROQUINE 25 MG/ML SUSP 1 EACH,21.95,8.78,8.78,19.76,34
,,HYDROXYUREA 100 MG/ML SUSP 500 ML BOTTLE,575.0,230.0,230.0,517.5,17
,,HYDROXYUREA 400 MG CAPS 60 EACH BOTTLE,10.0,4.0,4.0,9.0,17
,,HYDROXYUREA 500 MG CAPS 1 EACH,10.0,4.0,4.0,9.0,17
,,HYDROXYUREA 500 MG CAPS 100 EACH BOTTLE,10.0,4.0,4.0,9.0,17
,,HYDROXYUREA 500 MG CAPS 100 EACH BOX,10.0,4.0,4.0,9.0,17
,,HYDROXYZINE 10 MG TABS 1 EACH,3.0,1.2,1.2,2.7,17
,,HYDROXYZINE 10 MG TABS 100 EACH BOTTLE,3.17,1.268,1.27,2.93,51
,,HYDROXYZINE 10 MG TABS 100 EACH BOX,3.0,1.2,1.2,2.7,17
,,HYDROXYZINE 10 MG/5ML SYRP 1 ML,3.0,1.2,1.2,2.7,17
,,HYDROXYZINE 10 MG/5ML SYRP 118 ML BOTTLE,99.71,39.884,39.88,89.74,17
,,HYDROXYZINE 10 MG/5ML SYRP 12.5 ML ORAL SYRINGE,79.31,31.724,31.72,71.38,17
,,HYDROXYZINE 10 MG/5ML SYRP 473 ML BOTTLE,1211.92,484.768,484.77,2268.9,68
,,HYDROXYZINE 25 MG CAPS 1 EACH,3.0,1.2,1.2,2.7,34
,,HYDROXYZINE 25 MG CAPS 100 EACH BOTTLE,3.0,1.2,1.2,2.7,17
,,HYDROXYZINE 25 MG CAPS 100 EACH BOX,3.0,1.2,1.2,2.7,34
,,HYDROXYZINE 25 MG TABS 1 EACH,3.0,1.2,1.2,2.7,17
,,HYDROXYZINE 25 MG TABS 100 EACH BOTTLE,4.58,1.832,1.83,4.14,34
,,HYDROXYZINE 25 MG TABS 100 EACH BOX,3.0,1.2,1.2,2.7,51
,,HYDROXYZINE 50 MG CAPS 100 EACH BOTTLE,3.0,1.2,1.2,2.7,34
,,HYDROXYZINE 50 MG TABS 100 EACH BOX,3.0,1.2,1.2,2.7,17
,,HYOSCYAMINE 0.125 MG SUBL 100 EACH BOTTLE,4.25,1.7,1.7,3.83,17
,,HYOSCYAMINE 0.125 MG TABS 100 EACH BOTTLE,4.25,1.7,1.2,3.83,51
,,HYOSCYAMINE 0.125 MG/ML SOLN 15 ML BOTTLE,199.95,79.98,79.98,179.96,17
,,HYOSCYAMINE SULFATE 0.125 MG TBDP 100 EACH BOTTLE,4.25,1.7,1.7,3.83,17
,,HYPROMELLOSE 0.3 % GEL 10 G TUBE,42.9,17.16,17.16,38.61,17
,,HYPROMELLOSE 0.3 % SOLN 15 ML BOTTLE,42.38,16.952,16.95,38.14,17
,,HYPROMELLOSE 0.3 % SOLN 30 ML BOTTLE,66.0,26.4,26.4,59.4,17
,,IBANDRONATE 150 MG TABS 1 EACH DISP PACK,638.79,255.516,255.52,574.91,17
,,IBUPROFEN 100 MG/5 ML SUSP 40 ML BOTTLE,76.2,30.48,30.48,68.58,17
,,IBUPROFEN 100 MG/5ML SUSP 118 ML BOTTLE,7.26,2.904,2.9,6.53,17
,,IBUPROFEN 100 MG/5ML SUSP 240 ML BOTTLE,11.16,4.464,4.46,14.58,34
,,IBUPROFEN 100 MG/5ML SUSP 5 ML CUP,1.68,0.672,0.52,1.71,136
,,IBUPROFEN 100 MG/5ML SUSP 5 ML SYRINGE,1.0,0.4,0.4,0.9,17
,,IBUPROFEN 200 MG TABS 100 EACH BOX,1.0,0.4,0.4,0.9,17
,,IBUPROFEN 400 MG TABS 1 EACH,3.0,1.2,1.2,2.7,17
,,IBUPROFEN 400 MG TABS 100 EACH BOX,3.0,1.2,1.2,2.7,34
,,IBUPROFEN 600 MG TABS 1 EACH,3.0,1.2,1.2,2.7,17
,,IBUPROFEN 600 MG TABS 100 EACH BOX,3.0,1.2,1.2,2.7,17
,,IBUPROFEN 800 MG TABS 1 EACH,3.0,1.2,1.2,2.7,17
,,IBUPROFEN 800 MG TABS 100 EACH BOTTLE,3.0,1.2,1.2,2.7,17
,,IBUPROFEN 800 MG TABS 100 EACH BOX,3.0,1.2,1.2,2.7,34
,,IBUPROFEN LYSINE (PF) 10 MG/ML SOLN 2 ML VIAL,1897.5,759.0,759.0,2069.5,68
,,ILOPERIDONE 1 MG TABS 60 EACH BOTTLE,184.24,73.696,73.7,165.82,17
,,ILOPERIDONE 10 MG TABS 60 EACH BOTTLE,363.04,145.216,145.22,326.74,17
,,ILOPERIDONE 12 MG TABS 60 EACH BOTTLE,363.04,145.216,145.22,326.74,17
,,ILOPERIDONE 4 MG TABS 60 EACH BOTTLE,184.24,73.696,73.7,165.82,17
,,ILOPERIDONE 6 MG TABS 60 EACH BOTTLE,226.69,90.676,90.68,204.02,17
,,ILOPERIDONE 8 MG TABS 60 EACH BOTTLE,226.69,90.676,90.68,204.02,17
,,IMATINIB 100 MG TABS 1 EACH,17.8,7.12,7.12,16.02,17
,,IMATINIB 100 MG TABS 30 EACH BOX,22.36,8.944,7.12,20.12,34
,,IMATINIB 100 MG TABS 90 EACH BOTTLE,465.19,186.076,186.08,441.94,34
,,IMATINIB 400 MG TABS 30 EACH BOTTLE,1676.28,670.512,670.51,1508.65,17
,,IMIPRAMINE 10 MG TABS 100 EACH BOTTLE,3.0,1.2,1.2,2.7,34
,,IMIPRAMINE 100 MG CAPS 30 EACH BOTTLE,84.29,33.716,33.72,75.86,17
,,IMIPRAMINE 125 MG CAPS 30 EACH BOTTLE,84.29,33.716,33.72,75.86,17
,,IMIPRAMINE 150 MG CAPS 30 EACH BOTTLE,84.29,33.716,33.72,75.86,17
,,IMIPRAMINE 25 MG TABS 100 EACH BOTTLE,3.59,1.436,1.44,3.23,51
,,IMIPRAMINE 50 MG TABS 100 EACH BOTTLE,6.6,2.64,2.44,5.94,34
,,IMIPRAMINE 75 MG CAPS 30 EACH BOTTLE,84.29,33.716,33.72,75.86,17
,,IMPLANT HUNTER TENDON,5000.0,2000.0,2000.0,4500.0,17
,,IMPLANT LAP-BAND SYSTEM,13800.0,5520.0,5520.0,12420.0,17
,,IMPLANT SEPTAL SUPPLIES,500.0,200.0,200.0,450.0,17
,,IMPLANTS HEAD AND FACIAL,2336.0,934.4,934.4,2102.4,17
,,INCISION MANAGEMENT SYSTEM,1240.0,496.0,496.0,1116.0,17
,,INDAPAMIDE 2.5 MG TABS 100 EACH BOTTLE,7.75,3.1,3.1,6.98,17
,,INDOCYANINE GREEN 25 MG SOLR 1 EACH VIAL,1171.56,468.624,222.72,1479.19,68
,,INDOCYANINE GREEN 25 MG SOLR 5 MG SYRINGE,121.05,48.42,48.42,108.95,17
,,INDOMETHACIN 1 MG SOLR 1 EACH VIAL,2665.87,1066.348,1066.35,2399.28,17
,,INDOMETHACIN 25 MG CAPS 1 EACH,3.0,1.2,1.2,2.7,17
,,INDOMETHACIN 25 MG CAPS 100 EACH BOTTLE,3.0,1.2,1.2,2.7,17
,,INDOMETHACIN 25 MG CAPS 50 EACH BOX,3.0,1.2,1.2,2.7,17
,,INDOMETHACIN 25 MG/5ML SUSP 237 ML BOTTLE,11934.85,4773.94,4773.94,10741.37,17
,,INDOMETHACIN 50 MG CAPS 100 EACH BOTTLE,3.18,1.272,1.27,2.87,34
,,INDOMETHACIN 50 MG SUPP 1 EACH PACKAGE,1897.83,759.132,759.13,1708.05,17
,,INDOMETHACIN 50 MG SUPP 30 EACH BOX,1897.83,759.132,759.13,1797.95,34
,,INDOMETHACIN 75 MG CPCR 1 EACH,15.39,6.156,6.16,13.85,17
,,INDOMETHACIN 75 MG CPCR 30 EACH BOX,15.39,6.156,6.16,13.85,17
,,INFLATION DEVICE,200.0,80.0,80.0,180.0,17
,,INFUVITE ADULT SOLN 10 ML VIAL,92.3,36.92,36.92,83.07,17
,,INFUVITE PEDIATRIC (PT AGE < 11 YEARS) SOLN 5 ML VIAL,144.28,57.712,57.71,129.85,17
,,INFUVITE PEDIATRIC (PT AGE < 11 YEARS) SOLN 50 ML VIAL,1357.69,543.076,543.08,1221.92,17
,,INSULIN DETEMIR 100 UNIT/ML SOLN 10 ML VIAL,595.33,238.132,238.13,535.8,17
,,INSULIN PEN NEEDLE 29G X 12.7MM MISC 100 EACH BOX,3.0,1.2,1.2,2.7,17
,,INSULIN REGULAR 100 UNIT/ML SOLN 10 ML VIAL,267.65,107.06,107.06,240.89,17
,,INSULIN REGULAR 100 UNIT/ML SOLN 3 ML VIAL,80.3,32.12,32.12,72.27,17
,,INTRACRANIAL PRESSURE MONITORING KIT,1800.0,720.0,720.0,1620.0,17
,,INTRODUCER,318.0,127.2,127.2,286.2,17
,,IODINE 123 ALTROPANE,1.0,0.4,0.4,0.9,16
,,IODINE 2 % TINC 30 ML BOTTLE,5.1,2.04,2.04,4.59,17
,,IODINE 2 % TINC 60 ML BOTTLE,9.0,3.6,3.6,8.1,17
,,IODINE TINCTURE 2 % TINC 30 ML BOTTLE,20.85,8.34,8.34,18.77,17
,,IPRATROPIUM 0.03 % SOLN 30 ML BOTTLE,513.64,205.456,205.46,462.28,17
,,IPRATROPIUM 0.06 % SOLN 15 ML BOTTLE,440.29,176.116,91.26,396.26,34
,,IPRATROPIUM 17 MCG/ACT AERS 12.9 G INHALER,1693.74,677.496,677.5,1524.37,17
,,IPRATROPIUM-ALBUTEROL 20-100 MCG/ACT AERS 4 G INHALER,2616.48,1046.592,1046.59,2354.83,17
,,IRBESARTAN 150 MG TABS 30 EACH BOTTLE,45.93,18.372,18.37,41.34,17
,,IRBESARTAN 75 MG TABS 30 EACH BOTTLE,14.59,5.836,5.84,13.13,17
,,IRON POLYSACCHARIDES 150 MG CAPS 100 EACH BOX,3.0,1.2,1.2,2.7,17
,,IRON-VIT C-VIT B12-FOLIC ACID 100-250-0.025-1 MG TABS 100 EACH BOTTLE,8.6,3.44,3.44,7.74,17
,,IRON-VITAMIN C 100-250 MG TABS 100 EACH BOTTLE,3.0,1.2,1.2,2.7,17
,,ISONIAZID 100 MG TABS 100 EACH BOTTLE,10.68,4.272,1.2,9.61,34
,,ISONIAZID 100 MG/ML SOLN 10 ML VIAL,1619.48,647.792,647.79,1457.53,17
,,ISONIAZID 300 MG TABS 1 EACH,6.6,2.64,2.64,5.94,17
,,ISONIAZID 300 MG TABS 100 EACH BOTTLE,17.52,7.008,1.2,15.77,34
,,ISONIAZID 300 MG TABS 100 EACH BOX,6.6,2.64,2.64,5.94,17
,,ISONIAZID 50 MG/5ML SYRP 473 ML BOTTLE,2162.75,865.1,865.1,1946.48,17
,,ISOPROPYL ALCOHOL 70 % SOLN 473 ML BOTTLE,14.19,5.676,5.68,12.77,17
,,ISOPROTERENOL 0.2 MG/ML SOLN 1 ML VIAL,75.0,30.0,30.0,243.0,68
,,ISOPROTERENOL 0.2 MG/ML SOLN 5 ML VIAL,35.0,14.0,14.0,64.8,68
,,ISOSORBIDE DINITRATE 10 MG TABS 1 EACH,6.25,2.5,2.5,5.63,17
,,ISOSORBIDE DINITRATE 10 MG TABS 100 EACH BOX,6.25,2.5,1.46,5.63,34
,,ISOSORBIDE DINITRATE 20 MG TABS 1 EACH,6.75,2.7,2.7,6.08,17
,,ISOSORBIDE DINITRATE 20 MG TABS 100 EACH BOX,6.75,2.7,2.7,6.08,17
,,ISOSORBIDE DINITRATE 5 MG TABS 100 EACH BOTTLE,4.93,1.972,1.97,4.44,17
,,ISOSORBIDE MONONITRATE 20 MG TABS 100 EACH BOTTLE,4.47,1.788,1.79,4.02,17
,,ISOSORBIDE MONONITRATE 30 MG TB24 100 EACH BOX,8.3,3.32,3.32,7.47,17
,,ISOSORBIDE MONONITRATE 60 MG TB24 1 EACH,3.0,1.2,1.2,2.7,17
,,ISOSORBIDE MONONITRATE 60 MG TB24 100 EACH BOX,10.13,4.052,1.2,9.12,34
,,ISOSORBIDE-HYDRALAZINE 20-37.5 MG TABS 90 EACH BOTTLE,27.48,10.992,10.99,24.73,17
,,ISOSULFAN BLUE 1 % SOLN 5 ML VIAL,670.23,268.092,268.09,603.21,34
,,ISOTRETINOIN 10 MG CAPS 10 EACH BOX,102.52,41.008,41.01,92.27,17
,,ISOTRETINOIN 40 MG CAPS 10 EACH BOX,141.24,56.496,56.5,127.12,17
,,ISRADIPINE 1 MG/ML SUSP 1 MG ORAL SYRINGE,3.0,1.2,1.2,2.7,17
,,ISRADIPINE 2.5 MG CAPS 100 EACH BOTTLE,20.13,8.052,8.05,18.12,17
,,ISRADIPINE 5 MG CAPS 100 EACH BOTTLE,20.74,8.296,8.3,18.67,17
,,ITRACONAZOLE 10 MG/ML SOLN 150 ML BOTTLE,1689.12,675.648,675.65,1520.21,17
,,ITRACONAZOLE 10 MG/ML SOLN 20 ML ORAL SYRINGE,244.8,97.92,97.92,220.32,17
,,ITRACONAZOLE 100 MG CAPS 30 EACH BOTTLE,46.39,18.556,18.56,41.75,17
,,IVABRADINE 7.5 MG TABS 60 EACH BOTTLE,62.6,25.04,25.04,56.34,17
,,JAW MOTION REHAB SYSTEM,875.0,350.0,350.0,787.5,17
,,K-Y LUBRICATING GEL 5 G TUBE,3.0,1.2,1.2,2.7,17
,,KETAMINE 1 MG/ML SOLN 200 ML FLEX CONT,108.0,43.2,43.2,97.2,17
,,KETAMINE 10 MG/ML 5 ML SYRINGE,83.0,33.2,16.46,74.7,68
,,KETAMINE 10 MG/ML SOLN 20 ML VIAL,145.5,58.2,47.48,130.95,102
,,KETAMINE 100 MG/ML SOLN 5 ML VIAL,80.03,32.012,19.94,72.03,85
,,KETAMINE 50 MG/50 ML SYRINGE 50 ML SYRINGE,35.0,14.0,14.0,31.5,34
,,KETAMINE 50 MG/ML SOLN 10 ML VIAL,35.0,14.0,14.0,31.5,85
,,KETAMINE HCL 50 MG/5ML SOSY 5 ML SYRINGE,35.0,14.0,14.0,35.82,34
,,KETAMINE INFUSION,300.0,120.0,120.0,270.0,17
,,KETOCONAZOLE 2 % CREA 15 G TUBE,604.1,241.64,241.64,543.69,17
,,KETOCONAZOLE 2 % CREA 30 G TUBE,958.82,383.528,383.53,862.94,34
,,KETOCONAZOLE 2 % CREA 60 G TUBE,1274.02,509.608,509.61,1146.62,17
,,KETOCONAZOLE 2 % SHAM 120 ML BOTTLE,151.2,60.48,60.48,136.08,34
,,KETOCONAZOLE 200 MG TABS 100 EACH BOTTLE,18.95,7.58,7.58,17.06,17
,,KETOPROFEN 200 MG CP24 100 EACH BOTTLE,54.08,21.632,21.63,48.67,17
,,KETOROLAC 0.5 % SOLN 10 ML BOTTLE,975.2,390.08,390.08,877.68,17
,,KETOROLAC 0.5 % SOLN 5 ML BOTTLE,3.0,1.2,1.2,1368.35,85
,,KETOROLAC 10 MG TABS 1 EACH,36.57,14.628,14.63,32.91,17
,,KETOROLAC 10 MG TABS 100 EACH BOTTLE,11.33,4.532,4.32,10.2,51
,,KETOROLAC 10 MG TABS 30 EACH BOX,36.57,14.628,14.63,32.91,17
,,KIDNEY TRAN-CADAVER-EACH ADD 30,2907.0,1162.8,1162.8,2616.3,15
,,KIDNEY TRAN-CADAVER-INITIAL 30,11516.0,4606.4,4606.4,10364.4,15
,,KIDNEY TRAN/LIVE D EACH ADD 30,2907.0,1162.8,1162.8,2616.3,15
,,KIDNEY TRAN/LIVE D INITIAL 30,11516.0,4606.4,4606.4,10364.4,15
,,KIT FECAL MANAGEMEN FLEXISE,510.0,204.0,204.0,459.0,17
,,KIT VNTICLR DRN SYSTM II W/O C,500.0,200.0,200.0,450.0,17
,,L-ARGININE 1000 MG TABS 50 EACH BOTTLE,1.0,0.4,0.4,0.9,17
,,L-CITRULLINE 1 G PACK 30 EACH BOX,27.69,11.076,11.08,24.92,34
,,L-CITRULLINE POWD 100 G BOTTLE,2385.6,954.24,954.24,2147.04,17
,,L-CYSTEINE 50 MG/ML SOLN 10 ML VIAL,571.92,228.768,228.77,514.73,17
,,L-METHYLFOLATE 7.5 MG TABS 30 EACH BOTTLE,14.44,5.776,5.78,13.0,17
,,LABETALOL 100 MG TABS 1 EACH,3.0,1.2,1.2,2.7,17
,,LABETALOL 100 MG TABS 100 EACH BOX,3.0,1.2,1.2,2.7,34
,,LABETALOL 200 MG TABS 1 EACH,3.5,1.4,1.4,3.15,17
,,LABETALOL 200 MG TABS 100 EACH BOTTLE,5.68,2.272,2.27,5.11,17
,,LABETALOL 300 MG TABS 1 EACH,5.94,2.376,2.38,5.35,17
,,LABETALOL 300 MG TABS 100 EACH BOX,5.94,2.376,2.38,5.35,17
,,LABETALOL 40 MG/ML ORAL SUSP 120 ML BOTTLE,339.6,135.84,135.84,305.64,17
,,LABETALOL HCL 20 MG/4ML SOSY 4 ML SYRINGE,39.0,15.6,15.6,35.1,17
,,LABOR ROOM SERVICE/HOUR,150.0,60.0,60.0,135.0,17
,,LACOSAMIDE 10 MG/ML SOLN 10 ML ORAL SYRINGE,144.2,57.68,57.68,129.78,17
,,LACOSAMIDE 10 MG/ML SOLN 2 ML ORAL SYRINGE,28.84,11.536,11.54,25.96,17
,,LACOSAMIDE 10 MG/ML SOLN 200 ML BOTTLE,406.64,162.656,162.66,2180.3,68
,,LACOSAMIDE 10 MG/ML SOLN 5 ML BOX,168.38,67.352,67.35,151.54,17
,,LACOSAMIDE 10 MG/ML SOLN 5 ML CUP,168.4,67.36,67.36,151.56,17
,,LACOSAMIDE 10 MG/ML SOLN 5 ML ORAL SYRINGE,72.1,28.84,28.84,64.89,17
,,LACOSAMIDE 100 MG TABS 1 EACH,18.43,7.372,7.37,16.59,17
,,LACOSAMIDE 100 MG TABS 60 EACH BOX,127.82,51.128,7.37,115.04,34
,,LACOSAMIDE 200 MG TABS 1 EACH,19.52,7.808,7.81,17.57,17
,,LACOSAMIDE 200 MG TABS 60 EACH BOTTLE,89.04,35.616,35.62,94.14,34
,,LACOSAMIDE 200 MG TABS 60 EACH BOX,135.41,54.164,7.81,121.87,34
,,LACOSAMIDE 50 MG TABS 1 EACH,11.79,4.716,4.72,10.61,17
,,LACOSAMIDE 50 MG TABS 60 EACH BOTTLE,53.76,21.504,21.5,48.38,17
,,LACOSAMIDE 50 MG TABS 60 EACH BOX,81.76,32.704,4.0,73.58,51
,,LACTOBACILLUS PACK 12 EACH BOX,5.59,2.236,2.24,9.14,34
,,LACTULOSE 10 GM/15ML SOLN 30 ML BOX,11.4,4.56,4.56,10.26,17
,,LACTULOSE 10 GM/15ML SOLN 30 ML CUP,12.3,4.92,4.92,11.07,17
,,LACTULOSE 10 GM/15ML SOLN 473 ML BOTTLE,10.95,4.38,4.38,51.44,51
,,LACTULOSE 20 GM/30ML SOLN 30 ML CUP,18.0,7.2,7.2,16.2,17
,,LACTULOSE 200 MG/ML SOLN 1000 ML BOTTLE,354.2,141.68,141.68,318.78,17
,,LAMIVUDINE 10 MG/ML SOLN 240 ML BOTTLE,75.1,30.04,30.04,159.97,34
,,LAMIVUDINE 10 MG/ML SOLN 5 ML ORAL SYRINGE,75.1,30.04,30.04,67.59,17
,,LAMIVUDINE 100 MG TABS 60 EACH BOTTLE,80.56,32.224,32.22,72.5,17
,,LAMIVUDINE 150 MG TABS 30 EACH BOX,40.84,16.336,16.34,36.76,17
,,LAMIVUDINE-ZIDOVUDINE 150-300 MG TABS 60 EACH BOTTLE,77.64,31.056,31.06,69.88,17
,,LAMOTRIGINE 100 MG TABS 1 EACH,3.0,1.2,1.2,2.7,17
,,LAMOTRIGINE 100 MG TABS 100 EACH BOX,3.0,1.2,1.2,2.7,17
,,LAMOTRIGINE 150 MG TABS 1 EACH,3.0,1.2,1.2,2.7,17
,,LAMOTRIGINE 150 MG TABS 100 EACH BOX,3.0,1.2,1.2,2.7,17
,,LAMOTRIGINE 150 MG TABS 60 EACH BOTTLE,26.49,10.596,10.6,23.84,17
,,LAMOTRIGINE 200 MG TABS 60 EACH BOTTLE,28.83,11.532,11.53,25.95,17
,,LAMOTRIGINE 25 MG TABS 1 EACH,3.0,1.2,1.2,2.7,17
,,LAMOTRIGINE 25 MG TABS 100 EACH BOX,3.0,1.2,1.2,2.7,17
,,LANSOPRAZOLE 15 MG CPDR 1 EACH,30.03,12.012,12.01,27.03,17
,,LANSOPRAZOLE 15 MG CPDR 30 EACH BOTTLE,29.23,11.692,11.69,26.45,34
,,LANSOPRAZOLE 15 MG CPDR 30 EACH BOX,30.03,12.012,12.01,27.03,17
,,LANSOPRAZOLE 15 MG TBDD 1 EACH,78.87,31.548,31.55,70.98,34
,,LANSOPRAZOLE 15 MG TBDD 100 EACH BOX,78.87,31.548,31.55,70.98,51
,,LANSOPRAZOLE 30 MG CPDR 100 EACH BOX,28.33,11.332,11.33,25.5,17
,,LANSOPRAZOLE 30 MG TBDD 1 EACH,78.87,31.548,31.55,70.98,34
,,LANSOPRAZOLE 30 MG TBDD 100 EACH BOX,78.87,31.548,31.55,70.98,68
,,LANTHANUM 1000 MG CHEW 10 EACH BOTTLE,72.04,28.816,28.82,64.84,17
,,LANTHANUM 500 MG CHEW 45 EACH BOTTLE,72.04,28.816,28.82,64.84,17
,,LANTHANUM 750 MG CHEW 15 EACH BOTTLE,72.04,28.816,28.82,64.84,17
,,LAPATINIB 250 MG TABS 150 EACH BOTTLE,374.5,149.8,149.8,337.05,17
,,LASAR ABLATION-BRAIN MASS,33000.0,13200.0,4093.0,29700.0,17
,,LATANOPROST 0.005 % SOLN 2.5 ML BOTTLE,437.0,174.8,174.8,394.42,34
,,LECITHIN 1200 MG CAPS 100 EACH BOTTLE,3.0,1.2,1.2,2.7,17
,,LEFLUNOMIDE 10 MG TABS 50 EACH BOX,30.0,12.0,12.0,27.0,17
,,LEFLUNOMIDE 20 MG TABS 30 EACH BOTTLE,82.12,32.848,32.85,73.91,17
,,LETERMOVIR 120 MG PACK 30 EACH BOX,378.67,151.468,151.47,340.8,17
,,LETERMOVIR 480 MG TABS 1 EACH,1514.64,605.856,605.86,1363.18,17
,,LETERMOVIR 480 MG TABS 14 EACH BOX,1514.63,605.852,605.85,1363.17,17
,,LETERMOVIR 480 MG/24ML SOLN 24 ML VIAL,2094.51,837.804,837.8,1885.06,17
,,LEUCOVORIN 10 MG TABS 12 EACH BOTTLE,42.06,16.824,16.82,37.85,17
,,LEUCOVORIN 2.5 MG TABS 1 HALF TABLET,3.73,1.492,1.49,3.36,17
,,LEUCOVORIN 25 MG TABS 25 EACH BOTTLE,123.67,49.468,49.47,111.3,17
,,LEVALBUTEROL 45 MCG/ACT AEROSOL 15 G INHALER,395.51,158.204,158.2,355.96,17
,,LEVETIRACETAM 100 MG/ML ORAL SOLN 473 ML BOTTLE,1416.45,566.58,566.58,1274.81,17
,,LEVETIRACETAM 100 MG/ML ORAL SOLN 5 ML BOX,20.4,8.16,8.16,18.36,17
,,LEVETIRACETAM 100 MG/ML ORAL SOLN 5 ML CUP,46.73,18.692,8.16,42.06,102
,,LEVETIRACETAM 100 MG/ML SOLN 473 ML BOTTLE,1335.94,534.376,534.38,1202.35,17
,,LEVETIRACETAM 250 MG TABS 1 EACH,3.0,1.2,1.2,2.7,17
,,LEVETIRACETAM 250 MG TABS 100 EACH BOX,3.0,1.2,1.2,2.7,34
,,LEVETIRACETAM 500 MG TABS 1 EACH,17.57,7.028,1.44,15.81,34
,,LEVETIRACETAM 500 MG TABS 100 EACH BOX,17.57,7.028,1.2,15.81,51
,,LEVETIRACETAM 750 MG TABS 1 EACH,4.2,1.68,1.68,3.78,17
,,LEVETIRACETAM 750 MG TABS 100 EACH BOX,4.2,1.68,1.2,3.78,34
,,LEVOBUNOLOL 0.5 % SOLN 5 ML BOTTLE,120.9,48.36,48.36,108.81,17
,,LEVOCARNITINE 1 GM/10ML SOLN 10 ML ORAL SYRINGE,25.8,10.32,10.32,23.22,17
,,LEVOCARNITINE 1 GM/10ML SOLN 118 ML BOTTLE,304.44,121.776,121.78,327.8,34
,,LEVOCARNITINE 200 MG/ML SOLN 5 ML VIAL,214.03,85.612,85.61,192.63,17
,,LEVOCARNITINE 330 MG TABS 90 EACH BOX,5.49,2.196,2.2,4.94,17
,,LEVOFLOXACIN 25 MG/ML SOLN 10 ML ORAL SYRINGE,158.9,63.56,63.56,143.01,17
,,LEVOFLOXACIN 25 MG/ML SOLN 480 ML BOTTLE,6406.85,2562.74,2562.74,5766.17,17
,,LEVOFLOXACIN 250 MG TABS 100 EACH BOX,73.63,29.452,29.45,66.27,17
,,LEVOFLOXACIN 500 MG TABS 100 EACH BOX,84.11,33.644,33.64,75.7,17
,,LEVOFLOXACIN 750 MG TABS 100 EACH BOX,123.07,49.228,49.23,110.76,17
,,LEVONORGESTREL 1.5 MG TABS 1 EACH BOX,182.8,73.12,73.12,164.52,17
,,LEVONORGESTREL 20.1 MCG/DAY IUD 1 EACH BOX,4695.94,1878.376,1878.38,4226.35,14
,,LEVOTHYROXINE 100 MCG TABS 1 EACH,3.62,1.448,1.22,3.26,34
,,LEVOTHYROXINE 100 MCG TABS 100 EACH BOX,3.62,1.448,1.22,3.26,34
,,LEVOTHYROXINE 100 MCG TABS 30 EACH BOTTLE,3.0,1.2,1.2,2.7,17
,,LEVOTHYROXINE 112 MCG TABS 1 EACH,4.09,1.636,1.64,3.68,17
,,LEVOTHYROXINE 112 MCG TABS 100 EACH BOX,4.09,1.636,1.64,3.68,17
,,LEVOTHYROXINE 125 MCG TABS 1 EACH,3.6,1.44,1.44,3.83,34
,,LEVOTHYROXINE 125 MCG TABS 100 EACH BOX,4.26,1.704,1.44,3.83,34
,,LEVOTHYROXINE 137 MCG TABS 1 EACH,4.3,1.72,1.46,3.87,34
,,LEVOTHYROXINE 137 MCG TABS 100 EACH BOTTLE,3.34,1.336,1.34,3.01,17
,,LEVOTHYROXINE 137 MCG TABS 100 EACH BOX,4.3,1.72,1.46,3.87,34
,,LEVOTHYROXINE 150 MCG TABS 1 EACH,4.38,1.752,1.75,3.94,17
,,LEVOTHYROXINE 150 MCG TABS 100 EACH BOX,4.38,1.752,1.75,3.94,17
,,LEVOTHYROXINE 175 MCG TABS 1 EACH,5.09,2.036,1.76,4.58,34
,,LEVOTHYROXINE 175 MCG TABS 100 EACH BOX,5.09,2.036,1.76,4.58,34
,,LEVOTHYROXINE 200 MCG TABS 1 EACH,6.0,2.4,2.4,5.4,17
,,LEVOTHYROXINE 200 MCG TABS 100 EACH BOX,6.0,2.4,2.4,8.94,34
,,LEVOTHYROXINE 25 MCG TABS 1 EACH,3.0,1.2,1.2,2.7,34
,,LEVOTHYROXINE 25 MCG TABS 1 TABLET,3.0,1.2,1.2,2.7,17
,,LEVOTHYROXINE 25 MCG TABS 100 EACH BOX,3.0,1.2,1.2,2.7,34
,,LEVOTHYROXINE 25 MCG TABS 90 EACH BOTTLE,3.0,1.2,1.2,2.7,17
,,LEVOTHYROXINE 300 MCG TABS 90 EACH BOTTLE,5.39,2.156,2.16,4.89,34
,,LEVOTHYROXINE 50 MCG TABS 1 EACH,3.0,1.2,1.2,2.7,34
,,LEVOTHYROXINE 50 MCG TABS 100 EACH BOX,3.0,1.2,1.2,2.7,17
,,LEVOTHYROXINE 75 MCG TABS 1 EACH,3.53,1.412,1.2,3.18,34
,,LEVOTHYROXINE 75 MCG TABS 100 EACH BOX,3.0,1.2,1.2,2.7,17
,,LEVOTHYROXINE 88 MCG TABS 1 EACH,3.5,1.4,1.4,3.15,17
,,LEVOTHYROXINE 88 MCG TABS 100 EACH BOX,3.5,1.4,1.22,3.15,34
,,LIDO-RACEPINEPHRINE-TETRACAINE GEL 3 ML SYRINGE,96.95,38.78,30.38,87.26,34
,,LIDOCAINE (BUFFERED) 1 SYRINGE,35.0,14.0,14.0,31.5,34
,,LIDOCAINE (CARDIAC) 100 MG/5ML SOSY 5 ML SYRINGE,43.63,17.452,17.44,48.38,68
,,LIDOCAINE 0.5 % SOLN 50 ML VIAL,35.0,14.0,14.0,31.5,17
,,LIDOCAINE 1 % SOLN 0.5 ML SYRINGE,3.0,1.2,1.2,2.7,17
,,LIDOCAINE 1 % SOLN 10 ML VIAL,35.0,14.0,14.0,31.5,51
,,LIDOCAINE 1 % SOLN 2 ML VIAL,35.0,14.0,14.0,31.5,17
,,LIDOCAINE 1 % SOLN 20 ML VIAL,35.0,14.0,14.0,31.5,68
,,LIDOCAINE 1 % SOLN 5 ML VIAL,35.0,14.0,14.0,31.5,17
,,LIDOCAINE 1 % SOLN 50 ML VIAL,35.0,14.0,14.0,33.75,85
,,LIDOCAINE 4 % CREA 5 G TUBE,21.0,8.4,8.4,18.9,17
,,LIDOCAINE 4 % PTCH 1 EACH PACKET,11.73,4.692,4.69,10.56,17
,,LIDOCAINE 4 % PTCH 15 EACH BOX,13.13,5.252,5.25,11.82,17
,,LIDOCAINE 4 % PTCH 3 EACH BOX,22.49,8.996,9.0,20.24,17
,,LIDOCAINE 4 % PTCH 30 EACH BOX,6.53,2.612,2.61,10.56,34
,,LIDOCAINE 4 % PTCH 5 EACH BOX,13.49,5.396,5.4,12.14,17
,,LIDOCAINE 4 % PTCH 6 EACH BOX,10.83,4.332,4.33,9.75,17
,,LIDOCAINE 4 % SOLN 50 ML BOTTLE,323.25,129.3,63.8,290.93,51
,,LIDOCAINE 5 % OINT 35.44 G TUBE,1456.62,582.648,552.0,1310.96,51
,,LIDOCAINE 5 % PTCH 1 EACH BOX,46.8,18.72,18.72,46.26,34
,,LIDOCAINE 5 % PTCH 1 EACH PACKAGE,17.1,6.84,6.84,143.15,51
,,LIDOCAINE 5 % PTCH 30 EACH BOX,159.04,63.616,6.84,143.14,102
,,LIDOCAINE HCL (CARDIAC) 50 MG/5ML SOSY 5 ML SYRINGE,130.63,52.252,52.25,117.57,17
,,LIDOCAINE HCL (PF) 1 % SOLN 10 ML AMPULE,35.7,14.28,14.28,32.13,17
,,LIDOCAINE HCL (PF) 1 % SOLN 2 ML VIAL,35.0,14.0,14.0,31.5,51
,,LIDOCAINE HCL (PF) 1 % SOLN 20 ML VIAL,87.5,35.0,35.0,78.75,17
,,LIDOCAINE HCL (PF) 1 % SOLN 30 ML VIAL,70.8,28.32,14.0,63.72,34
,,LIDOCAINE HCL (PF) 1 % SOLN 5 ML AMPULE,35.0,14.0,14.0,31.5,34
,,LIDOCAINE HCL (PF) 1 % SOLN 5 ML VIAL,35.0,14.0,14.0,31.5,153
,,LIDOCAINE HCL (PF) 10 MG/ML SOSY 5 ML SYRINGE,35.0,14.0,14.0,31.5,17
,,LIDOCAINE HCL (PF) 2 % SOLN 10 ML AMPULE,43.4,17.36,16.64,39.06,51
,,LIDOCAINE HCL (PF) 2 % SOLN 2 ML VIAL,35.0,14.0,14.0,31.5,17
,,LIDOCAINE HCL (PF) 2 % SOLN 5 ML VIAL,35.0,14.0,14.0,31.5,102
,,LIDOCAINE HCL 0.5 % SOLN 50 ML VIAL,35.0,14.0,14.0,31.5,34
,,LIDOCAINE HCL 2 % LIQD 120 ML BOTTLE,103.8,41.52,41.52,93.42,17
,,LIDOCAINE HCL 4 % SOLN 4 ML BOTTLE,181.2,72.48,72.48,163.08,17
,,LIDOCAINE HCL URETHRAL/MUCOSAL 2 % GEL 30 ML TUBE,590.36,236.144,236.14,531.32,17
,,LIDOCAINE HCL URETHRAL/MUCOSAL 2 % GEL 5 ML TUBE,42.0,16.8,16.8,37.8,34
,,LIDOCAINE HCL URETHRAL/MUCOSAL 2 % PRSY 10 ML SYRINGE,42.25,16.9,16.9,38.03,17
,,LIDOCAINE HCL URETHRAL/MUCOSAL 2 % PRSY 11 ML SYRINGE,38.12,15.248,15.25,34.31,17
,,LIDOCAINE HCL URETHRAL/MUCOSAL 2 % PRSY 5 ML SYRINGE,37.93,15.172,15.17,34.14,17
,,LIDOCAINE HCL URETHRAL/MUCOSAL 2 % PRSY 6 ML SYRINGE,35.7,14.28,14.28,32.13,17
,,LIDOCAINE INJECTION 2 % SOLN 10 ML VIAL,35.0,14.0,14.0,31.5,34
,,LIDOCAINE INJECTION 2 % SOLN 20 ML VIAL,35.0,14.0,14.0,31.5,51
,,LIDOCAINE INJECTION 2 % SOLN 50 ML VIAL,35.0,14.0,14.0,31.5,17
,,LIDOCAINE VISCOUS HCL 2 % SOLN 100 ML BOTTLE,3.3,1.32,1.32,2.97,34
,,LIDOCAINE VISCOUS HCL 2 % SOLN 15 ML BOX,12.83,5.132,5.13,11.55,17
,,LIDOCAINE VISCOUS HCL 2 % SOLN 15 ML CUP,3.0,1.2,1.2,11.55,85
,,LIDOCAINE VISCOUS HCL 2 % SOLN 5 ML ORAL SYRINGE,3.3,1.32,1.32,2.97,17
,,LIDOCAINE W/ EPINEPHRINE BUFFERED 1 SYRINGE,35.0,14.0,14.0,31.5,17
,,LIDOCAINE-EPINEPHRINE (PF) 1 %-1:200000 SOLN 10 ML VIAL,35.0,14.0,14.0,31.5,17
,,LIDOCAINE-EPINEPHRINE (PF) 2 %-1:200000 SOLN 20 ML VIAL,35.0,14.0,14.0,31.5,85
,,LIDOCAINE-EPINEPHRINE 0.5 %-1:200000 SOLN 50 ML VIAL,35.0,14.0,14.0,31.5,68
,,LIDOCAINE-EPINEPHRINE 1 %-1:100000 SOLN 10 ML VIAL,35.0,14.0,14.0,31.5,34
,,LIDOCAINE-EPINEPHRINE 1 %-1:100000 SOLN 20 ML VIAL,35.0,14.0,14.0,31.5,85
,,LIDOCAINE-EPINEPHRINE 1 %-1:100000 SOLN 30 ML VIAL,35.0,14.0,14.0,31.5,34
,,LIDOCAINE-EPINEPHRINE 1 %-1:100000 SOLN 50 ML VIAL,35.0,14.0,14.0,31.5,68
,,LIDOCAINE-EPINEPHRINE 2 %-1:100000 SOLN 20 ML VIAL,35.0,14.0,14.0,31.5,51
,,LIDOCAINE-EPINEPHRINE 2 %-1:100000 SOLN 50 ML VIAL,35.0,14.0,14.0,31.5,17
,,LIDOCAINE-EPINEPHRINE-TETRACAINE SOLN 3 ML,40.01,16.004,5.0,36.01,34
,,LIDOCAINE-EPINEPHRINE-TETRACAINE SOLN 5 ML,12.5,5.0,5.0,11.25,17
,,LIDOCAINE-MAALOX-DIPHENHYDRAMINE SUSP 15 ML CUP,47.48,18.992,18.99,42.73,17
,,LIDOCAINE-MAALOX-DIPHENHYDRAMINE SUSP 300 ML BOTTLE,73.5,29.4,29.4,66.15,17
,,LIDOCAINE-MAALOX-DIPHENHYDRAMINE-NYSTATIN SUSP 15 ML,4.88,1.952,1.95,4.39,17
,,LIDOCAINE-PRILOCAINE 2.5-2.5 % CREA 30 G TUBE,265.65,106.26,106.26,239.09,17
,,LIDOCAINE-PRILOCAINE 2.5-2.5 % CREA 5 G TUBE,40.2,16.08,16.08,44.62,34
,,LIDOCAINE-PRILOCAINE 2.5-2.5 % KIT 1 EACH BOX,49.6,19.84,19.84,44.64,17
,,LIDOCAINE-SODIUM BICARBONATE 1-8.4 % SOSY 10 ML SYRINGE,35.0,14.0,14.0,31.5,17
,,LINACLOTIDE 145 MCG CAPS 30 EACH BOTTLE,56.5,22.6,22.6,50.85,17
,,LINEZOLID 100 MG/5ML SUSR 150 ML BOTTLE,4018.14,1607.256,743.54,3616.33,51
,,LINEZOLID 100 MG/5ML SUSR 30 ML ORAL SYRINGE,880.16,352.064,352.06,792.14,17
,,LINEZOLID 600 MG TABS 1 EACH,581.13,232.452,232.45,760.37,34
,,LINEZOLID 600 MG TABS 100 EACH BOTTLE,844.85,337.94,337.94,760.37,17
,,LINEZOLID 600 MG TABS 20 EACH BOTTLE,844.85,337.94,337.94,760.37,17
,,LINEZOLID 600 MG TABS 30 EACH BOX,581.13,232.452,232.45,760.37,34
,,LIOTHYRONINE 25 MCG TABS 100 EACH BOTTLE,5.21,2.084,2.08,4.69,17
,,LIOTHYRONINE 25 MCG TABS 90 EACH BOTTLE,5.5,2.2,2.2,4.95,17
,,LIOTHYRONINE 5 MCG TABS 100 EACH BOTTLE,3.0,1.2,1.2,3.56,51
,,LISDEXAMFETAMINE 20 MG CAPS 100 EACH BOTTLE,69.8,27.92,23.08,69.8,51
,,LISDEXAMFETAMINE 30 MG CAPS 100 EACH BOTTLE,66.41,26.564,26.56,69.8,34
,,LISDEXAMFETAMINE 40 MG CAPS 100 EACH BOTTLE,77.56,31.024,31.02,69.8,17
,,LISDEXAMFETAMINE 50 MG CAPS 100 EACH BOTTLE,77.56,31.024,31.02,69.8,17
,,LISDEXAMFETAMINE 60 MG CAPS 100 EACH BOTTLE,77.56,31.024,31.02,69.8,17
,,LISDEXAMFETAMINE 70 MG CAPS 100 EACH BOTTLE,77.56,31.024,31.02,69.8,17
,,LISINOPRIL 10 MG TABS 1 EACH,3.0,1.2,1.2,2.7,17
,,LISINOPRIL 10 MG TABS 100 EACH BOX,3.0,1.2,1.2,2.7,34
,,LISINOPRIL 2.5 MG TABS 1 EACH,3.42,1.368,1.37,3.08,34
,,LISINOPRIL 2.5 MG TABS 100 EACH BOTTLE,3.25,1.3,1.3,2.93,17
,,LISINOPRIL 2.5 MG TABS 30 EACH BOX,3.42,1.368,1.37,3.08,34
,,LISINOPRIL 20 MG TABS 1 EACH,3.0,1.2,1.2,2.7,17
,,LISINOPRIL 20 MG TABS 100 EACH BOX,3.0,1.2,1.2,2.7,34
,,LISINOPRIL 40 MG TABS 100 EACH BOX,3.0,1.2,1.2,2.7,17
,,LISINOPRIL 5 MG TABS 100 EACH BOX,3.0,1.2,1.2,2.7,17
,,LISINOPRIL-HYDROCHLOROTHIAZIDE 10-12.5 MG TABS 100 EACH BOTTLE,5.6,2.24,2.24,5.04,17
,,LISINOPRIL-HYDROCHLOROTHIAZIDE 20-12.5 MG TABS 100 EACH BOTTLE,6.07,2.428,2.43,5.46,17
,,LISINOPRIL-HYDROCHLOROTHIAZIDE 20-25 MG TABS 100 EACH BOTTLE,6.14,2.456,2.46,5.53,17
,,LITHIUM 300 MG CAPS 100 EACH BOTTLE,3.0,1.2,1.2,2.7,17
,,LITHIUM 300 MG CAPS 100 EACH BOX,3.0,1.2,1.2,2.7,17
,,LITHIUM 300 MG TAB CR 1 EACH,3.0,1.2,1.2,2.7,17
,,LITHIUM 300 MG TAB CR 100 EACH BOX,3.0,1.2,1.2,2.7,17
,,LITHIUM 300 MG TABS 100 EACH BOTTLE,3.0,1.2,1.2,2.7,17
,,LITHIUM 300 MG TABS 100 EACH BOX,3.0,1.2,1.2,2.7,17
,,LITHIUM 450 MG TAB CR 1 EACH,3.78,1.512,1.51,3.4,34
,,LITHIUM 450 MG TAB CR 100 EACH BOX,3.78,1.512,1.51,3.4,34
,,LITHIUM 8 MEQ/5ML SOLN 5 ML ORAL SYRINGE,16.2,6.48,6.48,14.58,17
,,LITHIUM 8 MEQ/5ML SOLN 500 ML BOTTLE,1490.4,596.16,596.16,1341.36,17
,,LIVER DIALYSIS SUPPLIES XMARS,5500.0,2200.0,2200.0,4950.0,17
,,LIVER TRAN-CADAVER EACH SUB 30 MIN,2692.0,1076.8,1076.8,2422.8,15
,,LIVER TRAN-CADAVER INITIAL 30 MIN,10663.0,4265.2,4265.2,9596.7,15
,,LIVER TRAN-LIVE DONOR EACH SUB 30MIN,2692.0,1076.8,1076.8,2422.8,15
,,LIVER TRAN-LIVE DONOR INITIAL 30 MIN,9000.0,3600.0,3600.0,8100.0,15
,,LOCAL ANESTHESIA INITIAL MIN,250.0,100.0,100.0,225.0,17
,,LOPERAMIDE 2 MG CAPS 1 EACH,5.1,2.04,1.74,4.59,34
,,LOPERAMIDE 2 MG CAPS 100 EACH BOTTLE,6.83,2.732,2.73,6.15,17
,,LOPERAMIDE 2 MG CAPS 100 EACH BOX,5.1,2.04,1.61,4.59,51
,,LOPERAMIDE HCL 1 MG/7.5ML SOLN 120 ML BOTTLE,23.4,9.36,9.36,21.06,17
,,LOPERAMIDE HCL 1 MG/7.5ML SOLN 15 ML ORAL SYRINGE,3.0,1.2,1.2,2.7,17
,,LOPERAMIDE HCL 1 MG/7.5ML SOLN 7.5 ML CUP,15.71,6.284,6.28,14.14,17
,,LOPINAVIR-RITONAVIR 200-50 MG TABS 120 EACH BOTTLE,46.08,18.432,18.43,46.09,34
,,LOPINAVIR-RITONAVIR 400-100 MG/5ML SOLN 160 ML BOTTLE,2193.41,877.364,877.36,1974.07,17
,,LORATADINE 10 MG TABS 1 EACH,3.51,1.404,1.4,3.85,34
,,LORATADINE 10 MG TABS 100 EACH BOX,3.51,1.404,1.4,3.85,34
,,LORATADINE 5 MG/5ML SOLN 10 ML ORAL SYRINGE,3.0,1.2,1.2,2.7,17
,,LORATADINE 5 MG/5ML SOLN 120 ML BOTTLE,3.0,1.2,1.2,2.7,17
,,LORAZEPAM 0.5 MG TABS 1 EACH,10.0,4.0,4.0,9.0,17
,,LORAZEPAM 0.5 MG TABS 100 EACH BOTTLE,10.0,4.0,4.0,219.54,68
,,LORAZEPAM 0.5 MG TABS 100 EACH BOX,10.0,4.0,4.0,9.0,17
,,LORAZEPAM 0.5 MG TABS 1000 EACH BOTTLE,10.0,4.0,4.0,9.0,17
,,LORAZEPAM 0.5 MG TABS 500 EACH BOTTLE,10.0,4.0,4.0,9.0,17
,,LORAZEPAM 1 MG TABS 1 EACH,10.0,4.0,4.0,9.0,17
,,LORAZEPAM 1 MG TABS 100 EACH BOTTLE,10.0,4.0,4.0,9.0,68
,,LORAZEPAM 1 MG TABS 100 EACH BOX,10.0,4.0,4.0,9.0,17
,,LORAZEPAM 2 MG TABS 1 EACH,10.0,4.0,4.0,9.0,17
,,LORAZEPAM 2 MG TABS 100 EACH BOTTLE,10.0,4.0,4.0,9.0,34
,,LORAZEPAM 2 MG TABS 100 EACH BOX,10.0,4.0,4.0,9.0,17
,,LORAZEPAM 2 MG TABS 1000 EACH BOTTLE,10.0,4.0,4.0,9.0,17
,,LOSARTAN 12.5 MG TABS 1 HALF TABLET,4.21,1.684,1.68,3.79,17
,,LOSARTAN 25 MG TABS 1 EACH,8.39,3.356,3.36,7.55,17
,,LOSARTAN 25 MG TABS 100 EACH BOX,8.39,3.356,3.36,7.55,17
,,LOSARTAN 25 MG TABS 90 EACH BOTTLE,8.39,3.356,3.36,7.57,34
,,LOSARTAN 50 MG TABS 1 EACH,11.25,4.5,4.5,10.13,17
,,LOSARTAN 50 MG TABS 100 EACH BOX,11.25,4.5,4.5,10.13,17
,,LOSARTAN-HYDROCHLOROTHIAZIDE 100-25 MG TABS 90 EACH BOTTLE,17.04,6.816,6.82,15.34,68
,,LOSARTAN-HYDROCHLOROTHIAZIDE 50-12.5 MG TABS 30 EACH BOTTLE,31.19,12.476,5.0,28.07,68
,,LOSARTAN-HYDROCHLOROTHIAZIDE 50-12.5 MG TABS 90 EACH BOTTLE,12.51,5.004,5.0,11.26,17
,,LOTEPREDNOL 0.5 % SUSP 5 ML BOTTLE,1179.67,471.868,322.52,1604.12,51
,,LOVASTATIN 10 MG TABS 60 EACH BOTTLE,6.73,2.692,2.69,6.06,17
,,LOVASTATIN 20 MG TABS 100 EACH BOTTLE,11.87,4.748,4.75,10.68,17
,,LOXAPINE 10 MG CAPS 100 EACH BOTTLE,6.36,2.544,2.54,5.72,17
,,LOXAPINE 25 MG CAPS 100 EACH BOTTLE,9.63,3.852,3.85,8.67,17
,,LUBIPROSTONE 24 MCG CAPS 60 EACH BOTTLE,37.11,14.844,14.84,33.4,17
,,LUBIPROSTONE 8 MCG CAPS 60 EACH BOTTLE,33.4,13.36,13.36,33.4,34
,,LUBRIFRESH P.M. OINT 3.5 G TUBE,43.7,17.48,12.94,39.33,34
,,LUGOLS STRONG IODINE 5-10 % SOLN 10 ML CUP,65.15,26.06,26.06,58.64,17
,,LUGOLS STRONG IODINE 5-10 % SOLN 8 ML VIAL,52.08,20.832,20.83,46.91,34
,,LURASIDONE 20 MG TABS 30 EACH BOX,4.17,1.668,1.67,3.75,17
,,LURASIDONE 40 MG TABS 1 EACH,25.67,10.268,10.27,23.1,17
,,LURASIDONE 40 MG TABS 100 EACH BOX,5.55,2.22,2.22,5.0,17
,,LURASIDONE 40 MG TABS 30 EACH BOTTLE,255.16,102.064,102.06,263.03,34
,,LURASIDONE 40 MG TABS 30 EACH BOX,25.67,10.268,10.27,23.1,17
,,MAALOX-DIPHENHYDRAMINE SUSP 30 ML,4.5,1.8,1.8,4.05,17
,,MAFENIDE 5 % PACK 1 EACH PACKET,739.62,295.848,295.85,665.66,17
,,MAFENIDE 5 % PACK 5 EACH BOX,739.62,295.848,295.85,665.66,17
,,MAFENIDE 85 MG/GM CREA 113.4 G TUBE,642.14,256.856,256.86,577.93,17
,,MAFENIDE 85 MG/GM CREA 56.7 G TUBE,399.84,159.936,159.94,359.86,17
,,MAGNESIUM 84 MG (7MEQ) TAB CR 100 EACH BOTTLE,3.0,1.2,1.2,2.7,34
,,MAGNESIUM CHLORIDE 200 MG/ML SOLN 50 ML VIAL,95.5,38.2,38.2,85.95,17
,,MAGNESIUM CITRATE SOLN 296 ML BOTTLE,8.14,3.256,3.26,7.99,51
,,MAGNESIUM GLUCONATE 500 MG TABS 100 EACH BOTTLE,3.0,1.2,1.2,2.7,17
,,MAGNESIUM HYDROXIDE 400 MG/5 ML SUSP 15 ML CUP,3.0,1.2,1.2,2.7,17
,,MAGNESIUM HYDROXIDE 400 MG/5 ML SUSP 30 ML CUP,3.0,1.2,1.2,2.7,34
,,MAGNESIUM HYDROXIDE 400 MG/5ML SUSP 30 ML CUP,3.0,1.2,1.2,2.7,34
,,MAGNESIUM HYDROXIDE 400 MG/5ML SUSP 473 ML BOTTLE,3.0,1.2,1.2,2.7,17
,,MAGNESIUM HYDROXIDE 400 MG/5ML SUSP 5 ML ORAL SYRINGE,3.0,1.2,1.2,2.7,17
,,MAGNESIUM OXIDE 400 (240 MG) MG TABS 100 EACH BOX,3.0,1.2,1.2,2.7,17
,,MAGNESIUM OXIDE 400 (240 MG) MG TABS 120 EACH BOTTLE,3.0,1.2,1.2,2.7,17
,,MAGNESIUM SULFATE (LAXATIVE) GRAN 454 G BAG,13.62,5.448,5.45,12.26,17
,,MAGNESIUM SULFATE (LAXATIVE) GRAN 454 G PACKAGE,11.35,4.54,4.54,10.22,17
,,MAGNETIC EXCH DEVICE,325.0,130.0,130.0,292.5,17
,,MALATHION 0.5 % LOTN 59 ML BOTTLE,1224.01,489.604,489.6,1101.61,17
,,MANNITOL 20 % SOLN 250 ML FLEX CONT,327.5,131.0,131.0,294.75,17
,,MANNITOL 20 % SOLN 500 ML FLEX CONT,302.5,121.0,46.0,312.57,68
,,MARAVIROC 150 MG TABS 60 EACH BOTTLE,173.01,69.204,69.2,155.71,17
,,MARIBAVIR 200 MG TABS 28 EACH BOTTLE,1264.02,505.608,505.61,1137.62,17
,,MASTISOL ADHESIVE LIQD 1 EACH BOX,11.75,4.7,4.7,10.58,17
,,MASTISOL ADHESIVE LIQD 48 EACH BOX,11.74,4.696,4.7,10.57,17
,,MECLIZINE 12.5 MG TABS 1 EACH,3.5,1.4,1.4,3.15,17
,,MECLIZINE 12.5 MG TABS 100 EACH BOX,3.55,1.42,1.42,3.2,17
,,MECLIZINE 12.5 MG TABS 50 EACH BOX,3.5,1.4,1.4,3.15,17
,,MECLIZINE 25 MG TABS 1 EACH,4.28,1.712,1.71,3.85,17
,,MECLIZINE 25 MG TABS 100 EACH BOX,4.28,1.712,1.71,3.85,17
,,MECLOFENAMATE 100 MG CAPS 100 EACH BOTTLE,38.69,15.476,15.48,34.82,17
,,MEDICAL MAGGOTS 1 EACH,1334.0,533.6,533.6,1200.6,17
,,MEDROXYPROGESTERONE 10 MG TABS 1 EACH BOX,8.38,3.352,3.35,7.54,17
,,MEDROXYPROGESTERONE 10 MG TABS 30 EACH BOX,8.38,3.352,3.35,7.54,17
,,MEDROXYPROGESTERONE 2.5 MG TABS 100 EACH BOTTLE,3.0,1.2,1.2,2.7,17
,,MEDROXYPROGESTERONE 5 MG TABS 100 EACH BOTTLE,3.0,1.2,1.2,2.7,17
,,MEFLOQUINE 250 MG TABS 25 EACH BOTTLE,67.74,27.096,27.1,60.97,17
,,MEFLOQUINE 250 MG TABS 25 EACH BOX,52.95,21.18,21.18,47.66,17
,,MEGESTROL 20 MG TABS 100 EACH BOTTLE,10.0,4.0,4.0,9.0,51
,,MEGESTROL 40 MG TABS 100 EACH BOTTLE,10.0,4.0,4.0,9.0,17
,,MEGESTROL 40 MG TABS 100 EACH BOX,10.0,4.0,4.0,9.0,17
,,MEGESTROL 40 MG/ML SUSP 10 ML CUP,35.95,14.38,14.06,32.36,51
,,MEGESTROL 40 MG/ML SUSP 240 ML BOTTLE,662.4,264.96,264.96,596.16,51
,,MEGESTROL ACETATE 400 MG/10ML SUSP 10 ML CUP,35.15,14.06,14.06,31.64,17
,,MELATONIN 3 MG TABS 1 EACH,3.0,1.2,1.2,2.7,17
,,MELATONIN 3 MG TABS 100 EACH BOX,3.0,1.2,1.2,2.7,34
,,MELOXICAM 15 MG TABS 100 EACH BOTTLE,24.22,9.688,9.69,21.8,17
,,MELOXICAM 7.5 MG TABS 1 EACH,15.49,6.196,6.2,13.94,17
,,MELOXICAM 7.5 MG TABS 50 EACH BOX,15.49,6.196,6.2,13.94,17
,,MEMANTINE 10 MG TABS 1 EACH,30.52,12.208,12.21,27.47,17
,,MEMANTINE 10 MG TABS 100 EACH BOX,4.77,1.908,1.91,4.29,17
,,MEMANTINE 5 MG TABS 1 EACH,30.52,12.208,12.21,27.47,17
,,MEMANTINE 5 MG TABS 100 EACH BOTTLE,4.77,1.908,1.91,4.29,17
,,MEMANTINE 5 MG TABS 100 EACH BOX,30.52,12.208,12.21,27.47,17
,,MEMANTINE 5 MG TABS 60 EACH BOTTLE,30.52,12.208,12.21,27.47,17
,,MENTHOL-CETYLPYRIDINIUM 3 MG LOZG 9 EACH BOX,3.0,1.2,1.2,2.7,17
,,MEPERIDINE 50 MG/5ML SOLN 500 ML BOTTLE,10.0,4.0,4.0,9.0,17
,,MEPROBAMATE 400 MG TABS 100 EACH BOTTLE,41.25,16.5,16.5,37.13,17
,,MERCAPTOPURINE 2000 MG/100ML SUSP 100 ML BOTTLE,7221.9,2888.76,2888.76,6499.71,17
,,MERCAPTOPURINE 50 MG TABS 25 EACH BOTTLE,20.45,8.18,8.18,36.84,34
,,MERCAPTOPURINE 50 MG/ML SUSP 1 ML,10.42,4.168,4.17,9.38,17
,,MEROPENEM 1 GM/50ML SOLR 1 EACH FLEX CONT,179.46,71.784,71.78,161.51,17
,,MESALAMINE 1.2 G TBEC 30 EACH BOX,62.4,24.96,24.96,56.16,17
,,MESALAMINE 1000 MG SUPP 30 EACH BOX,232.36,92.944,92.94,209.12,17
,,MESALAMINE 250 MG CPCR 240 EACH BOTTLE,18.22,7.288,7.29,16.4,17
,,MESALAMINE 400 MG CPDR 180 EACH BOTTLE,23.28,9.312,8.85,20.95,34
,,MESALAMINE-CLEANSER 4 G KIT 1 EACH BOX,786.83,314.732,314.73,708.15,17
,,METAXALONE 800 MG TABS 100 EACH BOTTLE,29.95,11.98,11.98,26.96,17
,,METFORMIN 500 MG TABS 1 EACH,3.51,1.404,1.4,3.16,17
,,METFORMIN 500 MG TABS 100 EACH BOTTLE,3.52,1.408,1.41,3.17,17
,,METFORMIN 500 MG TABS 100 EACH BOX,3.0,1.2,1.2,3.16,34
,,METFORMIN 500 MG TB24 1 EACH,3.11,1.244,1.24,2.8,17
,,METFORMIN 500 MG TB24 100 EACH BOTTLE,3.73,1.492,1.49,3.36,17
,,METFORMIN 500 MG TB24 50 EACH BOX,3.11,1.244,1.24,2.8,17
,,METFORMIN 750 MG TB24 100 EACH BOTTLE,3.0,1.2,1.2,5.39,34
,,METFORMIN 850 MG TABS 100 EACH BOX,6.02,2.408,2.41,5.42,17
,,METFORMIN HCL 500 MG/5ML SOLN 118 ML BOTTLE,915.7,366.28,366.28,824.13,17
,,METHADONE 1 MG/ML SOSY 1 ML SYRINGE,54.9,21.96,21.96,86.45,51
,,METHADONE 10 MG TABS 1 EACH,10.0,4.0,4.0,9.0,34
,,METHADONE 10 MG TABS 100 EACH BOX,10.0,4.0,4.0,9.0,51
,,METHADONE 5 MG TABS 1 EACH,10.0,4.0,4.0,9.0,17
,,METHADONE 5 MG TABS 100 EACH BOTTLE,10.0,4.0,4.0,9.0,17
,,METHADONE 5 MG TABS 100 EACH BOX,10.0,4.0,4.0,9.0,17
,,METHADONE 5 MG/5ML SOLN 0.5 ML ORAL SYRINGE,10.0,4.0,4.0,9.0,17
,,METHADONE 5 MG/5ML SOLN 1 ML ORAL SYRINGE,10.0,4.0,4.0,9.0,17
,,METHADONE 5 MG/5ML SOLN 2 ML ORAL SYRINGE,10.0,4.0,4.0,9.0,17
,,METHADONE 5 MG/5ML SOLN 5 ML CUP,12.05,4.82,4.82,10.85,34
,,METHADONE 5 MG/5ML SOLN 5 ML ORAL SYRINGE,10.0,4.0,4.0,9.0,17
,,METHADONE 5 MG/5ML SOLN 500 ML BOTTLE,350.0,140.0,80.0,315.0,34
,,METHAZOLAMIDE 25 MG TABS 100 EACH BOTTLE,9.18,3.672,3.67,22.99,34
,,METHAZOLAMIDE 50 MG TABS 100 EACH BOTTLE,17.95,7.18,7.18,45.97,34
,,METHENAMINE 0.5 GM TABS 100 EACH BOTTLE,9.0,3.6,3.6,8.1,17
,,METHENAMINE 1 G TABS 1 EACH,17.09,6.836,6.84,15.38,17
,,METHENAMINE 1 G TABS 100 EACH BOTTLE,10.46,4.184,4.18,9.41,17
,,METHENAMINE 1 G TABS 50 EACH BOX,17.09,6.836,6.84,15.38,17
,,METHIMAZOLE 10 MG TABS 1 EACH,5.0,2.0,2.0,4.5,17
,,METHIMAZOLE 10 MG TABS 100 EACH BOX,4.98,1.992,1.99,4.48,17
,,METHIMAZOLE 5 MG TABS 1 EACH,3.6,1.44,1.44,3.24,17
,,METHIMAZOLE 5 MG TABS 100 EACH BOTTLE,3.0,1.2,1.2,2.7,17
,,METHIMAZOLE 5 MG TABS 100 EACH BOX,3.58,1.432,1.43,3.22,17
,,METHOCARBAMOL 500 MG TABS 1 EACH,3.0,1.2,1.2,2.7,17
,,METHOCARBAMOL 500 MG TABS 100 EACH BOTTLE,3.0,1.2,1.2,2.7,17
,,METHOCARBAMOL 500 MG TABS 100 EACH BOX,3.0,1.2,1.2,2.7,34
,,METHOCARBAMOL 500 MG TABS 500 EACH BOTTLE,3.0,1.2,1.2,2.7,17
,,METHOCARBAMOL 750 MG TABS 1 EACH,3.0,1.2,1.2,2.7,34
,,METHOCARBAMOL 750 MG TABS 100 EACH BOTTLE,3.63,1.452,1.45,3.27,17
,,METHOCARBAMOL 750 MG TABS 100 EACH BOX,3.0,1.2,1.2,2.7,51
,,METHOCARBAMOL 750 MG TABS 50 EACH BOX,3.0,1.2,1.2,2.7,17
,,METHOHEXITAL 0.5 G SOLR 1 EACH VIAL,615.66,246.264,246.26,554.09,17
,,METHOHEXITAL 0.5 G SOLR 100 MG SYRINGE,114.5,45.8,45.8,103.05,17
,,METHOHEXITAL 0.5 G SOLR 50 MG SYRINGE,74.75,29.9,29.9,67.28,17
,,METHOHEXITAL 100 MG/10ML SOSY 10 ML SYRINGE,35.0,14.0,14.0,336.42,34
,,METHOTREXATE 4 MG/ML SOLN 10 ML VIAL,115.0,46.0,46.0,103.5,17
,,METHYLERGONOVINE 0.2 MG TABS 1 EACH,330.0,132.0,132.0,297.0,34
,,METHYLERGONOVINE 0.2 MG TABS 20 EACH BOX,330.0,132.0,132.0,297.0,34
,,METHYLPHENIDATE 10 MG CP24 100 EACH BOTTLE,75.73,30.292,21.47,68.16,34
,,METHYLPHENIDATE 10 MG TABS 1 EACH,10.0,4.0,4.0,9.0,17
,,METHYLPHENIDATE 10 MG TABS 100 EACH BOTTLE,10.0,4.0,4.0,9.0,17
,,METHYLPHENIDATE 10 MG TABS 30 EACH BOX,10.0,4.0,4.0,9.0,17
,,METHYLPHENIDATE 10 MG TABS 50 EACH BOX,11.59,4.636,4.64,10.43,17
,,METHYLPHENIDATE 18 MG TAB CR 1 EACH,24.5,9.8,9.8,34.2,34
,,METHYLPHENIDATE 18 MG TAB CR 100 EACH BOTTLE,46.71,18.684,18.68,42.04,17
,,METHYLPHENIDATE 18 MG TAB CR 20 EACH BOX,38.0,15.2,15.2,34.2,17
,,METHYLPHENIDATE 18 MG TAB CR 30 EACH BOX,24.51,9.804,9.8,22.06,17
,,METHYLPHENIDATE 20 MG CP24 100 EACH BOTTLE,75.73,30.292,30.29,68.16,17
,,METHYLPHENIDATE 20 MG TABS 100 EACH BOTTLE,10.0,4.0,4.0,9.0,17
,,METHYLPHENIDATE 27 MG TAB CR 1 EACH,24.75,9.9,9.9,22.28,17
,,METHYLPHENIDATE 27 MG TAB CR 100 EACH BOTTLE,79.33,31.732,31.73,71.4,17
,,METHYLPHENIDATE 27 MG TAB CR 30 EACH BOX,24.73,9.892,9.89,22.26,17
,,METHYLPHENIDATE 30 MG/9HR PTCH 30 EACH BOX,36.12,14.448,14.45,32.51,17
,,METHYLPHENIDATE 36 MG TAB CR 1 EACH,25.0,10.0,10.0,22.5,17
,,METHYLPHENIDATE 36 MG TAB CR 100 EACH BOTTLE,81.84,32.736,19.76,73.66,34
,,METHYLPHENIDATE 36 MG TAB CR 30 EACH BOX,25.01,10.004,10.0,22.51,17
,,METHYLPHENIDATE 5 MG TABS 1 EACH,14.05,5.62,5.62,12.65,17
,,METHYLPHENIDATE 5 MG TABS 100 EACH BOTTLE,10.0,4.0,4.0,9.0,34
,,METHYLPHENIDATE 5 MG TABS 30 EACH BOX,14.04,5.616,5.62,12.64,17
,,METHYLPHENIDATE 54 MG TAB CR 1 EACH,51.77,20.708,10.32,46.59,34
,,METHYLPHENIDATE 54 MG TAB CR 100 EACH BOTTLE,35.79,14.316,14.32,32.21,17
,,METHYLPHENIDATE 54 MG TAB CR 20 EACH BOX,51.77,20.708,20.71,46.59,17
,,METHYLPHENIDATE 54 MG TAB CR 30 EACH BOX,25.83,10.332,10.33,23.25,17
,,METOCLOPRAMIDE 1 MG/ML SOLN 1 ML,3.0,1.2,1.2,2.7,17
,,METOCLOPRAMIDE 10 MG TABS 1 EACH,3.6,1.44,1.44,4.32,34
,,METOCLOPRAMIDE 10 MG TABS 100 EACH BOX,3.6,1.44,1.44,4.31,34
,,METOCLOPRAMIDE 5 MG TABS 1 EACH,3.46,1.384,1.38,4.05,34
,,METOCLOPRAMIDE 5 MG TABS 100 EACH BOTTLE,3.0,1.2,1.2,2.7,17
,,METOCLOPRAMIDE 5 MG TABS 100 EACH BOX,3.46,1.384,1.38,4.07,34
,,METOCLOPRAMIDE 5 MG/5ML SOLN 473 ML BOTTLE,177.38,70.952,70.95,159.64,17
,,METOCLOPRAMIDE HCL 10 MG/10ML SOLN 10 ML CUP,11.15,4.46,4.46,21.87,34
,,METOLAZONE 10 MG TABS 100 EACH BOTTLE,14.11,5.644,5.64,15.79,34
,,METOLAZONE 2.5 MG TABS 1 EACH,16.45,6.58,6.58,14.81,17
,,METOLAZONE 5 MG TABS 1 EACH,20.57,8.228,7.46,18.51,34
,,METOLAZONE 5 MG TABS 100 EACH BOX,20.57,8.228,7.47,18.51,34
,,METOPROLOL SUCCINATE ER 100 MG TB24 1 EACH,8.38,3.352,3.35,7.54,17
,,METOPROLOL SUCCINATE ER 100 MG TB24 100 EACH BOX,8.38,3.352,3.35,7.54,17
,,METOPROLOL SUCCINATE ER 12.5 MG TB24 1 HALF TABLET,3.0,1.2,1.2,2.7,17
,,METOPROLOL SUCCINATE ER 200 MG TB24 1 EACH,13.85,5.54,5.54,12.47,17
,,METOPROLOL SUCCINATE ER 200 MG TB24 50 EACH BOX,13.85,5.54,5.54,12.47,17
,,METOPROLOL SUCCINATE ER 25 MG TB24 1 EACH,5.58,2.232,2.2,5.27,51
,,METOPROLOL SUCCINATE ER 25 MG TB24 100 EACH BOX,5.58,2.232,2.23,5.27,34
,,METOPROLOL SUCCINATE ER 25 MG TB24 50 EACH BOX,5.51,2.204,2.2,4.96,17
,,METOPROLOL SUCCINATE ER 50 MG TB24 1 EACH,5.58,2.232,2.23,5.27,34
,,METOPROLOL SUCCINATE ER 50 MG TB24 100 EACH BOX,5.58,2.232,2.23,5.27,34
,,METOPROLOL TARTRATE 100 MG TABS 100 EACH BOTTLE,4.01,1.604,1.6,3.61,34
,,METOPROLOL TARTRATE 12.5 MG TABS 1 HALF TABLET,3.0,1.2,1.2,2.7,17
,,METOPROLOL TARTRATE 25 MG TABS 1 EACH,3.0,1.2,1.2,2.7,17
,,METOPROLOL TARTRATE 25 MG TABS 100 EACH BOX,3.0,1.2,1.2,2.7,17
,,METOPROLOL TARTRATE 25 MG TABS 1000 EACH BOTTLE,3.0,1.2,1.2,2.7,17
,,METOPROLOL TARTRATE 5 MG/5ML SOLN 5 ML VIAL,35.0,14.0,14.0,31.5,68
,,METOPROLOL TARTRATE 50 MG TABS 1 EACH,3.0,1.2,1.2,2.7,17
,,METOPROLOL TARTRATE 50 MG TABS 100 EACH BOX,3.0,1.2,1.2,2.7,17
,,METRONIDAZOLE 0.025 MG/ML ORAL SOLN 50 ML BOTTLE,150.0,60.0,60.0,135.0,17
,,METRONIDAZOLE 0.25 MG/ML ORAL SOLN 100 ML BOTTLE,300.0,120.0,120.0,270.0,17
,,METRONIDAZOLE 0.75 % GEL 70 G TUBE,702.93,281.172,48.02,661.91,68
,,METRONIDAZOLE 1 % GEL 60 G TUBE,2078.0,831.2,831.2,1870.2,17
,,METRONIDAZOLE 2.5 MG/ML ORAL SOLN 100 ML BOTTLE,300.0,120.0,120.0,270.0,17
,,METRONIDAZOLE 250 MG TABS 100 EACH BOX,3.0,1.2,1.2,2.7,17
,,METRONIDAZOLE 50 MG/ML SUSP 1 ML,3.64,1.456,1.46,16.38,34
,,METRONIDAZOLE 50 MG/ML SUSR 150 ML BOTTLE,15.0,6.0,6.0,13.5,17
,,METRONIDAZOLE 500 MG TABS 1 EACH,4.6,1.84,1.84,4.14,17
,,METRONIDAZOLE 500 MG TABS 100 EACH BOX,4.6,1.84,1.84,4.14,17
,,METRONIDAZOLE 500 MG TABS 50 EACH BOX,4.05,1.62,1.62,3.65,17
,,METYROSINE 250 MG CAPS 100 EACH BOTTLE,2306.73,922.692,922.69,2076.06,17
,,MEXILETINE 10 MG/ML SUSP 120 ML BOTTLE,101.4,40.56,40.56,91.26,17
,,MEXILETINE 150 MG CAPS 100 EACH BOTTLE,12.68,5.072,5.07,11.41,34
,,MEXILETINE 200 MG CAPS 100 EACH BOTTLE,15.14,6.056,6.06,13.63,34
,,MEXILETINE 250 MG CAPS 100 EACH BOTTLE,17.49,6.996,7.0,15.74,17
,,MICONAZOLE 2 % CREA 142 G TUBE,49.7,19.88,19.88,44.73,17
,,MICONAZOLE 2 % CREA 15 G TUBE,26.25,10.5,10.5,23.63,17
,,MICONAZOLE 2 % CREA 30 G TUBE,36.0,14.4,14.4,32.4,17
,,MICONAZOLE 2 % CREA 45 G TUBE,32.63,13.052,12.51,29.37,34
,,MICONAZOLE 2 % CREA 57 G TUBE,30.5,12.2,12.2,27.45,17
,,MICONAZOLE 2 % OINT 57 G TUBE,85.79,34.316,34.32,77.21,17
,,MICONAZOLE 2 % POWD 43 G BOTTLE,28.17,11.268,11.27,25.35,17
,,MICONAZOLE 200 MG SUPP 3 EACH BOX,95.5,38.2,38.2,85.95,17
,,MICROFIBRLLAR COLLAGEN PADS 1 EACH BOX,734.16,293.664,293.66,660.74,17
,,MICROSENSOR ICP TRANSDUCER,1500.0,600.0,600.0,1350.0,15
,,MIDAZOLAM 100 MG/100ML SOLN 100 ML FLEX CONT,132.0,52.8,52.8,118.8,17
,,MIDAZOLAM 2 MG/ML SYRP 1 EACH ORAL SYRINGE,17.2,6.88,6.88,15.48,17
,,MIDAZOLAM 5 MG/ML SOLN 1 ML VIAL,35.0,14.0,14.0,31.5,17
,,MIDAZOLAM HCL-SODIUM CHLORIDE 100-0.9 MG/100ML-% SOLN 100 ML FLEX CONT,162.0,64.8,64.8,145.8,17
,,MIDAZOLAM-SODIUM CHLORIDE 100-0.9 MG/100ML-% SOLN 100 ML FLEX CONT,180.0,72.0,70.6,162.0,34
,,MIDODRINE 2.5 MG TABS 1 EACH,7.16,2.864,2.86,6.44,17
,,MIDODRINE 2.5 MG TABS 100 EACH BOX,7.16,2.864,2.86,6.44,17
,,MIDODRINE 5 MG TABS 1 EACH,4.5,1.8,1.8,4.05,17
,,MIDODRINE 5 MG TABS 100 EACH BOX,3.0,1.2,1.2,4.05,34
,,MILNACIPRAN HCL 100 MG TABS 60 EACH BOTTLE,51.18,20.472,20.47,46.06,17
,,MILNACIPRAN HCL 25 MG TABS 60 EACH BOTTLE,51.18,20.472,20.47,46.06,17
,,MILNACIPRAN HCL 50 MG TABS 60 EACH BOTTLE,51.18,20.472,20.47,46.06,17
,,MINERAL OIL ENEM 133 ML BOTTLE,17.29,6.916,6.92,15.56,17
,,MINERAL OIL OIL 10 ML VIAL,136.7,54.68,54.68,123.03,17
,,MINERAL OIL OIL 2 ML VIAL,118.26,47.304,47.3,106.43,17
,,MINERAL OIL OIL 30 ML CUP,3.0,1.2,1.2,2.7,17
,,MINERAL OIL OIL 473 ML BOTTLE,3.0,1.2,1.2,2.7,17
,,MINERAL OIL-HYDROPHILIC PETROLATUM OINT 396 G JAR,128.7,51.48,34.06,115.83,34
,,MINERAL OIL-HYDROPHILIC PETROLATUM OINT 50 G TUBE,43.0,17.2,15.0,38.7,34
,,MINERAL OIL-HYDROPHILIC PETROLATUM OINT 85 G TUBE,37.4,14.96,14.96,56.23,34
,,MINERAL OIL-HYDROPHILIC PETROLATUM OINT 99 G JAR,65.34,26.136,26.14,58.81,17
,,MINOCYCLINE 100 MG CAPS 50 EACH BOX,6.6,2.64,2.64,5.94,17
,,MINOCYCLINE 100 MG TABS 60 EACH BOTTLE,38.14,15.256,15.26,34.33,17
,,MINOCYCLINE HCL 100 MG SOLR 1 EACH VIAL,1469.73,587.892,587.89,1322.78,34
,,MINOXIDIL 10 MG TABS 1 EACH,10.6,4.24,4.24,9.54,17
,,MINOXIDIL 10 MG TABS 100 EACH BOX,10.59,4.236,4.24,9.53,17
,,MINOXIDIL 2.5 MG TABS 1 EACH,8.48,3.392,3.39,7.63,17
,,MINOXIDIL 2.5 MG TABS 100 EACH BOX,8.48,3.392,3.39,7.63,17
,,MIRABEGRON 25 MG TB24 30 EACH BOTTLE,92.06,36.824,36.82,82.85,17
,,MIRABEGRON 8 MG/ML SRER 100 ML BOTTLE,41.58,16.632,16.63,37.42,17
,,MIRTAZAPINE 15 MG TABS 1 EACH,5.2,2.08,2.08,4.68,17
,,MIRTAZAPINE 15 MG TABS 100 EACH BOX,5.23,2.092,1.2,4.71,34
,,MIRTAZAPINE 15 MG TBDP 30 EACH BOX,11.78,4.712,4.71,10.6,17
,,MIRTAZAPINE 30 MG TABS 1 EACH,13.98,5.592,2.58,12.58,34
,,MIRTAZAPINE 30 MG TABS 100 EACH BOX,13.98,5.592,2.58,12.58,34
,,MIRTAZAPINE 30 MG TBDP 1 EACH,12.09,4.836,4.84,10.88,17
,,MIRTAZAPINE 30 MG TBDP 30 EACH BOX,12.09,4.836,4.84,10.92,34
,,MIRTAZAPINE 7.5 MG TABS 1 EACH,17.09,6.836,6.84,15.38,17
,,MIRTAZAPINE 7.5 MG TABS 30 EACH BOTTLE,13.17,5.268,5.27,11.85,17
,,MIRTAZAPINE 7.5 MG TABS 30 EACH BOX,17.09,6.836,6.84,15.38,17
,,MISC SURG INITIAL 30 MIN,6896.0,2758.4,2758.4,6206.4,17
,,MISOPROSTOL 100 MCG TABS 1 EACH,12.4,4.96,4.96,11.16,17
,,MISOPROSTOL 100 MCG TABS 100 EACH BOX,12.4,4.96,4.96,11.16,34
,,MISOPROSTOL 100 MCG TABS 120 EACH BOTTLE,4.12,1.648,1.65,3.71,17
,,MISOPROSTOL 100 MCG TABS 60 EACH BOTTLE,4.12,1.648,1.65,3.71,17
,,MISOPROSTOL 200 MCG TABS 1 EACH,13.63,5.452,5.45,12.27,17
,,MISOPROSTOL 200 MCG TABS 100 EACH BOX,13.63,5.452,5.45,12.27,17
,,MISOPROSTOL 25 MCG TABS 1 EACH,25.15,10.06,10.06,22.64,17
,,MISOPROSTOL 50 MCG TABS 1 EACH,25.15,10.06,10.06,22.64,17
,,MITOMYCIN 0.4 MG/ML SOLN 10 ML BOTTLE,393.07,157.228,157.23,353.76,17
,,MITOMYCIN 0.4 MG/ML SOLN 3 ML,127.5,51.0,51.0,114.75,17
,,MITOMYCIN 1 MG/ML SOLN 3 ML,42.5,17.0,17.0,38.25,17
,,MITOMYCIN 2 MG/ML SOLN 2.5 ML BOTTLE,212.5,85.0,85.0,191.25,17
,,MITRA CLIP DEVICE,46350.0,18540.0,18540.0,41715.0,17
,,MODAFINIL 100 MG TABS 1 EACH,131.89,52.756,52.76,118.7,17
,,MODAFINIL 100 MG TABS 30 EACH BOX,131.89,52.756,22.38,118.7,34
,,MODAFINIL 200 MG TABS 1 EACH,176.75,70.7,70.7,159.08,17
,,MODAFINIL 200 MG TABS 30 EACH BOTTLE,199.53,79.812,79.81,179.58,17
,,MODAFINIL 200 MG TABS 30 EACH BOX,59.9,23.96,23.96,53.91,17
,,MOEXIPRIL 15 MG TABS 100 EACH BOTTLE,7.28,2.912,2.91,6.55,17
,,MOEXIPRIL 7.5 MG TABS 100 EACH BOTTLE,6.95,2.78,2.78,6.26,17
,,MOMETASONE 0.1 % CREA 15 G TUBE,145.8,58.32,58.32,131.22,17
,,MOMETASONE 0.1 % CREA 45 G TUBE,264.6,105.84,105.84,238.14,17
,,MOMETASONE 50 MCG/ACT SUSP 17 G BOTTLE,1227.9,491.16,491.16,1105.11,17
,,MOMETASONE FURO-FORMOTEROL FUM 200-5 MCG/ACT AEROSOL 13 G INHALER,1891.18,756.472,756.47,1702.06,17
,,MOMETASONE FUROATE 220 MCG/ACT AEPB 1 EACH INHALER,232.8,93.12,93.12,209.52,17
,,MONITORING FOR CRRT,210.0,84.0,84.0,189.0,17
,,MONTELUKAST 10 MG TABS 1 EACH,27.53,11.012,11.01,24.78,17
,,MONTELUKAST 10 MG TABS 100 EACH BOX,27.53,11.012,1.2,24.78,34
,,MONTELUKAST 4 MG CHEW 1 EACH,18.3,7.32,7.32,16.47,17
,,MONTELUKAST 4 MG CHEW 50 EACH BOX,18.3,7.32,7.32,16.47,17
,,MONTELUKAST 4 MG CHEW 90 EACH BOTTLE,25.14,10.056,10.06,22.63,17
,,MONTELUKAST 4 MG PACK 30 EACH BOX,29.92,11.968,11.97,26.93,17
,,MONTELUKAST 5 MG CHEW 1 EACH,20.53,8.212,8.21,18.48,17
,,MONTELUKAST 5 MG CHEW 50 EACH BOX,20.53,8.212,8.21,18.48,17
,,MORA PANEL SEROLOGY,1400.0,560.0,560.0,1260.0,13
,,MORA TISSUE HARVESTING,108.0,43.2,43.2,108.0,17
,,MORA TISSUE TYPING PANEL,1800.0,720.0,720.0,1620.0,13
,,MORPHINE (PF) 1 MG/ML SOLN 30 ML SYRINGE,84.0,33.6,33.6,75.6,14
,,MORPHINE 10 MG SUPP 12 EACH BOX,31.25,12.5,12.5,28.13,17
,,MORPHINE 10 MG/5ML SOLN 5 ML BOX,16.85,6.74,6.74,15.17,17
,,MORPHINE 10 MG/5ML SOLN 5 ML CUP,16.85,6.74,4.0,15.17,85
,,MORPHINE 10 MG/5ML SOLN 5 ML ORAL SYRINGE,10.0,4.0,4.0,9.0,17
,,MORPHINE 10 MG/5ML SOLN 500 ML BOTTLE,212.5,85.0,85.0,191.25,17
,,MORPHINE 15 MG TABS 100 EACH BOX,10.0,4.0,4.0,9.0,17
,,MORPHINE 20 MG SUPP 12 EACH BOX,37.5,15.0,15.0,33.75,17
,,MORPHINE 20 MG/ML SOLN 0.5 ML SYRINGE,8.88,3.552,2.52,7.99,51
,,MORPHINE 30 MG SUPP 12 EACH BOX,46.88,18.752,18.75,42.19,17
,,MORPHINE SULFATE ER 100 MG TAB CR 1 EACH,45.45,18.18,18.18,40.91,17
,,MORPHINE SULFATE ER 100 MG TAB CR 100 EACH BOX,45.44,18.176,18.18,40.9,17
,,MORPHINE SULFATE ER 15 MG TAB CR 1 EACH,10.0,4.0,4.0,9.18,34
,,MORPHINE SULFATE ER 15 MG TAB CR 100 EACH BOX,10.0,4.0,4.0,9.19,51
,,MORPHINE SULFATE ER 30 MG TAB CR 100 EACH BOX,18.42,7.368,7.37,16.58,17
,,MORPHINE SULFATE ER 60 MG TAB CR 100 EACH BOX,29.02,11.608,11.61,26.12,17
,,MOXIFLOXACIN 0.5 % SOLN 3 ML BOTTLE,69.6,27.84,27.84,998.24,102
,,MOXIFLOXACIN 400 MG TABS 1 EACH,134.57,53.828,53.83,121.11,17
,,MOXIFLOXACIN 400 MG TABS 30 EACH BOTTLE,136.13,54.452,54.45,122.52,34
,,MOXIFLOXACIN 400 MG TABS 30 EACH BOX,133.58,53.432,53.43,120.22,17
,,MOXIFLOXACIN 400 MG TABS 50 EACH BOX,134.57,53.828,53.83,121.11,17
,,MULTI ORGAN TRAN-CADAVER-EACH SUB,3180.0,1272.0,1272.0,2862.0,15
,,MULTI ORGAN TRAN-CADAVER-INITIAL 30,13144.0,5257.6,5257.6,11829.6,15
,,MULTI ORGAN TRAN/LIVE  EACH SUB 30,3000.0,1200.0,1200.0,2700.0,15
,,MULTI ORGAN TRAN/LIVE  INITIAL 30,12400.0,4960.0,4960.0,11160.0,15
,,MULTIGEN PLUS TABS 90 EACH BOTTLE,6.24,2.496,2.5,5.62,17
,,MULTIPLE-FAMILY GROUP PSYCHOTHERAPY,270.0,108.0,108.0,243.0,15
,,MULTIVITAMIN ADULT INJECTION 10 ML VIAL,400.0,160.0,160.0,360.0,17
,,MULTIVITAMIN LIQD 15 ML CUP,3.0,1.2,1.2,2.7,17
,,MULTIVITAMIN LIQD 236 ML BOTTLE,3.0,1.2,1.2,2.7,51
,,MULTIVITAMIN PEDIATRIC CHEW 90 EACH BOTTLE,3.0,1.2,1.2,2.7,17
,,MULTIVITAMIN TABS 100 EACH BOX,3.0,1.2,1.2,2.7,17
,,MULTIVITAMIN TABS 1000 EACH BOTTLE,3.0,1.2,1.2,2.7,34
,,MULTIVITAMIN TABS 130 EACH BOTTLE,3.0,1.2,1.2,2.7,17
,,MULTIVITAMIN WITH IRON-MINERALS LIQD 1 ML ORAL SYRINGE,3.0,1.2,1.2,2.7,17
,,MULTIVITAMIN WITH IRON-MINERALS LIQD 3 ML ORAL SYRINGE,3.0,1.2,1.2,2.7,17
,,MULTIVITAMIN WITH IRON-MINERALS LIQD 5 ML ORAL SYRINGE,3.0,1.2,1.2,2.7,17
,,MUPIROCIN 2 % CREA 15 G TUBE,1127.74,451.096,451.1,1014.97,17
,,MUPIROCIN 2 % OINT 1 G TUBE,15.0,6.0,6.0,23.07,85
,,MUPIROCIN 2 % OINT 22 G TUBE,56.21,22.484,22.48,112.46,34
,,MVW COMPLETE FORMULATION CHEW 60 EACH BOTTLE,3.61,1.444,1.44,3.25,17
,,MVW COMPLETE FORMULATION SOLN 30 ML BOTTLE,3.6,1.44,1.44,3.24,17
,,MYCOPHENOLATE 500 MG SOLR 1 EACH VIAL,400.2,160.08,160.08,360.18,68
,,NA CHONDROIT SULF-NA HYALURON 20-15 MG/0.5ML SOSY 0.5 ML SYRINGE,1094.43,437.772,437.77,984.99,17
,,NA CHONDROIT SULF-NA HYALURON 30-22.5 MG/0.75ML SOSY 0.75 ML SYRINGE,1438.14,575.256,575.26,1294.33,17
,,NABUMETONE 500 MG TABS 100 EACH BOTTLE,6.49,2.596,2.6,5.84,17
,,NADOLOL 20 MG TABS 30 EACH BOX,18.34,7.336,7.34,16.51,17
,,NADOLOL 40 MG TABS 1 EACH,19.85,7.94,7.94,17.87,17
,,NADOLOL 40 MG TABS 30 EACH BOX,19.85,7.94,7.94,17.87,17
,,NADOLOL 40 MG TABS 90 EACH BOTTLE,27.26,10.904,10.9,24.53,17
,,NADOLOL 80 MG TABS 90 EACH BOTTLE,37.45,14.98,14.98,33.71,17
,,NAFARELIN ACETATE 2 MG/ML SOLN 8 ML BOTTLE,16164.79,6465.916,6465.92,14548.31,17
,,NALOXONE 1 MG/ML SOLN 1 ML SYRINGE,35.0,14.0,14.0,31.5,17
,,NALTREXONE 50 MG TABS 30 EACH BOX,21.56,8.624,8.62,19.4,17
,,NAPHAZOLINE-PHENIRAMINE 0.025-0.3 % SOLN 15 ML BOTTLE,47.03,18.812,18.81,42.33,17
,,NAPROXEN 125 MG/5ML SUSP 10 ML ORAL SYRINGE,119.45,47.78,47.78,107.51,17
,,NAPROXEN 125 MG/5ML SUSP 473 ML BOTTLE,4745.99,1898.396,1898.4,4271.39,17
,,NAPROXEN 250 MG TABS 1 EACH,3.89,1.556,1.56,3.5,17
,,NAPROXEN 250 MG TABS 50 EACH BOX,3.89,1.556,1.56,3.5,17
,,NAPROXEN 375 MG TABS 1 EACH,4.94,1.976,1.98,4.45,17
,,NAPROXEN 375 MG TABS 100 EACH BOTTLE,5.32,2.128,1.99,4.79,34
,,NAPROXEN 375 MG TABS 50 EACH BOX,4.94,1.976,1.98,4.45,17
,,NAPROXEN 500 MG TABS 1 EACH,6.7,2.68,2.68,6.03,17
,,NAPROXEN 500 MG TABS 100 EACH BOTTLE,6.29,2.516,2.52,5.66,17
,,NAPROXEN 500 MG TABS 100 EACH BOX,6.7,2.68,2.68,6.03,17
,,NAPROXEN SODIUM 550 MG TABS 100 EACH BOTTLE,17.81,7.124,7.12,16.05,34
,,NARATRIPTAN 2.5 MG TABS 9 EACH BOX,125.0,50.0,50.0,112.5,17
,,NATAMYCIN 5 % SUSP 15 ML BOTTLE,4772.88,1909.152,1909.15,4295.59,17
,,NATEGLINIDE 120 MG TABS 90 EACH BOTTLE,8.64,3.456,3.46,7.78,17
,,NATEGLINIDE 60 MG TABS 30 EACH BOX,13.19,5.276,5.28,11.87,17
,,NB NURSERY LEVEL I,1040.0,416.0,460.0,11492.19,24
,,NB NURSERY LEVEL II,1560.0,624.0,850.0,11492.19,24
,,NB NURSERY LEVEL III,1872.0,748.8,850.0,11492.19,24
,,NB NURSERY LEVEL IV,3120.0,1248.0,850.0,11492.19,24
,,NEBIVOLOL 10 MG TABS 30 EACH BOTTLE,36.57,14.628,9.48,32.91,34
,,NEBIVOLOL 2.5 MG TABS 30 EACH BOTTLE,23.69,9.476,9.48,21.32,17
,,NEBIVOLOL 2.5 MG TABS 30 EACH BOX,15.96,6.384,6.38,14.36,17
,,NEBIVOLOL 5 MG TABS 30 EACH BOTTLE,36.57,14.628,14.63,32.91,17
,,NEEDLE,4500.0,1800.0,200.0,4050.0,34
,,NEEDLE BIOPSY,1000.0,400.0,400.0,900.0,17
,,NEFAZODONE 100 MG TABS 60 EACH BOTTLE,24.0,9.6,9.6,21.6,17
,,NEFAZODONE 150 MG TABS 60 EACH BOTTLE,24.45,9.78,9.78,22.01,17
,,NEFAZODONE 200 MG TABS 60 EACH BOTTLE,24.91,9.964,9.96,22.42,17
,,NELFINAVIR 250 MG TABS 300 EACH BOTTLE,24.28,9.712,9.71,21.85,17
,,NELFINAVIR 625 MG TABS 120 EACH BOTTLE,60.7,24.28,24.28,54.63,17
,,NEOMYCIN 500 MG TABS 100 EACH BOTTLE,7.44,2.976,2.98,6.7,17
,,NEOMYCIN-BACITRACIN-POLYMYXIN 3.5-400-5000 OINT 1 EACH BOX,1.0,0.4,0.4,0.9,34
,,NEOMYCIN-BACITRACIN-POLYMYXIN 3.5-400-5000 OINT 14 G TUBE,6.38,2.552,2.55,5.74,17
,,NEOMYCIN-BACITRACIN-POLYMYXIN 3.5-400-5000 OINT 14.2 G TUBE,7.77,3.108,3.11,6.99,17
,,NEOMYCIN-BACITRACIN-POLYMYXIN 3.5-400-5000 OINT 28.4 G TUBE,5.28,2.112,2.11,4.75,17
,,NEOMYCIN-BACITRACIN-POLYMYXIN 5-400-10000 OINT 3.5 G TUBE,284.74,113.896,113.9,256.27,17
,,NEOMYCIN-BACITRACIN-POLYMYXIN-HYDROCORTISONE 1 % OINT 3.5 G TUBE,325.26,130.104,130.1,292.73,17
,,NEOMYCIN-POLYMYXIN B 40-200000 SOLN 20 ML VIAL,782.0,312.8,312.8,703.8,17
,,NEOMYCIN-POLYMYXIN B GU SOLN 1 ML AMPULE,70.63,28.252,28.25,63.57,17
,,NEOMYCIN-POLYMYXIN B GU SOLN 1 ML SYRINGE,70.63,28.252,28.25,63.57,17
,,NEOMYCIN-POLYMYXIN-DEXAMETH 3.5-10000-0.1 OINT 3.5 G TUBE,99.3,39.72,39.72,197.99,34
,,NEOMYCIN-POLYMYXIN-DEXAMETH 3.5-10000-0.1 SUSP 5 ML BOTTLE,99.3,39.72,39.72,89.37,17
,,NEOMYCIN-POLYMYXIN-GRAMICIDIN 1.75-10000-.025 SOLN 10 ML BOTTLE,306.3,122.52,122.52,275.67,17
,,NEOMYCIN-POLYMYXIN-HYDROCORTISONE 3.5-10000-1 SOLN 10 ML BOTTLE,463.13,185.252,185.25,434.21,34
,,NEOMYCIN-POLYMYXIN-HYDROCORTISONE 3.5-10000-1 SUSP 10 ML BOTTLE,463.13,185.252,185.25,434.21,34
,,NEOSTIGMINE 3 MG/3ML SOSY 3 ML SYRINGE,90.0,36.0,36.0,81.0,68
,,NEOSTIGMINE METHYLSULFATE 5 MG/5ML SOLN 5 ML VIAL,36.0,14.4,14.4,32.4,17
,,NEOSTIGMINE METHYLSULFATE 5 MG/5ML SOSY 5 ML SYRINGE,105.4,42.16,42.16,110.7,34
,,NEPAFENAC 0.1 % SUSP 3 ML BOTTLE,1816.73,726.692,726.69,1635.06,17
,,NEPHRONEX 0.9 MG/5ML LIQD 237 ML BOTTLE,3.0,1.2,1.2,2.7,17
,,NEVIRAPINE 200 MG TABS 60 EACH BOTTLE,54.17,21.668,21.67,48.81,34
,,NEVIRAPINE 50 MG/5ML SUSP 240 ML BOTTLE,871.06,348.424,348.42,783.95,17
,,NG TUBE,1300.0,520.0,520.0,1170.0,17
,,NIACIN 100 MG TABS 1 EACH,1.0,0.4,0.4,0.9,17
,,NIACIN 100 MG TABS 100 EACH BOTTLE,1.0,0.4,0.4,0.9,17
,,NIACIN 100 MG TABS 50 EACH BOX,1.0,0.4,0.4,0.9,17
,,NIACIN 1000 MG TAB CR 90 EACH BOTTLE,13.84,5.536,5.54,12.46,17
,,NIACIN 250 MG CPCR 100 EACH BOTTLE,1.0,0.4,0.4,0.9,17
,,NIACIN 50 MG TABS 100 EACH BOTTLE,1.0,0.4,0.4,0.9,17
,,NIACIN 500 MG CPCR 90 EACH BOTTLE,1.0,0.4,0.4,0.9,17
,,NIACIN 500 MG TAB CR 90 EACH BOTTLE,6.36,2.544,2.54,5.72,17
,,NIACIN 750 MG TAB CR 90 EACH BOTTLE,9.06,3.624,3.62,8.15,17
,,NICARDIPINE 20 MG CAPS 90 EACH BOTTLE,77.47,30.988,30.99,69.72,17
,,NICARDIPINE 30 MG CAPS 90 EACH BOTTLE,110.96,44.384,44.38,99.86,17
,,NICOTINE 14 MG/24HR PT24 1 EACH PACKAGE,3.43,1.372,1.37,3.09,17
,,NICOTINE 14 MG/24HR PT24 14 EACH BOX,3.08,1.232,1.23,2.77,17
,,NICOTINE 14 MG/24HR PT24 7 EACH BOX,3.78,1.512,1.44,3.4,34
,,NICOTINE 21 MG/24HR PT24 14 EACH BOX,3.2,1.28,1.28,2.88,17
,,NICOTINE 7 MG/24HR PT24 14 EACH BOX,3.2,1.28,1.28,2.88,17
,,NICOTINE POLACRILEX 2 MG GUM 100 EACH BOX,1.0,0.4,0.4,0.9,17
,,NICOTINE POLACRILEX 2 MG GUM 40 EACH BOX,1.0,0.4,0.4,0.9,17
,,NIFEDIPINE 10 MG CAPS 100 EACH BOTTLE,6.44,2.576,2.14,5.8,34
,,NIFEDIPINE 10 MG CAPS 100 EACH BOX,6.46,2.584,2.58,5.81,17
,,NIFEDIPINE 20 MG CAPS 100 EACH BOTTLE,4.98,1.992,1.99,10.37,51
,,NIFEDIPINE 30 MG TB24 1 EACH,6.56,2.624,2.62,5.9,17
,,NIFEDIPINE 30 MG TB24 100 EACH BOX,5.71,2.284,2.28,5.14,17
,,NIFEDIPINE 30 MG TB24 50 EACH BOX,6.56,2.624,2.31,5.9,34
,,NIFEDIPINE 60 MG TB24 1 EACH,14.85,5.94,5.94,13.37,17
,,NIFEDIPINE 60 MG TB24 100 EACH BOX,14.84,5.936,5.94,13.36,17
,,NIFEDIPINE 90 MG TB24 1 EACH,12.47,4.988,4.99,11.22,17
,,NIFEDIPINE 90 MG TB24 50 EACH BOX,12.47,4.988,2.08,11.22,34
,,NILOTINIB 150 MG CAPS 28 EACH DISP PACK,1066.78,426.712,426.71,960.1,17
,,NILOTINIB 200 MG CAPS 28 EACH DISP PACK,1066.78,426.712,426.71,960.1,17
,,NIMODIPINE 30 MG CAPS 100 EACH BOX,92.05,36.82,36.82,82.85,34
,,NISOLDIPINE 17 MG TB24 100 EACH BOTTLE,38.49,15.396,15.4,34.64,17
,,NISOLDIPINE 8.5 MG TB24 100 EACH BOTTLE,30.71,12.284,12.28,27.64,17
,,NITAZOXANIDE 100 MG/5ML SUSR 25 ML ORAL SYRINGE,261.0,104.4,104.4,234.9,17
,,NITAZOXANIDE 100 MG/5ML SUSR 60 ML BOTTLE,261.0,104.4,104.4,234.9,17
,,NITAZOXANIDE 500 MG TABS 12 EACH BOTTLE,799.94,319.976,319.98,719.95,17
,,NITAZOXANIDE 500 MG TABS 30 EACH BOTTLE,706.02,282.408,282.41,635.42,17
,,NITAZOXANIDE 500 MG TABS 6 EACH BOTTLE,759.94,303.976,303.98,683.95,17
,,NITHIODOTE 300MG/10MLAND12.5 GM/50ML KIT 60 ML BOX,1081.09,432.436,432.44,972.98,17
,,NITRO-BID 2 % OINT 1 G PACKET,15.14,6.056,6.06,13.63,17
,,NITRO-BID 2 % OINT 30 G TUBE,234.0,93.6,93.6,210.6,17
,,NITRO-BID 2 % OINT 60 G TUBE,430.56,172.224,172.22,387.5,17
,,NITROFURANTOIN (MACROCRYSTAL-MONOHYDRATE) 100 MG CAPS 100 EACH BOTTLE,19.07,7.628,7.63,18.38,34
,,NITROFURANTOIN (MACROCRYSTAL-MONOHYDRATE) 100 MG CAPS 100 EACH BOX,13.85,5.54,5.54,15.89,34
,,NITROFURANTOIN 100 MG CAPS 1 EACH,16.5,6.6,6.6,31.05,34
,,NITROFURANTOIN 100 MG CAPS 100 EACH BOTTLE,16.88,6.752,6.75,15.19,17
,,NITROFURANTOIN 100 MG CAPS 100 EACH BOX,16.5,6.6,6.6,31.05,34
,,NITROFURANTOIN 25 MG CAPS 100 EACH BOTTLE,35.16,14.064,14.06,56.9,51
,,NITROFURANTOIN 25 MG/5ML SUSP 10 ML ORAL SYRINGE,644.0,257.6,257.6,579.6,17
,,NITROFURANTOIN 25 MG/5ML SUSP 240 ML BOTTLE,14112.0,5644.8,5644.8,12700.8,17
,,NITROFURANTOIN 50 MG CAPS 1 EACH,22.09,8.836,4.38,19.88,34
,,NITROFURANTOIN 50 MG CAPS 100 EACH BOX,22.09,8.836,4.38,19.88,34
,,NITROFURANTOIN 50 MG CAPS 50 EACH BOX,22.09,8.836,8.84,19.88,17
,,NITROGLYCERIN 0.1 MG/HR PT24 1 EACH BOX,9.3,3.72,3.72,8.37,17
,,NITROGLYCERIN 0.2 MG/HR PT24 30 EACH BOX,9.51,3.804,3.8,8.56,17
,,NITROGLYCERIN 0.3 MG SUBL 100 EACH BOTTLE,3.0,1.2,1.2,4.01,34
,,NITROGLYCERIN 0.4 % OINT 30 G TUBE,2906.06,1162.424,1162.42,2906.44,34
,,NITROGLYCERIN 0.4 MG SUBL 25 EACH BOTTLE,5.14,2.056,1.54,8.73,136
,,NITROGLYCERIN 0.4 MG/HR PT24 30 EACH BOX,10.87,4.348,4.35,9.78,17
,,NITROGLYCERIN 0.4 MG/SPRAY SOLN 4.9 G BOTTLE,1579.27,631.708,336.28,1421.34,34
,,NITROGLYCERIN 0.4 MG/SPRAY SOLN 4.9 G SPRAY BOTTLE,1032.56,413.024,413.02,1366.69,34
,,NITROGLYCERIN 0.6 MG SUBL 100 EACH BOTTLE,3.0,1.2,1.2,2.7,34
,,NITROGLYCERIN 0.6 MG/HR PT24 1 EACH BOX,11.98,4.792,4.79,10.78,17
,,NITROGLYCERIN 100-5 MCG/ML-% SOLN 10 ML SYRINGE,35.0,14.0,14.0,31.5,17
,,NITROGLYCERIN 200 MCG/ML SOLN 3 ML SYRINGE,35.0,14.0,14.0,31.5,17
,,NITROPRUSSIDE 25 MG/ML SOLN 2 ML VIAL,125.0,50.0,48.0,1339.87,68
,,NOREPINEPHRINE 16 MCG/ML SOLN 60 ML,120.0,48.0,48.0,108.0,17
,,NOREPINEPHRINE 16-0.9 MG/250ML-% SOLN 250 ML FLEX CONT,167.5,67.0,55.0,392.27,136
,,NOREPINEPHRINE BITARTRATE 1 MG/ML SOLN 4 ML VIAL,108.12,43.248,14.0,102.42,170
,,NOREPINEPHRINE SOLN 250 ML BAG,70.0,28.0,28.0,63.0,17
,,NORETHINDRONE 5 MG TABS 50 EACH BOTTLE,13.25,5.3,5.3,11.93,34
,,NORETHINDRONE ACET-ETHINYL EST 1.5-30 MG-MCG TABS 21 EACH DISP PACK,67.98,27.192,27.19,61.18,17
,,NORETHINDRONE-ETHINYL ESTRADIOL 0.4-35 MG-MCG TABS 28 EACH DISP PACK,8.01,3.204,3.2,7.21,17
,,NORGESTREL-ETHINYL ESTRADIOL 0.3-30 MG-MCG TABS 28 EACH DISP PACK,5.45,2.18,2.18,4.91,51
,,NORTRIPTYLINE 10 MG CAPS 100 EACH BOTTLE,3.68,1.472,1.47,3.31,17
,,NORTRIPTYLINE 25 MG CAPS 1 EACH,4.41,1.764,1.76,3.97,17
,,NORTRIPTYLINE 25 MG CAPS 100 EACH BOTTLE,7.34,2.936,2.94,6.61,17
,,NORTRIPTYLINE 25 MG CAPS 100 EACH BOX,4.41,1.764,1.76,3.97,17
,,NORTRIPTYLINE 75 MG CAPS 100 EACH BOTTLE,21.09,8.436,8.44,18.98,51
,,NYSTATIN 100000 UNIT/GM CREA 15 G TUBE,87.53,35.012,35.01,78.98,51
,,NYSTATIN 100000 UNIT/GM OINT 15 G TUBE,84.0,33.6,33.6,75.6,17
,,NYSTATIN 100000 UNIT/GM POWD 15 G BOTTLE,140.03,56.012,43.89,126.03,51
,,NYSTATIN 100000 UNIT/ML SUSP 1 ML ORAL SYRINGE,6.13,2.452,2.45,5.52,17
,,NYSTATIN 100000 UNIT/ML SUSP 2 ML ORAL SYRINGE,6.13,2.452,2.45,5.52,17
,,NYSTATIN 100000 UNIT/ML SUSP 473 ML BOTTLE,6.13,2.452,2.45,28.56,51
,,NYSTATIN 100000 UNIT/ML SUSP 5 ML CUP,11.75,4.7,2.86,10.58,51
,,NYSTATIN 100000 UNIT/ML SUSP 5 ML ORAL SYRINGE,6.13,2.452,2.45,5.52,17
,,NYSTATIN 100000 UNIT/ML SUSP 60 ML BOTTLE,6.0,2.4,2.4,5.4,34
,,NYSTATIN 100000 UNITS/ML SUSP 5 ML CUP,3.0,1.2,1.2,2.7,17
,,NYSTATIN 500000 UNITS TABS 100 EACH BOTTLE,7.11,2.844,2.84,6.4,17
,,NYSTATIN-HYDROCORTISONE-ZINC OXIDE 2 OZ BOTTLE,10.0,4.0,4.0,9.0,17
,,NYSTATIN-HYDROCORTISONE-ZINC OXIDE 4 OZ BOTTLE,20.0,8.0,8.0,18.0,17
,,NYSTATIN-HYDROCORTISONE-ZINC OXIDE 6 OZ BOTTLE,30.0,12.0,12.0,27.0,17
,,NYSTATIN-TRIAMCINOLONE 100000-0.1 UNIT/GM-% CREA 15 G TUBE,514.95,205.98,205.98,463.46,17
,,NYSTATIN-TRIAMCINOLONE 100000-0.1 UNIT/GM-% CREA 30 G TUBE,733.75,293.5,293.5,660.38,17
,,NYSTATIN-TRIAMCINOLONE 100000-0.1 UNIT/GM-% OINT 30 G TUBE,147.0,58.8,58.8,261.9,34
,,NYSTOP 100000 UNIT/GM POWD 15 G BOTTLE,187.28,74.912,54.93,168.55,34
,,NYSTOP 100000 UNIT/GM POWD 30 G BOTTLE,366.6,146.64,107.64,329.94,34
,,OB/GYN EA ADDL 30 MIN,2598.0,1039.2,1039.2,2598.0,17
,,OB/GYN INITIAL 30 MIN,8050.0,3220.0,3220.0,7245.0,17
,,OFLOXACIN 0.3 % SOLN 5 ML BOTTLE,104.7,41.88,41.88,638.72,68
,,OLANZAPINE 10 MG SOLR 1 EACH VIAL,207.5,83.0,83.0,213.26,68
,,OLANZAPINE 10 MG TABS 100 EACH BOX,66.08,26.432,26.43,59.47,17
,,OLANZAPINE 2.5 MG TABS 1 EACH,55.86,22.344,22.34,50.27,17
,,OLANZAPINE 2.5 MG TABS 100 EACH BOX,55.86,22.344,22.34,50.39,51
,,OLANZAPINE 5 MG TABS 100 EACH BOX,54.46,21.784,21.78,59.47,34
,,OLANZAPINE 7.5 MG TABS 100 EACH BOX,80.42,32.168,32.17,72.38,17
,,OLANZAPINE 7.5 MG TABS 30 EACH BOTTLE,80.33,32.132,32.13,72.3,17
,,OLANZAPINE ZYDIS 10 MG TBDP 1 EACH,104.85,41.94,41.94,94.37,17
,,OLANZAPINE ZYDIS 10 MG TBDP 30 EACH BOTTLE,103.34,41.336,41.34,94.38,34
,,OLANZAPINE ZYDIS 10 MG TBDP 30 EACH BOX,104.87,41.948,41.95,94.38,17
,,OLANZAPINE ZYDIS 15 MG TBDP 30 EACH BOTTLE,151.67,60.668,60.67,139.19,34
,,OLANZAPINE ZYDIS 20 MG TBDP 30 EACH BOTTLE,204.44,81.776,80.0,184.0,34
,,OLANZAPINE ZYDIS 5 MG TBDP 1 EACH,69.87,27.948,27.95,62.88,17
,,OLANZAPINE ZYDIS 5 MG TBDP 100 EACH BOX,71.37,28.548,28.55,64.23,17
,,OLANZAPINE ZYDIS 5 MG TBDP 30 EACH BOTTLE,70.0,28.0,28.0,64.23,34
,,OLANZAPINE ZYDIS 5 MG TBDP 30 EACH BOX,69.87,27.948,27.95,62.88,17
,,OLMESARTAN 20 MG TABS 30 EACH BOTTLE,34.37,13.748,13.75,30.93,17
,,OLMESARTAN 40 MG TABS 30 EACH BOTTLE,47.74,19.096,19.1,42.97,17
,,OLMESARTAN 5 MG TABS 30 EACH BOTTLE,28.09,11.236,11.24,25.28,17
,,OLOPATADINE 0.1 % SOLN 5 ML BOTTLE,74.6,29.84,29.84,67.14,17
,,OMEGA-3 ACID ETHYL ESTERS 1 G CAPS 120 EACH BOTTLE,10.34,4.136,4.14,9.31,17
,,OMEPRAZOLE 20 MG CPDR 100 EACH BOX,5.57,2.228,2.23,5.01,17
,,OMEPRAZOLE 40 MG CPDR 30 EACH BOTTLE,33.44,13.376,13.38,30.1,17
,,OPIUM 10 MG/ML TINC 1 ML ORAL SYRINGE,31.35,12.54,12.54,28.22,17
,,OPIUM 10 MG/ML TINC 118 ML BOTTLE,31.36,12.544,12.54,28.27,34
,,OPIUM-BELLADONNA 16.2-30 MG SUPP 12 EACH BOX,137.59,55.036,55.04,123.83,17
,,OPIUM-BELLADONNA 16.2-60 MG SUPP 12 EACH BOX,167.27,66.908,66.91,150.54,17
,,OR LEVEL 1 SC4 ADDL MIN,39.0,15.6,15.6,39.0,17
,,OR LEVEL 1 SC4 INITIAL MIN,3258.0,1303.2,1303.2,3258.0,17
,,OR LEVEL 2 SC4 ADDL MIN,67.0,26.8,26.8,67.0,17
,,OR LEVEL 2 SC4 INITIAL MIN,5701.0,2280.4,2280.4,5130.9,17
,,OR LEVEL 3 SC4 ADDL MIN,87.0,34.8,34.8,87.0,17
,,OR LEVEL 3 SC4 INITIAL MIN,7330.0,2932.0,2932.0,6597.0,17
,,OR LEVEL 4 SC4 ADDL MIN,106.0,42.4,42.4,106.0,17
,,OR LEVEL 4 SC4 INITIAL MIN,8958.0,3583.2,3583.2,8062.2,17
,,OR LEVEL 5 SC4 ADDL MIN,121.0,48.4,48.4,121.0,17
,,OR LEVEL 5 SC4 INITIAL MIN,10262.0,4104.8,4093.0,9235.8,17
,,OR LEVEL ONE SC4 ADDL MIN,38.0,15.2,15.2,38.0,17
,,OR LEVEL ONE SC4 INITIAL MIN,3258.0,1303.2,1303.2,3258.0,17
,,ORA-BLEND SUSP 473 ML BOTTLE,111.16,44.464,44.46,100.04,17
,,ORA-PLUS LIQD 473 ML BOTTLE,111.16,44.464,44.46,100.04,17
,,ORA-SWEET SYRP 473 ML BOTTLE,111.16,44.464,44.46,100.04,17
,,ORLISTAT 60 MG CAPS 90 EACH BOTTLE,3.0,1.2,1.2,2.7,17
,,OSELTAMIVIR 30 MG CAPS 10 EACH BOX,83.61,33.444,28.36,75.25,51
,,OSELTAMIVIR 45 MG CAPS 10 EACH BOX,70.9,28.36,28.36,63.81,51
,,OSELTAMIVIR 6 MG/ML SUSR 12.5 ML ORAL SYRINGE,68.35,27.34,27.34,61.52,17
,,OSELTAMIVIR 6 MG/ML SUSR 5 ML ORAL SYRINGE,68.35,27.34,27.34,61.52,17
,,OSELTAMIVIR 6 MG/ML SUSR 60 ML BOTTLE,68.23,27.292,27.29,64.94,51
,,OSELTAMIVIR 75 MG CAPS 10 EACH BOX,77.29,30.916,30.92,69.56,68
,,OXANDROLONE 10 MG TABS 60 EACH BOTTLE,119.07,47.628,47.63,107.16,17
,,OXANDROLONE 2.5 MG TABS 100 EACH BOTTLE,33.46,13.384,13.38,30.11,17
,,OXAPROZIN 600 MG TABS 100 EACH BOTTLE,50.17,20.068,20.07,45.15,17
,,OXAZEPAM 15 MG CAPS 100 EACH BOTTLE,10.0,4.0,4.0,9.0,17
,,OXCARBAZEPINE 150 MG TABS 1 EACH,7.55,3.02,3.02,6.8,17
,,OXCARBAZEPINE 150 MG TABS 100 EACH BOX,7.55,3.02,3.02,6.8,17
,,OXCARBAZEPINE 300 MG TABS 1 EACH,13.78,5.512,5.51,12.4,17
,,OXCARBAZEPINE 300 MG TABS 100 EACH BOTTLE,13.05,5.22,5.22,11.88,34
,,OXCARBAZEPINE 300 MG TABS 100 EACH BOX,13.78,5.512,5.51,12.4,17
,,OXCARBAZEPINE 300 MG/5ML SUSP 250 ML BOTTLE,1255.8,502.32,502.32,1178.87,34
,,OXCARBAZEPINE 300 MG/5ML SUSP 5 ML ORAL SYRINGE,28.48,11.392,11.39,25.63,17
,,OXCARBAZEPINE 600 MG TABS 1 EACH,25.32,10.128,10.13,22.79,17
,,OXCARBAZEPINE 600 MG TABS 100 EACH BOX,25.32,10.128,10.13,22.79,17
,,OXIDIZED CELLULOSE PADS 1 EACH BOX,375.0,150.0,150.0,337.5,17
,,OXIDIZED CELLULOSE PADS 10 EACH BOX,1470.96,588.384,165.42,1323.86,34
,,OXYBUTYNIN 10 MG TB24 100 EACH BOTTLE,16.46,6.584,6.58,14.81,17
,,OXYBUTYNIN 3.9 MG/24HR PTTW 8 EACH BOX,469.1,187.64,187.64,422.19,17
,,OXYBUTYNIN 5 MG TABS 1 EACH,3.0,1.2,1.2,2.7,17
,,OXYBUTYNIN 5 MG TABS 100 EACH BOTTLE,3.8,1.52,1.52,3.42,34
,,OXYBUTYNIN 5 MG TABS 100 EACH BOX,3.6,1.44,1.2,3.24,34
,,OXYBUTYNIN 5 MG TB24 1 EACH,15.35,6.14,6.14,13.82,17
,,OXYBUTYNIN 5 MG TB24 50 EACH BOX,15.37,6.148,6.15,13.83,17
,,OXYBUTYNIN 5 MG/5ML SOLN 473 ML BOTTLE,3.0,1.2,1.2,2.7,17
,,OXYBUTYNIN 5 MG/5ML SOLN 5 ML ORAL SYRINGE,3.0,1.2,1.2,2.7,17
,,OXYCODONE 15 MG TABS 1 EACH,12.9,5.16,4.0,11.61,51
,,OXYCODONE 15 MG TABS 100 EACH BOTTLE,10.0,4.0,4.0,9.0,34
,,OXYCODONE 15 MG TABS 100 EACH BOX,12.91,5.164,4.0,11.62,51
,,OXYCODONE 5 MG TABS 1 EACH,10.0,4.0,4.0,9.0,34
,,OXYCODONE 5 MG TABS 100 EACH BOTTLE,10.0,4.0,4.0,9.0,34
,,OXYCODONE 5 MG TABS 100 EACH BOX,10.0,4.0,4.0,9.0,68
,,OXYCODONE 5 MG/5ML SOLN 5 ML CUP,42.0,16.8,14.16,38.82,68
,,OXYCODONE HCL ER 10 MG T12A 100 EACH BOTTLE,36.89,14.756,14.76,33.2,17
,,OXYCODONE HCL ER 10 MG T12A 20 EACH BOX,37.87,15.148,15.15,34.08,17
,,OXYCODONE HCL ER 20 MG T12A 100 EACH BOTTLE,68.79,27.516,27.52,61.91,17
,,OXYCODONE HCL ER 20 MG T12A 20 EACH BOX,70.55,28.22,28.22,63.5,17
,,OXYCODONE HCL ER 40 MG T12A 100 EACH BOTTLE,117.8,47.12,47.12,106.02,17
,,OXYCODONE HCL ER 40 MG T12A 20 EACH BOX,120.78,48.312,48.31,108.7,17
,,OXYCODONE-ACETAMINOPHEN 5-325 MG TABS 1 EACH,10.0,4.0,4.0,9.0,51
,,OXYCODONE-ACETAMINOPHEN 5-325 MG TABS 100 EACH BOTTLE,10.0,4.0,4.0,9.0,17
,,OXYCODONE-ACETAMINOPHEN 5-325 MG TABS 100 EACH BOX,10.0,4.0,4.0,9.0,34
,,OXYCODONE-ACETAMINOPHEN 5-325 MG TABS 50 EACH BOX,10.0,4.0,4.0,9.0,17
,,OXYMETAZOLINE 0.05 % SOLN 15 ML BOTTLE,46.28,18.512,18.51,41.65,17
,,OXYMETAZOLINE 0.05 % SOLN 30 ML BOTTLE,28.2,11.28,3.78,25.38,34
,,OXYTOCIN 20 UNITS IN LR SOLN 1 L BAG,31.55,12.62,12.62,28.4,17
,,OXYTOCIN IN NS BOLUS 500 ML FLEX CONT,70.0,28.0,28.0,63.0,17
,,OXYTOCIN-SODIUM CHLORIDE 20-0.9 UNIT/L-% SOLN 1000 ML FLEX CONT,145.0,58.0,30.0,130.5,51
,,OXYTOCIN-SODIUM CHLORIDE 30-0.9 UT/500ML-% SOLN 500 ML FLEX CONT,35.0,14.0,14.0,31.5,68
,,PACU PHASE I COMPLEX EACH ADD MIN,12.0,4.8,4.8,10.8,17
,,PACU PHASE I COMPLEX INITIAL MIN,12.0,4.8,4.8,10.8,17
,,PACU PHASE I STANDARD EACH ADD MIN,10.0,4.0,4.0,9.0,17
,,PACU PHASE I STANDARD INITIAL MIN,10.0,4.0,4.0,9.0,17
,,PACU PHASE II EACH ADD MIN,4.0,1.6,1.6,3.6,17
,,PACU PHASE II INITIAL MIN,4.0,1.6,1.6,3.6,17
,,PALIPERIDONE 3 MG TB24 1 EACH,86.75,34.7,34.7,78.08,17
,,PALIPERIDONE 3 MG TB24 100 EACH BOX,86.74,34.696,34.7,78.07,17
,,PALIPERIDONE 6 MG TB24 30 EACH BOTTLE,77.3,30.92,30.92,69.57,17
,,PALIPERIDONE 9 MG TB24 30 EACH BOTTLE,115.94,46.376,46.38,104.35,17
,,PANCREAS TRAN-CADAVER-EACH ADD 30,3180.0,1272.0,1272.0,2862.0,15
,,PANCREAS TRAN-CADAVER-INITIAL 30,12211.0,4884.4,4884.4,10989.9,15
,,PANCREAS TRAN/LIVE D EACH ADD 30,3000.0,1200.0,1200.0,2700.0,15
,,PANCREAS TRAN/LIVE D INITIAL 30,11520.0,4608.0,4608.0,10368.0,15
,,PANCRELIPASE (CREON) 12000 UNITS 12000-38000 UNITS CPEP 100 EACH BOTTLE,25.75,10.3,10.3,23.18,34
,,PANCRELIPASE (CREON) 24000 UNITS 24000-76000 UNITS CPEP 100 EACH BOTTLE,51.03,20.412,20.41,45.93,34
,,PANCRELIPASE (CREON) 3000 UNITS 3000-9500 UNITS CPEP 70 EACH BOTTLE,10.88,4.352,4.35,9.79,34
,,PANCRELIPASE (CREON) 6000 UNITS 6000-19000 UNITS CPEP 100 EACH BOTTLE,12.88,5.152,5.15,11.59,17
,,PANCRELIPASE (LIP-PROT-AMYL) 16000-57500 UNITS CPEP 100 EACH BOTTLE,33.57,13.428,13.43,30.21,17
,,PANCRELIPASE (LIP-PROT-AMYL) 8000-28750 UNITS CPEP 100 EACH BOTTLE,16.79,6.716,6.72,15.11,17
,,PANCURONIUM 1 ML,35.0,14.0,14.0,31.5,17
,,PANTOPRAZOLE 20 MG TBEC 1 EACH,19.93,7.972,7.6,17.94,34
,,PANTOPRAZOLE 20 MG TBEC 100 EACH BOX,19.0,7.6,7.6,17.1,17
,,PANTOPRAZOLE 20 MG TBEC 50 EACH BOX,19.93,7.972,7.97,17.94,17
,,PANTOPRAZOLE 40 MG TBEC 1 EACH,3.0,1.2,1.2,2.7,17
,,PANTOPRAZOLE 40 MG TBEC 100 EACH BOX,3.0,1.2,1.2,2.7,17
,,PANTOPRAZOLE SODIUM 40 MG PACK 30 EACH BOX,89.05,35.62,35.62,80.15,17
,,PARICALCITOL 1 MCG CAPS 30 EACH BOTTLE,78.07,31.228,31.23,70.26,17
,,PAROXETINE 10 MG TABS 1 EACH,13.36,5.344,5.34,12.02,17
,,PAROXETINE 10 MG TABS 100 EACH BOX,14.07,5.628,1.46,12.66,51
,,PAROXETINE 10 MG TABS 30 EACH BOTTLE,13.1,5.24,5.24,11.79,17
,,PAROXETINE 12.5 MG TB24 30 EACH BOTTLE,27.88,11.152,11.15,25.09,17
,,PAROXETINE 20 MG TABS 1 EACH,13.95,5.58,5.58,12.56,17
,,PAROXETINE 20 MG TABS 100 EACH BOX,13.95,5.58,5.58,12.56,17
,,PAROXETINE 25 MG TB24 30 EACH BOTTLE,29.1,11.64,11.64,26.19,17
,,PAROXETINE 30 MG TABS 30 EACH BOTTLE,14.08,5.632,5.63,12.75,34
,,PAROXETINE 37.5 MG TB24 30 EACH BOTTLE,29.97,11.988,11.99,26.97,17
,,PATIROMER SORBITEX CALCIUM 8.4 G PACK 1 EACH PACKET,213.0,85.2,85.2,191.7,17
,,PATIROMER SORBITEX CALCIUM 8.4 G PACK 4 EACH BOX,284.64,113.856,113.86,256.18,17
,,PB-HYOSCY-ATROPINE-SCOPOLAMINE 16.2 MG TABS 100 EACH BOTTLE,83.47,33.388,33.39,75.12,17
,,PB-HYOSCY-ATROPINE-SCOPOLAMINE 16.2 MG/5ML ELIX 10 ML CUP,8.07,3.228,3.23,7.26,17
,,PB-HYOSCY-ATROPINE-SCOPOLAMINE 16.2 MG/5ML ELIX 120 ML BOTTLE,19.57,7.828,7.83,17.61,17
,,PB-HYOSCY-ATROPINE-SCOPOLAMINE 16.2 MG/5ML ELIX 480 ML BOTTLE,19.51,7.804,4.8,17.56,51
,,PB-HYOSCY-ATROPINE-SCOPOLAMINE 16.2 MG/5ML ELIX 5 ML CUP,8.85,3.54,3.54,7.97,17
,,PB-HYOSCY-ATROPINE-SCOPOLAMINE 16.2 MG/5ML ELIX 5 ML ORAL SYRINGE,8.09,3.236,3.24,7.28,17
,,PEDIATRIC MULTIVITAMIN SOLN 50 ML BOTTLE,1.0,0.4,0.4,0.9,17
,,PEDIATRICS-INITIAL 30 MIN,8050.0,3220.0,3220.0,7245.0,17
,,PEDS MINOR PROCEDURE UNDER SEDATION EA ADD 30 MIN,750.0,300.0,300.0,750.0,17
,,PEDS MINOR PROCEDURE UNDER SEDATION INIT 30 MIN,1500.0,600.0,600.0,1500.0,17
,,PEDS SEDATION CHEMO ADMIN EA 30 MIN,1500.0,600.0,600.0,1500.0,17
,,PEG REPLACEMENT KIT,721.0,288.4,288.4,648.9,17
,,PEG TUBE INSERTION,2000.0,800.0,800.0,2000.0,17
,,PENICILLAMINE 250 MG CAPS 100 EACH BOTTLE,1445.61,578.244,578.24,1301.05,17
,,PENICILLAMINE 250 MG TABS 100 EACH BOTTLE,417.47,166.988,166.99,375.72,17
,,PENICILLIN G BENZATHINE 2400000 UNITS SUSR 1 EACH VIAL,2097.6,839.04,839.04,1887.84,17
,,PENICILLIN G BENZATHINE AND PROC 900000-300000 UNIT/2ML SUSP 2 ML SYRINGE,1342.01,536.804,536.8,1207.81,14
,,PENICILLIN G SODIUM 5000000 UNITS SOLR 1 EACH VIAL,287.99,115.196,115.2,259.19,17
,,PENICILLIN V POTASSIUM 0.5 MG/ML 100 ML BOTTLE,56.0,22.4,22.4,50.4,17
,,PENICILLIN V POTASSIUM 250 MG TABS 100 EACH BOTTLE,3.0,1.2,1.2,2.7,17
,,PENICILLIN V POTASSIUM 250 MG/5ML SOLR 100 ML BOTTLE,56.0,22.4,22.4,50.4,17
,,PENICILLIN V POTASSIUM 250 MG/5ML SOLR 200 ML BOTTLE,81.0,32.4,32.4,72.9,17
,,PENICILLIN V POTASSIUM 5 UNITS/ML 200 ML BAG,150.0,60.0,60.0,135.0,17
,,PENICILLIN V POTASSIUM 500 MG TABS 100 EACH BOTTLE,3.89,1.556,1.56,3.5,17
,,PENICILLIN V POTASSIUM 500 UNITS/ML 200 ML BAG,150.0,60.0,60.0,135.0,17
,,PENICILLIN V POTASSIUM 50000 UNITS/ML 100 ML BAG,75.0,30.0,30.0,67.5,17
,,PENTAFLUOROPROP-TETRAFLUOROETH AEROSOL 116 ML CAN,190.82,76.328,69.6,171.74,34
,,PENTAZOCINE-NALOXONE 50-0.5 MG TABS 100 EACH BOTTLE,12.37,4.948,4.95,11.13,17
,,PENTOBARBITAL 50 MG/ML 100 ML BAG,2520.0,1008.0,1008.0,2268.0,17
,,PENTOBARBITAL 50 MG/ML 50 ML SYRINGE,1380.0,552.0,552.0,1242.0,17
,,PENTOBARBITAL 50 MG/ML SOLN 3 ML SYRINGE,90.0,36.0,36.0,81.0,17
,,PENTOBARBITAL 50 MG/ML SOLN 50 ML VIAL,10584.0,4233.6,4233.6,9525.6,17
,,PENTOSAN POLYSULFATE 100 MG CAPS 100 EACH BOTTLE,71.86,28.744,28.74,64.67,17
,,PENTOXIFYLLINE 400 MG TAB CR 100 EACH BOX,3.0,1.2,1.2,2.7,17
,,PEPPERMINT OIL OIL 15 ML BOTTLE,23.93,9.572,9.57,21.54,17
,,PEPPERMINT OIL OIL 30 ML BOTTLE,134.4,53.76,53.76,120.96,17
,,PERAMIVIR 200 MG/20ML SOLN 20 ML VIAL,1748.0,699.2,699.2,1573.2,14
,,PERAMPANEL 2 MG TABS 30 EACH BOTTLE,124.2,49.68,47.2,111.78,51
,,PERAMPANEL 4 MG TABS 30 EACH BOTTLE,233.13,93.252,93.25,220.86,51
,,PERAMPANEL 8 MG TABS 30 EACH BOTTLE,233.13,93.252,93.25,220.86,51
,,PERINDOPRIL 8 MG TABS 100 EACH BOTTLE,13.98,5.592,5.59,12.58,17
,,PERIT DIALY CYCLER UNCOM INPT,2913.0,1165.2,1165.2,2621.7,17
,,PERIT DIALY.CYCLER COMP/INPT,5950.0,2380.0,2380.0,5355.0,17
,,PERMETHRIN 1 % LIQD 59 ML BOTTLE,77.88,31.152,31.15,70.09,17
,,PERMETHRIN 5 % CREA 60 G TUBE,542.89,217.156,217.16,488.6,17
,,PERPHENAZINE 2 MG TABS 100 EACH BOTTLE,8.73,3.492,3.49,7.86,34
,,PERPHENAZINE 4 MG TABS 100 EACH BOTTLE,11.95,4.78,4.78,10.76,17
,,PERPHENAZINE 4 MG TABS 100 EACH BOX,10.52,4.208,4.21,9.47,17
,,PERPHENAZINE 8 MG TABS 100 EACH BOX,12.64,5.056,5.06,11.38,17
,,PH 12 GLYCINE DILUENT FOR FLOLAN SOLN 50 ML VIAL,87.0,34.8,34.8,78.3,17
,,PHARMACY,0.01,0.01,0.01,0.01,23
,,PHASE II RECOVERY,46.0,18.4,18.4,41.4,17
,,PHENAZOPYRIDINE 100 MG TABS 100 EACH BOTTLE,13.5,5.4,5.4,12.15,68
,,PHENAZOPYRIDINE 200 MG TABS 100 EACH BOTTLE,20.0,8.0,8.0,18.0,34
,,PHENELZINE 15 MG TABS 60 EACH BOTTLE,4.18,1.672,1.67,3.76,17
,,PHENOBARBITAL 16.2 MG TABS 100 EACH BOTTLE,10.0,4.0,4.0,9.0,51
,,PHENOBARBITAL 20 MG/5ML ELIX 2.5 ML ORAL SYRINGE,10.0,4.0,4.0,9.0,17
,,PHENOBARBITAL 20 MG/5ML ELIX 22.5 ML ORAL SYRINGE,21.83,8.732,8.73,19.65,17
,,PHENOBARBITAL 20 MG/5ML ELIX 3.75 ML ORAL SYRINGE,10.0,4.0,4.0,9.0,17
,,PHENOBARBITAL 20 MG/5ML ELIX 473 ML BOTTLE,422.11,168.844,168.84,399.47,85
,,PHENOBARBITAL 20 MG/5ML ELIX 5 ML CUP,26.78,10.712,7.4,24.1,68
,,PHENOBARBITAL 20 MG/5ML ELIX 5 ML ORAL SYRINGE,10.0,4.0,4.0,9.0,17
,,PHENOBARBITAL 20 MG/5ML ELIX 7.5 ML ORAL SYRINGE,10.0,4.0,4.0,9.0,17
,,PHENOBARBITAL 32.4 MG TABS 100 EACH BOTTLE,10.0,4.0,4.0,9.0,51
,,PHENOBARBITAL 32.4 MG TABS 100 EACH BOX,10.0,4.0,4.0,9.0,17
,,PHENOBARBITAL 4 MG/ML ELIX 1 ML,10.0,4.0,4.0,9.0,17
,,PHENOBARBITAL 64.8 MG TABS 100 EACH BOTTLE,10.0,4.0,4.0,9.0,51
,,PHENOBARBITAL 97.2 MG TABS 100 EACH BOTTLE,10.0,4.0,4.0,9.0,51
,,PHENOL 6 % SOLN 10 ML VIAL,410.73,164.292,164.29,369.66,17
,,PHENOL 6 % SOLN 20 ML,63.95,25.58,25.58,57.56,17
,,PHENOL 89 % SWAB 30 EACH PACKAGE,27.29,10.916,10.92,24.56,17
,,PHENOL-GLYCERIN 1.5-33 % LIQD 118 ML BOTTLE,39.53,15.812,15.81,35.58,17
,,PHENYLEPHRINE 0.1 MG/ML 10 ML SYRINGE,35.0,14.0,14.0,31.5,34
,,PHENYLEPHRINE 0.125 % SOLN 15 ML BOTTLE,8.39,3.356,3.36,7.55,17
,,PHENYLEPHRINE 0.25 % SOLN 15 ML BOTTLE,6.23,2.492,2.49,5.61,17
,,PHENYLEPHRINE 0.5 % SOLN 15 ML BOTTLE,6.23,2.492,2.49,5.61,17
,,PHENYLEPHRINE 1 % SOLN 15 ML BOTTLE,7.0,2.8,2.8,6.3,17
,,PHENYLEPHRINE 1 MG/10ML SOLN 10 ML VIAL,35.0,14.0,14.0,31.5,17
,,PHENYLEPHRINE 10 % SOLN 5 ML BOTTLE,240.0,96.0,96.0,225.0,34
,,PHENYLEPHRINE 2.5 % SOLN 10 ML BOTTLE,360.0,144.0,144.0,324.0,34
,,PHENYLEPHRINE 2.5 % SOLN 15 ML BOTTLE,496.8,198.72,198.72,465.75,34
,,PHENYLEPHRINE 2.5 % SOLN 2 ML BOTTLE,195.0,78.0,78.0,182.84,34
,,PHENYLEPHRINE 50-0.9 MG/250ML-% SOLN 250 ML FLEX CONT,227.5,91.0,91.0,204.75,17
,,PHENYLEPHRINE HCL 0.1 MG/ML SOSY 10 ML SYRINGE,35.0,14.0,14.0,31.5,17
,,PHENYTOIN 100 MG CAPS 1 EACH,12.05,4.82,1.28,10.85,51
,,PHENYTOIN 100 MG CAPS 100 EACH BOX,9.36,3.744,1.28,10.85,68
,,PHENYTOIN 125 MG/5ML SUSP 20 ML ORAL SYRINGE,4.7,1.88,1.88,4.23,17
,,PHENYTOIN 125 MG/5ML SUSP 237 ML BOTTLE,184.86,73.944,73.94,166.37,17
,,PHENYTOIN 125 MG/5ML SUSP 4 ML CUP,43.2,17.28,16.08,38.88,68
,,PHENYTOIN 125 MG/5ML SUSP 4 ML ORAL SYRINGE,3.12,1.248,1.25,2.81,17
,,PHENYTOIN 125 MG/5ML SUSP 6 ML ORAL SYRINGE,5.91,2.364,2.36,5.32,17
,,PHENYTOIN 125MG/5ML SUSP 1 ML,3.0,1.2,1.2,2.7,17
,,PHENYTOIN 30 MG CAPS 100 EACH BOTTLE,9.42,3.768,3.77,8.48,34
,,PHENYTOIN 50 MG CHEW 1 EACH,9.0,3.6,3.6,8.1,17
,,PHENYTOIN 50 MG CHEW 30 EACH BOX,9.0,3.6,3.14,8.1,34
,,PHENYTOIN 50 MG/ML SOLN 1 ML,35.0,14.0,14.0,31.5,34
,,PHISODERM BABY WASH LIQD 236 ML BOTTLE,18.8,7.52,7.52,16.92,17
,,PHOSPHORUS 155-852-130 MG TABS 100 EACH BOTTLE,3.0,1.2,1.2,4.37,51
,,PHYSOSTIGMINE SALICYLATE 1 MG/ML SOLN 2 ML AMPULE,432.14,172.856,172.86,388.93,17
,,PHYTONADIONE 2.5 MG/2.5 ML SOLN 2.5 ML ORAL SYRINGE,55.75,22.3,22.3,50.18,17
,,PHYTONADIONE 5 MG TABS 1 EACH,371.91,148.764,148.76,334.72,17
,,PHYTONADIONE 5 MG TABS 100 EACH BOTTLE,352.56,141.024,141.02,317.3,17
,,PHYTONADIONE 5 MG TABS 20 EACH BOX,371.91,148.764,148.76,334.72,17
,,PILOCARPINE 1 % SOLN 15 ML BOTTLE,453.4,181.36,181.36,408.06,34
,,PILOCARPINE 2 % SOLN 15 ML BOTTLE,463.75,185.5,185.5,417.38,17
,,PILOCARPINE 4 % SOLN 15 ML BOTTLE,486.17,194.468,194.47,437.55,17
,,PILOCARPINE 5 MG TABS 100 EACH BOTTLE,9.07,3.628,1.2,8.16,51
,,PIMOZIDE 1 MG TABS 100 EACH BOTTLE,9.15,3.66,3.66,8.24,17
,,PINDOLOL 10 MG TABS 100 EACH BOTTLE,8.99,3.596,3.6,8.09,17
,,PINDOLOL 5 MG TABS 100 EACH BOTTLE,10.69,4.276,4.28,9.62,17
,,PIOGLITAZONE 15 MG TABS 100 EACH BOX,6.3,2.52,2.52,5.67,17
,,PIOGLITAZONE 30 MG TABS 30 EACH BOTTLE,53.53,21.412,21.41,48.18,17
,,PIOGLITAZONE 45 MG TABS 90 EACH BOTTLE,58.07,23.228,23.23,52.26,17
,,PIROXICAM 20 MG CAPS 100 EACH BOTTLE,22.43,8.972,8.97,20.19,17
,,PLACEMENT ISSUE ROOM,600.0,240.0,480.0,11492.19,24
,,PLEGISOL SOLN 1000 ML PLAS CONT,469.2,187.68,187.68,422.28,17
,,PODOPHYLLIN RESIN 25% 25 % SOLN 15 ML BOTTLE,563.52,225.408,225.41,507.17,17
,,POLY-VI-SOL/IRON 11 MG/ML SOLN 50 ML BOTTLE,1.0,0.4,0.4,0.9,17
,,POLYETHYLENE GLYCOL 17 G PACK 1 EACH PACKET,8.35,3.34,3.34,7.52,17
,,POLYETHYLENE GLYCOL 17 G PACK 24 EACH BOX,6.79,2.716,2.72,6.11,17
,,POLYETHYLENE GLYCOL 236 G SOLR 4000 ML BOTTLE,140.0,56.0,56.0,126.0,16
,,POLYETHYLENE GLYCOL-ELECTROLYTES 420 G SOLR 4000 ML BOTTLE,160.0,64.0,64.0,144.0,16
,,POLYMYXIN B 500000 UNITS SOLR 1 EACH VIAL,67.5,27.0,27.0,78.75,68
,,POLYSPORIN 500-10000 UNIT/GM OINT 14.2 G TUBE,30.1,12.04,12.04,27.09,17
,,POLYSPORIN 500-10000 UNIT/GM OINT 144 EACH PACKET,3.0,1.2,1.2,2.7,17
,,PORACTANT ALFA 120 MG/1.5ML SUSP 1.5 ML VIAL,3166.68,1266.672,1266.67,2850.01,17
,,PORACTANT ALFA 240 MG/3ML SUSP 3 ML VIAL,6244.35,2497.74,2497.74,5619.92,17
,,POSACONAZOLE 100 MG TBEC 1 EACH,283.0,113.2,113.2,254.7,17
,,POSACONAZOLE 100 MG TBEC 30 EACH BOX,283.0,113.2,113.2,254.7,17
,,POSACONAZOLE 100 MG TBEC 60 EACH BOTTLE,370.04,148.016,148.02,333.04,34
,,POSACONAZOLE 300 MG/16.7ML SOLN 16.7 ML VIAL,2673.46,1069.384,728.65,2406.11,56
,,POSACONAZOLE 40 MG/ML SUSP 105 ML BOTTLE,205.65,82.26,74.03,185.09,34
,,POSACONAZOLE 40 MG/ML SUSP 5 ML ORAL SYRINGE,185.08,74.032,74.03,166.57,17
,,POTASSIUM ACETATE 2 MEQ/ML SOLN 20 ML VIAL,35.0,14.0,14.0,31.5,51
,,POTASSIUM ACETATE 2 MEQ/ML SOLN 50 ML VIAL,67.25,26.9,26.9,60.53,17
,,POTASSIUM AND SODIUM CITRATE-CITRIC ACID-SUCROSE 550-500-334 MG/5ML SYRP 473 ML,3.75,1.5,1.5,3.38,17
,,POTASSIUM AND SODIUM PHOSPHATES 280-160-250 MG PACK 1 EACH PACKET,3.0,1.2,1.2,2.7,17
,,POTASSIUM AND SODIUM PHOSPHATES 280-160-250 MG PACK 100 EACH BOX,3.0,1.2,1.2,2.7,34
,,POTASSIUM BICARB-CITRIC ACID 20 MEQ TBEF 30 EACH BOX,3.3,1.32,1.32,2.97,34
,,POTASSIUM BICARBONATE 25 MEQ TBEF 250 EACH BOX,3.0,1.2,1.2,2.7,17
,,POTASSIUM BICARBONATE 25 MEQ TBEF 30 EACH BOX,3.0,1.2,1.2,2.7,51
,,POTASSIUM CHLORIDE 10 MEQ TAB CR 1 EACH,3.0,1.2,1.2,2.7,17
,,POTASSIUM CHLORIDE 10 MEQ TAB CR 100 EACH BOTTLE,3.0,1.2,1.2,2.7,17
,,POTASSIUM CHLORIDE 10 MEQ TAB CR 100 EACH BOX,3.0,1.2,1.2,2.7,17
,,POTASSIUM CHLORIDE 10 MEQ TAB CR 80 EACH BOX,3.0,1.2,1.2,2.7,17
,,POTASSIUM CHLORIDE 10% LIQD 1 ML,3.0,1.2,1.2,2.7,17
,,POTASSIUM CHLORIDE 20 MEQ PACK 1 EACH PACKET,53.7,21.48,21.48,48.33,17
,,POTASSIUM CHLORIDE 20 MEQ PACK 30 EACH BOX,9.12,3.648,3.65,48.33,51
,,POTASSIUM CHLORIDE 20 MEQ/15ML (10%) SOLN 15 ML CUP,93.0,37.2,15.12,83.7,102
,,POTASSIUM CHLORIDE 20 MEQ/15ML (10%) SOLN 473 ML BOTTLE,60.9,24.36,24.36,54.81,34
,,POTASSIUM CHLORIDE 8 MEQ TAB CR 100 EACH BOX,3.3,1.32,1.32,2.97,17
,,POTASSIUM CHLORIDE CR 8 MEQ CPCR 100 EACH BOTTLE,4.47,1.788,1.79,4.02,17
,,POTASSIUM CHLORIDE SA 20 MEQ TAB CR 1 EACH,3.4,1.36,1.36,3.06,17
,,POTASSIUM CHLORIDE SA 20 MEQ TAB CR 100 EACH BOTTLE,3.52,1.408,1.26,3.17,34
,,POTASSIUM CHLORIDE SA 20 MEQ TAB CR 100 EACH BOX,3.4,1.36,1.36,3.89,34
,,POTASSIUM CHLORIDE SA 20 MEQ TAB CR 80 EACH BOX,4.0,1.6,1.6,3.6,17
,,POTASSIUM CHLORIDE SA 20 MEQ TAB CR 90 EACH BOTTLE,3.14,1.256,1.26,2.83,17
,,POTASSIUM CITRATE 5 MEQ (540 MG) TAB CR 100 EACH BOTTLE,8.76,3.504,3.5,7.88,17
,,POTASSIUM IODIDE (ANTIDOTE) 130 MG TABS 14 EACH BOX,9.84,3.936,3.94,8.86,17
,,POTASSIUM IODIDE (EXPECTORANT) 1 GM/ML SOLN 30 ML BOTTLE,2399.04,959.616,959.62,2159.14,17
,,POTASSIUM PHOSPHATE 15 MMOL/250ML SOLN 250 ML FLEX CONT,210.0,84.0,84.0,189.0,34
,,POTASSIUM PHOSPHATE 15 MMOLE/5ML SOLN 5 ML VIAL,143.88,57.552,57.55,129.49,17
,,POTASSIUM PHOSPHATE 3 MMOL/ML SOLN 15 ML VIAL,88.73,35.492,35.49,259.0,68
,,POTASSIUM PHOSPHATE 45 MMOLE/15ML SOLN 15 ML VIAL,88.73,35.492,35.49,79.86,17
,,POTASSIUM PHOSPHATES 150 MMOLE/50ML SOLN 50 ML VIAL,655.27,262.108,262.11,589.74,17
,,POVIDONE-IODINE 10 % SOLN 118 ML BOTTLE,9.44,3.776,3.78,8.5,17
,,POVIDONE-IODINE 10 % SOLN 237 ML BOTTLE,27.26,10.904,10.9,24.53,17
,,POVIDONE-IODINE 10 % SWAB 50 EACH BOX,3.0,1.2,1.2,2.7,17
,,POVIDONE-IODINE 5 % SOLN 30 ML BOTTLE,106.5,42.6,42.6,95.85,17
,,PRAMIPEXOLE 0.125 MG TABS 90 EACH BOTTLE,14.75,5.9,5.9,13.28,17
,,PRAMIPEXOLE 0.25 MG TABS 100 EACH BOX,3.0,1.2,1.2,2.7,17
,,PRAMIPEXOLE 0.25 MG TABS 90 EACH BOTTLE,14.7,5.88,5.88,13.23,17
,,PRAMIPEXOLE 0.5 MG TABS 1 EACH,5.0,2.0,2.0,4.5,17
,,PRAMIPEXOLE 0.5 MG TABS 30 EACH BOX,5.0,2.0,2.0,4.5,17
,,PRAMIPEXOLE 0.5 MG TABS 90 EACH BOTTLE,14.75,5.9,5.9,13.28,17
,,PRAMIPEXOLE 1 MG TABS 1 EACH,6.65,2.66,2.66,5.99,17
,,PRAMIPEXOLE 1 MG TABS 30 EACH BOX,6.63,2.652,2.65,5.97,17
,,PRAMIPEXOLE 1 MG TABS 90 EACH BOTTLE,14.75,5.9,5.9,13.28,17
,,PRAMIPEXOLE 1.5 MG TABS 90 EACH BOTTLE,14.75,5.9,5.9,13.28,17
,,PRAMOXINE HCL (PERIANAL) 1 % FOAM 15 G CAN,262.13,104.852,104.85,235.92,17
,,PRASUGREL 10 MG TABS 1 EACH,10.98,4.392,4.39,9.88,17
,,PRASUGREL 10 MG TABS 30 EACH BOTTLE,82.53,33.012,33.01,74.28,34
,,PRASUGREL 10 MG TABS 30 EACH BOX,10.98,4.392,4.39,9.88,17
,,PRASUGREL 5 MG TABS 30 EACH BOTTLE,82.53,33.012,33.01,74.28,34
,,PRAVASTATIN 10 MG TABS 1 EACH,16.0,6.4,6.4,14.4,17
,,PRAVASTATIN 10 MG TABS 100 EACH BOX,14.47,5.788,5.79,14.4,34
,,PRAVASTATIN 20 MG TABS 1 EACH,16.26,6.504,6.5,14.71,34
,,PRAVASTATIN 20 MG TABS 100 EACH BOX,12.48,4.992,4.99,14.71,51
,,PRAZIQUANTEL 600 MG TABS 6 EACH BOTTLE,458.38,183.352,183.35,412.54,17
,,PRAZOSIN 1 MG CAPS 1 EACH,8.93,3.572,3.57,8.04,17
,,PRAZOSIN 1 MG CAPS 100 EACH BOX,8.1,3.24,3.24,8.04,34
,,PRAZOSIN 2 MG CAPS 100 EACH BOTTLE,6.61,2.644,2.64,5.95,17
,,PRAZOSIN 5 MG CAPS 100 EACH BOTTLE,11.48,4.592,4.59,10.33,17
,,PREDNISOLONE 15 MG/5ML SOLN 237 ML BOTTLE,369.72,147.888,147.89,332.75,17
,,PREDNISOLONE 15 MG/5ML SOLN 3.33 ML ORAL SYRINGE,8.03,3.212,3.21,7.23,17
,,PREDNISOLONE 15 MG/5ML SOLN 480 ML BOTTLE,850.08,340.032,340.03,765.07,17
,,PREDNISOLONE 15 MG/5ML SOLN 5 ML ORAL SYRINGE,7.85,3.14,3.14,7.07,17
,,PREDNISOLONE ACETATE 0.12 % SUSP 10 ML BOTTLE,1770.86,708.344,708.34,1593.77,17
,,PREDNISOLONE ACETATE 1 % SUSP 5 ML BOTTLE,276.6,110.64,105.6,248.94,51
,,PREGABALIN 100 MG CAPS 1 EACH,10.0,4.0,4.0,9.0,17
,,PREGABALIN 100 MG CAPS 100 EACH BOX,10.0,4.0,4.0,60.11,34
,,PREGABALIN 150 MG CAPS 1 EACH,10.0,4.0,4.0,9.0,17
,,PREGABALIN 150 MG CAPS 100 EACH BOX,10.0,4.0,4.0,60.11,51
,,PREGABALIN 200 MG CAPS 90 EACH BOTTLE,60.72,24.288,24.29,54.65,17
,,PREGABALIN 225 MG CAPS 90 EACH BOTTLE,60.72,24.288,24.29,54.65,17
,,PREGABALIN 25 MG CAPS 1 EACH,10.0,4.0,4.0,9.0,17
,,PREGABALIN 25 MG CAPS 100 EACH BOX,10.0,4.0,4.0,9.0,17
,,PREGABALIN 25 MG CAPS 90 EACH BOTTLE,42.14,16.856,16.86,54.65,51
,,PREGABALIN 300 MG CAPS 90 EACH BOTTLE,60.72,24.288,24.29,54.65,17
,,PREGABALIN 50 MG CAPS 1 EACH,10.0,4.0,4.0,9.0,17
,,PREGABALIN 50 MG CAPS 100 EACH BOX,10.0,4.0,4.0,9.0,34
,,PREGABALIN 50 MG CAPS 90 EACH BOTTLE,44.48,17.792,17.79,40.03,17
,,PREGABALIN 75 MG CAPS 1 EACH,10.0,4.0,4.0,9.0,34
,,PREGABALIN 75 MG CAPS 100 EACH BOX,10.0,4.0,4.0,9.0,17
,,PREGABALIN 75 MG CAPS 50 EACH BOX,10.0,4.0,4.0,9.0,17
,,PREGABALIN 75 MG CAPS 90 EACH BOTTLE,42.14,16.856,16.86,40.03,34
,,PRENATAL 1 TAB TABS 100 EACH BOTTLE,3.0,1.2,1.2,2.7,17
,,PRIMAQUINE PHOSPHATE 26.3 (15 BASE) MG TABS 100 EACH BOTTLE,12.28,4.912,4.91,11.05,17
,,PRIMIDONE 250 MG TABS 1 EACH,5.25,2.1,2.1,4.73,17
,,PRIMIDONE 250 MG TABS 100 EACH BOX,5.25,2.1,2.1,4.73,17
,,PRIMIDONE 50 MG TABS 1 EACH,4.9,1.96,1.96,4.41,17
,,PRIMIDONE 50 MG TABS 100 EACH BOX,4.88,1.952,1.95,4.39,17
,,PROBE,800.0,320.0,200.0,720.0,51
,,PROBE CARDIAC ABLATION,5768.0,2307.2,2307.2,5191.2,17
,,PROBE HEMOSTASIS,278.0,111.2,111.2,250.2,17
,,PROBE IMPEDANCE SUPPLY,575.0,230.0,230.0,517.5,17
,,PROBE PH,515.0,206.0,206.0,463.5,17
,,PROBENECID 500 MG TABS 100 EACH BOTTLE,18.66,7.464,7.46,16.79,17
,,PROC SEDATION ORAL RECTAL INT,320.0,128.0,128.0,288.0,17
,,PROCARBAZINE 50 MG CAPS 100 EACH BOTTLE,975.6,390.24,390.24,878.04,17
,,PROCED SED ORAL RECTAL NASAL,320.0,128.0,128.0,288.0,17
,,PROCHLORPERAZINE 25 MG SUPP 12 EACH BOX,61.29,24.516,24.52,55.16,17
,,PROGESTERONE 100 MG CAPS 100 EACH BOTTLE,25.86,10.344,10.34,23.27,17
,,PROMETHAZINE 12.5 MG SUPP 1 EACH BOX,79.67,31.868,31.87,79.68,34
,,PROMETHAZINE 12.5 MG SUPP 12 EACH BOX,79.67,31.868,31.87,79.68,34
,,PROMETHAZINE 12.5 MG TABS 1 EACH,3.05,1.22,1.22,2.75,17
,,PROMETHAZINE 12.5 MG TABS 100 EACH BOTTLE,3.0,1.2,1.2,2.7,34
,,PROMETHAZINE 12.5 MG TABS 100 EACH BOX,3.08,1.232,1.23,2.77,17
,,PROMETHAZINE 25 MG SUPP 12 EACH BOX,88.53,35.412,35.41,79.68,17
,,PROMETHAZINE 50 MG SUPP 12 EACH BOX,178.83,71.532,71.53,160.95,17
,,PROMETHAZINE 50 MG TABS 100 EACH BOTTLE,3.88,1.552,1.55,3.49,17
,,PROMETHAZINE HCL 6.25 MG/5ML SOLN 10 ML ORAL SYRINGE,5.3,2.12,2.12,4.77,17
,,PROMETHAZINE HCL 6.25 MG/5ML SOLN 473 ML BOTTLE,250.69,100.276,100.28,225.62,17
,,PROPAFENONE 150 MG TABS 100 EACH BOTTLE,8.18,3.272,3.27,7.36,17
,,PROPAFENONE 225 MG CP12 60 EACH BOTTLE,39.47,15.788,15.79,35.52,17
,,PROPAFENONE 225 MG TABS 100 EACH BOTTLE,11.65,4.66,4.66,10.49,51
,,PROPAFENONE 300 MG TABS 100 EACH BOTTLE,14.85,5.94,5.94,13.37,17
,,PROPAFENONE 325 MG CP12 60 EACH BOTTLE,50.0,20.0,20.0,45.0,17
,,PROPAFENONE 425 MG CP12 60 EACH BOTTLE,50.0,20.0,20.0,45.0,17
,,PROPARACAINE 0.5 % SOLN 15 ML,16.85,6.74,6.74,15.17,17
,,PROPARACAINE 0.5 % SOLN 15 ML BOTTLE,210.53,84.212,84.21,189.48,17
,,PROPRANOLOL 1 MG/ML SOLN 1 ML,48.0,19.2,19.2,43.2,17
,,PROPRANOLOL 10 MG TABS 1 EACH,3.0,1.2,1.2,2.7,17
,,PROPRANOLOL 10 MG TABS 100 EACH BOTTLE,3.0,1.2,1.2,2.7,17
,,PROPRANOLOL 10 MG TABS 100 EACH BOX,3.0,1.2,1.2,2.7,34
,,PROPRANOLOL 120 MG CP24 100 EACH BOTTLE,14.91,5.964,5.96,13.44,34
,,PROPRANOLOL 20 MG TABS 1 EACH,3.0,1.2,1.2,2.7,17
,,PROPRANOLOL 20 MG TABS 100 EACH BOTTLE,3.0,1.2,1.2,2.7,34
,,PROPRANOLOL 20 MG TABS 100 EACH BOX,3.0,1.2,1.2,2.7,17
,,PROPRANOLOL 20 MG/5ML SOLN 5 ML ORAL SYRINGE,3.3,1.32,1.32,2.97,17
,,PROPRANOLOL 20 MG/5ML SOLN 500 ML BOTTLE,330.0,132.0,132.0,297.0,17
,,PROPRANOLOL 4 MG/ML SOLN 1 ML,3.0,1.2,1.2,2.7,17
,,PROPRANOLOL 40 MG TABS 1 EACH,3.35,1.34,1.34,3.02,17
,,PROPRANOLOL 40 MG TABS 100 EACH BOX,3.35,1.34,1.34,3.02,17
,,PROPRANOLOL 60 MG CP24 100 EACH BOTTLE,10.29,4.116,4.08,9.26,51
,,PROPRANOLOL 80 MG CP24 100 EACH BOTTLE,12.04,4.816,4.82,10.84,17
,,PROPRANOLOL 80 MG CP24 100 EACH BOX,12.25,4.9,4.9,11.03,17
,,PROPRANOLOL 80 MG TABS 100 EACH BOTTLE,4.85,1.94,1.94,4.37,17
,,PROPYLTHIOURACIL 50 MG TABS 100 EACH BOTTLE,4.5,1.8,1.8,4.05,17
,,PROTEKDUO PROCEDURE KIT,20085.0,8034.0,8034.0,18076.5,17
,,PROTRIPTYLINE 10 MG TABS 100 EACH BOTTLE,28.67,11.468,11.47,25.8,17
,,PRUCALOPRIDE 1 MG TABS 30 EACH BOTTLE,100.29,40.116,40.12,90.26,17
,,PRUCALOPRIDE 2 MG TABS 30 EACH BOTTLE,111.44,44.576,44.58,100.3,17
,,PSEUDOEPHEDRINE 120 MG TB12 10 EACH BOX,3.0,1.2,1.2,2.7,17
,,PSEUDOEPHEDRINE 30 MG TABS 100 EACH BOTTLE,3.0,1.2,1.2,2.7,17
,,PSEUDOEPHEDRINE HCL 15 MG/5ML LIQD 118 ML BOTTLE,34.22,13.688,13.69,30.8,17
,,PSYLLIUM 0.36 G CAPS 160 EACH BOTTLE,3.0,1.2,1.2,2.7,17
,,PSYLLIUM 100 % PACK 100 EACH PACKAGE,3.0,1.2,1.2,2.7,17
,,PSYLLIUM 25 % PACK 30 EACH BOX,3.22,1.288,1.29,2.9,17
,,PSYLLIUM 51.7 % PACK 1 EACH PACKAGE,3.0,1.2,1.2,2.7,17
,,PSYLLIUM 51.7 % PACK 30 EACH BOX,3.0,1.2,1.2,2.7,17
,,PYRAZINAMIDE 500 MG TABS 1 EACH,34.83,13.932,13.93,31.35,17
,,PYRAZINAMIDE 500 MG TABS 100 EACH BOTTLE,30.78,12.312,12.31,27.7,17
,,PYRAZINAMIDE 500 MG TABS 100 EACH BOX,34.83,13.932,13.93,31.35,17
,,PYRAZINAMIDE 500 MG TABS 500 EACH BOTTLE,30.42,12.168,12.17,27.38,17
,,PYRAZINAMIDE 500 MG TABS 60 EACH BOTTLE,31.58,12.632,12.63,28.42,17
,,PYRAZINAMIDE 500 MG TABS 90 EACH BOTTLE,31.38,12.552,12.55,28.24,17
,,PYRIDOSTIGMINE 180 MG TAB CR 30 EACH BOTTLE,124.04,49.616,49.62,243.39,34
,,PYRIDOSTIGMINE 60 MG TABS 1 EACH,7.4,2.96,2.96,6.66,17
,,PYRIDOSTIGMINE 60 MG TABS 100 EACH BOTTLE,6.38,2.552,2.55,5.74,17
,,PYRIDOSTIGMINE 60 MG TABS 100 EACH BOX,7.41,2.964,2.96,6.67,17
,,PYRIDOSTIGMINE 60 MG TABS 30 EACH BOTTLE,6.38,2.552,2.55,5.74,17
,,PYRIDOSTIGMINE 60 MG/5ML SOLN 473 ML BOTTLE,5626.05,2250.42,2250.42,8755.54,51
,,PYRIDOSTIGMINE 60 MG/5ML SOLN 5 ML ORAL SYRINGE,70.8,28.32,28.32,63.72,17
,,PYRIDOSTIGMINE BROMIDE 10 MG/2ML SOLN 2 ML AMPULE,191.99,76.796,76.8,172.79,17
,,PYRIDOXINE 100 MG TABS 1 EACH,3.0,1.2,1.2,2.7,34
,,PYRIDOXINE 100 MG TABS 100 EACH BOTTLE,3.0,1.2,1.2,2.7,34
,,PYRIDOXINE 100 MG TABS 100 EACH BOX,3.0,1.2,1.2,2.7,17
,,PYRIDOXINE 100 MG TABS 50 EACH BOX,3.0,1.2,1.2,2.7,17
,,PYRIDOXINE 25 MG TABS 100 EACH BOTTLE,3.0,1.2,1.2,2.7,17
,,PYRIDOXINE 50 MG TABS 1 EACH,3.0,1.2,1.2,2.7,17
,,PYRIMETHAMINE 25 MG TABS 30 EACH BOTTLE,3780.0,1512.0,1436.4,3402.0,34
,,QUADRASPHERE MICROSPHERES,3090.0,1236.0,1236.0,2781.0,17
,,QUETIAPINE 100 MG TABS 1 EACH,32.39,12.956,12.96,29.15,17
,,QUETIAPINE 100 MG TABS 100 EACH BOX,32.39,12.956,12.96,29.15,17
,,QUETIAPINE 12.5 MG TABS 1 HALF TABLET,9.29,3.716,3.72,8.36,17
,,QUETIAPINE 200 MG TABS 1 EACH,60.87,24.348,24.35,54.98,34
,,QUETIAPINE 200 MG TABS 100 EACH BOX,61.09,24.436,24.44,54.98,17
,,QUETIAPINE 200 MG TABS 50 EACH BOX,60.87,24.348,24.35,54.78,17
,,QUETIAPINE 200 MG TB24 60 EACH BOTTLE,87.64,35.056,35.06,78.88,51
,,QUETIAPINE 25 MG TABS 1 EACH,18.57,7.428,7.43,17.0,34
,,QUETIAPINE 25 MG TABS 100 EACH BOTTLE,19.98,7.992,7.99,17.98,17
,,QUETIAPINE 25 MG TABS 50 EACH BOX,18.57,7.428,7.43,16.71,17
,,QUETIAPINE 300 MG TABS 1 EACH,80.1,32.04,32.04,72.09,17
,,QUETIAPINE 300 MG TABS 100 EACH BOX,80.1,32.04,32.04,72.09,17
,,QUETIAPINE 300 MG TABS 60 EACH BOTTLE,84.77,33.908,33.91,76.29,17
,,QUETIAPINE 300 MG TB24 60 EACH BOTTLE,114.9,45.96,45.96,103.42,51
,,QUETIAPINE 400 MG TABS 1 EACH,94.06,37.624,37.62,84.73,34
,,QUETIAPINE 400 MG TABS 100 EACH BOX,94.14,37.656,37.66,84.73,17
,,QUETIAPINE 400 MG TABS 50 EACH BOX,94.06,37.624,37.62,84.65,17
,,QUETIAPINE 400 MG TB24 60 EACH BOTTLE,135.05,54.02,54.02,121.55,51
,,QUETIAPINE 50 MG TABS 1 EACH,30.95,12.38,12.38,27.91,34
,,QUETIAPINE 50 MG TABS 100 EACH BOX,3.0,1.2,1.2,2.7,17
,,QUETIAPINE 50 MG TABS 50 EACH BOX,30.95,12.38,12.38,27.86,17
,,QUETIAPINE FUMARATE 50 MG TB24 60 EACH BOTTLE,44.34,17.736,17.74,39.92,34
,,QUINAPRIL 10 MG TABS 90 EACH BOTTLE,6.12,2.448,2.45,5.51,17
,,QUINAPRIL 20 MG TABS 90 EACH BOTTLE,6.12,2.448,2.45,5.51,17
,,QUINAPRIL 40 MG TABS 90 EACH BOTTLE,6.12,2.448,2.45,5.51,17
,,QUINAPRIL 5 MG TABS 90 EACH BOTTLE,6.12,2.448,2.45,5.51,17
,,QUINIDINE GLUCONATE 324 MG TAB CR 100 EACH BOTTLE,45.32,18.128,18.13,40.79,17
,,QUINIDINE SULFATE 200 MG TABS 30 EACH BOTTLE,75.44,30.176,30.18,67.9,17
,,QUINIDINE SULFATE 300 MG TABS 30 EACH BOTTLE,79.5,31.8,31.8,71.55,17
,,QUININE 324 MG CAPS 20 EACH BOX,26.47,10.588,10.59,23.82,17
,,QUININE 324 MG CAPS 30 EACH BOTTLE,35.36,14.144,14.14,31.82,34
,,RA CLOTRIMAZOLE 1 % CREA 15 G TUBE,35.93,14.372,14.37,32.34,17
,,RACEPINEPHRINE HCL 2.25 % NEBU 30 EACH BOX,12.5,5.0,5.0,11.25,17
,,RACEPINEPHRINE HCL 2.25 % NEBU 30 EACH PLAS CONT,12.5,5.0,5.0,11.25,17
,,RALOXIFENE 60 MG TABS 30 EACH BOX,36.67,14.668,14.67,33.0,17
,,RALTEGRAVIR 400 MG TABS 60 EACH BOTTLE,208.32,83.328,83.33,187.49,17
,,RALTEGRAVIR POTASSIUM 100 MG CHEW 60 EACH BOTTLE,52.08,20.832,20.83,46.87,17
,,RALTEGRAVIR POTASSIUM 100 MG PACK 60 EACH BOX,52.08,20.832,20.83,46.87,17
,,RALTEGRAVIR POTASSIUM 25 MG CHEW 60 EACH BOTTLE,13.02,5.208,5.21,11.72,17
,,RAMELTEON 8 MG TABS 1 EACH,23.52,9.408,9.41,65.65,34
,,RAMELTEON 8 MG TABS 30 EACH BOTTLE,77.81,31.124,27.98,70.03,51
,,RAMELTEON 8 MG TABS 50 EACH BOX,23.52,9.408,9.41,65.65,34
,,RANOLAZINE 500 MG TB12 1 EACH,8.4,3.36,3.36,7.56,17
,,RANOLAZINE 500 MG TB12 30 EACH BOX,8.4,3.36,3.36,7.56,17
,,RANOLAZINE 500 MG TB12 60 EACH BOTTLE,33.69,13.476,13.48,30.32,17
,,RASAGILINE 0.5 MG TABS 30 EACH BOTTLE,124.99,49.996,50.0,112.49,17
,,RASAGILINE MESYLATE 1 MG TABS 30 EACH BOTTLE,124.99,49.996,50.0,112.49,17
,,RECOVERY ROOM INIT 30 MINUTES,300.0,120.0,120.0,270.0,17
,,RECOVERY ROOM/HOUR,545.0,218.0,218.0,490.5,17
,,REGIONAL/SPINAL/EPIDURAL EACH ADD MIN,8.0,3.2,3.2,7.2,17
,,REGIONAL/SPINAL/EPIDURAL INITIAL MIN,128.0,51.2,51.2,115.2,17
,,RELEASE TETHERED CORD,29000.0,11600.0,4093.0,26100.0,17
,,REMIFENTANIL 1 MG SOLR 1 EACH VIAL,367.5,147.0,147.0,364.2,102
,,REMIFENTANIL 2 MG SOLR 1 EACH VIAL,743.64,297.456,283.99,669.28,51
,,REMIFENTANIL 5 MG SOLR 1 EACH VIAL,1435.2,574.08,574.08,1688.92,119
,,REPAGLINIDE 0.5 MG TABS 1 EACH,18.7,7.48,7.48,16.83,17
,,REPAGLINIDE 1 MG TABS 100 EACH BOTTLE,18.3,7.32,7.32,16.47,17
,,REPOSE GAHM PROCEDURE KIT,6500.0,2600.0,2600.0,5850.0,17
,,REV CODE 270 SUPPLIES,250.0,100.0,100.0,225.0,17
,,REV CODE 271 SUPPLIES,250.0,100.0,100.0,225.0,17
,,REV CODE 272 SUPPLIES,250.0,100.0,100.0,225.0,17
,,REV CODE 273 SUPPLIES,250.0,100.0,100.0,225.0,15
,,REV CODE 274 SUPPLIES,2580.0,1032.0,1032.0,2322.0,15
,,REV CODE 275 SUPPLIES,250.0,100.0,100.0,225.0,14
,,REV CODE 276 SUPPLIES,250.0,100.0,100.0,225.0,14
,,REV CODE 278 SUPPLIES,250.0,100.0,100.0,225.0,14
,,RIB BELT,30.0,12.0,12.0,27.0,17
,,RIBAVIRIN 200 MG CAPS 84 EACH BOTTLE,47.63,19.052,19.05,42.87,17
,,RIBAVIRIN 6 G SOLR 1 EACH VIAL,125804.68,50321.872,50321.87,113224.21,17
,,RIFABUTIN 150 MG CAPS 100 EACH BOTTLE,87.47,34.988,34.99,78.72,34
,,RIFAMPIN 150 MG CAPS 30 EACH BOX,19.11,7.644,7.64,17.2,17
,,RIFAMPIN 25 MG/ML SUSP 120 ML BOTTLE,156.0,62.4,62.4,140.4,17
,,RIFAMPIN 300 MG CAPS 1 EACH,11.15,4.46,4.46,10.04,17
,,RIFAMPIN 300 MG CAPS 100 EACH BOX,11.16,4.464,4.46,10.04,17
,,RIFAPENTINE 150 MG TABS 24 EACH BOX,30.39,12.156,12.16,27.35,17
,,RIFAXIMIN 200 MG TABS 30 EACH BOTTLE,71.4,28.56,28.56,64.26,17
,,RIFAXIMIN 550 MG TABS 60 EACH BOTTLE,367.11,146.844,146.84,330.4,17
,,RIFAXIMIN 550 MG TABS 60 EACH BOX,367.11,146.844,146.84,330.4,17
,,RILPIVIRINE HCL 25 MG TABS 30 EACH BOTTLE,296.67,118.668,118.67,267.0,17
,,RILUZOLE 50 MG TABS 60 EACH BOTTLE,184.7,73.88,73.88,166.23,17
,,RINGERS SOLN 1000 ML FLEX CONT,60.0,24.0,24.0,54.0,17
,,RISAQUAD CAPS 30 EACH BOTTLE,6.13,2.452,2.45,5.52,17
,,RISEDRONATE 150 MG TABS 1 EACH DISP PACK,2038.72,815.488,815.49,1834.85,17
,,RISEDRONATE 35 MG TABS 4 EACH DISP PACK,470.56,188.224,188.22,423.5,17
,,RISK ASSESSMENT,30.0,12.0,12.0,27.0,12
,,RISPERIDONE 0.25 MG TABS 1 EACH,19.47,7.788,7.79,17.52,17
,,RISPERIDONE 0.25 MG TABS 100 EACH BOX,19.47,7.788,7.79,17.52,17
,,RISPERIDONE 0.5 MG TABS 1 EACH,21.36,8.544,8.54,19.22,17
,,RISPERIDONE 0.5 MG TABS 100 EACH BOX,19.66,7.864,7.86,19.22,34
,,RISPERIDONE 0.5 MG TBDP 28 EACH BOX,24.58,9.832,9.83,22.12,17
,,RISPERIDONE 0.5 MG TBDP 30 EACH BOX,24.58,9.832,9.83,22.12,34
,,RISPERIDONE 1 MG TABS 1 EACH,22.71,9.084,9.08,20.44,17
,,RISPERIDONE 1 MG TABS 100 EACH BOX,22.71,9.084,1.2,20.54,51
,,RISPERIDONE 1 MG TBDP 1 EACH,28.72,11.488,11.49,25.85,17
,,RISPERIDONE 1 MG TBDP 28 EACH BOX,28.72,11.488,11.01,25.85,34
,,RISPERIDONE 1 MG TBDP 30 EACH BOX,28.73,11.492,11.49,25.86,17
,,RISPERIDONE 1 MG/ML SOLN 30 ML BOTTLE,6.09,2.436,2.44,5.48,17
,,RISPERIDONE 2 MG TABS 100 EACH BOX,35.3,14.12,1.2,31.77,34
,,RISPERIDONE 2 MG TBDP 1 EACH,46.7,18.68,18.68,42.03,17
,,RISPERIDONE 2 MG TBDP 28 EACH BOX,46.7,18.68,17.89,42.03,34
,,RISPERIDONE 3 MG TABS 1 EACH,44.57,17.828,17.83,40.11,17
,,RISPERIDONE 3 MG TABS 100 EACH BOX,44.57,17.828,16.61,40.11,34
,,RISPERIDONE 3 MG TBDP 1 EACH,58.91,23.564,23.56,53.02,17
,,RISPERIDONE 3 MG TBDP 28 EACH BOX,58.91,23.564,22.58,53.02,34
,,RITONAVIR 100 MG TABS 30 EACH BOTTLE,46.29,18.516,18.52,41.66,34
,,RIVAROXABAN 1 MG/ML SUSR 155 ML BOTTLE,57.88,23.152,23.15,52.09,17
,,RIVAROXABAN 10 MG TABS 1 EACH,119.65,47.86,47.86,107.69,17
,,RIVAROXABAN 10 MG TABS 100 EACH BOX,119.61,47.844,47.84,107.65,17
,,RIVAROXABAN 15 MG TABS 1 EACH,119.65,47.86,47.86,107.69,17
,,RIVAROXABAN 15 MG TABS 100 EACH BOX,119.61,47.844,47.84,107.65,17
,,RIVAROXABAN 2.5 MG TABS 100 EACH BOX,59.81,23.924,23.92,53.83,17
,,RIVAROXABAN 20 MG TABS 1 EACH,119.65,47.86,47.86,107.69,17
,,RIVAROXABAN 20 MG TABS 100 EACH BOX,119.61,47.844,47.84,107.65,17
,,RIVASTIGMINE 1.5 MG CAPS 60 EACH BOTTLE,23.31,9.324,9.32,20.98,17
,,RIVASTIGMINE 3 MG CAPS 60 EACH BOTTLE,21.1,8.44,8.44,18.99,17
,,RIVASTIGMINE 4.6 MG/24HR PT24 1 EACH PACKET,84.49,33.796,33.8,76.04,17
,,RIVASTIGMINE 4.6 MG/24HR PT24 30 EACH BOX,137.2,54.88,33.8,123.48,34
,,RIVASTIGMINE 6 MG CAPS 60 EACH BOTTLE,21.1,8.44,8.44,18.99,17
,,RIVASTIGMINE 9.5 MG/24HR PT24 1 EACH PACKET,84.49,33.796,33.8,76.04,17
,,RIVASTIGMINE 9.5 MG/24HR PT24 30 EACH BOX,84.49,33.796,33.8,76.04,34
,,RIZATRIPTAN 10 MG TABS 18 EACH BOX,166.27,66.508,66.51,149.64,17
,,RIZATRIPTAN 5 MG TBDP 9 EACH BOX,166.2,66.48,66.48,149.58,17
,,ROCURONIUM BROMIDE 100 MG/10ML SOLN 10 ML VIAL,43.75,17.5,14.0,169.92,136
,,ROCURONIUM BROMIDE 50 MG/5ML SOSY 5 ML VIAL,35.0,14.0,14.0,47.25,170
,,ROOM BMT ICU,3500.0,1400.0,850.0,11492.19,24
,,ROOM CCU,3500.0,1400.0,850.0,11492.19,24
,,ROOM ICU,4500.0,1800.0,850.0,11492.19,24
,,ROOM INTERMEDIATE ICU,2500.0,1000.0,850.0,11492.19,24
,,ROOM MED/SURG REHAB,1500.0,600.0,800.0,11492.19,46
,,ROOM MICU,3500.0,1400.0,850.0,11492.19,24
,,ROOM PEDIATRIC ICU,3500.0,1400.0,850.0,11492.19,24
,,ROOM PEDS REHAB PRIVATE,1500.0,600.0,850.0,11492.19,23
,,ROOM PRIVATE,1200.0,480.0,850.0,11492.19,24
,,ROOM PRIVATE BMT,1500.0,600.0,850.0,11492.19,24
,,ROOM PRIVATE CVH,1200.0,480.0,850.0,11492.19,24
,,ROOM PRIVATE PEDIATRIC,1500.0,600.0,850.0,11492.19,24
,,ROOM PSYCHIATRIC PRIVATE,1800.0,720.0,850.0,11492.19,21
,,ROOM PSYCHIATRIC SEMI-PRIVATE,1000.0,400.0,800.0,11492.19,21
,,ROOM REHAB PRIVATE,1500.0,600.0,850.0,11492.19,23
,,ROOM SEMI-PRIVATE,900.0,360.0,720.0,11492.19,24
,,ROOM SICU,3500.0,1400.0,850.0,11492.19,24
,,ROOM STERILE,3000.0,1200.0,850.0,11492.19,24
,,ROPINIROLE 0.25 MG TABS 100 EACH BOTTLE,12.6,5.04,5.04,11.34,17
,,ROPINIROLE 0.25 MG TABS 100 EACH BOX,3.0,1.2,1.2,2.7,17
,,ROPINIROLE 0.5 MG TABS 1 EACH,3.2,1.28,1.28,2.88,17
,,ROPINIROLE 0.5 MG TABS 100 EACH BOTTLE,12.53,5.012,5.01,11.34,34
,,ROPINIROLE 0.5 MG TABS 50 EACH BOX,3.2,1.28,1.28,2.88,17
,,ROPINIROLE 1 MG TABS 1 EACH,3.48,1.392,1.39,3.13,17
,,ROPINIROLE 1 MG TABS 100 EACH BOTTLE,12.6,5.04,5.04,11.34,17
,,ROPINIROLE 1 MG TABS 100 EACH BOX,3.4,1.36,1.36,3.13,34
,,ROPINIROLE 2 MG TABS 1 EACH,3.6,1.44,1.44,3.24,17
,,ROPINIROLE 2 MG TABS 100 EACH BOTTLE,12.53,5.012,5.01,11.34,34
,,ROPINIROLE 2 MG TABS 50 EACH BOX,3.6,1.44,1.44,3.24,17
,,ROPINIROLE 3 MG TABS 100 EACH BOTTLE,13.0,5.2,5.2,11.79,34
,,ROPINIROLE 4 MG TABS 100 EACH BOTTLE,13.0,5.2,5.2,11.79,34
,,ROPINIROLE 5 MG TABS 100 EACH BOTTLE,13.0,5.2,5.2,11.79,34
,,ROPINIROLE HCL 6 MG TB24 30 EACH BOTTLE,41.03,16.412,16.41,36.93,34
,,ROPIVACAINE 0.1% + CLONIDINE 0.4 MCG/ML PCEA (PEDS <50KG) 200 ML,460.0,184.0,184.0,414.0,17
,,ROPIVACAINE 0.1% + CLONIDINE 0.4 MCG/ML PCEA (PEDS >50KG) 200 ML,460.0,184.0,184.0,414.0,17
,,ROPIVACAINE 0.1% + FENTANYL 2 MCG/ML PCEA (PEDS <50KG) 200 ML FLEX CONT,299.0,119.6,119.6,269.1,17
,,ROPIVACAINE 0.1% + FENTANYL 2 MCG/ML PCEA 200 ML BAG,460.0,184.0,184.0,414.0,17
,,ROPIVACAINE 0.1% + FENTANYL 2 MCG/ML PERIPHERAL NERVE CATHETE 200 M,460.0,184.0,184.0,414.0,17
,,ROPIVACAINE 0.1% OB CONTINUOUS 200 ML BAG,460.0,184.0,184.0,414.0,17
,,ROPIVACAINE 0.1% OB INTRATHECAL 200 ML BAG,460.0,184.0,184.0,414.0,17
,,ROPIVACAINE 0.1% OB PCEA (ADULT) 200 ML BAG,460.0,184.0,184.0,414.0,17
,,ROPIVACAINE 0.1% OB PIEB 200 ML BAG,460.0,184.0,184.0,414.0,17
,,ROPIVACAINE 0.1% PCEA (ADULT) 200 ML BAG,460.0,184.0,184.0,414.0,17
,,ROPIVACAINE 0.1% PCEA (PEDS < 50KG) 200 ML,460.0,184.0,184.0,414.0,17
,,ROPIVACAINE 0.1% PCEA (PEDS >50KG) 200 ML,460.0,184.0,184.0,414.0,17
,,ROPIVACAINE 0.1% PERIPHERAL NERVE CATHETER (ADULT) 200 ML BAG,460.0,184.0,184.0,414.0,17
,,ROPIVACAINE 0.1% PERIPHERAL NERVE CATHETER (PEDS <6 MOS) 200 ML BAG,460.0,184.0,184.0,414.0,17
,,ROPIVACAINE 0.1% PIB (ADULT) 200 ML BAG,460.0,184.0,184.0,414.0,17
,,ROPIVACAINE 0.1% PIB (PEDS <50KG) 200 ML,460.0,184.0,184.0,414.0,17
,,ROPIVACAINE 0.1% PIB (PEDS >50KG) 200 ML,460.0,184.0,184.0,414.0,17
,,ROPIVACAINE 0.1% PNC-PCA (PEDS <50KG) 200 ML,460.0,184.0,184.0,414.0,17
,,ROPIVACAINE 0.1% PNC-PCA (PEDS >50KG) 200 ML BAG,460.0,184.0,184.0,414.0,17
,,ROPIVACAINE 0.1%/FENTANYL 2 MCG/ML/CLONIDINE 0.4 MCG/ML PCEA (PEDS >50KG) 200 ML,460.0,184.0,184.0,414.0,17
,,ROPIVACAINE 0.1%/FENTANYL 2 MCG/ML/CLONIDINE 0.4 MCG/ML PNC (PEDS) 200 ML,460.0,184.0,184.0,414.0,17
,,ROPIVACAINE 0.1%/FENTANYL 2MCG/ML/CLONIDINE 0.4 MCG/ML PCEA (PEDS <50KG) 200 ML,460.0,184.0,184.0,414.0,17
,,ROPIVACAINE 0.15% + CLONIDINE 0.4 MCG/ML PCEA (PEDS <50KG) 200 ML,460.0,184.0,184.0,414.0,17
,,ROPIVACAINE 0.15% + CLONIDINE 0.4 MCG/ML PCEA (PEDS >50KG) 200 ML,460.0,184.0,184.0,414.0,17
,,ROPIVACAINE 0.15% + FENTANYL 2 MCG/ML PCEA (PEDS <50KG) 200 ML,460.0,184.0,184.0,414.0,17
,,ROPIVACAINE 0.15% + FENTANYL 2 MCG/ML PCEA (PEDS >50KG) 200 ML,460.0,184.0,184.0,414.0,17
,,ROPIVACAINE 0.15% PCEA (PEDS <50KG) 200 ML,460.0,184.0,184.0,414.0,17
,,ROPIVACAINE 0.15% PCEA (PEDS >50KG) 200 ML BAG,460.0,184.0,184.0,414.0,17
,,ROPIVACAINE 0.15%/FENTANYL 2 MCG/ML/CLONIDINE 0.4 MCG/ML PEDS >50KG  200 ML,460.0,184.0,184.0,414.0,17
,,ROPIVACAINE 0.15%/FENTANYL 2MCG/ML/CLONIDINE 0.4MCG/ML PCEA (PEDS <50KG) 200 ML,460.0,184.0,184.0,414.0,17
,,ROPIVACAINE 0.2% + FENTANYL 5 MCG/ML PERIPHERAL NERVE CATHETER 200 ML,460.0,184.0,184.0,414.0,17
,,ROPIVACAINE 0.2% OB CONTINUOUS 200 ML BAG,460.0,184.0,184.0,414.0,17
,,ROPIVACAINE 0.2% OB PIEB 200 ML BAG,460.0,184.0,184.0,414.0,17
,,ROPIVACAINE 0.2% PCEA (ADULT) 200 ML BAG,460.0,184.0,184.0,414.0,17
,,ROPIVACAINE 0.2% PERIPHERAL NERVE CATHETER (ADULT) 200 ML BAG,460.0,184.0,184.0,414.0,17
,,ROPIVACAINE 0.2% PIB (ADULT) 200 ML BAG,460.0,184.0,184.0,414.0,17
,,ROPIVACAINE 0.2% PIB (PEDS <50KG) 200 ML,460.0,184.0,184.0,414.0,17
,,ROPIVACAINE 0.2% PIB (PEDS >50KG) 200 ML,460.0,184.0,184.0,414.0,17
,,ROPIVACAINE 0.2% PNC-PCA (PEDS <50KG) 200 ML,460.0,184.0,184.0,414.0,17
,,ROPIVACAINE 0.2% PNC-PCA (PEDS >50KG) 200 ML,460.0,184.0,184.0,414.0,17
,,ROPIVACAINE ON-Q PUMP 0.2 % 400 ML,1744.32,697.728,697.73,1569.89,17
,,ROPIVACAINE ON-Q PUMP 0.2 % 545 ML FLEX CONT,910.04,364.016,364.02,819.04,17
,,ROSUVASTATIN 10 MG TABS 1 EACH,6.87,2.748,2.75,6.18,17
,,ROSUVASTATIN 10 MG TABS 1 EACH BOX,35.72,14.288,14.29,32.15,17
,,ROSUVASTATIN 10 MG TABS 100 EACH BOX,35.72,14.288,14.29,32.15,17
,,ROSUVASTATIN 10 MG TABS 50 EACH BOX,6.87,2.748,2.75,6.18,17
,,ROSUVASTATIN 20 MG TABS 1 EACH BOX,35.72,14.288,14.29,32.15,17
,,ROSUVASTATIN 20 MG TABS 100 EACH BOX,35.72,14.288,14.29,32.15,17
,,ROSUVASTATIN 20 MG TABS 50 EACH BOX,7.4,2.96,2.96,6.66,17
,,ROSUVASTATIN 40 MG TABS 1 EACH,7.94,3.176,3.18,7.15,17
,,ROSUVASTATIN 40 MG TABS 30 EACH BOTTLE,44.72,17.888,17.89,40.25,17
,,ROSUVASTATIN 40 MG TABS 50 EACH BOX,7.94,3.176,3.18,7.15,17
,,ROSUVASTATIN 5 MG TABS 1 EACH,35.72,14.288,14.29,32.15,17
,,ROSUVASTATIN 5 MG TABS 100 EACH BOX,35.72,14.288,14.29,32.15,17
,,ROSUVASTATIN 5 MG TABS 90 EACH BOTTLE,44.73,17.892,17.89,40.26,34
,,ROTH NET,360.0,144.0,144.0,324.0,17
,,ROTH NET FOREIGN BODY RETRIEVE,320.0,128.0,128.0,288.0,17
,,ROTH NET PLATINUM RET UNIRSAL,300.0,120.0,120.0,270.0,17
,,RPR ELECT TRANSVEN SGL,8474.0,3389.6,3389.6,7626.6,17
,,RUFINAMIDE 200 MG TABS 120 EACH BOTTLE,79.2,31.68,31.68,71.28,17
,,RUFINAMIDE 400 MG TABS 120 EACH BOTTLE,158.4,63.36,63.36,142.56,17
,,SACUBITRIL-VALSARTAN 12-13 MG TABS 1 HALF TABLET,35.0,14.0,14.0,31.5,17
,,SACUBITRIL-VALSARTAN 24-26 MG TABS 60 EACH BOTTLE,49.37,19.748,18.23,63.47,68
,,SACUBITRIL-VALSARTAN 49-51 MG TABS 60 EACH BOTTLE,49.37,19.748,18.23,63.47,51
,,SACUBITRIL-VALSARTAN 97-103 MG TABS 60 EACH BOTTLE,49.37,19.748,19.75,63.47,34
,,SACUBITRIL/VALSARTAN 4 MG/ML ORAL SUSP 200 ML BOTTLE,518.88,207.552,207.55,466.99,17
,,SAE,534.0,213.6,213.6,480.6,17
,,SALICYLIC ACID CRYS 500 G BOTTLE,3.0,1.2,1.2,2.7,17
,,SALINE SPRAY 0.65 % SOLN 44 ML BOTTLE,20.02,8.008,2.29,18.02,34
,,SALINE SPRAY 0.65 % SOLN 45 ML SPRAY BOTTLE,15.3,6.12,6.12,13.77,17
,,SALMETEROL XINAFOATE 50 MCG/ACT AEPB 28 EACH INHALER,25.1,10.04,10.04,22.59,17
,,SARILUMAB 200 MG/1.14ML SOSY 1.14 ML SYRINGE,12297.43,4918.972,4796.0,11067.69,14
,,SAXAGLIPTIN HCL 2.5 MG TABS 30 EACH BOTTLE,97.02,38.808,38.81,87.32,17
,,SAXAGLIPTIN HCL 5 MG TABS 30 EACH BOTTLE,97.02,38.808,38.81,87.32,17
,,SCOPOLAMINE 1 MG/3DAYS PT72 1 EACH PACKAGE,127.78,51.112,51.11,115.0,17
,,SCOPOLAMINE 1 MG/3DAYS PT72 10 EACH BOX,114.87,45.948,45.95,103.38,17
,,SCOPOLAMINE 1 MG/3DAYS PT72 24 EACH BOX,127.78,51.112,45.95,115.0,51
,,SCOPOLAMINE 1 MG/3DAYS PT72 4 EACH BOX,101.0,40.4,40.4,90.9,17
,,SECUKINUMAB 150 MG/ML SOAJ 1 ML PEN,38461.42,15384.568,15384.57,34615.28,17
,,SELEGILINE 5 MG CAPS 60 EACH BOTTLE,11.51,4.604,4.6,10.36,17
,,SELENIOUS ACID 60 MCG/ML SOLN 10 ML VIAL,2257.91,903.164,903.16,2032.12,34
,,SELENIUM SULFIDE 1 % LOTN 207 ML BOTTLE,22.77,9.108,9.11,20.49,17
,,SELENIUM SULFIDE 2.5 % LOTN 120 ML BOTTLE,99.0,39.6,39.6,89.1,17
,,SELEXIPAG 400 MCG TABS 60 EACH BOTTLE,2228.9,891.56,891.56,2006.01,17
,,SELF ADMINISTERED DRUGS,40.0,16.0,16.0,36.0,17
,,SENNA 8.6 MG TABS 100 EACH BOTTLE,3.0,1.2,1.2,2.7,17
,,SENNA 8.6 MG TABS 100 EACH BOX,3.0,1.2,1.2,2.7,34
,,SENNA-DOCUSATE 8.6-50 MG TABS 1 EACH,3.0,1.2,1.2,2.7,17
,,SENNA-DOCUSATE 8.6-50 MG TABS 100 EACH BOTTLE,3.0,1.2,1.2,2.7,17
,,SENNA-DOCUSATE 8.6-50 MG TABS 100 EACH BOX,3.0,1.2,1.2,2.7,34
,,SENNA-DOCUSATE 8.6-50 MG TABS 1000 EACH BOTTLE,3.0,1.2,1.2,2.7,34
,,SENNOSIDES 8.8 MG/5ML SYRP 237 ML BOTTLE,3.0,1.2,1.2,2.7,17
,,SERTRALINE 100 MG TABS 1 EACH,3.0,1.2,1.2,2.7,17
,,SERTRALINE 100 MG TABS 100 EACH BOTTLE,14.24,5.696,5.7,12.82,17
,,SERTRALINE 100 MG TABS 100 EACH BOX,3.0,1.2,1.2,2.7,17
,,SERTRALINE 20 MG/ML CONC 5 ML ORAL SYRINGE,6.99,2.796,2.8,6.29,17
,,SERTRALINE 20 MG/ML CONC 60 ML BOTTLE,6.99,2.796,2.8,6.29,17
,,SERTRALINE 25 MG TABS 1 EACH,3.0,1.2,1.2,2.7,17
,,SERTRALINE 25 MG TABS 30 EACH BOTTLE,93.85,37.54,37.54,84.47,17
,,SERTRALINE 50 MG TABS 1 EACH,3.0,1.2,1.2,2.7,17
,,SERTRALINE 50 MG TABS 30 EACH BOTTLE,14.24,5.696,5.7,12.82,17
,,SEVELAMER 800 MG TABS 270 EACH BOTTLE,30.48,12.192,12.19,27.43,17
,,SEVELAMER 800 MG TABS 50 EACH BOX,44.49,17.796,17.8,40.04,17
,,SEVELAMER 800 MG TABS 90 EACH BOX,11.4,4.56,4.56,10.26,17
,,SEVELAMER CARBONATE 0.8 G PACK 1 EACH PACKET,96.27,38.508,36.57,86.64,34
,,SEVELAMER CARBONATE 0.8 G PACK 90 EACH BOX,96.27,38.508,36.57,86.64,34
,,SILDENAFIL 100 MG TABS 100 EACH BOTTLE,482.59,193.036,193.04,434.33,17
,,SILDENAFIL 20 MG TABS 1 EACH,82.4,32.96,32.96,74.16,17
,,SILDENAFIL 20 MG TABS 50 EACH BOX,82.4,32.96,32.96,74.16,17
,,SILDENAFIL 20 MG TABS 90 EACH BOTTLE,100.02,40.008,40.01,90.02,17
,,SILDENAFIL 25 MG TABS 30 EACH BOTTLE,482.6,193.04,193.04,434.34,17
,,SILDENAFIL CITRATE 10 MG/12.5ML SOLN 12.5 ML VIAL,1012.0,404.8,404.8,910.8,17
,,SILDENAFIL CITRATE 10 MG/ML SUSR 112 ML BOTTLE,365.33,146.132,146.13,328.8,17
,,SILVER NITRATE 0.5 % SOLN 960 ML BOTTLE,419.52,167.808,167.81,377.57,17
,,SILVER NITRATE 75-25 % MISC 100 EACH BOX,3.0,1.2,1.2,4.08,34
,,SILVER NITRATE 75-25 % MISC 100 EACH TUBE,3.0,1.2,1.2,2.7,17
,,SILVER SULFADIAZINE 1 % CREA 20 G TUBE,54.6,21.84,21.84,49.14,17
,,SILVER SULFADIAZINE 1 % CREA 400 G JAR,382.72,153.088,118.4,344.45,68
,,SILVER SULFADIAZINE 1 % CREA 50 G JAR,86.5,34.6,34.6,77.85,17
,,SIMETHICONE 40 MG CHEW 1 EACH,1.0,0.4,0.4,0.9,17
,,SIMETHICONE 40 MG/0.6ML SUSP 30 ML BOTTLE,3.92,1.568,1.57,12.28,51
,,SIMETHICONE 80 MG CHEW 1 EACH,1.0,0.4,0.4,0.9,17
,,SIMETHICONE 80 MG CHEW 100 EACH BOTTLE,1.0,0.4,0.4,0.9,17
,,SIMETHICONE 80 MG CHEW 100 EACH BOX,1.0,0.4,0.4,0.9,17
,,SIMPLE SYRUP SYRP 473 ML BOTTLE,101.7,40.68,40.68,91.53,17
,,SIMVASTATIN 10 MG TABS 1 EACH,13.95,5.58,5.58,12.56,17
,,SIMVASTATIN 10 MG TABS 100 EACH BOX,13.95,5.58,1.2,12.56,34
,,SIMVASTATIN 20 MG TABS 1 EACH,24.61,9.844,9.84,22.15,17
,,SIMVASTATIN 20 MG TABS 100 EACH BOX,24.61,9.844,1.2,22.15,34
,,SIMVASTATIN 20 MG TABS 90 EACH BOTTLE,24.61,9.844,9.84,22.15,17
,,SIMVASTATIN 40 MG TABS 1 EACH,24.61,9.844,9.84,22.15,17
,,SIMVASTATIN 40 MG TABS 100 EACH BOX,24.61,9.844,9.84,22.15,17
,,SIMVASTATIN 5 MG TABS 90 EACH BOTTLE,14.06,5.624,5.62,12.65,17
,,SITAGLIPTIN 100 MG TABS 30 EACH BOTTLE,66.0,26.4,26.4,59.4,17
,,SITAGLIPTIN 25 MG TABS 30 EACH BOTTLE,66.0,26.4,26.4,59.4,17
,,SITAGLIPTIN 50 MG TABS 1 EACH,66.0,26.4,26.4,59.4,17
,,SITAGLIPTIN 50 MG TABS 100 EACH BOX,66.0,26.4,26.4,59.4,17
,,SMALLPOX AND MONKEYPOX VAC LIVE 0.5 ML SUSP 0.5 ML VIAL,35.0,14.0,14.0,31.5,17
,,SNARE,90.0,36.0,36.0,81.0,17
,,SOD CITRATE-CITRIC ACID 500-334 MG/5ML SOLN 15 ML CUP,29.18,11.672,11.67,26.33,34
,,SOD CITRATE-CITRIC ACID 500-334 MG/5ML SOLN 473 ML BOTTLE,6.83,2.732,2.73,6.15,17
,,SOD HYALURONATE-SOD CHONDROITIN-SOD HYALURONATE 0.55-0.5 ML KIT 1.05 ML SYRINGE,1521.36,608.544,608.54,1369.22,14
,,SODIUM ACETATE 2 MEQ/ML SOLN 100 ML GLASS CONT,149.5,59.8,59.8,134.55,17
,,SODIUM ACETATE 2 MEQ/ML SOLN 100 ML VIAL,53.0,21.2,21.2,47.7,17
,,SODIUM ACETATE 2 MEQ/ML SOLN 20 ML VIAL,74.5,29.8,29.8,67.05,34
,,SODIUM ACETATE 2 MEQ/ML SOLN 50 ML VIAL,109.0,43.6,14.0,98.1,34
,,SODIUM ACETATE 4 MEQ/ML SOLN 100 ML VIAL,53.0,21.2,21.2,47.7,17
,,SODIUM BICARBONATE (ANTACID) POWD 113 G BOTTLE,37.86,15.144,15.14,34.07,17
,,SODIUM BICARBONATE 325 MG TABS 1000 EACH BOTTLE,3.0,1.2,1.2,2.7,17
,,SODIUM BICARBONATE 4.2 % SOLN 10 ML VIAL,44.4,17.76,17.76,39.96,34
,,SODIUM BICARBONATE 4.2 % SOLN 5 ML VIAL,141.18,56.472,56.47,127.06,17
,,SODIUM BICARBONATE 650 MG TABS 1 EACH,3.0,1.2,1.2,2.7,17
,,SODIUM BICARBONATE 650 MG TABS 100 EACH BOX,3.0,1.2,1.2,2.7,17
,,SODIUM BICARBONATE 650 MG TABS 500 EACH BOX,3.0,1.2,1.2,2.7,17
,,SODIUM BICARBONATE 8.4 % SOLN 10 ML VIAL,180.0,72.0,72.0,162.0,17
,,SODIUM BICARBONATE 8.4 % SOLN 5 ML SYRINGE,42.15,16.86,16.86,37.94,17
,,SODIUM BICARBONATE 8.4 % SOLN 50 ML SYRINGE,126.5,50.6,47.3,113.85,34
,,SODIUM BICARBONATE 8.4 % SOLN 50 ML VIAL,59.0,23.6,21.0,134.1,68
,,SODIUM BICARBONATE 8.4% (1 MEQ/ML) SOLN 250 ML BAG,483.0,193.2,193.2,434.7,17
,,SODIUM BICARBONATE 8.4% (1 MEQ/ML) SOLN 50 ML SYRINGE,126.5,50.6,50.6,113.85,17
,,SODIUM BICARBONATE 8.4% (1 MEQ/ML) SOLN 50 ML VIAL,59.0,23.6,23.6,53.1,17
,,SODIUM CHLORIDE (PF) 0.9 % SOLN 10 ML VIAL,35.0,14.0,14.0,31.5,51
,,SODIUM CHLORIDE (PF) 0.9 % SOLN 2 ML VIAL,35.0,14.0,14.0,31.5,17
,,SODIUM CHLORIDE 0.2 % SOLN 250 ML BAG,20.0,8.0,8.0,18.0,17
,,SODIUM CHLORIDE 0.45 % SOLN 1000 ML FLEX CONT,20.0,8.0,8.0,18.0,17
,,SODIUM CHLORIDE 0.45 % SOLN 500 ML FLEX CONT,20.0,8.0,8.0,18.0,17
,,SODIUM CHLORIDE 0.65 % SOLN 45 ML SPRAY BOTTLE,6.98,2.792,2.79,6.28,17
,,SODIUM CHLORIDE 0.9 % SOLN 1000 ML FLEX CONT,20.0,8.0,8.0,18.0,17
,,SODIUM CHLORIDE 0.9 % SOLN 1000 ML PLAS CONT,30.0,12.0,12.0,27.0,17
,,SODIUM CHLORIDE 0.9 % SOLN 25 ML FLEX CONT,20.0,8.0,8.0,18.0,17
,,SODIUM CHLORIDE 0.9 % SOLN 250 ML FLEX CONT,20.0,8.0,8.0,18.0,17
,,SODIUM CHLORIDE 0.9% SOLN 1000 ML FLEX CONT,20.0,8.0,8.0,18.0,17
,,SODIUM CHLORIDE 1 G TABS 1 EACH,3.0,1.2,1.2,2.7,17
,,SODIUM CHLORIDE 1 G TABS 100 EACH BOTTLE,3.0,1.2,1.2,2.7,17
,,SODIUM CHLORIDE 1 G TABS 100 EACH BOX,3.0,1.2,1.2,2.7,17
,,SODIUM CHLORIDE 10 % SOLN 20 ML,50.0,20.0,20.0,45.0,17
,,SODIUM CHLORIDE 2.5 MEQ/ML SOLN 20 ML VIAL,62.2,24.88,24.88,55.98,17
,,SODIUM CHLORIDE 2.5 MEQ/ML SOLN 40 ML VIAL,52.2,20.88,20.88,46.98,17
,,SODIUM CHLORIDE 23.4% SOLN 1 ML,3.0,1.2,1.2,2.7,17
,,SODIUM CHLORIDE 3 % NEBU 15 ML PLAS CONT,3.0,1.2,1.2,2.7,34
,,SODIUM CHLORIDE 3 % NEBU 4 ML PLAS CONT,3.0,1.2,1.2,3.78,51
,,SODIUM CHLORIDE 3 % SOLN 500 ML FLEX CONT,20.0,8.0,8.0,18.0,34
,,SODIUM CHLORIDE 3.5 % NEBU 4 ML PLAS CONT,4.64,1.856,1.86,4.18,17
,,SODIUM CHLORIDE 4 MEQ/ML SOLN 0.125 ML ORAL SYRINGE,20.0,8.0,8.0,18.0,17
,,SODIUM CHLORIDE 4 MEQ/ML SOLN 0.25 ML ORAL SYRINGE,20.0,8.0,8.0,18.0,17
,,SODIUM CHLORIDE 4 MEQ/ML SOLN 0.5 ML ORAL SYRINGE,20.0,8.0,8.0,18.0,17
,,SODIUM CHLORIDE 4 MEQ/ML SOLN 100 ML VIAL,103.5,41.4,41.4,93.15,17
,,SODIUM CHLORIDE 4 MEQ/ML SOLN 30 ML VIAL,45.9,18.36,18.36,41.31,34
,,SODIUM CHLORIDE 5 % OINT 3.5 G TUBE,100.7,40.28,31.02,90.63,34
,,SODIUM CHLORIDE 5 % SOLN 15 ML BOTTLE,26.33,10.532,10.53,23.7,17
,,SODIUM CHLORIDE 7 % NEBU 4 ML PLAS CONT,4.64,1.856,1.2,4.18,34
,,SODIUM CHLORIDE BACTERIOSTATIC 0.9 % SOLN 10 ML VIAL,35.0,14.0,14.0,31.5,34
,,SODIUM CHLORIDE BACTERIOSTATIC 0.9 % SOLN 30 ML VIAL,35.0,14.0,14.0,31.5,17
,,SODIUM HYALURONATE 13.8 MG/0.6ML SOSY 0.6 ML SYRINGE,656.65,262.66,262.66,590.99,17
,,SODIUM PHENYLBUTYRATE 3 GM/TSP POWD 266 G BOTTLE,23568.45,9427.38,9427.38,21211.61,17
,,SODIUM PHENYLBUTYRATE 500 MG TABS 250 EACH BOTTLE,163.56,65.424,53.56,147.2,34
,,SODIUM PHOSPHATE 15 MMOLE/5ML SOLN 5 ML VIAL,96.85,38.74,38.74,87.17,17
,,SODIUM PHOSPHATE 150 MMOLE/50ML SOLN 50 ML VIAL,758.31,303.324,303.32,682.48,34
,,SODIUM PHOSPHATE 3 MMOL/ML SOLN 5 ML VIAL,116.45,46.58,46.58,104.81,17
,,SODIUM PHOSPHATE 3.5-9.5 GM/59ML ENEM 66 ML BOTTLE,11.88,4.752,4.75,10.69,17
,,SODIUM PHOSPHATE-NACL 30 MMOL/250ML SOLN 260 ML BAG,163.8,65.52,65.52,147.42,17
,,SODIUM PHOSPHATES 45 MMOLE/15ML SOLN 15 ML VIAL,198.08,79.232,79.23,224.71,51
,,SODIUM POLYSTYRENE POWD 453.6 G JAR,782.46,312.984,312.98,704.21,17
,,SODIUM POLYSTYRENE SULFONATE 15 GM/60ML SUSP 60 ML BOTTLE,155.1,62.04,62.04,139.59,17
,,SODIUM TETRADECYL SULFATE 1 % SOLN 2 ML VIAL,431.26,172.504,172.5,388.13,17
,,SODIUM TETRADECYL SULFATE 3 % SOLN 2 ML VIAL,431.26,172.504,170.02,388.13,51
,,SODIUM THIOSULFATE 250 MG/ML SOLN 50 ML VIAL,35.0,14.0,14.0,31.5,17
,,SODIUM ZIRCONIUM CYCLOSILICATE 10 G PACK 1 EACH PACKET,177.5,71.0,71.0,159.75,17
,,SODIUM ZIRCONIUM CYCLOSILICATE 10 G PACK 30 EACH BOX,177.48,70.992,70.99,159.73,17
,,SODIUM ZIRCONIUM CYCLOSILICATE 5 G PACK 1 EACH PACKET,177.5,71.0,71.0,159.75,17
,,SODIUM ZIRCONIUM CYCLOSILICATE 5 G PACK 30 EACH BOX,177.48,70.992,70.99,159.73,17
,,SOLIFENACIN 10 MG TABS 30 EACH BOTTLE,69.59,27.836,27.84,62.63,17
,,SOLIFENACIN 5 MG TABS 30 EACH BOTTLE,69.59,27.836,27.84,62.63,17
,,SOMATROPIN 0.2 MG PRSY 1 EACH CARTRIDGE,192.12,76.848,76.85,172.91,14
,,SORBITOL 70 % SOLN 30 ML BOTTLE,20.25,8.1,8.1,18.23,17
,,SORBITOL 70 % SOLN 473 ML BOTTLE,80.41,32.164,32.16,72.37,17
,,SORE THROAT SPRAY 1.4 % LIQD 177 ML BOTTLE,6.9,2.76,2.76,10.76,85
,,SORE THROAT SPRAY 1.4 % LIQD 177 ML SPRAY BOTTLE,5.04,2.016,2.02,4.54,17
,,SOTALOL 80 MG TABS 1 EACH,11.6,4.64,4.64,10.44,17
,,SOTALOL 80 MG TABS 100 EACH BOX,11.6,4.64,4.64,10.44,17
,,SOTALOL HCL 5 MG/ML SOLN 250 ML BOTTLE,3052.35,1220.94,1220.94,2747.12,17
,,SPINOSAD 0.9 % SUSP 120 ML BOTTLE,1459.49,583.796,583.8,1313.54,17
,,SPIRONOLACTONE 100 MG TABS 1 EACH,4.38,1.752,1.75,3.94,17
,,SPIRONOLACTONE 100 MG TABS 100 EACH BOX,4.38,1.752,1.75,3.94,17
,,SPIRONOLACTONE 12.5 MG 0.5 EACH,3.0,1.2,1.2,2.7,17
,,SPIRONOLACTONE 25 MG TABS 1 EACH,3.0,1.2,1.2,2.7,34
,,SPIRONOLACTONE 25 MG TABS 100 EACH BOX,3.0,1.2,1.2,2.7,34
,,SPIRONOLACTONE 25 MG/5ML SUSP 118 ML BOTTLE,2178.16,871.264,825.71,1960.34,34
,,SPIRONOLACTONE 25 MG/5ML SUSP 5 ML ORAL SYRINGE,109.88,43.952,43.95,98.89,17
,,SPIRONOLACTONE 50 MG TABS 1 EACH,3.0,1.2,1.2,2.7,17
,,SPIRONOLACTONE 50 MG TABS 100 EACH BOX,4.36,1.744,1.2,3.92,34
,,SPOT,93.0,37.2,37.2,83.7,17
,,SPOT DYE 10,82.0,32.8,32.8,73.8,17
,,STANDARD ANESTHESIA EACH ADD MIN,13.0,5.2,5.2,11.7,17
,,STANDARD ANESTHESIA INITIAL MIN,200.0,80.0,80.0,180.0,17
,,STANDARD MAC (MONITORED ANESTHESIA CARE) EACH ADD MIN,10.0,4.0,4.0,9.0,17
,,STANDARD MAC (MONITORED ANESTHESIA CARE) INITIAL MIN,160.0,64.0,64.0,144.0,17
,,STAVUDINE 15 MG CAPS 60 EACH BOTTLE,36.88,14.752,14.75,33.19,17
,,STAVUDINE 20 MG CAPS 60 EACH BOTTLE,38.35,15.34,15.34,34.52,17
,,STAVUDINE 40 MG CAPS 60 EACH BOTTLE,41.49,16.596,16.6,37.34,17
,,STENT,39646.0,15858.4,15858.4,35681.4,17
,,STERI ASPIRATE ABSCESS-BRAIN,12000.0,4800.0,4093.0,10800.0,17
,,STERILE TALC 4 G AERP 30 G CAN,579.6,231.84,231.84,521.64,17
,,STERILE WATER (BOTTLE) SOLN 1000 ML BOTTLE,25.0,10.0,10.0,22.5,17
,,STERILE WATER (BOTTLE) SOLN 250 ML BOTTLE,31.25,12.5,12.5,28.13,17
,,STERILE WATER (BOTTLE) SOLN 500 ML BOTTLE,27.5,11.0,11.0,24.75,17
,,STERILE WATER (PRESERVATIVE FREE) SOLN 10 ML VIAL,35.0,14.0,14.0,31.5,85
,,STERILE WATER (PRESERVATIVE FREE) SOLN 100 ML VIAL,61.5,24.6,24.6,55.35,34
,,STERILE WATER SOLN 2000 ML FLEX CONT,40.0,16.0,16.0,36.0,17
,,STOMAHESIVE PROTECTIVE POWD 28.3 G BOTTLE,36.37,14.548,14.55,32.73,17
,,STONETOME,775.0,310.0,310.0,697.5,17
,,STRONG IODINE 5 % SOLN 14 ML BOTTLE,3.0,1.2,1.2,2.7,17
,,STRONG IODINE 5 % SOLN 473 ML BOTTLE,3.0,1.2,1.2,2.7,17
,,SUCCIMER 100 MG CAPS 100 EACH BOTTLE,132.21,52.884,52.88,118.99,17
,,SUCCINYLCHOLINE 200 MG/10ML SOSY 10 ML SYRINGE,175.75,70.3,70.3,158.18,34
,,SUCCINYLCHOLINE CHLORIDE 100 MG/5ML SOSY 5 ML SYRINGE,171.8,68.72,33.6,154.62,68
,,SUCRALFATE 1 G TABS 1 EACH,3.0,1.2,1.2,2.7,17
,,SUCRALFATE 1 G TABS 100 EACH BOX,3.0,1.2,1.2,2.7,17
,,SUCRALFATE 1 GM/10ML SUSP 10 ML BOX,18.0,7.2,7.2,16.2,17
,,SUCRALFATE 1 GM/10ML SUSP 10 ML CUP,18.15,7.26,7.26,27.68,204
,,SUCRALFATE 1 GM/10ML SUSP 10 ML ORAL SYRINGE,19.08,7.632,7.63,17.17,17
,,SUCRALFATE 1 GM/10ML SUSP 420 ML BOTTLE,19.08,7.632,7.63,17.17,17
,,SUFENTANIL 250 MCG/5ML SOLN 5 ML AMPULE,35.0,14.0,14.0,31.5,17
,,SUFENTANIL 50 MCG/ML SOLN 1 ML AMPULE,35.0,14.0,14.0,31.5,17
,,SUFENTANIL CITRATE 100 MCG/2ML SOLN 2 ML AMPULE,48.9,19.56,19.56,44.01,17
,,SUGAMMADEX SODIUM 200 MG/2ML SOLN 2 ML VIAL,751.49,300.596,300.6,676.35,34
,,SULBACTAM-DURLOBACTAM 1-1 G SOLR 3 EACH BOX,966.0,386.4,386.4,869.4,17
,,SULFACETAMIDE 10 % OINT 3.5 G TUBE,329.3,131.72,131.72,296.37,17
,,SULFACETAMIDE 10 % SOLN 15 ML BOTTLE,305.03,122.012,122.01,274.53,17
,,SULFADIAZINE 500 MG TABS 60 EACH BOTTLE,100.19,40.076,40.08,90.17,17
,,SULFAMETHOXAZOLE-TRIMETHOPRIM 200-40 MG/5ML SUSP 10 ML ORAL SYRINGE,11.95,4.78,4.78,10.76,17
,,SULFAMETHOXAZOLE-TRIMETHOPRIM 200-40 MG/5ML SUSP 473 ML BOTTLE,22.75,9.1,4.78,20.48,51
,,SULFAMETHOXAZOLE-TRIMETHOPRIM 200-40 MG/5ML SUSP 5 ML ORAL SYRINGE,11.95,4.78,4.78,10.76,17
,,SULFAMETHOXAZOLE-TRIMETHOPRIM 400-80 MG TABS 1 EACH,3.31,1.324,1.32,2.98,17
,,SULFAMETHOXAZOLE-TRIMETHOPRIM 400-80 MG TABS 100 EACH BOTTLE,3.33,1.332,1.33,3.0,17
,,SULFAMETHOXAZOLE-TRIMETHOPRIM 400-80 MG TABS 50 EACH BOX,3.31,1.324,1.32,2.98,17
,,SULFAMETHOXAZOLE-TRIMETHOPRIM 800-160 MG TABS 1 EACH,3.0,1.2,1.2,2.7,17
,,SULFAMETHOXAZOLE-TRIMETHOPRIM 800-160 MG TABS 100 EACH BOX,3.0,1.2,1.2,2.7,17
,,SULFASALAZINE 500 MG TABS 100 EACH BOTTLE,10.02,4.008,1.2,9.02,34
,,SULFASALAZINE 500 MG TBEC 100 EACH BOTTLE,3.0,1.2,1.2,2.7,17
,,SUMATRIPTAN 25 MG TABS 9 EACH BOX,135.26,54.104,54.1,121.73,34
,,SUMATRIPTAN 50 MG TABS 9 EACH BOX,125.7,50.28,50.28,113.13,17
,,SURGICAL BRA,130.0,52.0,52.0,117.0,17
,,SURGICAL LUBRICANT GEL 120.49 G BOX,19.28,7.712,7.71,17.35,17
,,SUVOREXANT 10 MG TABS 30 EACH BOX,93.12,37.248,37.25,83.81,17
,,SWEET OIL OIL 118 ML BOTTLE,36.58,14.632,14.63,32.92,17
,,SWEET OIL OIL 30 ML BOTTLE,34.65,13.86,13.86,31.19,17
,,SWING BED,700.0,280.0,560.0,11492.19,24
,,SYRING DILATION,500.0,200.0,200.0,450.0,17
,,TAB-A-VITE/BETA CAROTENE TABS 100 EACH BOX,3.0,1.2,1.2,2.7,17
,,TACROLIMUS 0.03 % OINT 30 G TUBE,386.4,154.56,154.56,347.76,17
,,TACROLIMUS 0.1 % OINT 60 G TUBE,2187.86,875.144,441.6,1969.07,34
,,TACROLIMUS 0.5 MG/ML SOLN 100 EACH BOTTLE,11.15,4.46,4.46,10.04,17
,,TALC 3 G POWD 1 EACH VIAL,968.76,387.504,387.5,871.88,17
,,TALC 4 G POWD 1 EACH VIAL,1079.16,431.664,431.66,971.24,17
,,TALC-ZINC OXIDE 81-15 % POWD 142 G BOTTLE,16.33,6.532,6.53,14.7,17
,,TAMOXIFEN 10 MG TABS 100 EACH BOX,10.0,4.0,4.0,9.0,17
,,TAMOXIFEN 10 MG TABS 60 EACH BOTTLE,10.0,4.0,4.0,9.0,34
,,TAMSULOSIN 0.4 MG CAPS 1 EACH,21.07,8.428,8.43,18.96,17
,,TAMSULOSIN 0.4 MG CAPS 100 EACH BOTTLE,21.07,8.428,8.43,18.98,34
,,TAMSULOSIN 0.4 MG CAPS 100 EACH BOX,21.07,8.428,8.43,18.96,17
,,TELISOTUZUMAB VEDOTIN-TLLV 100 MG SOLR 1 EACH VIAL,70459.2,28183.68,27479.09,63413.28,14
,,TELISOTUZUMAB VEDOTIN-TLLV 20 MG SOLR 1 EACH VIAL,14091.84,5636.736,5495.82,12682.66,14
,,TELMISARTAN 20 MG TABS 30 EACH BOX,28.05,11.22,11.22,25.25,17
,,TELMISARTAN 80 MG TABS 30 EACH BOX,28.05,11.22,11.22,25.25,17
,,TEMAZEPAM 15 MG CAPS 1 EACH,4.89,1.956,1.96,4.4,17
,,TEMAZEPAM 15 MG CAPS 100 EACH BOTTLE,3.68,1.472,1.47,3.31,17
,,TEMAZEPAM 15 MG CAPS 50 EACH BOX,4.89,1.956,1.96,4.4,17
,,TEMAZEPAM 30 MG CAPS 1 EACH,5.1,2.04,2.04,4.59,17
,,TEMAZEPAM 30 MG CAPS 100 EACH BOTTLE,4.43,1.772,1.77,3.99,17
,,TEMAZEPAM 30 MG CAPS 30 EACH BOX,5.1,2.04,2.04,4.59,17
,,TEMAZEPAM 7.5 MG CAPS 1 EACH,41.75,16.7,16.7,37.58,17
,,TEMAZEPAM 7.5 MG CAPS 30 EACH BOX,41.75,16.7,16.7,37.58,17
,,TEMP PACING LEAD,100.0,40.0,40.0,90.0,17
,,TENOFOVIR DF 300 MG TABS 30 EACH BOTTLE,191.97,76.788,76.79,172.77,17
,,TERAZOSIN 1 MG CAPS 1 EACH,8.03,3.212,3.21,7.23,17
,,TERAZOSIN 1 MG CAPS 50 EACH BOX,8.03,3.212,3.21,7.23,17
,,TERAZOSIN 2 MG CAPS 100 EACH BOTTLE,8.03,3.212,3.21,7.23,17
,,TERAZOSIN 5 MG CAPS 100 EACH BOTTLE,8.03,3.212,3.21,7.23,17
,,TERBINAFINE 250 MG TABS 30 EACH BOTTLE,63.93,25.572,25.57,57.54,34
,,TERBUTALINE 2.5 MG TABS 100 EACH BOTTLE,27.21,10.884,10.88,24.49,17
,,TERBUTALINE 5 MG TABS 100 EACH BOTTLE,33.23,13.292,13.29,29.91,34
,,TESTOSTERONE 2 MG/24HR PT24 1 EACH BOX,61.6,24.64,24.64,55.44,17
,,TESTOSTERONE 4 MG/24HR PT24 1 EACH PACKAGE,123.2,49.28,49.28,110.88,17
,,TESTOSTERONE 50 MG/5GM (1%) GEL 5 G TUBE,118.4,47.36,47.36,106.56,17
,,TETRABENAZINE 12.5 MG TABS 112 EACH BOTTLE,347.71,139.084,139.08,312.94,17
,,TETRACAINE 0.5 % SOLN 15 ML BOTTLE,496.8,198.72,198.72,447.12,17
,,TETRACAINE 0.5 % SOLN 4 ML PLAS CONT,83.28,33.312,33.31,74.95,17
,,TETRACAINE 1 % SOLN 2 ML VIAL,418.74,167.496,167.5,376.87,51
,,TETRACYCLINE 250 MG CAPS 100 EACH BOTTLE,39.38,15.752,15.75,35.44,17
,,TETRACYCLINE 500 MG CAPS 100 EACH BOTTLE,78.75,31.5,31.5,70.88,51
,,THEOPHYLLINE 100 MG CP24 100 EACH BOTTLE,23.91,9.564,9.56,21.52,17
,,THEOPHYLLINE 300 MG CP24 100 EACH BOTTLE,43.68,17.472,17.47,39.31,17
,,THEOPHYLLINE 300 MG TB12 100 EACH BOTTLE,21.48,8.592,8.59,19.33,17
,,THEOPHYLLINE 80 MG/15ML ELIX 15 ML CUP,62.63,25.052,25.05,56.37,17
,,THEOPHYLLINE 80 MG/15ML ELIX 473 ML BOTTLE,513.49,205.396,205.4,1631.2,34
,,THERAPEUTIC FEEDING (1ST UNIT),200.0,80.0,80.0,182.0,17
,,THERAPY CASH PAY $10,10.0,4.0,4.0,9.0,17
,,THERAPY CASH PAY $15,15.0,6.0,6.0,13.5,17
,,THERAPY CASH PAY $20,20.0,8.0,8.0,18.0,17
,,THERAPY CASH PAY $25,25.0,10.0,10.0,22.5,17
,,THERAPY SYSTEM KIT 7 DAYS,1450.0,580.0,580.0,1305.0,17
,,THIAMINE 100 MG TABS 1 EACH,3.0,1.2,1.2,2.7,17
,,THIAMINE 100 MG TABS 100 EACH BOX,3.0,1.2,1.2,2.7,17
,,THIAMINE 100 MG/ML SOLN 2 ML VIAL,43.2,17.28,15.78,38.88,34
,,THIOGUANINE 40 MG TABS 25 EACH BOTTLE,2724.79,1089.916,1089.92,2452.31,17
,,THIOGUANINE 40 MG/ML SOLN 1 ML,48.09,19.236,19.24,43.28,17
,,THIORIDAZINE 10 MG TABS 100 EACH BOX,3.0,1.2,1.2,2.7,17
,,THIORIDAZINE 100 MG TABS 100 EACH BOX,5.43,2.172,2.17,4.89,17
,,THIORIDAZINE 25 MG TABS 100 EACH BOX,3.81,1.524,1.52,3.43,17
,,THIORIDAZINE 50 MG TABS 100 EACH BOX,4.77,1.908,1.91,4.29,17
,,THIOTHIXENE 1 MG CAPS 100 EACH BOTTLE,5.94,2.376,2.38,5.35,34
,,THIOTHIXENE 10 MG CAPS 100 EACH BOTTLE,16.79,6.716,6.72,15.11,17
,,THIOTHIXENE 2 MG CAPS 100 EACH BOTTLE,7.85,3.14,3.14,7.07,17
,,THIOTHIXENE 5 MG CAPS 100 EACH BOTTLE,11.91,4.764,4.76,10.72,17
,,THORACIC ENDOPROSTHESIS,31000.0,12400.0,12400.0,27900.0,17
,,THROMBIN 20000 UNITS KIT 1 EACH BOX,1888.12,755.248,755.25,1699.31,34
,,THROMBIN 20000 UNITS SOLR 1 EACH VIAL,1649.7,659.88,659.88,1484.73,17
,,THROMBIN 5000 UNITS KIT 1 EACH BOX,465.15,186.06,186.06,418.64,17
,,THROMBIN 5000 UNITS SOLR 1 EACH VIAL,418.32,167.328,167.33,376.49,17
,,THROMBIN RECOMBINANT 5000 UNITS SOLR 1 EACH VIAL,474.72,189.888,189.89,427.25,17
,,THYROID 120 MG TABS 100 EACH BOTTLE,12.35,4.94,4.94,11.12,17
,,THYROID 180 MG TABS 100 EACH BOTTLE,9.25,3.7,3.7,8.33,17
,,THYROID 30 MG TABS 100 EACH BOTTLE,6.07,2.428,2.43,5.46,17
,,THYROID 60 MG TABS 100 EACH BOTTLE,6.74,2.696,2.7,6.07,17
,,TIAGABINE 16 MG TABS 30 EACH BOTTLE,75.39,30.156,30.16,67.85,17
,,TICAGRELOR 60 MG TABS 60 EACH BOTTLE,44.15,17.66,17.66,41.83,34
,,TICAGRELOR 90 MG TABS 100 EACH BOX,46.48,18.592,18.59,41.83,17
,,TICAGRELOR 90 MG TABS 60 EACH BOTTLE,44.15,17.66,17.66,39.74,17
,,TIMOLOL 0.25 % SOLN 5 ML BOTTLE,3.0,1.2,1.2,67.5,34
,,TIMOLOL 0.5 % SOLG 5 ML BOTTLE,1224.01,489.604,489.6,1101.61,34
,,TIMOLOL 0.5 % SOLN 5 ML BOTTLE,32.8,13.12,13.12,29.52,17
,,TIMOLOL 10 MG TABS 100 EACH BOTTLE,8.52,3.408,3.41,7.67,17
,,TIMOLOL 20 MG TABS 100 EACH BOTTLE,15.71,6.284,6.28,14.14,17
,,TIOTROPIUM BROMIDE 18 MCG CAPS 5 EACH BOX,73.02,29.208,29.21,65.72,17
,,TIZANIDINE 2 MG TABS 1 EACH,8.75,3.5,3.5,7.88,34
,,TIZANIDINE 2 MG TABS 150 EACH BOTTLE,6.11,2.444,2.44,5.5,17
,,TIZANIDINE 2 MG TABS 50 EACH BOX,8.75,3.5,3.5,7.88,17
,,TIZANIDINE 4 MG TABS 1 EACH,7.57,3.028,3.03,6.81,17
,,TIZANIDINE 4 MG TABS 100 EACH BOX,8.82,3.528,3.03,7.94,34
,,TOBRAMYCIN 0.3 % OINT 3.5 G TUBE,1545.6,618.24,618.24,1391.04,17
,,TOBRAMYCIN 0.3 % SOLN 5 ML BOTTLE,169.9,67.96,12.5,153.0,51
,,TOBRAMYCIN 1.4% SOLN 5 ML BOTTLE,169.9,67.96,67.96,152.91,17
,,TOBRAMYCIN 1.8% SOLN 5 ML BOTTLE,169.9,67.96,67.96,152.91,17
,,TOBRAMYCIN 500 MCG/0.1 ML SOLN 0.1 ML SYRINGE,62.85,25.14,25.14,56.57,17
,,TOBRAMYCIN-DEXAMETHASONE 0.3-0.1 % OINT 3.5 G TUBE,1645.47,658.188,658.19,1480.92,17
,,TOBRAMYCIN-DEXAMETHASONE 0.3-0.1 % SUSP 2.5 ML BOTTLE,303.4,121.36,121.36,326.52,34
,,TOFACITINIB 5 MG TABS 60 EACH BOTTLE,419.05,167.62,167.62,377.15,17
,,TOLNAFTATE 1 % CREA 15 G TUBE,25.5,10.2,10.2,22.95,17
,,TOLNAFTATE 1 % CREA 30 G TUBE,43.5,17.4,17.4,39.15,17
,,TOLTERODINE 1 MG TABS 60 EACH BOTTLE,16.55,6.62,6.62,14.9,34
,,TOLTERODINE 2 MG CP24 30 EACH BOX,60.25,24.1,24.1,54.23,17
,,TOLTERODINE 2 MG TABS 60 EACH BOTTLE,16.99,6.796,6.8,15.29,34
,,TOLTERODINE 4 MG CP24 30 EACH BOTTLE,65.63,26.252,26.25,59.13,34
,,TOLVAPTAN 15 MG TABS 10 EACH BOX,2621.79,1048.716,943.79,2359.61,51
,,TOPIRAMATE 100 MG TABS 1 EACH,31.0,12.4,12.4,27.9,17
,,TOPIRAMATE 100 MG TABS 100 EACH BOX,31.0,12.4,12.4,27.9,17
,,TOPIRAMATE 15 MG CPSP 60 EACH BOTTLE,12.08,4.832,4.83,10.87,17
,,TOPIRAMATE 200 MG TABS 1 EACH,5.6,2.24,2.24,5.04,17
,,TOPIRAMATE 200 MG TABS 30 EACH BOX,5.61,2.244,2.24,5.05,17
,,TOPIRAMATE 200 MG TABS 60 EACH BOTTLE,35.37,14.148,14.15,31.83,17
,,TOPIRAMATE 25 MG CPSP 60 EACH BOTTLE,14.59,5.836,5.84,13.15,34
,,TOPIRAMATE 25 MG TABS 1 EACH,10.5,4.2,4.2,9.45,17
,,TOPIRAMATE 25 MG TABS 100 EACH BOX,10.5,4.2,1.2,9.45,34
,,TOPIRAMATE 25 MG TABS 60 EACH BOTTLE,11.09,4.436,4.44,9.98,17
,,TORSEMIDE 10 MG TABS 50 EACH BOX,3.56,1.424,1.42,3.2,17
,,TORSEMIDE 100 MG TABS 1 EACH,14.47,5.788,5.79,13.02,17
,,TORSEMIDE 100 MG TABS 50 EACH BOX,14.47,5.788,5.79,13.02,17
,,TORSEMIDE 20 MG TABS 1 EACH,4.15,1.66,1.66,3.77,34
,,TORSEMIDE 20 MG TABS 100 EACH BOX,4.19,1.676,1.68,3.77,17
,,TORSEMIDE 5 MG TABS 100 EACH BOTTLE,3.17,1.268,1.27,2.85,17
,,TOX ONLY BUPRENORPHRINE SCREEN,211.0,84.4,84.4,189.9,13
,,TOX ONLY CHAIN OF CUSTODY FEE,29.0,11.6,11.6,26.1,13
,,TOX ONLY DRUG SCREEN GASTRIC CONTENTS,12.0,4.8,4.8,10.8,13
,,TOX ONLY DRUGS OF ABUSE SCREEN,35.0,14.0,14.0,31.5,13
,,TOX ONLY DRUGS OF ABUSE SCREEN COC,42.0,16.8,16.8,37.8,13
,,TOX ONLY LEGAL WHOLE BLOOD ALCOHOL,50.0,20.0,20.0,45.0,13
,,TRACE ELEMENTS (MULTRYS) (PT WT < 10 KG) 60-3-6-1000 MCG/ML SOLN 1 ML VIAL,156.24,62.496,62.5,140.63,34
,,TRACE ELEMENTS (NEOTRACE) (PT WT < 10 KG) 1-100-25-1000 MCG/ML SOLN 3 ML VIAL,72.9,29.16,29.16,65.61,17
,,TRACE MINERALS (TRALEMENT) 300-55-60-3000 MCG/ML SOLN 1 ML VIAL,169.14,67.656,67.66,360.0,34
,,TRACH TUBE,200.0,80.0,80.0,180.0,17
,,TRACHEOSTOMY-MINOR PROCEDURE,3653.0,1461.2,1461.2,3653.0,34
,,TRAMADOL 50 MG TABS 1 EACH,10.0,4.0,4.0,9.0,34
,,TRAMADOL 50 MG TABS 100 EACH BOTTLE,10.0,4.0,4.0,9.0,34
,,TRAMADOL 50 MG TABS 100 EACH BOX,10.0,4.0,4.0,9.0,51
,,TRAMETINIB DIMETHYL SULFOXIDE 0.05 MG/ML SOLR 90 ML BOTTLE,2216.28,886.512,886.51,1994.65,17
,,TRAMETINIB DIMETHYL SULFOXIDE 0.5 MG TABS 30 EACH BOTTLE,923.45,369.38,369.38,831.11,17
,,TRAMETINIB DIMETHYL SULFOXIDE 2 MG TABS 30 EACH BOTTLE,2869.66,1147.864,1147.86,2582.69,17
,,TRANDOLAPRIL 1 MG TABS 100 EACH BOTTLE,6.2,2.48,2.48,5.58,17
,,TRANDOLAPRIL 2 MG TABS 100 EACH BOTTLE,6.2,2.48,2.48,5.58,17
,,TRANDOLAPRIL 4 MG TABS 100 EACH BOTTLE,6.2,2.48,2.48,5.58,17
,,TRANEXAMIC ACID 1000 MG/10ML SOLN 10 ML AMPULE,182.4,72.96,72.96,164.16,34
,,TRANEXAMIC ACID 1000 MG/10ML SOLN 10 ML VIAL,124.75,49.9,14.0,359.31,323
,,TRANEXAMIC ACID 1000-0.7 MG/100ML-% SOLN 100 ML FLEX CONT,123.0,49.2,49.2,110.7,17
,,TRANEXAMIC ACID 5% PO 5 % 20 ML BOTTLE,225.0,90.0,90.0,202.5,17
,,TRANEXAMIC ACID 650 MG TABS 30 EACH BOTTLE,26.07,10.428,10.43,23.46,17
,,TRANEXAMIC ACID 650 MG TABS 30 EACH BOX,25.77,10.308,10.31,23.19,17
,,TRANSPHEN PITUITARY TUMOR RESE,29000.0,11600.0,4093.0,26100.0,17
,,TRAUMA ACTIVATION W/O CRITICAL CARE,15547.0,6218.8,4219.0,15547.0,18
,,TRAVOPROST (BAK FREE) 0.004 % SOLN 2.5 ML BOTTLE,942.72,377.088,377.09,848.45,17
,,TRAZODONE 100 MG TABS 1 EACH,3.0,1.2,1.2,2.7,17
,,TRAZODONE 100 MG TABS 100 EACH BOX,3.0,1.2,1.2,2.7,34
,,TRAZODONE 150 MG TABS 1 EACH,7.35,2.94,2.94,6.62,17
,,TRAZODONE 150 MG TABS 100 EACH BOX,7.35,2.94,2.94,6.62,17
,,TRAZODONE 25 MG TABS 1 HALF TABLET,3.0,1.2,1.2,2.7,17
,,TRAZODONE 50 MG TABS 1 EACH,3.0,1.2,1.2,2.7,17
,,TRAZODONE 50 MG TABS 100 EACH BOTTLE,5.37,2.148,2.15,4.83,17
,,TRAZODONE 50 MG TABS 100 EACH BOX,3.0,1.2,1.2,2.7,17
,,TREPROSTINIL DIOLAMINE ER 0.25 MG TAB CR 100 EACH BOTTLE,91.67,36.668,36.67,82.5,17
,,TREPROSTINIL DIOLAMINE ER 1 MG TAB CR 100 EACH BOTTLE,366.66,146.664,146.66,329.99,17
,,TRETINOIN 10 MG CAPS 1 EACH,151.6,60.64,60.64,136.44,17
,,TRETINOIN 10 MG CAPS 30 EACH BOX,151.6,60.64,60.64,136.44,17
,,TRIAMCINOLONE 0.025 % CREA 15 G TUBE,22.73,9.092,9.09,20.46,17
,,TRIAMCINOLONE 0.025 % CREA 80 G TUBE,55.6,22.24,22.24,50.04,17
,,TRIAMCINOLONE 0.025 % OINT 15 G TUBE,30.6,12.24,12.24,27.54,34
,,TRIAMCINOLONE 0.025 % OINT 80 G TUBE,55.6,22.24,20.16,50.04,34
,,TRIAMCINOLONE 0.1 % CREA 15 G TUBE,29.18,11.672,11.67,26.26,17
,,TRIAMCINOLONE 0.1 % CREA 453.6 G JAR,120.2,48.08,48.08,108.18,17
,,TRIAMCINOLONE 0.1 % CREA 454 G JAR,156.63,62.652,62.65,140.97,17
,,TRIAMCINOLONE 0.1 % CREA 80 G TUBE,47.6,19.04,19.04,65.52,34
,,TRIAMCINOLONE 0.1 % LOTN 60 ML BOTTLE,414.0,165.6,165.6,372.6,17
,,TRIAMCINOLONE 0.1 % OINT 15 G TUBE,27.83,11.132,11.13,25.05,34
,,TRIAMCINOLONE 0.1 % OINT 454 G JAR,206.57,82.628,82.63,185.91,34
,,TRIAMCINOLONE 0.1 % OINT 80 G TUBE,69.6,27.84,25.44,62.64,51
,,TRIAMCINOLONE 0.1 % PSTE 5 G TUBE,370.71,148.284,148.28,333.64,17
,,TRIAMCINOLONE 0.1% OINT 45 G TUBE,54.0,21.6,21.6,48.6,17
,,TRIAMCINOLONE 0.1% OINT 60 G TUBE,72.0,28.8,28.8,64.8,17
,,TRIAMCINOLONE 0.1% OINT 80 G TUBE,96.0,38.4,38.4,86.4,17
,,TRIAMCINOLONE ACETONIDE 55 MCG/ACT AEROSOL 10.8 ML BOTTLE,89.96,35.984,35.98,80.96,17
,,TRIAMCINOLONE AND HYDROCERIN 1:1 0.1 % CREA 454 G JAR,227.0,90.8,90.8,204.3,17
,,TRIAMTERENE 50 MG CAPS 100 EACH BOTTLE,59.69,23.876,23.88,53.72,17
,,TRIAMTERENE-HYDROCHLOROTHIAZIDE 37.5-25 MG CAPS 100 EACH BOTTLE,3.0,1.2,1.2,2.7,17
,,TRIAMTERENE-HYDROCHLOROTHIAZIDE 37.5-25 MG CAPS 1000 EACH BOTTLE,3.0,1.2,1.2,2.7,17
,,TRIAMTERENE-HYDROCHLOROTHIAZIDE 75-50 MG TABS 100 EACH BOTTLE,4.59,1.836,1.84,4.13,17
,,TRIAZOLAM 0.125 MG TABS 100 EACH BOTTLE,18.34,7.336,7.34,16.51,17
,,TRIAZOLAM 0.25 MG TABS 100 EACH BOTTLE,18.34,7.336,7.34,16.51,17
,,TRIFLUOPERAZINE 1 MG TABS 100 EACH BOX,6.71,2.684,2.68,6.04,17
,,TRIFLUOPERAZINE 2 MG TABS 100 EACH BOX,10.0,4.0,4.0,9.0,17
,,TRIFLUOPERAZINE 5 MG TABS 100 EACH BOX,12.74,5.096,5.1,11.47,17
,,TRIFLURIDINE 1 % SOLN 7.5 ML BOTTLE,1127.05,450.82,450.82,1014.35,17
,,TRIHEXYPHENIDYL 1 MG TABS 1 HALF TABLET,3.0,1.2,1.2,2.7,17
,,TRIHEXYPHENIDYL 2 MG TABS 100 EACH BOTTLE,3.0,1.2,1.2,2.7,51
,,TRIHEXYPHENIDYL 5 MG TABS 100 EACH BOTTLE,5.5,2.2,1.2,4.95,51
,,TRIMETHOPRIM 100 MG TABS 100 EACH BOTTLE,11.65,4.66,4.66,10.49,34
,,TRIMETHOPRIM-POLYMYXIN B 10000-0.1 UNIT/ML-% SOLN 10 ML BOTTLE,65.35,26.14,26.14,58.82,17
,,TRIPROLIDINE-PSEUDOEPHEDRINE 2.5-60 MG TABS 24 EACH BOX,3.0,1.2,1.2,2.7,17
,,TROPICAMIDE 0.5 % SOLN 15 ML BOTTLE,125.03,50.012,50.01,112.53,17
,,TROPICAMIDE 1 % SOLN 15 ML BOTTLE,187.5,75.0,71.25,214.18,51
,,TROPICAMIDE 1 % SOLN 2 ML BOTTLE,50.0,20.0,20.0,45.0,17
,,TROPICAMIDE 1 % SOLN 3 ML BOTTLE,70.01,28.004,28.0,63.01,17
,,TROSPIUM 20 MG TABS 60 EACH BOTTLE,14.19,5.676,5.68,12.77,17
,,TROSPIUM CHLORIDE 60 MG CP24 30 EACH BOTTLE,33.69,13.476,13.48,30.32,17
,,TRYPAN BLUE 0.06 % SOSY 0.5 ML SYRINGE,478.2,191.28,191.28,430.38,17
,,TUBE FEEING RETENTION SYSTEM,220.0,88.0,88.0,198.0,17
,,TUBE GASTROSTOMY,374.0,149.6,149.6,336.6,17
,,TUBE LARGECTOMY,326.0,130.4,130.4,293.4,17
,,TUBE NJ,464.0,185.6,185.6,417.6,17
,,TUBE PORT MIC GAST,142.0,56.8,56.8,127.8,17
,,TWO CAL HN,9.0,3.6,3.6,8.1,17
,,UBIQUINOL 100 MG CAPS 30 EACH BOTTLE,3.95,1.58,1.58,3.56,17
,,UBIQUINOL LIPOSOMAL 80 MG/10ML LIQD 10 ML PLAS CONT,4.88,1.952,1.95,4.39,17
,,ULIPRISTAL ACETATE 30 MG TABS 1 EACH BOX,232.5,93.0,93.0,209.25,17
,,UREA 15 G PACK 8 EACH BOX,21.75,8.7,8.7,19.58,17
,,URSODIOL 300 MG CAPS 1 EACH,38.22,15.288,15.29,34.4,17
,,URSODIOL 300 MG CAPS 100 EACH BOX,38.22,15.288,10.54,34.4,34
,,URSODIOL 500 MG TABS 100 EACH BOTTLE,23.77,9.508,9.51,21.39,17
,,URSODIOL 60 MG/ML SUSP 1 ML,3.0,1.2,1.2,2.7,17
,,URSODIOL 60 MG/ML SUSP 180 ML BOTTLE,180.0,72.0,72.0,162.0,17
,,URSODIOL 60 MG/ML SUSP 60 ML BOTTLE,60.0,24.0,24.0,54.0,17
,,UTIRA-C 81.6 MG TABS 100 EACH BOTTLE,3.0,1.2,1.2,2.7,17
,,VAC DRESSING,149.0,59.6,48.4,134.1,34
,,VAD VENTRICAL ASSIST DEVICE,244908.0,97963.2,97963.2,220417.2,17
,,VALACYCLOVIR 500 MG TABS 1 EACH,19.87,7.948,7.95,17.88,17
,,VALACYCLOVIR 500 MG TABS 100 EACH BOX,8.18,3.272,3.27,17.88,34
,,VALGANCICLOVIR 450 MG TABS 1 EACH,95.65,38.26,38.26,86.09,17
,,VALGANCICLOVIR 450 MG TABS 30 EACH BOX,95.64,38.256,38.26,86.08,17
,,VALGANCICLOVIR 450 MG TABS 60 EACH BOTTLE,321.99,128.796,128.8,289.79,17
,,VALGANCICLOVIR 50 MG/ML SOLR 88 ML BOTTLE,4173.89,1669.556,1253.09,3781.12,85
,,VALGANCICLOVIR 50 MG/ML SOLR 9 ML ORAL SYRINGE,470.59,188.236,188.24,423.53,17
,,VALPROATE 100 MG/ML SOLN 5 ML VIAL,40.2,16.08,14.0,37.8,102
,,VALPROIC ACID 250 MG CAPS 100 EACH BOTTLE,3.97,1.588,1.59,4.64,34
,,VALPROIC ACID 250 MG/5ML SOLN 473 ML BOTTLE,364.21,145.684,144.74,327.79,34
,,VALPROIC ACID 250 MG/5ML SOLN 5 ML BOX,8.58,3.432,3.12,7.72,34
,,VALPROIC ACID 250 MG/5ML SOLN 5 ML CUP,8.58,3.432,3.43,7.72,17
,,VALPROIC ACID 250 MG/5ML SOLN 5 ML ORAL SYRINGE,3.85,1.54,1.54,3.47,17
,,VALSARTAN 160 MG TABS 1 EACH,7.24,2.896,2.9,7.07,34
,,VALSARTAN 160 MG TABS 100 EACH BOX,7.24,2.896,2.9,6.52,17
,,VALSARTAN 160 MG TABS 50 EACH BOX,7.85,3.14,3.14,7.07,17
,,VALSARTAN 160 MG TABS 90 EACH BOTTLE,61.14,24.456,24.46,55.03,17
,,VALSARTAN 40 MG TABS 30 EACH BOTTLE,8.11,3.244,3.24,7.3,34
,,VALSARTAN 40 MG TABS 30 EACH BOX,5.0,2.0,2.0,4.5,17
,,VALSARTAN 80 MG TABS 1 EACH,6.45,2.58,2.58,5.81,17
,,VALSARTAN 80 MG TABS 100 EACH BOX,6.45,2.58,2.58,5.81,17
,,VALSARTAN 80 MG TABS 90 EACH BOTTLE,9.7,3.88,3.88,21.74,51
,,VANCOMYCIN 1-0.9 GM/200ML-% SOLN 200 ML PLAS CONT,143.0,57.2,57.2,128.7,14
,,VANCOMYCIN 1.5-0.9 GM/250ML-% SOLN 250 ML FLEX CONT,133.75,53.5,53.5,120.38,17
,,VANCOMYCIN 125 MG CAPS 20 EACH BOX,156.53,62.612,62.61,140.88,34
,,VANCOMYCIN 125 MG CAPS 50 EACH BOTTLE,156.53,62.612,62.61,140.88,34
,,VANCOMYCIN 31 MG/ML SOLN 1 EACH,109.6,43.84,43.84,98.64,17
,,VANCOMYCIN 50 MG/ML SOLR 150 ML BOTTLE,1012.23,404.892,404.89,911.01,17
,,VANCOMYCIN 50 MG/ML SOLR 5 ML ORAL SYRINGE,36.68,14.672,14.67,33.01,17
,,VANCOMYCIN-HEPARIN 2 MG-10 UNITS/ML LOCK SYRINGE 1 ML SYRINGE,35.0,14.0,14.0,31.5,17
,,VANCOMYCIN-HEPARIN 2 MG-10 UNITS/ML LOCK SYRINGE 2 ML SYRINGE,35.0,14.0,14.0,31.5,17
,,VANCOMYCIN-HEPARIN 2.5 MG-2500 UNITS/ML LOCK SYRINGE 1 ML SYRINGE,35.0,14.0,14.0,31.5,17
,,VANCOMYCIN-HEPARIN 2.5 MG-2500 UNITS/ML LOCK SYRINGE 2 ML SYRINGE,35.0,14.0,14.0,31.5,17
,,VARENICLINE 1 MG TABS 56 EACH BOTTLE,43.94,17.576,17.58,39.55,17
,,VASHE WOUND THERAPY SOLN 250 ML BOTTLE,95.0,38.0,38.0,85.5,17
,,VECURONIUM 1 MG/ML SOLN 50 ML SYRINGE,460.0,184.0,184.0,414.0,17
,,VECURONIUM 10 MG SOLR 1 EACH VIAL,35.0,14.0,14.0,45.9,119
,,VECURONIUM 20 MG SOLR 1 EACH VIAL,68.4,27.36,27.36,61.56,17
,,VECURONIUM SOLR 1 EACH VIAL,35.0,14.0,14.0,31.5,17
,,VENELEX OINT 56.7 G TUBE,187.39,74.956,74.96,168.65,17
,,VENETOCLAX 10 MG TABS 14 EACH BOX,78.1,31.24,31.24,70.29,17
,,VENETOCLAX 100 MG TABS 120 EACH BOTTLE,718.55,287.42,287.42,646.7,17
,,VENETOCLAX 50 MG TABS 7 EACH BOX,359.28,143.712,143.71,323.35,17
,,VENLAFAXINE 100 MG TABS 100 EACH BOTTLE,11.58,4.632,4.63,10.42,17
,,VENLAFAXINE 100 MG TABS 90 EACH BOTTLE,11.58,4.632,4.63,10.42,17
,,VENLAFAXINE 150 MG CP24 1 EACH,22.86,9.144,9.14,20.57,17
,,VENLAFAXINE 150 MG CP24 100 EACH BOX,22.86,9.144,9.14,20.57,17
,,VENLAFAXINE 25 MG TABS 100 EACH BOTTLE,9.72,3.888,3.89,8.75,17
,,VENLAFAXINE 25 MG TABS 30 EACH BOX,10.34,4.136,4.14,9.31,17
,,VENLAFAXINE 37.5 MG CP24 1 EACH,18.71,7.484,7.48,16.84,17
,,VENLAFAXINE 37.5 MG CP24 100 EACH BOX,18.71,7.484,7.48,16.84,17
,,VENLAFAXINE 37.5 MG TABS 1 EACH,10.0,4.0,4.0,9.0,17
,,VENLAFAXINE 37.5 MG TABS 100 EACH BOX,10.0,4.0,4.0,9.0,17
,,VENLAFAXINE 50 MG TABS 100 EACH BOTTLE,10.31,4.124,4.12,9.28,34
,,VENLAFAXINE 75 MG CP24 1 EACH,20.99,8.396,8.4,18.89,17
,,VENLAFAXINE 75 MG CP24 100 EACH BOX,20.99,8.396,8.4,18.89,17
,,VENLAFAXINE 75 MG CP24 90 EACH BOTTLE,34.6,13.84,13.84,31.14,17
,,VENLAFAXINE 75 MG TABS 1 EACH,10.93,4.372,4.37,9.84,17
,,VENLAFAXINE 75 MG TABS 100 EACH BOX,10.93,4.372,4.37,9.84,17
,,VENTRICULAR TUNNELING CATH,1221.0,488.4,488.4,1098.9,17
,,VERAPAMIL 120 MG TAB CR 100 EACH BOTTLE,5.37,2.148,2.15,4.83,34
,,VERAPAMIL 120 MG TABS 100 EACH BOTTLE,3.0,1.2,1.2,2.7,17
,,VERAPAMIL 180 MG TAB CR 100 EACH BOTTLE,7.2,2.88,2.88,6.48,17
,,VERAPAMIL 2.5 MG/ML SOLN 2 ML VIAL,36.0,14.4,14.0,158.67,119
,,VERAPAMIL 240 MG TAB CR 100 EACH BOTTLE,8.18,3.272,3.27,7.36,34
,,VERAPAMIL 50 MG/ML SUSP 1 ML SYRINGE,4.9,1.96,1.96,4.41,17
,,VERAPAMIL 80 MG TABS 100 EACH BOTTLE,3.0,1.2,1.2,2.7,17
,,VERTPLASTY CEMEN CANNULA,180.0,72.0,72.0,162.0,17
,,VIGABATRIN 500 MG PACK 50 EACH BOX,600.97,240.388,240.39,540.87,17
,,VILAZODONE HCL 10 MG TABS 30 EACH BOTTLE,56.73,22.692,22.69,65.67,34
,,VITAMIN A 15 MG/ML SOLN 2 ML VIAL,396.75,158.7,158.7,357.08,17
,,VITAMIN A 3 MG (10000 UT) CAPS 100 EACH BOTTLE,3.0,1.2,1.2,2.7,17
,,VITAMIN A 3 MG (10000 UT) CAPS 50 EACH BOX,3.0,1.2,1.2,2.7,17
,,VITAMIN A 5000/0.1 ML SOLN 1 ML,346.5,138.6,138.6,311.85,17
,,VITAMIN A AND D OINT 113 G TUBE,5.93,2.372,2.37,5.34,17
,,VITAMIN A AND D OINT 42.5 G TUBE,4.4,1.76,1.76,4.3,68
,,VITAMIN A AND D OINT 56.7 G TUBE,4.85,1.94,1.94,4.37,17
,,VITAMIN B-1 50 MG TABS 100 EACH BOTTLE,3.0,1.2,1.2,2.7,17
,,VITAMIN B-12 100 MCG TABS 1 EACH,3.0,1.2,1.2,2.7,17
,,VITAMIN B-12 100 MCG TABS 100 EACH BOTTLE,3.0,1.2,1.2,2.7,17
,,VITAMIN B-12 100 MCG TABS 50 EACH BOX,3.0,1.2,1.2,2.7,17
,,VITAMIN B-12 1000 MCG TABS 1 EACH,3.0,1.2,1.2,2.7,17
,,VITAMIN B-12 1000 MCG TABS 100 EACH BOX,3.0,1.2,1.2,2.7,17
,,VITAMIN B-12 1000 MCG TABS 50 EACH BOX,3.0,1.2,1.2,2.7,17
,,VITAMIN B-12 500 MCG TABS 1 EACH,3.0,1.2,1.2,2.7,17
,,VITAMIN B-12 500 MCG TABS 100 EACH BOX,3.0,1.2,1.2,2.7,17
,,VITAMIN B-2 100 MG TABS 100 EACH BOTTLE,3.0,1.2,1.2,2.7,17
,,VITAMIN E 100 UNIT CAPS 1 EACH PACKAGE,3.0,1.2,1.2,2.7,17
,,VITAMIN E 200 UNIT CAPS 100 EACH BOTTLE,3.0,1.2,1.2,2.7,17
,,VITAMIN E 400 UNIT CAPS 100 EACH BOTTLE,3.0,1.2,1.2,2.7,17
,,VITAMIN E 450 MG (1000 UT) CAPS 100 EACH BOTTLE,3.0,1.2,1.2,2.7,17
,,VORICONAZOLE 200 MG TABS 30 EACH BOX,132.1,52.84,47.4,211.08,51
,,VORICONAZOLE 40 MG/ML SUSR 5 ML ORAL SYRINGE,245.58,98.232,98.23,221.02,17
,,VORICONAZOLE 40 MG/ML SUSR 75 ML BOTTLE,7091.28,2836.512,1237.7,6382.15,34
,,VORICONAZOLE 50 MG TABS 1 EACH,58.84,23.536,23.54,52.96,17
,,VORICONAZOLE 50 MG TABS 30 EACH BOX,65.22,26.088,23.54,58.7,34
,,VORTIOXETINE HBR 5 MG TABS 30 EACH BOTTLE,107.97,43.188,43.19,97.17,17
,,WARFARIN 1 MG TABS 1 EACH,3.05,1.22,1.22,2.75,17
,,WARFARIN 1 MG TABS 100 EACH BOX,3.08,1.232,1.23,2.77,17
,,WARFARIN 10 MG TABS 1 EACH,4.75,1.9,1.9,4.28,17
,,WARFARIN 10 MG TABS 100 EACH BOTTLE,5.09,2.036,1.9,4.58,34
,,WARFARIN 2 MG TABS 1 EACH,3.08,1.232,1.23,2.88,34
,,WARFARIN 2 MG TABS 100 EACH BOX,3.08,1.232,1.23,2.89,34
,,WARFARIN 2.5 MG TABS 1 EACH,3.18,1.272,1.27,2.97,34
,,WARFARIN 2.5 MG TABS 100 EACH BOX,3.18,1.272,1.27,2.97,34
,,WARFARIN 3 MG TABS 1 EACH,3.3,1.32,1.32,2.97,17
,,WARFARIN 3 MG TABS 100 EACH BOTTLE,3.0,1.2,1.2,2.7,17
,,WARFARIN 3 MG TABS 100 EACH BOX,3.3,1.32,1.32,2.97,17
,,WARFARIN 4 MG TABS 1 EACH,3.3,1.32,1.32,2.97,17
,,WARFARIN 4 MG TABS 100 EACH BOX,3.3,1.32,1.32,2.97,17
,,WARFARIN 5 MG TABS 1 EACH,3.45,1.38,1.38,3.11,17
,,WARFARIN 5 MG TABS 100 EACH BOX,3.44,1.376,1.38,3.1,17
,,WARFARIN 6 MG TABS 100 EACH BOX,4.43,1.772,1.77,3.99,17
,,WARFARIN 7.5 MG TABS 1 EACH,4.6,1.84,1.84,4.14,17
,,WARFARIN 7.5 MG TABS 100 EACH BOTTLE,3.0,1.2,1.2,2.7,17
,,WARFARIN 7.5 MG TABS 100 EACH BOX,4.61,1.844,1.84,4.15,17
,,WATER BACTERIOSTATIC SOLN 30 ML VIAL,46.95,18.78,18.78,42.26,17
,,WHISKEY 30 ML CUP,3.0,1.2,1.2,2.7,17
,,WHITE PETROLATUM GEL 368 G JAR,12.88,5.152,5.15,11.59,17
,,WHITE PETROLATUM OINT 28.35 G TUBE,12.9,5.16,5.16,11.61,17
,,WHITE PETROLATUM OINT 453.6 G JAR,120.2,48.08,48.08,108.18,17
,,WHITE PETROLATUM OINT 5 G PACKET,3.0,1.2,1.2,2.7,17
,,WITCH HAZEL-GLYCERIN PADS 40 EACH JAR,3.0,1.2,1.2,2.7,17
,,ZAFIRLUKAST 20 MG TABS 30 EACH BOX,17.22,6.888,6.89,15.5,17
,,ZIDOVUDINE 10 MG/ML SYRP 1 ML,3.0,1.2,1.2,2.7,17
,,ZIDOVUDINE 10 MG/ML SYRP 240 ML BOTTLE,282.0,112.8,112.8,253.8,17
,,ZIDOVUDINE 10 MG/ML SYRP 30 ML ORAL SYRINGE,35.25,14.1,14.1,31.73,17
,,ZIDOVUDINE 100 MG CAPS 100 EACH BOTTLE,10.1,4.04,4.04,9.09,17
,,ZINC 1 MG/ML SOLN 10 ML VIAL,184.2,73.68,73.68,165.78,17
,,ZINC 50 MG TABS 100 EACH BOTTLE,3.0,1.2,1.2,2.7,17
,,ZINC GLUCONATE 50 MG TABS 100 EACH BOTTLE,1.0,0.4,0.4,0.9,17
,,ZINC OXIDE 16 % OINT 113 G TUBE,46.33,18.532,18.53,41.7,17
,,ZINC OXIDE 16 % OINT 454 G JAR,106.69,42.676,42.68,96.02,17
,,ZINC OXIDE 16 % OINT 57 G TUBE,28.5,11.4,11.4,25.65,17
,,ZINC OXIDE 20 % OINT 30 G TUBE,12.3,4.92,4.92,11.07,17
,,ZINC OXIDE 20 % OINT 454 G JAR,45.4,18.16,18.16,40.86,17
,,ZINC OXIDE 20 % OINT 56.7 G TUBE,23.81,9.524,9.52,21.43,17
,,ZINC OXIDE 25 % PSTE 500 G BOTTLE,352.5,141.0,141.0,317.25,17
,,ZINC OXIDE 40 % OINT 57 G TUBE,32.78,13.112,6.96,29.5,34
,,ZINC SULFATE 220 (50 ZN) MG CAPS 1 EACH,1.0,0.4,0.4,0.9,17
,,ZINC SULFATE 220 (50 ZN) MG CAPS 100 EACH BOX,1.0,0.4,0.4,0.9,17
,,ZINC SULFATE 5 MG/ML SOLN 5 ML VIAL,228.0,91.2,91.2,381.29,68
,,ZIPRASIDONE 20 MG CAPS 1 EACH,42.33,16.932,16.93,38.1,17
,,ZIPRASIDONE 20 MG CAPS 80 EACH BOX,42.33,16.932,16.93,38.1,17
,,ZIPRASIDONE 40 MG CAPS 1 EACH,42.33,16.932,16.93,38.1,17
,,ZIPRASIDONE 40 MG CAPS 80 EACH BOX,42.33,16.932,16.93,38.1,17
,,ZIPRASIDONE 60 MG CAPS 40 EACH BOX,54.39,21.756,7.8,48.95,34
,,ZIPRASIDONE 80 MG CAPS 40 EACH BOX,54.39,21.756,21.76,48.95,17
,,ZOLPIDEM 10 MG TABS 100 EACH BOTTLE,23.13,9.252,9.25,23.13,34
,,ZOLPIDEM 5 MG TABS 1 EACH,10.0,4.0,4.0,9.0,34
,,ZOLPIDEM 5 MG TABS 100 EACH BOTTLE,23.13,9.252,9.25,23.13,34
,,ZOLPIDEM 5 MG TABS 100 EACH BOX,10.0,4.0,4.0,9.0,34
,,ZONISAMIDE 100 MG CAPS 1 EACH,9.04,3.616,3.62,8.14,17
,,ZONISAMIDE 100 MG CAPS 100 EACH BOX,4.52,1.808,1.81,4.07,17
,,ZONISAMIDE 100 MG/5ML SUSP 150 ML BOTTLE,21.61,8.644,8.64,19.45,17
,,ZONISAMIDE 100 MG/5ML SUSP 5 ML ORAL SYRINGE,21.61,8.644,8.64,19.45,17
,,ZONISAMIDE 25 MG CAPS 100 EACH BOTTLE,3.0,1.2,1.2,2.7,34
,,ZONISAMIDE 50 MG CAPS 100 EACH BOTTLE,5.48,2.192,2.19,4.93,34
APR-DRG,001-1,LIVER TRANSPLANT AND/OR INTESTINAL TRANSPLANT,320185.51,128074.204,66489.0,66489.0,1
APR-DRG,001-2,LIVER TRANSPLANT AND/OR INTESTINAL TRANSPLANT,320185.51,128074.204,74886.0,74886.0,1
APR-DRG,001-3,LIVER TRANSPLANT AND/OR INTESTINAL TRANSPLANT,320185.51,128074.204,89351.0,89351.0,1
APR-DRG,001-4,LIVER TRANSPLANT AND/OR INTESTINAL TRANSPLANT,320185.51,128074.204,154551.0,154551.0,1
APR-DRG,002-1,HEART AND/OR LUNG TRANSPLANT,889127.52,355651.008,95112.0,95112.0,1
APR-DRG,002-2,HEART AND/OR LUNG TRANSPLANT,889127.52,355651.008,110948.0,110948.0,1
APR-DRG,002-3,HEART AND/OR LUNG TRANSPLANT,889127.52,355651.008,180704.0,180704.0,1
APR-DRG,002-4,HEART AND/OR LUNG TRANSPLANT,889127.52,355651.008,241766.0,241766.0,1
APR-DRG,006-1,PANCREAS TRANSPLANT,716477.39,286590.956,65487.0,65487.0,1
APR-DRG,006-2,PANCREAS TRANSPLANT,716477.39,286590.956,83312.0,83312.0,1
APR-DRG,006-3,PANCREAS TRANSPLANT,716477.39,286590.956,95970.0,95970.0,1
APR-DRG,006-4,PANCREAS TRANSPLANT,716477.39,286590.956,136487.0,136487.0,1
APR-DRG,007-1,ALLOGENEIC BONE MARROW TRANSPLANT,678059.18,271223.672,65057.0,65057.0,1
APR-DRG,007-2,ALLOGENEIC BONE MARROW TRANSPLANT,678059.18,271223.672,73064.0,73064.0,1
APR-DRG,007-3,ALLOGENEIC BONE MARROW TRANSPLANT,678059.18,271223.672,93407.0,93407.0,1
APR-DRG,007-4,ALLOGENEIC BONE MARROW TRANSPLANT,678059.18,271223.672,158497.0,158497.0,1
APR-DRG,008-1,AUTOLOGOUS BONE MARROW TRANSPLANT,249586.48,99834.592,31752.0,31752.0,1
APR-DRG,008-2,AUTOLOGOUS BONE MARROW TRANSPLANT,249586.48,99834.592,42241.0,42241.0,1
APR-DRG,008-3,AUTOLOGOUS BONE MARROW TRANSPLANT,249586.48,99834.592,50486.0,50486.0,1
APR-DRG,008-4,AUTOLOGOUS BONE MARROW TRANSPLANT,249586.48,99834.592,80178.0,80178.0,1
APR-DRG,163.2,CARDIAC VALVE PRODECURES W/O AMI OR COMP DIAGNOSIS,186021.93,74408.772,28713.26,64604.83,6
APR-DRG,233.1,APPENDECTOMY WITH COMPLEX PRINCIPAL DIAGNOSIS,53625.01,21450.004,6905.47,20025.85,4
APR-DRG,304.2,DORSAL AND LUMBAR FUSION EXCEPT FOR CURVATURE,100208.28,40083.312,22516.92,65299.07,4
APR-DRG,321.2,CERVICAL SPINAL FUSION AND OTH BACK/NECK PROCEDURE,80525.61,32210.244,14330.25,41557.73,4
APR-DRG,324.2,ELECTIVE HIP JOINT REPLACEMENT,78867.86,31547.144,11012.87,31937.32,4
APR-DRG,420.2,DIABETES,21566.5,8626.6,3756.08,10892.63,4
APR-DRG,440-1,KIDNEY TRANSPLANT,212915.51,85166.204,45840.0,45840.0,1
APR-DRG,440-2,KIDNEY TRANSPLANT,212915.51,85166.204,51335.0,51335.0,1
APR-DRG,440-3,KIDNEY TRANSPLANT,212915.51,85166.204,47674.0,47674.0,1
APR-DRG,440-4,KIDNEY TRANSPLANT,212915.51,85166.204,91326.0,91326.0,1
APR-DRG,513.2,UTERINE AND ADNEXA PROCEDURES FOR NON-MALIGNANCY,49762.74,19905.096,7783.61,22572.48,4
APR-DRG,540.1,CESAREAN DELIVERY,29109.3,11643.72,6013.76,17439.92,4
APR-DRG,560.1,VAGINAL DELIVERY,16961.71,6784.684,3553.31,10304.59,4
APR-DRG,566.2,OTHER ANTEPARTUM DIAGNOSES,26606.48,10642.592,3235.95,9384.26,4
APR-DRG,640.1,NORMAL NEWBORN,5315.18,2126.072,732.19,2123.34,4
APR-DRG,662.1,SICKLE CELL ANEMIA CRISIS,26035.32,10414.128,3359.02,9741.15,4
DRG,1,HEART TRANSPLANT OR IMPLANT OF HEART ASSIST SYSTEM WITH MCC,1072597.44,429038.9751,225000.0,308393.0,7
DRG,101,SEIZURES WITHOUT MAJOR COMPLICATIONS,21327.62,8531.048,3252.07,19708.24,24
DRG,14,ALLOGENEIC BONE MARROW TRANSPLANT,807583.2,323033.28,108028.0,338354.0,15
DRG,16,AUTOLOGOUS BONE MARROW TRANSPLANT WITH CC/MCC,227706.36,91082.544,51977.0,260000.0,10
DRG,177,RESPIRATORY INFECTIONS AND INFLAMMATIONS WITH MCC,48138.92,19255.568,12269.54,48138.92,25
DRG,18,CHIMERIC ANTIGEN RECEPTOR (CAR) T-CELL AND OTHER IMMUNOTHERAPIES,2627529.52,1051011.808,140000.0,310910.0,2
DRG,189,PULMONARY EDEMA AND RESPIRATORY FAILURE,50828.17,20331.268,7788.39,40662.54,24
DRG,193,SIMPLE PNEUMONIA AND PLEURISY W MAJOR COMPLICATION,42534.25,17013.7,8995.0,34027.4,25
DRG,2,HEART TRANSPLANT OR IMPLANT OF HEART ASSIST SYSTEM WITHOUT MCC,889127.52,124477.8528,83002.0,308393.0,7
DRG,202,BRONCHITIS AND ASTHMA W MAJOR COMPLICATIONS,36847.01,14738.804,3598.0,29477.61,24
DRG,216,CARDIAC VALVE AND OTHER MAJ CARDIOTHORACIC PROCEDR,241468.37,96587.348,51977.18,217321.53,25
DRG,25,CRANIOTOMY AND ENDOVASCULAR INTRACRANIAL PROCS MCC,132458.59,52983.436,37397.39,119212.73,25
DRG,267,ENDOVASCULAR CARDIAC VALVE REPLACEMENT W/O MCC,101714.34,40685.736,3536.03,93000.59,25
DRG,274,PERCUTANEOUS INTRACARDIAC PROCEDURES W/O MCC,67850.15,27140.06,3643.72,57672.63,25
DRG,286,CIRCULATORY DISORDERS EXCEPT AMI W CARD CATH W MC,71322.76,28529.104,18001.47,64190.48,25
DRG,291,HEART FAILURE AND SHOCK WITH MAJOR COMPLICATION,41764.57,16705.828,10121.02,33411.66,24
DRG,321,PERCUTANEOUS CARDIAC PROCS W INTRALUMINAL DEV W MC,83101.94,33240.776,23804.95,74791.75,26
DRG,322,PERCUTANEOUS CARDIAC PROCS INTRALUMINAL DEV WO MCC,72773.84,29109.536,11919.98,65496.46,26
DRG,330,MAJOR SMALL AND LARGE BOWEL PROCEDURES W CC,83822.9,33529.16,19765.28,75440.61,25
DRG,331,MAJOR SMALL AND LARGE BOWEL PROCEDURES W/O CC/MCC,67816.98,27126.792,4442.5,57644.43,25
DRG,372,MAJ GASTROINTESTINAL DISORDERS & PERITONEAL INFECT,43026.18,17210.472,7196.0,34420.94,24
DRG,378,GASTROINTESTINAL HEMORRHAGE W CC,45498.48,18199.392,8244.11,36398.78,24
DRG,392,ESOPHAGITIS GASTROENT AND MISC DIGEST DISORDERS,29024.64,11609.856,2808.9,25708.7,25
DRG,399,APPENDIX PROCEDURES WITHOUT CC/MCC,39606.35,15842.54,2191.05,31685.08,25
DRG,419,LAPAROSCOPIC CHOLECYSTECTOMY WO C.D.E. WO CC/MCC,50666.67,20266.668,6573.15,40533.34,25
DRG,448,MULTIPLE LEVEL SPINAL FUSION EXCPT CERVICAL WO MCC,117802.74,47121.096,34146.24,106022.47,24
DRG,467,REVISION OF HIP OR KNEE REPLACEMENT W CC,113529.54,45411.816,28641.53,102176.59,25
DRG,470,MAJOR JOINT REPLACE OR REATTACHMENT OF LOWER JOINT,73046.22,29218.488,7577.25,65741.6,26
DRG,472,CERVICAL SPINAL FUSION W CC,77149.77,30859.908,16774.32,69434.79,25
DRG,473,CERVICAL SPINAL FUSION W/O CC/MCC,68481.59,27392.636,11296.55,58209.35,25
DRG,481,HIP & FEMUR PROCEDURES EXCEPT MAJOR JOINT W CC,81257.76,32503.104,17350.3,73131.98,25
DRG,5,LIVER TRANSPLANT WITH MCC OR INTESTINAL TRANSPLANT,453669.95,181467.98,78522.0,268077.0,10
DRG,522,HIP REPLACEMENT W PRINCIPAL DIAGNOSIS HIP FRACTURE,82464.5,32985.8,17627.94,74218.05,25
DRG,552,MEDICAL BACK PROBLEMS W/O MCC,29543.66,11817.464,3463.56,23634.93,24
DRG,6,LIVER TRANSPLANT WITHOUT MCC,227842.98,91137.192,37013.0,268077.0,10
DRG,603,CELLULITIS WITHOUT MAJOR COMPLICATION,29341.69,11736.676,2976.65,23473.35,25
DRG,621,O.R. PROCEDURES FOR OBESITY WITHOUT CC/MCC,40615.7,16246.28,6573.15,32492.56,26
DRG,638,DIABETES WITH COMPLICATIONS,29468.78,11787.512,3229.01,24125.0,24
DRG,64,INTRACRANIAL HEMORRHAGE OR CEREBRAL INFARCTION MCC,66693.28,26677.312,16633.7,66693.28,25
DRG,640,NUTRITIONAL AND MISC METABOLIC DISORDERS WITH MCC,59058.27,23623.308,2123.34,50199.53,26
DRG,641,NUTRITIONAL AND MISC METABOLIC DISORDERS W/O MCC,34626.34,13850.536,5579.66,27701.07,24
DRG,65,INTRACRANIAL HEMORRHAGE OR CEREBRAL INFARCTION CC,41290.81,16516.324,8503.32,33032.65,24
DRG,650,KIDNEY TRANSPLANT WITH HEMODIALYSIS WITH MCC,237168.04,94867.216,35699.0,135801.0,11
DRG,651,KIDNEY TRANSPLANT WITH HEMODIALYSIS WITHOUT MCC,212525.95,85010.38,29625.0,135801.0,11
DRG,652,KIDNEY TRANSPLANT,193717.27,77486.908,23769.0,135801.0,12
DRG,682,RENAL FAILURE WITH MAJOR COMPLICATION,49367.31,19746.924,12558.9,39493.85,24
DRG,683,RENAL FAILURE WITH COMPLICATION,34946.84,13978.736,6123.61,27957.47,24
DRG,690,KIDNEY & URINARY TRACT INFECTIONS WITHOUT MCC,30248.5,12099.4,3065.73,24198.8,25
DRG,698,OTHER KIDNEY & URINARY TRACT DIAGNOSES W MCC,67579.03,27031.612,13760.41,57442.18,25
DRG,699,OTHER KIDNEY & URINARY TRACT DIAGNOSES W CC,53968.99,21587.596,7367.04,43175.19,24
DRG,743,UTERINE AND ADNEXA PROCEDURES FOR NON-MALIGNANCY,47499.89,18999.956,4382.1,37999.91,25
DRG,784,CESAREAN SECTION WITH STERILIZATION W CC,44847.23,17938.892,6071.6,35877.78,25
DRG,785,CESAREAN SECTION WITH STERILIZATION W/O CC/MCC,39586.4,15834.56,5346.0,31669.12,25
DRG,787,CESAREAN SECTION WITHOUT STERILIZATION W CC,46168.39,18467.356,7560.0,36934.71,25
DRG,788,CESAREAN SECTION WITHOUT STERILIZATION W/O CC/MCC,36548.69,14619.476,5346.0,29238.95,25
DRG,795,NORMAL NEWBORN,4746.18,1898.472,0.01,4885.8,24
DRG,8,SIMULTANEOUS PANCREAS AND KIDNEY TRANSPLANT,337529.27,135011.708,41249.0,207648.0,7
DRG,806,VAGINAL DELIVERY WITHOUT STERILIZATION/D&C W CC,23757.4,9502.96,2716.66,19005.92,24
DRG,807,VAGINAL DELIVERY W/O STERILIZATION/D&C W/O CC/MCC,19458.24,7783.296,2429.14,15566.59,24
DRG,812,RED BLOOD CELL DISORDERS WITHOUT MCC,28318.04,11327.216,3308.27,22654.43,25
DRG,847,CHEMOTHERAPY WITHOUT LEUKEMIA DIAGNOSIS WITH CC,53168.91,21267.564,7196.0,42535.13,24
DRG,853,INFECTIOUS & PARASITIC DISEASES W O.R. PROC W MCC,208296.27,83318.508,41820.88,187466.64,25
DRG,871,SEPTICEMIA W/O MECHANICAL VENT 96+ HOURS WITH MCC,78630.07,31452.028,16235.39,70767.06,25
DRG,872,SEPTICEMIA W/O MECHANICAL VENT 96+ HOURS W/O MCC,39392.55,15757.02,7721.96,31514.04,24
DRG,885,PSYCHOSES,18837.71,7535.084,92.85,16116.4,22
DRG,897,ALCOHOL/DRUG ABUSE OR DEPENDENCE W/O REHAB W/O MCC,20000.61,8000.244,2550.0,16000.49,24
HCPCS,0001U,RED BLOOD CELL TYPING,1800.0,720.0,7.88,1800.0,23
HCPCS,0029U,GENE ANALYSIS OF TARGETED SEQUENCES FOR ADVERSE DRUG REACTIONS,550.0,220.0,319.0,1375.0,23
HCPCS,0030U,RX METAB WARFARIN RX RESPONSE TRGT SEQ ALYS,335.0,134.0,134.13,335.33,22
HCPCS,0031U,CYP1A2 GENE ANALYSIS COMMON VARIANTS,437.0,174.8,174.81,437.03,22
HCPCS,0035U,TESTING FOR PRESENCE OF PRION PROTEIN IN CEREBROSPINAL FLUID,657.0,262.8,381.06,1352.48,23
HCPCS,0042T,COMPUTED TOMOGRAPHY (CT) OF BRAIN BLOOD FLOW,2792.0,1116.8,899.0,2512.8,17
HCPCS,0070U,CYP2D6 GENE ANALYSIS COMMON AND SELECT RARE VRNTS,1691.0,676.4,676.37,1691.0,22
HCPCS,0071U,CYP2D6 GENE ANALYSIS FULL GENE SEQUENCE,1500.0,600.0,361.62,1500.0,22
HCPCS,0072U,CYP2D6 GENE TRGT SEQ ALYS CYP2D6-2D7 HYBRID GENE,1127.0,450.8,404.97,1127.28,22
HCPCS,0073U,CYP2D6 GENE TRGT SEQ ALYS CYP2D7-2D6 HYBRID GENE,1127.0,450.8,404.97,1127.28,22
HCPCS,0074U,CYP2D6 TRGT SEQ ALYS NONDUP GENE DUPL/MLT TRANS,1127.0,450.8,55.0,1127.28,22
HCPCS,0075T,INSERTION OF STENTS INTO VERTEBRAL ARTERY VIA CATHETER,6000.0,2400.0,2400.0,5400.0,17
HCPCS,0075U,CYP2D6 GENE TRGT SEQ ALYS 5' GENE DUPL/MLT,1127.0,450.8,404.97,1127.28,22
HCPCS,0076T,INSERTION OF STENTS INTO VERTEBRAL ARTERY VIA CATHETER,3000.0,1200.0,1200.0,2700.0,17
HCPCS,0076U,CYP2D6 GENE TRGT SEQ ALYS 3' GENE DUPL/MLT,1127.0,450.8,450.91,1127.28,22
HCPCS,0077U,IG PARAPROTEIN QUAL IMPRCIPANDMS BLD/UR W/ISOTYPE,231.0,92.4,43.43,207.9,22
HCPCS,0112U,IADI TRGT SEQ ALYS 16SAND18S RRNA GENES,405.0,162.0,77.06,890.33,23
HCPCS,0138U,BRCA1 BRCA2 MRNA SEQ ALYS,1171.0,468.4,468.33,6600.0,23
HCPCS,0152U,CELL-FREE DNA SEQUENCING OF DISEASE-CAUSING ORGANISMS IN PLASMA SPECIMEN,2111.0,844.4,747.75,5277.5,22
HCPCS,0174T,CAD CXR WITH INTERP,450.0,180.0,180.0,7500.0,17
HCPCS,0175T,CAD CXR REMOTE,450.0,180.0,180.0,405.0,17
HCPCS,0200T,INJECTIONS OF ONE SIDE OF SACRUM FOR ENLARGEMENT,4000.0,1600.0,2320.0,16378.38,24
HCPCS,0201T,INJECTIONS OF BOTH SIDES OF SACRUM FOR ENLARGEMENT,14000.0,5600.0,6551.35,16378.38,23
HCPCS,0202U,TEST FOR DETECTION OF RESPIRATORY DISEASE-CAUSING ORGANISMS,1042.0,416.8,396.69,4125.0,23
HCPCS,0232T,HARVEST AND INJECTIONS OF PLATELET RICH PLASMA USING IMAGING GUIDANCE,650.0,260.0,377.0,1008.32,25
HCPCS,0234T,CATHETER REMOVAL OF PLAQUE FROM KIDNEY ARTERY,18000.0,7200.0,10000.0,26056.99,24
HCPCS,0235T,CATHETER REMOVAL OF PLAQUE FROM ORGAN ARTERY,3000.0,1200.0,1200.0,3000.0,17
HCPCS,0236T,OPEN OR PERCUTANEOUS CATHETER REMOVAL OF PLAQUE FROM ABDOMI,18000.0,7200.0,10422.8,26056.99,24
HCPCS,0237T,CATHETER REMOVAL OF PLAQUE FROM UPPER ARM ARTERY,18000.0,7200.0,10422.8,26056.99,24
HCPCS,0238T,CATHETER REMOVAL OF PLAQUE FROM GROIN ARTERY,30000.0,12000.0,5500.0,41377.29,24
HCPCS,0275T,PERC LAMINO-/LAMINECTOMY INDIR IMAG GUIDE LUMBAR,17859.0,7143.6,7143.6,16073.1,17
HCPCS,027U,JAK2 GENE TRGT SEQ ALYS,122.0,48.8,48.8,6000.0,14
HCPCS,0318U,WHL GEN MTHYLTN ALYS 50+,4426.0,1770.4,1770.48,4426.2,23
HCPCS,0361U,NEURFLMNT LT CHN DIG IA QUAN,799.0,319.6,139.48,719.1,15
HCPCS,0394T,HIGH DOSE RATE ELECTRONIC BRACHYTHERAPY,617.0,246.8,246.8,617.0,17
HCPCS,0395T,HIGH DOSE RATE ELECTRONIC BRACHYTHERAPY,1800.0,720.0,628.82,1800.0,24
HCPCS,0408T,INSERTION OR REPLACEMENT OF PULSE GENERATOR AND ELECTRODES OF HEART,54825.0,21930.0,28339.78,70849.45,23
HCPCS,0409T,INSERTION OR REPLACEMENT OF PULSE GENERATOR OF HEART CONTRACTILITY,54825.0,21930.0,20082.86,54825.0,24
HCPCS,0410T,INSERTION OR REPLACEMENT OF ELECTRODES IN UPPER CHAMBER OF HEART,20000.0,8000.0,4125.0,20000.0,24
HCPCS,0411T,INSERTION OR REPLACEMENT OF ELECTRODES IN LOWER CHAMBER OF HEART,20000.0,8000.0,7471.53,20000.0,23
HCPCS,0412T,REMOVAL OF PULSE GENERATOR FOR HEART CONTRACTILITY MODULATOR SYSTEM,6224.0,2489.6,3373.95,8434.89,23
HCPCS,0413T,REMOVAL OF ELECTRODE FOR HEART CONTRACTILITY MODULATOR SYSTEM,6000.0,2400.0,3373.95,8434.89,23
HCPCS,0414T,REPLACEMENT OF PULSE GENERATOR OF HEART CONTRACTILITY MODULATOR SYSTEM,54825.0,21930.0,5500.0,54825.0,24
HCPCS,0415T,REPOSITIONING OF ELECTRODE OF HEART CONTRACTILITY MODULATOR SYSTEM,1300.0,520.0,566.37,1471.14,24
HCPCS,0416T,RELOCATION OF SKIN POCKET FOR PULSE GENERATOR OF HEART CONTRACT,4100.0,1640.0,1862.86,4657.14,24
HCPCS,0417T,PROGRAMMING EVALUATION OF HEART CONTRACTILITY MODULATOR SYSTEM,95.0,38.0,33.7,95.0,24
HCPCS,0418T,INTERROGATION EVALUATION OF HEART CONTRACTILITY MODULATOR SYSTEM,95.0,38.0,33.7,95.0,24
HCPCS,0431U,GLYCINE RECEPTOR ALPHA1 IGG LIVE CELL-BINDING ASSAY IN SERUM OR CEREBRAL,55.0,22.0,31.9,91.43,23
HCPCS,0432U,KLHL11 ANTB SR/CSF ASY QUAL,525.0,210.0,36.57,4125.0,23
HCPCS,0442T,ABLTJ PERC CRYOABLTJ IMG GDN NRV PLEX/TRNCL NRV,12750.0,5100.0,5500.0,19808.43,24
HCPCS,0443U,NEURFLMNT LT CHN ULTRSENS IA,200.0,80.0,100.0,4500.0,23
HCPCS,0481U,NEXT-GENERATION SEQUENCING OF GENES IN CENTRAL NERVOUS SYSTEM TUMORS,674.0,269.6,390.92,5902.0,23
HCPCS,0483T,TMVI W/PROSTHETIC VALVE PERCUTANEOUS APPROACH,18500.0,7400.0,1600.0,16650.0,34
HCPCS,0505T,EV FEMPOP ARTL REVSC,35000.0,14000.0,10422.8,31500.0,24
HCPCS,0620T,ENDOVASCULAR VENOUS ARTERIALIZATION TIBL/PRNL VN,68751.0,27500.4,4950.0,99419.6,24
HCPCS,0627T,PERQ NJX ALGC FLUOR LMBR 1ST,31350.0,12540.0,11591.54,31350.0,24
HCPCS,0690T,QUANTITATIVE US TISS CHARAC IANDR W/DX US SM ANAT,350.0,140.0,140.0,315.0,17
HCPCS,0698T,QUAN MR TISS W/MRI MLT ORGN,250.0,100.0,145.0,2099.94,24
HCPCS,0721T,HC QUAN CT TISS CHARAC IANDR W/O CNCRNT CT EXAM,1460.0,584.0,574.86,1460.0,24
HCPCS,0722T,QUAN CT TISS CHARAC IANDR W/CNCRNT CT EXAM,584.0,233.6,455.52,2974.5,24
HCPCS,0780T,INTRADERMAL CANCER IMMNTX PREP AND 1ST INJECTION,325.0,130.0,120.12,900.0,24
HCPCS,0795T,TCAT INSJ PERM DUAL CHAMBER LDLS PM COMPL SYS,47678.0,19071.2,1014.0,47678.0,24
HCPCS,0823T,TCAT INS 1CHMBR LDLS PM RA,46413.0,18565.2,485.78,46413.0,24
HCPCS,0824T,TCAT RMV 1CHMBR LDLS PM RA,7593.0,3037.2,2850.77,7593.0,24
HCPCS,0825T,TCAT RMVANDRPL1CHMB LDLS PM RA,46413.0,18565.2,45.33,46413.0,24
HCPCS,0826T,PRGRMG EVL LDLS PM 1CHMBR IP,90.0,36.0,33.7,90.0,24
HCPCS,0861T,RMVL PG WCS LV BOTH COMPNT,9354.0,3741.6,165.0,9354.0,24
HCPCS,0862T,RLCJ PG WCS LV BATTERY ONLY,4344.0,1737.6,453.0,4657.14,24
HCPCS,0863T,RLCJ PG WCS LV TRNSMTR ONLY,4344.0,1737.6,171.75,4657.14,24
HCPCS,0913T,PRQ TCAT THER RX NTRAC BALO1,14254.0,5701.6,111.75,26056.99,24
HCPCS,0915T,INSJ PERM CCM-D SYS PGANDELTRD,80154.0,32061.6,967.0,78785.91,25
HCPCS,0916T,INSJ PERM CCM-D SYS PG ONLY,56115.0,22446.0,975.0,55831.28,25
HCPCS,0917T,INSJ PERM CCM-D SYS 1 LEAD,20690.0,8276.0,30.0,20690.0,25
HCPCS,0918T,INSJ PERM CCM-D SYS DUAL LD,20690.0,8276.0,663.0,20690.0,25
HCPCS,0919T,RMVL PERM CCM-D SYS PG ONLY,9098.0,3639.2,859.5,9098.0,25
HCPCS,0920T,RMVL PERM CCM-D SYS 1 PAC LD,9098.0,3639.2,155.25,9098.0,25
HCPCS,0921T,RMVL PERM CCM-D SYS 1 DFB LD,9098.0,3639.2,128.72,9098.0,25
HCPCS,0922T,RMVL PERM CCM-D SYS DUAL LD,9098.0,3639.2,1197.0,9098.0,25
HCPCS,0923T,RMVLANDRPLCMT PERM CCM-D PG,56115.0,22446.0,20082.86,55831.28,25
HCPCS,0924T,RPOS PRV CCM-D TRNSVNS ELTRD,1546.0,618.4,566.37,1546.0,25
HCPCS,0925T,RLCJ SKIN POCKET CCM-D PG,4753.0,1901.2,1862.86,4753.0,25
HCPCS,0926T,PRGRMG DEV EVAL CCM-D IP,93.0,37.2,33.7,93.0,25
HCPCS,0927T,INTERROG DEV EVAL CCM-D IP,93.0,37.2,33.7,93.0,25
HCPCS,0929T,REM INTERROG DEV CCM-D TECH,93.0,37.2,33.7,93.0,25
HCPCS,10004,FINE NEEDLE ASPIRATION BIOPSY,683.0,273.2,273.2,731.25,17
HCPCS,10005,FINE NEEDLE ASPIRATION BIOPSY USING ULTRASOUND GUIDANCE,1500.0,600.0,552.24,1598.36,31
HCPCS,10006,FINE NEEDLE ASPIRATION BIOPSY USING ULTRASOUND GUIDANCE,1448.0,579.2,155.25,1303.2,17
HCPCS,10007,FINE NEEDLE ASPIRATION BIOPSY USING FLUOROSCOPIC GUIDANCE,1500.0,600.0,552.24,1598.36,31
HCPCS,10008,FNA BX W/FLUOR GDN EA ADDL,980.0,392.0,242.42,882.0,17
HCPCS,10009,FNA BX W/CT GDN 1ST LES,1500.0,600.0,552.24,1598.36,31
HCPCS,10010,FINE NEEDLE ASPIRATION BIOPSY OF GROWTH USING CT GUIDANCE,1448.0,579.2,155.25,1303.2,17
HCPCS,10011,FINE NEEDLE ASPIRATION BIOPSY OF GROWTH USING MRI GUIDANCE,1500.0,600.0,242.42,1598.36,25
HCPCS,10012,FNA BX W/MR GDN EA ADDL,1448.0,579.2,579.2,1448.0,17
HCPCS,10021,FINE NEEDLE ASPIRATION BIOPSY,883.0,353.2,242.42,917.57,31
HCPCS,10021,FNA W/O IMAGE,883.0,353.2,9.0,917.57,31
HCPCS,10030,DRAINAGE OF FLUID COLLECTION IN SOFT TISSUE USING IMAGING GUIDANCE,1500.0,600.0,242.42,1598.36,31
HCPCS,10035,PLACEMENT OF SOFT TISSUE LOCATING DEVICE USING X-RAY,1500.0,600.0,242.42,1598.36,31
HCPCS,10036,PLACEMENT OF SOFT TISSUE LOCATING DEVICE USING X-RAY,1400.0,560.0,560.0,1260.0,17
HCPCS,10060,SIMPLE OR SINGLE DRAINAGE OF SKIN ABSCESS,459.0,183.6,155.96,747.75,31
HCPCS,10061,COMPLICATED OR MULTIPLE DRAINAGE OF SKIN ABSCESS,883.0,353.2,313.59,917.57,31
HCPCS,10080,SIMPLE DRAINAGE OF CYST OF TAILBONE,1500.0,600.0,552.24,1598.36,31
HCPCS,10081,COMPLICATED DRAINAGE OF CYST OF TAILBONE,1500.0,600.0,242.42,1598.36,31
HCPCS,10120,REMOVAL OF FOREIGN BODY FROM TISSUE,883.0,353.2,313.59,917.57,31
HCPCS,10121,REMOVAL OF FOREIGN BODY FROM TISSUE,3500.0,1400.0,603.0,3727.91,31
HCPCS,10140,DRAINAGE OF BLOOD OR FLUID ACCUMULATION,3500.0,1400.0,485.78,3727.91,31
HCPCS,10160,ASPIRATION OF ABSCESS,883.0,353.2,313.59,917.57,31
HCPCS,10180,COMPLEX DRAINAGE OF WOUND INFECTION AFTER SURGERY,6000.0,2400.0,2246.41,6556.38,31
HCPCS,11000,11000 REMOVAL OF INFLAMED OR INFECTED SKIN,1300.0,520.0,367.03,1300.0,31
HCPCS,11001,11001 REMOVAL OF INFLAMED OR INFECTED SKIN,153.0,61.2,61.2,168.0,17
HCPCS,11010,11010 REMOVAL OF FOREIGN MATERIAL FROM SKIN AND TISSUE AT OPEN BROKEN,1500.0,600.0,552.24,1598.36,31
HCPCS,11011,11011 REMOVAL OF FOREIGN MATERIAL FROM SKIN,1589.0,635.6,552.24,1598.36,31
HCPCS,11012,11012 REMOVAL OF FOREIGN MATERIAL FROM SKIN,6000.0,2400.0,731.25,6556.38,31
HCPCS,11042,11042 REMOVAL OF SKIN AND TISSUE,883.0,353.2,313.59,917.57,31
HCPCS,11043,11043 REMOVAL OF MUSCLE AND/OR TISSUE,1300.0,520.0,480.45,1668.2,31
HCPCS,11044,11044 REMOVAL OF BONE,3500.0,1400.0,731.25,3727.91,31
HCPCS,11045,11045 REMOVAL OF SKIN AND TISSUE,219.0,87.6,87.6,242.42,17
HCPCS,11046,11046 REMOVAL OF MUSCLE AND/OR TISSUE,190.0,76.0,76.0,975.0,17
HCPCS,11047,11047 REMOVAL OF BONE,1150.0,460.0,460.0,1035.0,17
HCPCS,11055,11055 REMOVAL OF NONCANCER THICKENED SKIN GROWTH,400.0,160.0,155.96,452.86,31
HCPCS,11056,11056 REMOVAL OF NONCANCER THICKENED SKIN GROWTH,459.0,183.6,155.96,459.0,31
HCPCS,11057,11057 REMOVAL OF NONCANCER THICKENED SKIN GROWTH,400.0,160.0,155.96,747.75,31
HCPCS,11102,11102 BIOPSY OF RELATED SKIN GROWTH,459.0,183.6,155.96,917.57,31
HCPCS,11103,11103 BIOPSY OF RELATED SKIN GROWTH,221.0,88.4,88.4,747.75,17
HCPCS,11104,11104 PUNCH BIOPSY,882.0,352.8,313.59,917.57,31
HCPCS,11105,11105 PUNCH BIOPSY,222.0,88.8,88.8,242.42,17
HCPCS,11106,11106 INCISION BIOPSY,1300.0,520.0,480.45,1668.2,31
HCPCS,11107,11107 INCISION BIOPSY,300.0,120.0,120.0,747.75,17
HCPCS,11200,11200 REMOVAL OF SKIN TAG,459.0,183.6,155.96,459.0,31
HCPCS,11201,11201 REMOVAL OF SKIN TAG,190.0,76.0,76.0,747.75,17
HCPCS,11301,11301 SHAVING OF SKIN GROWTH OF BODY,459.0,183.6,128.72,459.0,31
HCPCS,11305,11305 SHAVING OF SKIN GROWTH OF SCALP,459.0,183.6,128.72,459.0,31
HCPCS,11306,11306 SHAVING OF SKIN GROWTH OF SCALP,459.0,183.6,155.96,499.55,31
HCPCS,11307,11307 SHAVING OF SKIN GROWTH OF SCALP,400.0,160.0,155.96,452.86,31
HCPCS,11308,11308 SHAVING OF SKIN GROWTH OF SCALP,850.0,340.0,313.59,917.57,31
HCPCS,11310,11310 SHAVING OF SKIN GROWTH OF FACE,400.0,160.0,155.96,452.86,31
HCPCS,11400,11400 REMOVAL OF NONCANCER SKIN GROWTH OF BODY,1500.0,600.0,552.24,1598.36,31
HCPCS,11401,11401 REMOVAL OF NONCANCER SKIN GROWTH OF BODY,883.0,353.2,313.59,917.57,31
HCPCS,11402,11402 REMOVAL OF NONCANCER SKIN GROWTH OF BODY,1500.0,600.0,552.24,1598.36,31
HCPCS,11403,11403 REMOVAL OF NONCANCER SKIN GROWTH OF BODY,1500.0,600.0,552.24,1598.36,31
HCPCS,11404,11404 REMOVAL OF NONCANCER SKIN GROWTH OF BODY,3500.0,1400.0,1271.72,3727.91,31
HCPCS,11406,11406 REMOVAL OF NONCANCER SKIN GROWTH OF BODY,3500.0,1400.0,1271.72,3727.91,31
HCPCS,11420,11420 REMOVAL OF NONCANCER SKIN GROWTH OF SCALP,3500.0,1400.0,1271.72,3727.91,31
HCPCS,11421,11421 REMOVAL OF NONCANCER SKIN GROWTH OF SCALP,1500.0,600.0,552.24,1598.36,31
HCPCS,11422,11422 REMOVAL OF NONCANCER SKIN GROWTH OF SCALP,3500.0,1400.0,1271.72,3727.91,31
HCPCS,11423,11423 REMOVAL OF NONCANCER SKIN GROWTH OF SCALP,3500.0,1400.0,1271.72,3727.91,31
HCPCS,11424,11424 REMOVAL OF NONCANCER SKIN GROWTH OF SCALP,3500.0,1400.0,1271.72,3727.91,31
HCPCS,11426,11426 REMOVAL OF NONCANCER SKIN GROWTH OF SCALP,5800.0,2320.0,2246.41,6556.38,31
HCPCS,11440,11440 REMOVAL OF NONCANCER SKIN GROWTH OF FACE,1500.0,600.0,552.24,1598.36,31
HCPCS,11441,11441 REMOVAL OF NONCANCER SKIN GROWTH OF FACE,1500.0,600.0,552.24,1598.36,31
HCPCS,11442,11442 REMOVAL OF NONCANCER SKIN GROWTH OF FACE,1500.0,600.0,552.24,1598.36,31
HCPCS,11443,11443 REMOVAL OF NONCANCER SKIN GROWTH OF FACE,3500.0,1400.0,1271.72,3727.91,31
HCPCS,11444,EXC B9 LES MRGN XCP SK TG F/E/E/N/L/M 3.1-4.0CM,3500.0,1400.0,1271.72,3727.91,31
HCPCS,11450,11450 REMOVAL OF SKIN AND TISSUE OF UNDERARMS FOR INFLAMED SWEAT GLANDS,6000.0,2400.0,2246.41,6556.38,31
HCPCS,11451,11451 REMOVAL OF SKIN AND TISSUE OF UNDERARMS FOR INFLAMED SWEAT GLANDS,5800.0,2320.0,2246.41,6556.38,31
HCPCS,11462,11462 REMOVAL OF SKIN AND TISSUE OF GROIN FOR INFLAMED SWEAT,6000.0,2400.0,2246.41,6556.38,31
HCPCS,11462,REMOVAL SWEAT GLAND LESION,5800.0,2320.0,2246.41,6556.38,31
HCPCS,11470,11470 REMOVAL OF SKIN AND TISSUE OF ANUS OR NAVEL FOR INFLAMED SWEAT,6000.0,2400.0,2246.41,6556.38,31
HCPCS,11471,11471 REMOVAL OF SKIN AND TISSUE OF ANUS OR NAVEL FOR INFLAMED SWEAT,5800.0,2320.0,2246.41,6556.38,31
HCPCS,11600,11600 REMOVAL OF CANCER SKIN GROWTH OF BODY,1500.0,600.0,552.24,1598.36,31
HCPCS,11601,11601 REMOVAL OF CANCER SKIN GROWTH OF BODY,1500.0,600.0,552.24,1598.36,31
HCPCS,11602,11602 REMOVAL OF CANCER SKIN GROWTH OF BODY,850.0,340.0,313.59,917.57,31
HCPCS,11606,11606 REMOVAL OF CANCER SKIN GROWTH OF BODY,3500.0,1400.0,1271.72,3727.91,31
HCPCS,11622,EXC S/N/H/F/G MAL+MRG 1.1-2,1589.0,635.6,552.24,1598.36,31
HCPCS,11641,11641 REMOVAL OF CANCER SKIN GROWTH OF FACE,1500.0,600.0,552.24,1598.36,31
HCPCS,11719,11719 TRIMMING OF FINGERNAILS OR TOENAILS,125.0,50.0,46.62,133.15,31
HCPCS,11720,11720 REMOVAL OF FINGERNAILS OR TOENAILS,125.0,50.0,46.62,133.15,31
HCPCS,11721,11721 REMOVAL OF FINGERNAILS OR TOENAILS,125.0,50.0,46.62,133.15,31
HCPCS,11730,11730 SIMPLE SEPARATION OF FINGERNAIL OR TOENAIL FROM NAIL BED,459.0,183.6,155.96,459.0,31
HCPCS,11732,11732 SIMPLE SEPARATION OF FINGERNAIL OR TOENAIL FROM NAIL BED,125.0,50.0,50.0,125.0,17
HCPCS,11740,11740 REMOVAL OF BLOOD ACCUMULATION UNDER FINGERNAIL OR TOENAIL,250.0,100.0,101.18,300.31,31
HCPCS,11750,11750 PERMANENT REMOVAL FINGERNAIL OR TOENAIL,883.0,353.2,313.59,917.57,31
HCPCS,11760,11760 REPAIR OF FINGERNAIL OR TOENAIL BED,1300.0,520.0,480.45,1668.2,31
HCPCS,11762,RECONSTRUCTION NAIL BED W/GRAFT,4373.0,1749.2,1435.76,4657.14,31
HCPCS,11765,11765 REMOVAL OF SKIN OF FINGERNAIL OR TOENAIL,883.0,353.2,313.59,917.57,31
HCPCS,11770,11770 SIMPLE REMOVAL OF CYST OF TAILBONE,5800.0,2320.0,2246.41,6556.38,31
HCPCS,11900,11900 INJECTION INTO SKIN GROWTH,459.0,183.6,155.96,459.0,31
HCPCS,11901,11901 INJECTION INTO SKIN GROWTH,459.0,183.6,155.96,459.0,31
HCPCS,11950,11950 INJECTION OF FILLING MATERIAL UNDER SKIN,400.0,160.0,181.14,452.86,25
HCPCS,11951,11951 INJECTION OF FILLING MATERIAL UNDER SKIN,1300.0,520.0,667.28,1668.2,25
HCPCS,11952,11952 INJECTION OF FILLING MATERIAL UNDER SKIN,1300.0,520.0,667.28,1668.2,25
HCPCS,11976,11976 REMOVAL OF IMPLANTABLE CONTRACEPTIVE CAPSULES,1500.0,600.0,639.34,1598.36,25
HCPCS,11981,11981 INSERTION OF DRUG DELIVERY IMPLANT INTO TISSUE,250.0,100.0,101.18,300.31,31
HCPCS,11982,11982 REMOVAL OF DRUG DELIVERY IMPLANT FROM TISSUE,693.0,277.2,313.2,1008.32,31
HCPCS,11983,11983 REMOVAL WITH REINSERTION OF DRUG DELIVERY IMPLANT INTO TISSUE,693.0,277.2,313.2,1008.32,31
HCPCS,12001,12001 SIMPLE REPAIR OF SURFACE WOUND OF SCALP,459.0,183.6,155.96,459.0,31
HCPCS,12002,12002 SIMPLE REPAIR OF SURFACE WOUND OF SCALP,459.0,183.6,155.96,459.0,31
HCPCS,12004,12004 SIMPLE REPAIR OF SURFACE WOUND OF SCALP,459.0,183.6,155.96,459.0,31
HCPCS,12005,12005 SIMPLE REPAIR OF SURFACE WOUND OF SCALP,883.0,353.2,313.59,917.57,31
HCPCS,12006,12006 SIMPLE REPAIR OF SURFACE WOUND OF SCALP,883.0,353.2,313.59,917.57,31
HCPCS,12007,12007 SIMPLE REPAIR OF SURFACE WOUND TO SCALP,459.0,183.6,155.96,459.0,31
HCPCS,12011,12011 SIMPLE REPAIR OF SURFACE WOUND OF FACE,459.0,183.6,155.96,459.0,31
HCPCS,12013,12013 SIMPLE REPAIR OF SURFACE WOUND OF FACE,459.0,183.6,155.96,459.0,31
HCPCS,12014,12014 SIMPLE REPAIR OF SURFACE WOUND OF FACE,459.0,183.6,155.96,459.0,31
HCPCS,12015,12015 SIMPLE REPAIR OF SURFACE WOUND OF FACE,459.0,183.6,155.96,459.0,31
HCPCS,12016,12016 SIMPLE REPAIR OF SURFACE WOUND OF FACE,883.0,353.2,313.59,917.57,31
HCPCS,12017,12017 SIMPLE REPAIR OF SURFACE WOUND OF FACE,850.0,340.0,313.59,917.57,31
HCPCS,12018,12018 SIMPLE REPAIR OF SURFACE WOUND OF FACE,459.0,183.6,155.96,459.0,31
HCPCS,12020,12020 SIMPLE CLOSURE OF SURFACE WOUND REOPENING,1300.0,520.0,480.45,1668.2,31
HCPCS,12021,12021 REPAIR OF SEPARATION OF WOUND CLOSURE WITH INSERTION OF PACKING,850.0,340.0,313.59,917.57,31
HCPCS,12031,12031 INTERMEDIATE REPAIR OF WOUND OF SCALP,883.0,353.2,313.59,917.57,31
HCPCS,12032,12032 INTERMEDIATE REPAIR OF WOUND OF SCALP,883.0,353.2,313.59,917.57,31
HCPCS,12034,12034 INTERMEDIATE REPAIR OF WOUND OF SCALP,883.0,353.2,313.59,917.57,31
HCPCS,12035,12035 INTERMEDIATE REPAIR OF WOUND OF SCALP,883.0,353.2,313.59,917.57,31
HCPCS,12036,12036 INTERMEDIATE REPAIR OF WOUND OF SCALP,1300.0,520.0,480.45,1668.2,31
HCPCS,12037,12037 INTERMEDIATE REPAIR OF WOUND OF SCALP,4300.0,1720.0,1435.76,4657.14,31
HCPCS,12041,12041 INTERMEDIATE REPAIR OF WOUND OF NECK,883.0,353.2,313.59,917.57,31
HCPCS,12042,12042 INTERMEDIATE REPAIR OF WOUND OF NECK,883.0,353.2,313.59,917.57,31
HCPCS,12044,12044 INTERMEDIATE REPAIR OF WOUND OF NECK,1300.0,520.0,480.45,1668.2,31
HCPCS,12045,12045 INTERMEDIATE REPAIR OF WOUND OF NECK,1300.0,520.0,480.45,1668.2,31
HCPCS,12046,12046 INTERMEDIATE REPAIR OF WOUND OF NECK,1300.0,520.0,480.45,1668.2,31
HCPCS,12047,12047 INTERMEDIATE REPAIR OF WOUND OF NECK,4100.0,1640.0,1435.76,4657.14,31
HCPCS,12051,12051 INTERMEDIATE REPAIR OF WOUND OF FACE,883.0,353.2,313.59,917.57,31
HCPCS,12052,12052 INTERMEDIATE REPAIR OF WOUND OF FACE,883.0,353.2,313.59,917.57,31
HCPCS,12053,12053 INTERMEDIATE REPAIR OF WOUND OF FACE,883.0,353.2,313.59,917.57,31
HCPCS,12054,12054 INTERMEDIATE REPAIR OF WOUND OF FACE,883.0,353.2,313.59,917.57,31
HCPCS,12055,12055 INTERMEDIATE REPAIR OF WOUND OF FACE,883.0,353.2,313.59,917.57,31
HCPCS,12056,12056 INTERMEDIATE REPAIR OF WOUND OF FACE,883.0,353.2,313.59,917.57,31
HCPCS,12057,12057 INTERMEDIATE REPAIR OF WOUND OF FACE,850.0,340.0,313.59,917.57,31
HCPCS,13100,13100 COMPLICATED REPAIR OF WOUND OF TRUNK,1300.0,520.0,480.45,1668.2,31
HCPCS,13101,13101 COMPLICATED REPAIR OF WOUND OF TRUNK,1300.0,520.0,480.45,1668.2,31
HCPCS,13102,13102 COMPLICATED REPAIR OF WOUND OF TRUNK,500.0,200.0,200.0,450.0,17
HCPCS,13120,13120 COMPLICATED REPAIR OF WOUND OF SCALP,1300.0,520.0,367.03,1300.0,31
HCPCS,13121,13121 COMPLICATED REPAIR OF WOUND OF SCALP,1300.0,520.0,367.03,1300.0,31
HCPCS,13122,13122 COMPLICATED REPAIR OF WOUND OF SCALP,457.0,182.8,182.8,411.3,17
HCPCS,13131,13131 COMPLICATED REPAIR OF WOUND OF FOREHEAD,883.0,353.2,313.59,917.57,31
HCPCS,13132,13132 COMPLICATED REPAIR OF WOUND OF FOREHEAD,1300.0,520.0,367.03,1300.0,31
HCPCS,13133,13133 COMPLICATED REPAIR OF WOUND OF FOREHEAD,475.0,190.0,190.0,427.5,17
HCPCS,13151,13151 COMPLICATED REPAIR OF WOUND OF EYELIDS,1300.0,520.0,480.45,1668.2,31
HCPCS,13152,13152 COMPLICATED REPAIR OF WOUND OF EYELIDS,1300.0,520.0,480.45,1668.2,31
HCPCS,13153,13153 COMPLICATED REPAIR OF WOUND OF EYELIDS,475.0,190.0,190.0,427.5,17
HCPCS,13160,13160 EXTENSIVE OR COMPLICATED REPAIR OF SURFACE WOUND REOPENING,4100.0,1640.0,1435.76,7998.73,31
HCPCS,14040,14040 REPAIR OF WOUND OF FOREHEAD,4100.0,1640.0,1435.76,4657.14,31
HCPCS,14041,14041 REPAIR OF WOUND OF FOREHEAD,4100.0,1640.0,1435.76,4657.14,31
HCPCS,14301,14301 REPAIR OF WOUND BY TRANSFERRING SKIN,7000.0,2800.0,2873.48,7998.73,31
HCPCS,14302,14302 REPAIR OF WOUND BY TRANSFERRING SKIN,3000.0,1200.0,1200.0,2700.0,17
HCPCS,15002,WOUND PREP TRK/ARM/LEG,4344.0,1737.6,667.28,4344.0,31
HCPCS,15004,PREP SITE F/S/N/H/F/G/M/D GT 1ST 100 SQ CM/1PCT,1452.0,580.8,367.03,1452.0,31
HCPCS,15110,OUTER LAYER SELF SKIN GRAFT OF TRUNK,4100.0,1640.0,1435.76,4657.14,31
HCPCS,15111,OUTER LAYER SELF SKIN GRAFT TO TRUNK,570.0,228.0,228.0,513.0,17
HCPCS,15115,OUTER LAYER SELF SKIN GRAFT OF FACE,4100.0,1640.0,1435.76,4657.14,31
HCPCS,15116,OUTER LAYER SELF SKIN GRAFT OF FACE,1500.0,600.0,600.0,1350.0,17
HCPCS,15260,FULL THICKNESS SKIN GRAFT TO NOSE,4100.0,1640.0,1435.76,4657.14,31
HCPCS,15261,FULL THICKNESS SKIN GRAFT TO NOSE,1000.0,400.0,400.0,900.0,17
HCPCS,15271,APPLICATION OF SKIN SUBSTITUTE GRAFT TO WOUND OF TRUNK,4300.0,1720.0,667.28,4300.0,31
HCPCS,15272,APPLICATION OF SKIN SUBSTITUTE GRAFT TO WOUND OF TRUNK,200.0,80.0,80.0,180.0,17
HCPCS,15273,SKIN SUBSTITUTE GRAFT TO WOUND 100.0 SQ CM OR MORE OF TRUNK,7000.0,2800.0,1862.86,7000.0,31
HCPCS,15274,SKIN SUBSTITUTE GRAFT TO WOUND 100.0 SQ CM OR MORE OF TRUNK,200.0,80.0,80.0,180.0,17
HCPCS,15275,APPLICATION OF SKIN SUBSTITUTE GRAFT TO WOUND OF FACE,4300.0,1720.0,667.28,4300.0,31
HCPCS,15276,APPLICATION OF SKIN SUBSTITUTE GRAFT TO WOUND OF FACE,200.0,80.0,80.0,180.0,17
HCPCS,15277,SKIN SUBSTITUTE GRAFT TO WOUND 100.0 SQ CM OR MORE OF FACE,3379.0,1351.6,1435.76,4657.14,31
HCPCS,15278,SKIN SUBSTITUTE GRAFT TO WOUND 100.0 SQ CM OR MORE OF FACE,200.0,80.0,80.0,180.0,17
HCPCS,15760,GRAFT WITH CLOSURE OF WOUND,4300.0,1720.0,1435.76,4657.14,31
HCPCS,15769,SELF SOFT TISSUE GRAFT,7000.0,2800.0,2873.48,7998.73,31
HCPCS,15771,GRAFT USING PATIENT'S FAT REMOVED BY LIPOSUCTION AND INSERTED INTO TRUNK,7000.0,2800.0,2873.48,7998.73,31
HCPCS,15772,GRAFT USING PATIENT'S FAT REMOVED BY LIPOSUCTION AND INSERTED INTO TRUNK,3000.0,1200.0,1200.0,2700.0,17
HCPCS,15773,GRAFT USING PATIENT'S FAT REMOVED BY LIPOSUCTION AND INSERTED INTO FACE,4100.0,1640.0,1435.76,4657.14,31
HCPCS,15774,GRAFT USING PATIENT'S FAT REMOVED BY LIPOSUCTION AND INSERTED INTO FACE,2000.0,800.0,800.0,1970.0,17
HCPCS,15778,IMPL ABSRB MESH/PRSTH DLYD CLSR DFCT INFCTJ/TRMA,2500.0,1000.0,1000.0,2500.0,17
HCPCS,15851,REMOVE SUTURES DIFF SURGEON,4100.0,1640.0,1435.76,4657.14,31
HCPCS,15853,REMOVAL SUTURES/STAPLES NOT REQUIRING ANESTHESIA,250.0,100.0,100.0,250.0,17
HCPCS,15854,REMOVAL SUTURESANDSTAPLES NOT REQUIRING ANESTHESIA,250.0,100.0,100.0,250.0,17
HCPCS,16000,16000 FIRST DEGREE BURN TREATMENT,459.0,183.6,155.96,459.0,31
HCPCS,16020,16020 DRESSING CHANGE OR REMOVAL OF BURN TISSUE,459.0,183.6,155.96,459.0,31
HCPCS,16025,16025 DRESSING CHANGE OR REMOVAL OF BURN TISSUE,459.0,183.6,155.96,459.0,31
HCPCS,16030,16030 DRESSING CHANGE OR REMOVAL OF BURN TISSUE,850.0,340.0,313.59,917.57,31
HCPCS,16035,16035 INITIAL INCISION OF DEAD BURN TISSUE,850.0,340.0,313.59,917.57,31
HCPCS,16036,16036 ADDITIONAL INCISION OF BURN TISSUE,100.0,40.0,40.0,90.0,17
HCPCS,17000,17000 DESTRUCTION OF PRECANCER SKIN GROWTH,459.0,183.6,155.96,459.0,31
HCPCS,17003,DESTRUCTION OF PRECANCER SKIN GROWTH,225.0,90.0,90.0,202.5,17
HCPCS,17004,17004 DESTRUCTION OF PRECANCER SKIN GROWTH,883.0,353.2,313.59,917.57,31
HCPCS,17106,17106 DESTRUCTION OF BIRTHMARK,850.0,340.0,313.59,917.57,31
HCPCS,17107,17107 DESTRUCTION OF BIRTHMARK,1300.0,520.0,480.45,1668.2,31
HCPCS,17108,17108 DESTRUCTION OF BIRTHMARK,4100.0,1640.0,1435.76,4657.14,31
HCPCS,17110,17110 DESTRUCTION OF SKIN GROWTH,459.0,183.6,155.96,459.0,31
HCPCS,17111,17111 DESTRUCTION OF SKIN GROWTH,459.0,183.6,155.96,459.0,31
HCPCS,17250,17250 APPLICATION OF CHEMICAL TO STOP TISSUE REGROWTH IN WOUND,459.0,183.6,155.96,459.0,31
HCPCS,17999,17999 OTHER PROCEDURE ON SKIN,459.0,183.6,155.96,459.0,31
HCPCS,19000,19000 ASPIRATION OF CYST OF BREAST,1500.0,600.0,552.24,1598.36,31
HCPCS,19001,PUNCTURE ASPIRATION BREAST EACH ADDITIONAL CYST,500.0,200.0,200.0,450.0,17
HCPCS,19020,19020 DRAINAGE OF ABSCESS OF BREAST,3500.0,1400.0,1271.72,3727.91,31
HCPCS,19030,19030 INJECTION FOR X-RAY IMAGING OF BREAST DUCT,388.0,155.2,155.2,349.2,17
HCPCS,19081,19081 BIOPSY OF BREAST AND PLACEMENT OF LOCATING DEVICE USING X-RAY WITH NEEDLE,3500.0,1400.0,1271.72,3727.91,31
HCPCS,19082,19082 BIOPSY OF BREAST AND PLACEMENT OF LOCATING DEVICE USING X-RAY WITH NEEDLE,2707.0,1082.8,1082.8,2436.3,17
HCPCS,19083,19083 BIOPSY OF BREAST AND PLACEMENT OF LOCATING DEVICE USING ULTRASOUND,3500.0,1400.0,1271.72,3727.91,31
HCPCS,19084,19084 BIOPSY OF BREAST AND PLACEMENT OF LOCATING DEVICE USING ULTRASOUND,2707.0,1082.8,1082.8,2436.3,17
HCPCS,19085,19085 BIOPSY OF BREAST AND PLACEMENT OF LOCATING DEVICE USING MRI,3500.0,1400.0,1271.72,3727.91,31
HCPCS,19086,19086 BIOPSY OF BREAST AND PLACEMENT OF LOCATING DEVICE USING MRI,2500.0,1000.0,1000.0,2250.0,17
HCPCS,19100,19100 NEEDLE BIOPSY OF BREAST,3500.0,1400.0,1271.72,3727.91,31
HCPCS,19101,19101 BIOPSY OF BREAST THROUGH INCISION,7574.0,3029.6,3005.59,8837.73,31
HCPCS,19120,REMOVAL OF BREAST LESION,9079.0,3631.6,3005.59,9079.0,31
HCPCS,19281,19281 PLACEMENT OF LOCATING DEVICE IN BREAST USING IMAGING GUIDANCE,1500.0,600.0,870.0,3727.91,31
HCPCS,19282,19282 PLACEMENT OF LOCATING DEVICE IN BREAST USING IMAGING GUIDANCE,828.0,331.2,331.2,745.2,17
HCPCS,19283,19283 PLACEMENT OF LOCATING DEVICE IN BREAST USING X-RAY WITH NEEDLE GUIDANCE,1500.0,600.0,552.24,1598.36,31
HCPCS,19284,19284 PLACEMENT OF LOCATING DEVICE IN BREAST USING X-RAY WITH NEEDLE GUIDANCE,800.0,320.0,320.0,720.0,17
HCPCS,19285,19285 PLACEMENT OF LOCATING DEVICE IN BREAST USING ULTRASOUND GUIDANCE,1500.0,600.0,552.24,1598.36,31
HCPCS,19286,19286 PLACEMENT OF LOCATING DEVICE IN BREAST USING ULTRASOUND GUIDANCE,828.0,331.2,331.2,745.2,17
HCPCS,19287,19287 PLACEMENT OF LOCATING DEVICE IN BREAST USING MRI GUIDANCE,1500.0,600.0,552.24,1598.36,31
HCPCS,19288,19288 PLACEMENT OF LOCATING DEVICE IN BREAST USING MRI GUIDANCE,800.0,320.0,320.0,800.0,17
HCPCS,19499,19499 OTHER PROCEDURE ON BREAST,4747.0,1898.8,2753.26,8837.73,31
HCPCS,20100,20100 EXPLORATION OF WOUND OF NECK,1000.0,400.0,399.71,1217.35,31
HCPCS,20101,20101 EXPLORATION OF WOUND OF CHEST,4100.0,1640.0,1435.76,4657.14,31
HCPCS,20102,20102 EXPLORATION OF WOUND OF ABDOMEN,4100.0,1640.0,1435.76,4657.14,31
HCPCS,20103,20103 EXPLORATION OF WOUND OF ARM OR LEG,1500.0,600.0,870.0,3727.91,31
HCPCS,20205,20205 DEEP BIOPSY OF MUSCLE,5800.0,2320.0,2246.41,6556.38,31
HCPCS,20206,20206 NEEDLE BIOPSY OF MUSCLE,3500.0,1400.0,1271.72,3727.91,31
HCPCS,20220,20220 BIOPSY OF BONE USING NEEDLE OR TROCAR,3500.0,1400.0,1271.72,3727.91,31
HCPCS,20225,20225 DEEP BIOPSY OF BONE USING NEEDLE OR TROCAR,3500.0,1400.0,1271.72,3727.91,31
HCPCS,20500,20500 INJECTION FOR REPAIR OF ABNORMAL MUSCLE DRAINAGE TRACT,3000.0,1200.0,1162.65,3502.16,31
HCPCS,20501,20501 INJECTION OF ABNORMAL MUSCLE DRAINAGE TRACT FOR X-RAY STUDY,1905.0,762.0,762.0,1714.5,17
HCPCS,20520,20520 REMOVAL OF FOREIGN BODY IN MUSCLE OR TENDON,3500.0,1400.0,1271.72,3727.91,31
HCPCS,20525,20525 COMPLICATED REMOVAL OF FOREIGN BODY IN DEEP MUSCLE OR TENDON,5800.0,2320.0,2246.41,6556.38,31
HCPCS,20526,20526 INJECTION OF CARPAL TUNNEL,660.0,264.0,231.7,692.84,31
HCPCS,20526,THER INJECTION CARP TUNNEL,654.0,261.6,231.7,692.84,31
HCPCS,20527,INJ DUPUYTREN CORD W/ENZYME,652.0,260.8,231.7,692.84,31
HCPCS,20550,20550 INJECTION INTO TENDON OR LIGAMENT,660.0,264.0,231.7,692.84,31
HCPCS,20550,INJ TENDON SHEATH/LIGAMENT,652.0,260.8,231.7,692.84,31
HCPCS,20551,20551 INJECTION INTO TENDON AT ATTACHMENT TO BONE OR MUSCLE,660.0,264.0,231.7,692.84,31
HCPCS,20551,INJ TENDON ORIGIN/INSERTION,652.0,260.8,231.7,692.84,31
HCPCS,20552,20552 INJECTION OF TRIGGER POINTS,1320.0,528.0,231.7,1188.0,62
HCPCS,20553,20553 INJECTION OF TRIGGER POINTS,1320.0,528.0,231.7,1188.0,62
HCPCS,20600,20600 ASPIRATION AND/OR INJECTION OF FLUID FROM SMALL JOINT,660.0,264.0,231.7,692.84,31
HCPCS,20604,20604 ASPIRATION AND/OR INJECTION OF FLUID FROM SMALL JOINT USING ULTRASOUND,660.0,264.0,231.7,692.84,31
HCPCS,20604,DRAIN/INJ JOINT/BURSA W/US,652.0,260.8,231.7,692.84,31
HCPCS,20605,20605 ASPIRATION AND/OR INJECTION OF FLUID FROM MEDIUM JOINT,660.0,264.0,231.7,692.84,31
HCPCS,20605,DRAIN/INJ JOINT/BURSA W/O US,660.0,264.0,231.7,692.84,31
HCPCS,20606,20606 ASPIRATION AND/OR INJECTION OF FLUID FROM MEDIUM JOINT USING ULTRASOUND,1300.0,520.0,543.56,1593.28,31
HCPCS,20610,20610 ASPIRATION AND/OR INJECTION OF FLUID FROM LARGE JOINT,1320.0,528.0,231.7,1188.0,62
HCPCS,20611,20611 ASPIRATION AND/OR INJECTION OF FLUID LARGE JOINT USING ULTRASOUND GUIDANCE,660.0,264.0,231.7,692.84,31
HCPCS,20612,20612 ASPIRATION AND/OR INJECTION OF CYST OF TENDON,660.0,264.0,231.7,692.84,31
HCPCS,20612,ASPIRATE/INJ GANGLION CYST,652.0,260.8,231.7,692.84,31
HCPCS,20615,20615 ASPIRATION AND INJECTION OF CYST OF BONE,1500.0,600.0,552.24,1598.36,31
HCPCS,20650,INSERT AND REMOVE BONE PIN,7231.0,2892.4,2546.69,7385.4,31
HCPCS,20661,APPLICATION OF HEAD BRACE,1313.0,525.2,761.54,3629.48,25
HCPCS,20665,20665 REMOVAL OF STABILIZING   FROM HEAD ORIGINALLY APPLIED,650.0,260.0,313.2,1008.32,31
HCPCS,20670,20670 REMOVAL OF SURFACE IMPLANT FROM BONE,3500.0,1400.0,1271.72,3727.91,31
HCPCS,20680,20680 REMOVAL OF DEEP IMPLANT FROM BONE,5800.0,2320.0,2246.41,6556.38,31
HCPCS,20694,20694 REMOVAL OF EXTERNAL BONE STABILIZING DEVICE UNDER ANESTHESIA,3150.0,1260.0,1256.16,3629.48,31
HCPCS,20822,20822 REATTACHMENT OF PART OF CUTOFF FINGER,3500.0,1400.0,1256.16,3629.48,31
HCPCS,20931,ALLOGRAFT FOR SPINE SURGERY ONLY STRUCTURAL,7123.0,2849.2,1888.0,6410.7,17
HCPCS,20982,20982 DESTRUCTION OF GROWTHS AND ADJACENT SOFT TISSUE,14000.0,5600.0,8120.0,39576.49,31
HCPCS,20983,20983 FREEZING OF GROWTH OF BONE AND ADJACENT SOFT TISSUE,14000.0,5600.0,5607.09,16378.38,31
HCPCS,20999,20999 OTHER PROCEDURE ON MUSCLE OR BONE,10638.0,4255.2,188.28,9574.2,31
HCPCS,21085,21085 IMPRESSION AND CUSTOM PREPARATION OF ORAL SURGICAL SPLINT,510.0,204.0,213.84,534.61,25
HCPCS,21110,21110 APPLICATION AND REMOVAL OF DENTAL FIXATION DEVICE,3000.0,1200.0,1162.65,3502.16,31
HCPCS,21315,21315 CLOSED TREATMENT OF BROKEN NOSE BONE WITH MANIPULATION,3000.0,1200.0,1162.65,3502.16,31
HCPCS,21320,21320 CLOSED TREATMENT OF BROKEN NOSE BONE WITH PLACEMENT OF STABILIZING DEVICE,6500.0,2600.0,505.0,7483.5,31
HCPCS,21337,21337 CLOSED TREATMENT OF BROKEN BONE SEPARATING NOSE AIRWAYS,6500.0,2600.0,2545.47,7483.5,31
HCPCS,21421,21421 CLOSED TREATMENT OF BROKEN ROOF OF MOUTH OR UPPER JAW BONE,6500.0,2600.0,2545.47,7483.5,31
HCPCS,21440,21440 CLOSED TREATMENT OF BROKEN UPPER OR LOWER JAW BONE,6500.0,2600.0,2545.47,7483.5,31
HCPCS,21445,21445 TREATMENT OF BROKEN UPPER OR LOWER JAW BONE,10000.0,4000.0,4643.19,13361.96,31
HCPCS,21450,21450 CLOSED TREATMENT OF BROKEN LOWER JAW BONE,1000.0,400.0,399.71,1217.35,31
HCPCS,21451,21451 CLOSED TREATMENT OF BROKEN LOWER JAW BONE WITH MANIPULATION,3000.0,1200.0,1162.65,3502.16,31
HCPCS,21453,21453 CLOSED TREATMENT OF BROKEN LOWER JAW BONE WITH PLACEMENT,10000.0,4000.0,4643.19,13361.96,31
HCPCS,21454,21454 TREATMENT OF BROKEN LOWER JAW BONE WITH PLACEMENT OF EXT,10000.0,4000.0,4643.19,13361.96,31
HCPCS,21462,21462 TREATMENT OF BROKEN LOWER JAW BONE WITH PLACEMENT OF STAB,10000.0,4000.0,505.0,13361.96,31
HCPCS,21480,21480 CLOSED TREATMENT OF DISLOCATED JAW JOINT,527.0,210.8,188.28,556.77,31
HCPCS,21485,21485 COMPLICATED REPAIR OF DISLOCATED JAW JOINT WITH PLACEMENT OF STABILIZING,3000.0,1200.0,1162.65,3502.16,31
HCPCS,21497,21497 WIRING OF JAW OR ORAL SPLINT TO TEETH,3000.0,1200.0,1162.65,3502.16,31
HCPCS,21499,21499 OTHER PROCEDURE ON HEAD MUSCLE OR HEAD BONE,9500.0,3800.0,182.27,8550.0,31
HCPCS,21550,21550 BIOPSY OF SOFT TISSUE OF NECK OR CHEST,3500.0,1400.0,1271.72,3727.91,31
HCPCS,21601,21601 REMOVAL OF GROWTH OF CHEST WALL AND RIB,5800.0,2320.0,2246.41,6556.38,31
HCPCS,21899,21899 OTHER PROCEDURE ON NECK OR CHEST,9500.0,3800.0,182.27,8550.0,31
HCPCS,21930,21930 REMOVAL OF GROWTH UNDER SKIN OF BACK OR LOWER SIDES,3500.0,1400.0,1271.72,3727.91,31
HCPCS,21931,EXC BACK LES SC 3 CM/>,3862.0,1544.8,1271.72,3862.0,31
HCPCS,22310,22310 CLOSED TREATMENT OF BROKEN SPINE BONE WITH CAST OR BRACE,527.0,210.8,188.28,556.77,31
HCPCS,22510,22510 STABILIZATION OF UPPER SPINE BONE,6000.0,2400.0,2546.69,7385.4,31
HCPCS,22511,22511 STABILIZATION OF LOWER SPINE BONE,6000.0,2400.0,2546.69,7385.4,31
HCPCS,22512,22512 STABILIZATION OF SPINE BONE,4864.0,1945.6,1945.6,4377.6,17
HCPCS,22513,22513 TREATMENT OF BROKEN MIDDLE SPINE BONE WITH PLACEMENT OF STA,14000.0,5600.0,5607.09,16378.38,31
HCPCS,22514,22514 TREATMENT OF BROKEN LOWER SPINE BONE WITH PLACEMENT OF STABILIZING DEVICE,14000.0,5600.0,5607.09,16378.38,31
HCPCS,22515,22515 TREATMENT OF BROKEN SPINE BONE WITH STABILIZING DEVICE,6500.0,2600.0,2600.0,5850.0,17
HCPCS,22869,INSJ STABLJ DEV W/O DCMPRN LUMBAR SINGLE LEVEL,30000.0,12000.0,11591.54,30000.0,24
HCPCS,22870,INSJ STABLJ DEV W/O DCMPRN LUMBAR SECOND LEVEL,15000.0,6000.0,6000.0,13500.0,17
HCPCS,22900,EXC ABDL TUM DEEP < 5 CM,6768.0,2707.2,2246.41,6768.0,31
HCPCS,23030,23030 DRAINAGE OF DEEP ABSCESS OR BLOOD ACCUMULATION OF SHOULDER,5800.0,2320.0,2246.41,6556.38,31
HCPCS,23031,23031 DRAINAGE OF INFECTED FLUID-FILLED SAC (BURSA) OF SHOULDER JOINT,5800.0,2320.0,2246.41,6556.38,31
HCPCS,23065,23065 BIOPSY OF SURFACE TISSUE OF SHOULDER,3500.0,1400.0,1271.72,3727.91,31
HCPCS,23066,23066 BIOPSY OF DEEP TISSUE OF SHOULDER,5000.0,2000.0,2246.41,6556.38,31
HCPCS,23330,23330 REMOVAL OF FOREIGN BODY OF SHOULDER JOINT,1589.0,635.6,921.62,3727.91,31
HCPCS,23350,23350 INJECTION OF CONTRAST FOR IMAGING OF SHOULDER JOINT,1125.0,450.0,450.0,1012.5,17
HCPCS,23500,23500 CLOSED TREATMENT OF BROKEN COLLAR BONE,500.0,200.0,188.28,556.77,31
HCPCS,23505,23505 CLOSED TREATMENT OF BROKEN COLLAR BONE WITH MANIPULATION,3500.0,1400.0,1256.16,3629.48,31
HCPCS,23540,23540 CLOSED TREATMENT OF DISLOCATED JOINT BETWEEN COLLAR BONE AND SHOULDER,527.0,210.8,188.28,556.77,31
HCPCS,23545,23545 CLOSED TREATMENT OF DISLOCATED JOINT BETWEEN COLLAR BONE AND SHOULDER,527.0,210.8,188.28,556.77,31
HCPCS,23570,23570 CLOSED TREATMENT OF BROKEN SHOULDER BLADE,527.0,210.8,188.28,556.77,31
HCPCS,23575,TREAT SHOULDER BLADE FX,3556.0,1422.4,1256.16,3629.48,31
HCPCS,23600,23600 CLOSED TREATMENT OF BROKEN TOP OF UPPER ARM BONE,527.0,210.8,188.28,556.77,31
HCPCS,23605,23605 CLOSED TREATMENT OF BROKEN TOP OF UPPER ARM BONE WITH MANIPULATION,3000.0,1200.0,1256.16,3629.48,31
HCPCS,23650,23650 CLOSED TREATMENT OF DISLOCATED SHOULDER WITH MANIPULATION,500.0,200.0,188.28,556.77,31
HCPCS,23655,23655 CLOSED TREATMENT OF DISLOCATED SHOULDER WITH MANIPULATION UNDER ANESTHESIA,3000.0,1200.0,1256.16,3629.48,31
HCPCS,23665,23665 CLOSED TREATMENT OF DISLOCATED SHOULDER AND BROKEN UPPER,3000.0,1200.0,1256.16,3629.48,31
HCPCS,23675,23675 CLOSED TREATMENT OF DISLOCATED SHOULDER AND BROKEN NECK OF UPPER ARM BONE,3000.0,1200.0,1256.16,3629.48,31
HCPCS,23929,23929 OTHER PROCEDURE ON SHOULDER,10638.0,4255.2,188.28,9574.2,31
HCPCS,23929,SHOULDER SURGERY PROCEDURE,500.0,200.0,188.28,556.77,31
HCPCS,23931,23931 DRAINAGE OF FLUID FILLED SAC IN ELBOW JOINT,3500.0,1400.0,1271.72,3727.91,31
HCPCS,24065,24065 BIOPSY OF SURFACE TISSUE OF UPPER ARM OR ELBOW,3500.0,1400.0,1271.72,3727.91,31
HCPCS,24066,24066 BIOPSY OF DEEP TISSUE OF UPPER ARM OR ELBOW,5000.0,2000.0,2246.41,6556.38,31
HCPCS,24200,24200 REMOVAL OF FOREIGN BODY OF UPPER ARM OR ELBOW AREA,3500.0,1400.0,1271.72,3727.91,31
HCPCS,24201,24201 REMOVAL OF FOREIGN BODY,6054.0,2421.6,2246.41,6556.38,31
HCPCS,24220,24220 INJECTION OF CONTRAST FOR IMAGING OF ELBOW JOINT,1800.0,720.0,720.0,1620.0,17
HCPCS,24500,24500 CLOSED TREATMENT OF BROKEN MIDDLE PART OF UPPER ARM BONE,500.0,200.0,188.28,556.77,31
HCPCS,24505,24505 CLOSED TREATMENT OF BROKEN MIDDLE PART OF UPPER ARM BONE WITH MANIPULATION,3000.0,1200.0,1256.16,3629.48,31
HCPCS,24530,24530 CLOSED TREATMENT OF UPPER ARM BONE BROKEN AT ELBOW,500.0,200.0,188.28,556.77,31
HCPCS,24535,24535 CLOSED TREATMENT OF UPPER ARM BONE BROKEN AT ELBOW WITH MANIPULATION,3000.0,1200.0,1256.16,3629.48,31
HCPCS,24560,24560 CLOSED TREATMENT OF BROKEN OUTER PART OF UPPER ARM BONE AT ELBOW,527.0,210.8,188.28,556.77,31
HCPCS,24565,24565 CLOSED TREATMENT OF BROKEN OUTER PART OF UPPER ARM BONE AT ELBOW,3000.0,1200.0,1256.16,3629.48,31
HCPCS,24576,24576 CLOSED TREATMENT OF BROKEN ELBOW,527.0,210.8,188.28,556.77,31
HCPCS,24577,24577 CLOSED TREATMENT OF BROKEN ELBOW WITH MANIPULATION,3000.0,1200.0,1256.16,3629.48,31
HCPCS,24577,TREAT HUMERUS FRACTURE,3500.0,1400.0,1256.16,3629.48,31
HCPCS,24600,24600 REPAIR OF DISLOCATED ELBOW,500.0,200.0,188.28,556.77,31
HCPCS,24605,24605 REPAIR OF DISLOCATED ELBOW UNDER ANESTHESIA,3000.0,1200.0,1256.16,3629.48,31
HCPCS,24620,24620 CLOSED TREATMENT OF BROKEN AND DISLOCATED FOREARM BONES AT ELBOW,3000.0,1200.0,1256.16,3629.48,31
HCPCS,24640,24640 CLOSED TREATMENT OF DISLOCATED FOREARM BONE ON THUMB SIDE AT ELBOW,500.0,200.0,222.71,556.77,25
HCPCS,24650,24650 CLOSED TREATMENT OF BROKEN FOREARM BONE ON THUMB SIDE AT ELBOW,527.0,210.8,188.28,556.77,31
HCPCS,24655,24655 CLOSED TREATMENT OF BROKEN FOREARM BONE ON THUMB SIDE AT ELBOW,3000.0,1200.0,1256.16,3629.48,31
HCPCS,24670,24670 CLOSED TREATMENT OF BROKEN FOREARM BONE ON SMALL FINGER SIDE AT ELBOW,527.0,210.8,188.28,556.77,31
HCPCS,24675,24675 CLOSED TREATMENT OF BROKEN FOREARM BONE ON SMALL FINGER SIDE AT ELBOW,3000.0,1200.0,1256.16,3629.48,31
HCPCS,24999,24999 OTHER PROCEDURE ON UPPER ARM OR ELBOW,9931.0,3972.4,188.28,8937.9,31
HCPCS,24999,UPPER ARM/ELBOW SURGERY,527.0,210.8,188.28,556.77,31
HCPCS,25028,25028 DRAINAGE OF DEEP ABSCESS OR BLOOD ACCUMULATION OF FOREARM OR WRIST,6000.0,2400.0,2546.69,7385.4,31
HCPCS,25031,25031 DRAINAGE OF FLUID FILLED SAC IN WRIST JOINT,3500.0,1400.0,1256.16,3629.48,31
HCPCS,25065,25065 BIOPSY OF SURFACE TISSUE OF FOREARM OR WRIST,3500.0,1400.0,1271.72,3727.91,31
HCPCS,25066,25066 BIOPSY OF DEEP TISSUE OF FOREARM AND/OR WRIST,5000.0,2000.0,2246.41,6556.38,31
HCPCS,25111,25111 REMOVAL OF FIRST CYST OF WRIST,3000.0,1200.0,1256.16,3629.48,31
HCPCS,25112,25112 REMOVAL OF RECURRENT CYST OF WRIST,3000.0,1200.0,1256.16,3629.48,31
HCPCS,25246,25246 INJECTION OF CONTRAST FOR IMAGING OF WRIST,940.0,376.0,376.0,846.0,17
HCPCS,25248,25248 REMOVAL OF DEEP FOREIGN BODY IN FOREARM OR WRIST,3500.0,1400.0,1256.16,3629.48,31
HCPCS,25260,25260 PRIMARY REPAIR OF TENDON OR MUSCLE OF PALM SIDE OF FOREARM OR WRIST,6000.0,2400.0,2546.69,7385.4,31
HCPCS,25263,25263 SECONDARY REPAIR OF TENDON OR MUSCLE OF PALM SIDE OF FOREARM OR WRIST,8000.0,3200.0,4640.0,16378.38,31
HCPCS,25270,25270 PRIMARY REPAIR OF TENDON OR MUSCLE OF TOP SIDE OF FOREARM OR WRIST,6000.0,2400.0,2546.69,7385.4,31
HCPCS,25500,25500 CLOSED TREATMENT OF BROKEN MIDPART OF FOREARM BONE ON THUMB SIDE,500.0,200.0,188.28,556.77,31
HCPCS,25505,25505 CLOSED TREATMENT OF BROKEN MIDPART OF FOREARM BONE ON THUMB SIDE,3000.0,1200.0,1256.16,3629.48,31
HCPCS,25520,TREAT FRACTURE OF RADIUS,3000.0,1200.0,1256.16,3629.48,31
HCPCS,25530,25530 CLOSED TREATMENT OF BROKEN MIDPART OF FOREARM BONE ON SMALL FINGER SIDE,500.0,200.0,188.28,556.77,31
HCPCS,25535,25535 CLOSED TREATMENT OF BROKEN MIDPART OF FOREARM BONE ON SMALL FINGER SIDE,500.0,200.0,188.28,556.77,31
HCPCS,25560,25560 CLOSED TREATMENT OF BROKEN MIDPART OF BOTH FOREARM BONES,500.0,200.0,188.28,556.77,31
HCPCS,25565,25565 CLOSED TREATMENT OF BROKEN MIDPART OF BOTH FOREARM BONES WITH MANIPULATION,3000.0,1200.0,1256.16,3629.48,31
HCPCS,25600,25600 CLOSED TREATMENT OF BROKEN FOREARM  RADIUS  BONE AT THE WRIST,500.0,200.0,188.28,556.77,31
HCPCS,25605,25605 CLOSED TREATMENT OF BROKEN OR GROWTH PLATE SEPARATE OF FOREARM,3000.0,1200.0,1256.16,3629.48,31
HCPCS,25622,25622 CLOSED TREATMENT OF BROKEN WRIST BONE NEAR BASE OF THUMB,527.0,210.8,188.28,556.77,31
HCPCS,25624,25624 CLOSED TREATMENT OF BROKEN WRIST BONE NEAR BASE OF THUMB WITH MANIPULATION,3000.0,1200.0,1256.16,3629.48,31
HCPCS,25630,25630 CLOSED TREATMENT OF OTHER BROKEN WRIST BONE,527.0,210.8,188.28,556.77,31
HCPCS,25635,25635 CLOSED TREATMENT OF OTHER BROKEN WRIST BONE WITH MANIPULATION,3000.0,1200.0,1256.16,3629.48,31
HCPCS,25650,25650 CLOSED TREATMENT OF BROKEN BASE OF FOREARM BONE ON SMALL FINGER,500.0,200.0,188.28,556.77,31
HCPCS,25660,25660 CLOSED TREATMENT OF DISLOCATED WRIST BONES WITH MANIPULATION,527.0,210.8,188.28,556.77,31
HCPCS,25675,25675 CLOSED TREATMENT OF DISLOCATED FOREARM BONE AT WRIST WITH MANIPULATION,500.0,200.0,188.28,556.77,31
HCPCS,25680,25680 CLOSED TREATMENT OF BROKEN AND DISLOCATED WRIST BONES WITH MANIPULATION,527.0,210.8,188.28,556.77,31
HCPCS,25690,25690 CLOSED TREATMENT OF DISLOCATED WRIST (LUNATE) BONE WITH MANIPULATION,3000.0,1200.0,1256.16,3629.48,31
HCPCS,25999,25999 OTHER PROCEDURE ON FOREARM OR WRIST,9931.0,3972.4,188.28,8937.9,31
HCPCS,25999,FOREARM OR WRIST SURGERY,527.0,210.8,188.28,556.77,31
HCPCS,26010,26010 SIMPLE DRAINAGE OF ABSCESS OF FINGER,459.0,183.6,155.96,459.0,31
HCPCS,26011,26011 COMPLICATED DRAINAGE OF ABSCESS IN FINGER,3500.0,1400.0,1271.72,3727.91,31
HCPCS,26055,26055 INCISION OF TENDON COVERING OF FINGER,3000.0,1200.0,1256.16,3629.48,31
HCPCS,26160,26160 REMOVAL OF GROWTH OF TENDON FINGER OR HAND,3000.0,1200.0,1256.16,3629.48,31
HCPCS,26236,26236 PARTIAL REMOVAL OF FINGER BONE AT END OF FINGER,3282.0,1312.8,505.0,3629.48,31
HCPCS,26350,26350 REPAIR OF FINGER TENDON OF UNDER SIDE OF HAND OTHER THAN UPPER,6000.0,2400.0,2546.69,7385.4,31
HCPCS,26356,26356 PRIMARY REPAIR OF FINGER TENDON ON UNDERSIDE OF THE HAND,6000.0,2400.0,2546.69,7385.4,31
HCPCS,26357,26357 SECONDARY REPAIR OF FINGER TENDON ON UNDERSIDE OF HAND,6000.0,2400.0,2546.69,7385.4,31
HCPCS,26410,26410 REPAIR OF TENDON ON TOP OF HAND,3000.0,1200.0,1256.16,3629.48,31
HCPCS,26418,26418 REPAIR OF TENDON ON TOP SIDE OF FINGER,3000.0,1200.0,1256.16,3629.48,31
HCPCS,26432,REPAIR FINGER TENDON,3000.0,1200.0,1256.16,3629.48,31
HCPCS,26535,26535 REPLACEMENT OF FINGER JOINT,6000.0,2400.0,2546.69,7385.4,31
HCPCS,26591,26591 REPAIR OF HAND MUSCLE,6000.0,2400.0,2546.69,7385.4,31
HCPCS,26600,26600 CLOSED TREATMENT OF BROKEN HAND BONE,500.0,200.0,188.28,556.77,31
HCPCS,26605,26605 CLOSED TREATMENT OF BROKEN HAND BONE WITH MANIPULATION,500.0,200.0,188.28,556.77,31
HCPCS,26607,26607 CLOSED TREATMENT OF BROKEN HAND BONE  AND PLACEMENT,6000.0,2400.0,2546.69,7385.4,31
HCPCS,26641,26641 CLOSED TREATMENT OF DISLOCATED THUMB AT WRIST WITH MANIPULATION,527.0,210.8,188.28,556.77,31
HCPCS,26645,26645 CLOSED TREATMENT OF BROKEN THUMB AT WRIST WITH MANIPULATION,3000.0,1200.0,1256.16,3629.48,31
HCPCS,26670,26670 CLOSED TREATMENT OF DISLOCATED HAND BONE AT WRIST JOINT WITH MANIPULATION,500.0,200.0,188.28,556.77,31
HCPCS,26675,26675 CLOSED TREATMENT OF DISLOCATED HAND BONE AT WRIST JOINT  UNDER ANESTHESIA,3500.0,1400.0,1256.16,3629.48,31
HCPCS,26700,26700 CLOSED TREATMENT OF DISLOCATED HAND JOINT AT BASE OF FINGER,500.0,200.0,188.28,556.77,31
HCPCS,26705,26705 CLOSED TREATMENT OF DISLOCATED HAND JOINT AT BASE OF FINGER  UNDER,3000.0,1200.0,1256.16,3629.48,31
HCPCS,26715,26715 TREATMENT OF DISLOCATED HAND JOINT AT BASE OF FINGER,6000.0,2400.0,2546.69,7385.4,31
HCPCS,26720,26720 CLOSED TREATMENT OF BROKEN FINGER OR THUMB AT MIDPORTION OR PART NEAR HAND,527.0,210.8,188.28,556.77,31
HCPCS,26725,26725 CLOSED TREATMENT OF BROKEN FINGER OR THUMB AT MIDPORTION,500.0,200.0,188.28,556.77,31
HCPCS,26735,26735 TREATMENT OF BROKEN FINGER AT MIDPORTION OR PART NEAR HAND,6000.0,2400.0,2546.69,7385.4,31
HCPCS,26740,26740 CLOSED TREATMENT OF BROKEN FINGER OR HAND AT BASE OF FINGER,527.0,210.8,188.28,556.77,31
HCPCS,26742,26742 CLOSED TREATMENT OF BROKEN FINGER OR HAND AT BASE OF FINGER,3000.0,1200.0,1256.16,3629.48,31
HCPCS,26750,26750 CLOSED TREATMENT OF BROKEN END OF FINGER OR THUMB,527.0,210.8,188.28,556.77,31
HCPCS,26755,26755 CLOSED TREATMENT OF BROKEN END OF FINGER OR THUMB WITH MANIPULATION,500.0,200.0,188.28,556.77,31
HCPCS,26756,26756 PLACEMENT OF STABILIZING DEVICE FOR BROKEN END OF FINGER OR THUMB,6000.0,2400.0,2546.69,7385.4,31
HCPCS,26765,26765 TREATMENT OF BROKEN END OF FINGER OR THUMB,6000.0,2400.0,2546.69,7385.4,31
HCPCS,26770,26770 CLOSED TREATMENT OF DISLOCATED FINGER JOINT WITH MANIPULATION,500.0,200.0,188.28,556.77,31
HCPCS,26775,26775 CLOSED TREATMENT OF DISLOCATED FINGER JOINT  UNDER ANESTHESIA,616.0,246.4,208.45,631.31,31
HCPCS,26860,ARTHRODESIS INTERPHALANGEAL JT W/WO INT FIXJ,6000.0,2400.0,2546.69,7385.4,31
HCPCS,26910,26910 AMPUTATION OF FINGER OR THUMB,6000.0,2400.0,2546.69,7385.4,31
HCPCS,26951,26951 AMPUTATION OF FINGER OR THUMB WITH DIRECT CLOSURE,6000.0,2400.0,2546.69,7385.4,31
HCPCS,26952,26952 AMPUTATION OF FINGER OR THUMB WITH TISSUE FLAP,6000.0,2400.0,2546.69,7385.4,31
HCPCS,26989,26989 OTHER PROCEDURE ON HANDS OR FINGERS,527.0,210.8,188.28,556.77,31
HCPCS,26990,26990 DRAINAGE OF DEEP ABSCESS OR BLOOD ACCUMULATION OF PELVIS OR HIP NEAR JOINT,6000.0,2400.0,2546.69,7385.4,31
HCPCS,26991,26991 DRAINAGE OF INFECTED FLUID-FILLED SAC NEAR PELVIS OR HIP JOINT,3500.0,1400.0,1256.16,3629.48,31
HCPCS,27040,27040 BIOPSY OF SURFACE TISSUE OF PELVIS AND HIP,3500.0,1400.0,1271.72,3727.91,31
HCPCS,27041,27041 BIOPSY OF DEEP TISSUE OF PELVIS AND HIP,3500.0,1400.0,1271.72,3727.91,31
HCPCS,27086,27086 REMOVAL OF FOREIGN BODY IN TISSUE OF PELVIS OR HIP,5800.0,2320.0,2246.41,6556.38,31
HCPCS,27087,27087 REMOVAL OF FOREIGN BODY IN TISSUE OR MUSCLE OF PELVIS OR HIP,6000.0,2400.0,2546.69,7385.4,31
HCPCS,27093,27093 INJECTION OF CONTRAST FOR IMAGING OF HIP JOINT,889.0,355.6,355.6,800.1,17
HCPCS,27095,27095 INJECTION OF CONTRAST FOR IMAGING OF HIP UNDER ANESTHESIA,250.0,100.0,100.0,225.0,17
HCPCS,27096,27096 INJECTION OF ANESTHETIC OR STEROID INTO JOINT BETWEEN LOWER,1314.0,525.6,70.06,1182.6,23
HCPCS,27096,INJ FOR SACROILIAC JT ANESTH,2600.0,1040.0,70.06,2340.0,46
HCPCS,27220,TREAT HIP SOCKET FRACTURE,562.0,224.8,188.28,562.0,31
HCPCS,27222,TREAT HIP SOCKET FRACTURE,575.0,230.0,222.71,575.0,25
HCPCS,27250,27250 CLOSED TREATMENT OF DISLOCATED HIP,500.0,200.0,188.28,556.77,31
HCPCS,27252,27252 CLOSED TREATMENT OF DISLOCATED HIP UNDER ANESTHESIA,3000.0,1200.0,1256.16,3629.48,31
HCPCS,27256,27256 CLOSED TREATMENT OF SPONTANEOUS DISLOCATED HIP,527.0,210.8,188.28,556.77,31
HCPCS,27257,27257 TREATMENT OF SPONTANEOUS DISLOCATED HIP UNDER ANESTHESIA,3500.0,1400.0,1256.16,3629.48,31
HCPCS,27265,27265 CLOSED TREATMENT OF DISLOCATED HIP PROSTHESIS,500.0,200.0,188.28,556.77,31
HCPCS,27266,27266 CLOSED TREATMENT OF DISLOCATED HIP PROSTHESIS UNDER ANESTHESIA,3000.0,1200.0,1256.16,3629.48,31
HCPCS,27268,CLOSED TX FEMORAL FRACTURE PROX HEAD W MANIP,500.0,200.0,290.0,3629.48,25
HCPCS,27278,ARTHRD SI JT PRQ WO TFXJ DEV,44391.0,17756.4,14434.3,44009.8,30
HCPCS,27279,ARTHRODESIS SACROILIAC JOINT PERCUTANEOUS,35000.0,14000.0,15830.6,39576.49,25
HCPCS,27299,27299 OTHER PROCEDURE ON PELVIS OR HIP JOINT,6103.0,2441.2,188.28,5492.7,31
HCPCS,27299,PELVIS/HIP JOINT SURGERY,11421.0,4568.4,188.28,10278.9,62
HCPCS,27301,27301 DRAINAGE OF DEEP ABSCESS OR BLOOD ACCUMULATION OF THIGH OR KNEE,5800.0,2320.0,2246.41,6556.38,31
HCPCS,27323,27323 BIOPSY OF SURFACE TISSUE OF THIGH OR KNEE,3500.0,1400.0,1271.72,3727.91,31
HCPCS,27324,27324 BIOPSY OF DEEP TISSUE OF THIGH OR KNEE,5000.0,2000.0,2246.41,6556.38,31
HCPCS,27369,27369 INJECTION OF CONTRAST FOR IMAGING OF KNEE JOINT,120.0,48.0,48.0,108.0,17
HCPCS,27372,27372 REMOVAL OF FOREIGN BODY DEEP IN TISSUE OF THIGH OR KNEE,5800.0,2320.0,2246.41,6556.38,31
HCPCS,27500,27500 CLOSED TREATMENT OF BROKEN THIGH BONE,527.0,210.8,188.28,556.77,31
HCPCS,27502,27502 CLOSED TREATMENT OF BROKEN THIGH BONE AT MIDPORTION WITH MANIPULATION,3000.0,1200.0,1256.16,3629.48,31
HCPCS,27503,27503 CLOSED TREATMENT OF BROKEN THIGH BONE AT FAR END WITH MANIPULATION,3044.0,1217.6,1256.16,3629.48,31
HCPCS,27507,27507 TREATMENT OF BROKEN MIDDLE OF THIGH BONE WITH PLACEMENT OF STABILIZING,3000.0,1200.0,1740.0,16378.38,25
HCPCS,27510,27510 CLOSED TREATMENT OF BROKEN THIGH BONE AT KNEE AREA WITH MANIPULATION,3000.0,1200.0,1256.16,3629.48,31
HCPCS,27520,27520 CLOSED TREATMENT OF BROKEN KNEECAP,500.0,200.0,188.28,556.77,31
HCPCS,27530,27530 CLOSED TREATMENT OF BROKEN SHIN BONE,500.0,200.0,188.28,556.77,31
HCPCS,27532,TREAT KNEE FRACTURE,7231.0,2892.4,505.0,7385.4,31
HCPCS,27538,27538 CLOSED TREATMENT OF BROKEN TOP OF SHIN BONE AT KNEE,527.0,210.8,188.28,556.77,31
HCPCS,27550,27550 CLOSED TREATMENT OF DISLOCATED KNEE,500.0,200.0,188.28,556.77,31
HCPCS,27552,27552 CLOSED TREATMENT OF DISLOCATED KNEE UNDER ANESTHESIA,3500.0,1400.0,1256.16,3629.48,31
HCPCS,27552,TREAT KNEE DISLOCATION,3500.0,1400.0,1256.16,3629.48,31
HCPCS,27560,27560 CLOSED TREATMENT OF DISLOCATED KNEECAP,500.0,200.0,188.28,556.77,31
HCPCS,27562,27562 CLOSED TREATMENT OF DISLOCATED KNEECAP UNDER ANESTHESIA,527.0,210.8,188.28,556.77,31
HCPCS,27599,27599 OTHER PROCEDURE ON THIGH OR KNEE,9931.0,3972.4,188.28,8937.9,31
HCPCS,27603,27603 DRAINAGE OF DEEP ABSCESS OR BLOOD ACCUMULATION OF LEG OR ANKLE,5800.0,2320.0,2246.41,6556.38,31
HCPCS,27604,27604 DRAINAGE OF INFECTED FLUID-FILLED SAC (BURSA) OF LEG OR ANKLE,6000.0,2400.0,2546.69,7385.4,31
HCPCS,27613,27613 BIOPSY OF SURFACE TISSUE OF LEG OR ANKLE,3500.0,1400.0,1271.72,3727.91,31
HCPCS,27614,27614 BIOPSY OF DEEP TISSUE OF LEG OR ANKLE,5000.0,2000.0,2246.41,6556.38,31
HCPCS,27618,EXC LEG/ANKLE TUM < 3 CM,3862.0,1544.8,1271.72,3862.0,31
HCPCS,27648,27648 INJECTION FOR X-RAY IMAGING OF ANKLE,1200.0,480.0,480.0,1080.0,17
HCPCS,27750,27750 CLOSED TREATMENT OF BROKEN MIDDLE PART OF SHIN BONE,500.0,200.0,188.28,556.77,31
HCPCS,27752,27752 CLOSED TREATMENT OF MIDDLE PART OF BROKEN SHIN BONE WITH MANIPULATION,3000.0,1200.0,1256.16,3629.48,31
HCPCS,27760,27760 CLOSED TREATMENT OF INSIDE PORTION OF SHIN BONE AT ANKLE,527.0,210.8,188.28,556.77,31
HCPCS,27762,27762 CLOSED TREATMENT OF INSIDE PORTION OF SHIN BONE AT ANKLE WITH MANIPULATION,3000.0,1200.0,1256.16,3629.48,31
HCPCS,27768,CLTX POST ANKLE FX W/MNPJ,3586.0,1434.4,505.0,3629.48,31
HCPCS,27780,27780 CLOSED TREATMENT OF BROKEN MIDDLE OR UPPER END OF OUTSIDE LOWER LEG BONE,527.0,210.8,188.28,556.77,31
HCPCS,27781,27781 CLOSED TREATMENT OF BROKEN MIDDLE OR UPPER END OF OUTSIDE LOWER LEG BONE,3000.0,1200.0,1256.16,3629.48,31
HCPCS,27786,27786 CLOSED TREATMENT OF BROKEN OUTSIDE LOWER LEG BONE AT ANKLE,500.0,200.0,188.28,556.77,31
HCPCS,27788,27788 CLOSED TREATMENT OF BROKEN OUTSIDE LOWER LEG BONE AT ANKLE,500.0,200.0,188.28,556.77,31
HCPCS,27808,27808 CLOSED TREATMENT OF 2 BROKEN LOWER LEG BONES AT ANKLE,500.0,200.0,188.28,556.77,31
HCPCS,27810,27810 CLOSED TREATMENT OF 2 BROKEN LOWER LEG BONES AT ANKLE WITH MANIPULATION,3000.0,1200.0,1256.16,3629.48,31
HCPCS,27816,27816 CLOSED TREATMENT OF 3 BROKEN LOWER LEG BONES AT ANKLE,527.0,210.8,188.28,556.77,31
HCPCS,27818,27818 CLOSED TREATMENT OF 3 BROKEN LOWER LEG BONES AT ANKLE WITH MANIPULATION,3000.0,1200.0,1256.16,3629.48,31
HCPCS,27822,27822 TREATMENT OF 3 BROKEN LOWER LEG BONES AT ANKLE,11000.0,4400.0,5607.09,16378.38,31
HCPCS,27824,27824 CLOSED TREATMENT OF BROKEN SHIN BONE AT LOWER WEIGHT BEARING JOINT,500.0,200.0,188.28,556.77,31
HCPCS,27825,27825 CLOSED TREATMENT OF BROKEN SHIN BONE AT LOWER WEIGHT BEARING,3000.0,1200.0,1256.16,3629.48,31
HCPCS,27827,OPEN TREATMENT FRACTURE DISTAL TIBIA ONLY,31483.0,12593.2,10099.13,31483.0,31
HCPCS,27831,27831 CLOSED TREATMENT OF DISLOCATED KNEE JOINT UNDER ANESTHESIA,6000.0,2400.0,2546.69,7385.4,31
HCPCS,27840,27840 CLOSED TREATMENT OF DISLOCATED ANKLE,500.0,200.0,188.28,556.77,31
HCPCS,27842,27842 CLOSED TREATMENT OF DISLOCATED ANKLE UNDER ANESTHESIA,3000.0,1200.0,1256.16,3629.48,31
HCPCS,27899,27899 OTHER PROCEDURE ON LEG OR ANKLE,10638.0,4255.2,188.28,9574.2,31
HCPCS,28005,28005 INCISION OF FOOT BONE,6000.0,2400.0,2546.69,7385.4,31
HCPCS,28043,28043 REMOVAL  LESS THAN 1.5 CENTIMETERS  TISSUE GROWTH BENEATH T,3500.0,1400.0,1271.72,3727.91,31
HCPCS,28124,PARTIAL REMOVAL OF TOE,6000.0,2400.0,2546.69,7385.4,31
HCPCS,28190,28190 REMOVAL OF FOREIGN BODY OF FOOT TISSUE,1500.0,600.0,552.24,1598.36,31
HCPCS,28192,28192 REMOVAL OF FOREIGN BODY OF FOOT TISSUE,3500.0,1400.0,1271.72,3727.91,31
HCPCS,28193,28193 COMPLICATED REMOVAL OF FOREIGN BODY IN FOOT,3500.0,1400.0,1271.72,3727.91,31
HCPCS,28200,28200 REPAIR OF TENDON ON SOLE OF FOOT,6000.0,2400.0,2546.69,7385.4,31
HCPCS,28208,28208 REPAIR OF TENDON OF TOP SIDE OF FOOT,6000.0,2400.0,2546.69,7385.4,31
HCPCS,28400,28400 CLOSED TREATMENT OF BROKEN HEEL BONE,500.0,200.0,188.28,556.77,31
HCPCS,28405,28405 CLOSED TREATMENT OF BROKEN HEEL BONE WITH MANIPULATION,527.0,210.8,188.28,556.77,31
HCPCS,28430,28430 CLOSED TREATMENT OF BROKEN ANKLE JOINT BONE,500.0,200.0,188.28,556.77,31
HCPCS,28435,28435 CLOSED TREATMENT OF BROKEN ANKLE JOINT BONE WITH MANIPULATION,3000.0,1200.0,1256.16,3629.48,31
HCPCS,28450,28450 TREATMENT OF BROKEN FOOT BONE AT ANKLE,500.0,200.0,188.28,556.77,31
HCPCS,28455,28455 TREATMENT OF BROKEN FOOT BONE AT ANKLE WITH MANIPULATION,3000.0,1200.0,1256.16,3629.48,31
HCPCS,28470,28470 CLOSED TREATMENT OF BROKEN BONE IN FOREFOOT OR MIDFOOT,527.0,210.8,188.28,556.77,31
HCPCS,28475,28475 CLOSED TREATMENT OF BROKEN FOOT WITH MANIPULATION,500.0,200.0,188.28,556.77,31
HCPCS,28490,28490 CLOSED TREATMENT OF BROKEN GREAT TOE,527.0,210.8,188.28,556.77,31
HCPCS,28495,28495 CLOSED TREATMENT OF BROKEN GREAT TOE WITH MANIPULATION,500.0,200.0,188.28,556.77,31
HCPCS,28510,28510 CLOSED TREATMENT OF BROKEN TOE,527.0,210.8,188.28,556.77,31
HCPCS,28515,28515 CLOSED TREATMENT OF BROKEN TOE WITH MANIPULATION,500.0,200.0,188.28,556.77,31
HCPCS,28530,28530 CLOSED TREATMENT OF BROKEN SMALL BONE IN TENDON ATTACHED TO GREAT TOE,527.0,210.8,188.28,556.77,31
HCPCS,28600,28600 CLOSED TREATMENT OF DISLOCATED MIDFOOT JOINT,500.0,200.0,188.28,556.77,31
HCPCS,28605,28605 CLOSED TREATMENT OF DISLOCATED MIDFOOT JOINT UNDER ANESTHESIA,527.0,210.8,188.28,556.77,31
HCPCS,28630,28630 CLOSED TREATMENT OF DISLOCATED JOINT BETWEEN TOE AND FOOT,500.0,200.0,188.28,556.77,31
HCPCS,28635,28635 CLOSED TREATMENT OF DISLOCATED JOINT BETWEEN TOE AND FOOT UNDER ANESTHESIA,3500.0,1400.0,1256.16,3629.48,31
HCPCS,28660,28660 CLOSED TREATMENT OF DISLOCATED JOINT IN TOE,527.0,210.8,188.28,556.77,31
HCPCS,28820,28820 AMPUTATION OF TOE AT JOINT BETWEEN FOREFOOT AND TOES,6000.0,2400.0,2546.69,7385.4,31
HCPCS,28825,28825 AMPUTATION OF TOE AT TOE JOINT,6000.0,2400.0,2546.69,7385.4,31
HCPCS,28899,CRYOABLATION OF PLANTAR FIBROMATOSIS,16537.0,6614.8,188.28,14883.3,31
HCPCS,29000,APPLICATION OF BODY CAST,553.0,221.2,208.45,631.31,31
HCPCS,29010,APPLICATION OF BODY CAST,553.0,221.2,208.45,631.31,31
HCPCS,29015,APPLICATION OF BODY CAST,553.0,221.2,208.45,631.31,31
HCPCS,29035,29035 APPLICATION OF SHOULDER TO HIP BODY CAST,510.0,204.0,208.45,631.31,31
HCPCS,29035,APPLICATION OF BODY CAST,510.0,204.0,208.45,631.31,31
HCPCS,29040,29040 APPLICATION OF SHOULDER TO HIP BODY CAST INCLUDING HEAD,510.0,204.0,208.45,631.31,31
HCPCS,29044,29044 APPLICATION OF SHOULDER TO HIP BODY CAST AND THIGH,350.0,140.0,123.85,366.79,31
HCPCS,29046,29046 APPLICATION OF SHOULDER TO HIP BODY CAST AND BOTH THIGHS,616.0,246.4,208.45,631.31,31
HCPCS,29049,APPLICATION OF FIGURE EIGHT,553.0,221.2,208.45,631.31,31
HCPCS,29055,APPLICATION OF SHOULDER CAST,553.0,221.2,208.45,631.31,31
HCPCS,29058,29058 APPLICATION OF PLASTER VELPEAU CAST TO UPPER FOREARM AND SHOULDER,510.0,204.0,208.45,631.31,31
HCPCS,29065,29065 APPLICATION OF SHOULDER TO HAND CAST,600.0,240.0,208.45,631.31,31
HCPCS,29065,APPLICATION OF LONG ARM CAST,510.0,204.0,160.0,631.31,124
HCPCS,29075,29075 APPLICATION OF ELBOW TO FINGER CAST,510.0,204.0,160.0,631.31,31
HCPCS,29075,APPLICATION OF FOREARM CAST,510.0,204.0,160.0,631.31,124
HCPCS,29085,29085 APPLICATION OF HAND AND LOWER FOREARM CAST,350.0,140.0,123.85,366.79,31
HCPCS,29086,29086 APPLICATION OF FINGER CAST,350.0,140.0,123.85,366.79,31
HCPCS,29105,29105 APPLICATION OF LOWER AND UPPER ARM SPLINT,350.0,140.0,123.85,366.79,31
HCPCS,29125,29125 APPLICATION OF NONMOVEABLE FOREARM TO HAND SPLINT,290.0,116.0,101.18,300.31,31
HCPCS,29126,29126 APPLICATION OF MOVEABLE OR HINGED FOREARM TO HAND SPLINT,250.0,100.0,101.18,300.31,31
HCPCS,29130,29130 APPLICATION OF NONMOVEABLE FINGER SPLINT,290.0,116.0,101.18,300.31,31
HCPCS,29131,29131 APPLICATION OF HINGED FINGER SPLINT,125.0,50.0,46.62,133.15,31
HCPCS,29200,29200 PLACEMENT OF STRAPPING TO CHEST,350.0,140.0,123.85,366.79,31
HCPCS,29240,29240 PLACEMENT OF STRAPPING TO SHOULDER,250.0,100.0,101.18,300.31,31
HCPCS,29260,29260 PLACEMENT OF STRAPPING TO ELBOW OR WRIST,142.0,56.8,46.62,142.0,31
HCPCS,29280,29280 PLACEMENT OF STRAPPING TO HAND OR FINGER,125.0,50.0,46.62,133.15,31
HCPCS,29305,29305 APPLICATION OF HIP SPICA CAST ON LEG,616.0,246.4,208.45,631.31,31
HCPCS,29325,APPLICATION OF HIP SPICA CAST ON BOTH LEGS,616.0,246.4,208.45,631.31,31
HCPCS,29345,29345 APPLICATION OF LONG LEG CAST FROM THIGH TO TOE,600.0,240.0,160.0,631.31,31
HCPCS,29345,APPLICATION OF LONG LEG CAST,600.0,240.0,160.0,631.31,62
HCPCS,29345,HC APPLICATION LONG LEG CAST CO,600.0,240.0,160.0,631.31,31
HCPCS,29345,HC APPLICATION OF LONG LEG CAST,600.0,240.0,208.45,631.31,31
HCPCS,29355,29355 APPLICATION OF WALKING CAST COVERING THIGH TO TOE,616.0,246.4,208.45,631.31,31
HCPCS,29358,29358 APPLICATION OF LONG LEG BRACE-TYPE CAST FROM THIGH TO TOE,616.0,246.4,208.45,631.31,31
HCPCS,29365,29365 APPLICATION OF THIGH TO LOWER LEG CYLINDER CAST,616.0,246.4,208.45,631.31,31
HCPCS,29405,29405 APPLICATION OF SHORT LEG CAST,510.0,204.0,160.0,631.31,31
HCPCS,29405,APPLY SHORT LEG CAST,510.0,204.0,160.0,631.31,124
HCPCS,29425,29425 APPLICATION OF WALKING CAST COVERING BELOW KNEE TO TOE,510.0,204.0,208.45,631.31,31
HCPCS,29435,29435 APPLICATION OF KNEECAP TENDON BEARING CAST,510.0,204.0,208.45,631.31,31
HCPCS,29440,29440 ADDITION OF WALKER TO PREVIOUSLY APPLIED CAST,350.0,140.0,123.85,366.79,31
HCPCS,29445,29445 APPLICATION OF WALKING CAST COVERING FOOT,600.0,240.0,208.45,631.31,31
HCPCS,29450,29450 APPLICATION OF LEG CAST AND MANIPULATION OF FOOT TO TREAT DEFORMITY,350.0,140.0,123.85,366.79,31
HCPCS,29505,29505 APPLICATION OF LONG LEG SPLINT FROM THIGH TO ANKLE OR TOE,350.0,140.0,123.85,366.79,31
HCPCS,29515,29515 APPLICATION OF SHORT LEG SPLINT FROM CALF TO FOOT,350.0,140.0,123.85,366.79,31
HCPCS,29520,29520 PLACEMENT OF STRAPPING TO HIP,250.0,100.0,101.18,300.31,31
HCPCS,29530,29530 PLACEMENT OF STRAPPING TO KNEE,250.0,100.0,101.18,300.31,31
HCPCS,29540,29540 PLACEMENT OF STRAPPING TO ANKLE OR FOOT,350.0,140.0,123.85,366.79,31
HCPCS,29550,29550 PLACEMENT OF STRAPPING TO TOES,125.0,50.0,46.62,133.15,31
HCPCS,29580,29580 STRAPPING,350.0,140.0,123.85,366.79,31
HCPCS,29581,29581 APPLICATION OF VEIN WOUND COMPRESSION BANDAGES ON LOWER LEG,350.0,140.0,123.85,366.79,31
HCPCS,29584,29584 APPLICATION OF VEIN WOUND COMPRESSION BANDAGES ON UPPER ARM,350.0,140.0,123.85,366.79,31
HCPCS,29700,29700 REMOVAL OR CUTTING OF GAUNTLET,616.0,246.4,208.45,631.31,31
HCPCS,29705,29705 REMOVAL OR CUTTING OF FULL ARM OR LEG CAST,510.0,204.0,160.0,631.31,31
HCPCS,29705,HC REMOVAL/REVISION OF CAST,600.0,240.0,208.45,631.31,31
HCPCS,29705,REMOVAL/REVISION OF CAST,510.0,204.0,160.0,631.31,31
HCPCS,29710,29710 REMOVAL OR CUTTING OF SHOULDER,616.0,246.4,208.45,631.31,31
HCPCS,29710,REMOVAL/REVISION OF CAST,510.0,204.0,208.45,631.31,31
HCPCS,29720,29720 REPAIR OF SPICA,350.0,140.0,123.85,366.79,31
HCPCS,29730,29730 EXAM OF SKIN SURFACE BY CREATION OF OPENING IN CAST,350.0,140.0,123.85,366.79,31
HCPCS,29740,29740 INSERTION OF WEDGE IN CAST,510.0,204.0,208.45,631.31,31
HCPCS,29750,29750 INSERTION OF WEDGE IN CLUBFOOT CAST,510.0,204.0,208.45,631.31,31
HCPCS,29799,29799 OTHER CASTING OR WRAPPING PROCEDURE,350.0,140.0,123.85,366.79,31
HCPCS,29799,CASTING/STRAPPING PROCEDURE,350.0,140.0,123.85,366.79,62
HCPCS,29848,29848 RELEASE OF WRIST LIGAMENT USING AN ENDOSCOPE,3500.0,1400.0,1256.16,3629.48,31
HCPCS,30000,30000 DRAINAGE OF ABSCESS OR BLOOD ACCUMULATION OF NOSE,510.0,204.0,182.27,534.61,31
HCPCS,30020,30020 DRAINAGE OF ABSCESS OR BLOOD ACCUMULATION OF NASAL CARTILAGE,1000.0,400.0,399.71,1217.35,31
HCPCS,30100,30100 BIOPSY OF LINING OF NOSE,3000.0,1200.0,1162.65,3502.16,31
HCPCS,30110,30110 SIMPLE REMOVAL OF NASAL POLYP,3000.0,1200.0,1162.65,3502.16,31
HCPCS,30300,30300 REMOVAL OF FOREIGN BODY IN NOSE,250.0,100.0,101.18,300.31,31
HCPCS,30901,30901 SIMPLE CONTROL OF NOSE BLEED,250.0,100.0,101.18,300.31,31
HCPCS,30903,30903 COMPLEX CONTROL OF NOSE BLEED,250.0,100.0,101.18,300.31,31
HCPCS,30905,30905 INITIAL CONTROL OF NOSE BLEED AND INSERTION OF PACKING,250.0,100.0,101.18,300.31,31
HCPCS,30906,30906 SUBSEQUENT CONTROL OF NOSEBLEED AND INSERTION OF PACKING,510.0,204.0,182.27,534.61,31
HCPCS,30999,30999 OTHER PROCEDURE ON NOSE,510.0,204.0,182.27,534.61,31
HCPCS,30999,HC NASAL PROCEDURE UNLISTED,500.0,200.0,182.27,534.61,31
HCPCS,31000,31000 IRRIGATION OF NASAL SINUS,510.0,204.0,182.27,534.61,31
HCPCS,31002,31002 IRRIGATION OF SPHENOID NASAL SINUS,3000.0,1200.0,1162.65,3502.16,31
HCPCS,31231,31231 DIAGNOSTIC EXAM OF NASAL PASSAGES USING AN ENDOSCOPE,420.0,168.0,152.38,450.54,31
HCPCS,31235,NASAL/SINUS ENDOSCOPY DX SPHENOID SINUSOSCOPY,3500.0,1400.0,1353.53,4017.5,31
HCPCS,31237,31237 BIOPSY OR REMOVAL OF NASAL POLYP OR TISSUE USING AN ENDOSCOPE,3500.0,1400.0,1353.53,4017.5,31
HCPCS,31238,31238 CONTROL OF BLEEDING OF NOSE USING AN ENDOSCOPE,3500.0,1400.0,1353.53,4017.5,31
HCPCS,31500,31500 EMERGENT INSERTION OF BREATHING TUBE INTO WINDPIPE USING AN ENDOSCOPE,500.0,200.0,182.27,534.61,31
HCPCS,31502,31502 CHANGE OF BREATHING TUBE IN WINDPIPE,500.0,200.0,182.27,534.61,31
HCPCS,31505,31505 DIAGNOSTIC EXAM OF VOICE BOX USING AN ENDOSCOPE WITH MIRROR,420.0,168.0,152.38,450.54,31
HCPCS,31511,31511 REMOVAL OF FOREIGN BODY IN VOICE BOX USING AN ENDOSCOPE WITH MIRROR,420.0,168.0,152.38,450.54,31
HCPCS,31525,31525 DIAGNOSTIC EXAM OF VOICE BOX USING AN ENDOSCOPE,3500.0,1400.0,1353.53,4017.5,31
HCPCS,31527,31527 INSERTION OF DEVICE TO CLOSE OPENING OF VOICE BOX USING AN ENDOSCOPE,6500.0,2600.0,2893.88,8415.44,31
HCPCS,31535,31535 BIOPSY OF VOICE BOX USING AN ENDOSCOPE,6500.0,2600.0,2893.88,8415.44,31
HCPCS,31575,31575 DIAGNOSTIC EXAM OF VOICE BOX USING A FLEXIBLE ENDOSCOPE,420.0,168.0,152.38,450.54,31
HCPCS,31577,31577 REMOVAL OF FOREIGN BODY IN VOICE BOX USING A FLEXIBLE ENDOSCOPE,420.0,168.0,243.6,882.81,31
HCPCS,31579,31579 EXAM TO ASSESS MOVEMENT OF VOCAL CORD FLAPS USING AN ENDOSCOPE,420.0,168.0,243.6,882.81,31
HCPCS,31599,31599 OTHER PROCEDURE ON VOICE BOX,2000.0,800.0,182.27,1800.0,31
HCPCS,31600,31600 INCISION OF WINDPIPE FOR INSERTION OF BREATHING TUBE (OLDER THAN 2 YEARS),6500.0,2600.0,2545.47,7483.5,31
HCPCS,31603,31603 EMERGENT INCISION OF WINDPIPE THROUGH NECK FOR INSERTION OF BREATHING TUBE,3000.0,1200.0,1162.65,3502.16,31
HCPCS,31605,31605 EMERGENT INCISION OF WINDPIPE FOR INSERTION OF BREATHING TUBE,510.0,204.0,182.27,534.61,31
HCPCS,31611,31611 CREATION OF OPENING OF WINDPIPE AND INSERTION OF SPEECH PROSTHESIS,6500.0,2600.0,2545.47,7483.5,31
HCPCS,31612,PUNCTURE/CLEAR WINDPIPE,7113.0,2845.2,2545.47,7483.5,31
HCPCS,31615,31615 EXAM OF WINDPIPE AND LUNG AIRWAYS THROUGH PERMANENT,1000.0,400.0,399.71,1217.35,31
HCPCS,31622,31622 DIAGNOSTIC EXAM OF LUNG AIRWAY USING AN ENDOSCOPE,3500.0,1400.0,1353.53,4017.5,31
HCPCS,31623,31623 EXAM OF LUNG AIRWAYS USING AN ENDOSCOPE,3500.0,1400.0,1353.53,4017.5,31
HCPCS,31624,31624 IRRIGATION AND SUCTION OF LUNG AIRWAYS TO OBTAIN CELLS USING AN ENDOSCOPE,3500.0,1400.0,1353.53,4017.5,31
HCPCS,31625,31625 BIOPSY OF LUNG AIRWAY USING AN ENDOSCOPE,3500.0,1400.0,1353.53,4017.5,31
HCPCS,31626,31626 PLACEMENT OF RADIATION THERAPY MARKERS INTO LUNG AIRWAYS USING AN  ENDO,13000.0,5200.0,5433.43,15929.76,31
HCPCS,31627,31627 COMPUTER-ASSISTED IMAGE-GUIDED NAVIGATION OF LUNG AIRWAYS USING AN  ENDO,3220.0,1288.0,1288.0,2898.0,17
HCPCS,31628,31628 BIOPSY OF LOBE OF LUNG USING AN ENDOSCOPE,6500.0,2600.0,2893.88,8415.44,31
HCPCS,31629,31629 NEEDLE BIOPSY OF WINDPIPE CARTILAGE,6500.0,2600.0,2893.88,8415.44,31
HCPCS,31630,31630 DILATION OF WINDPIPE CARTILAGE OR TREATMENT OF BROKEN,6500.0,2600.0,2893.88,8415.44,31
HCPCS,31631,31631 PLACEMENT OF STENT INTO WINDPIPE USING AN ENDOSCOPE,13000.0,5200.0,5433.43,15929.76,31
HCPCS,31632,31632 BIOPSY OF LOBE OF LUNG USING AN ENDOSCOPE,1500.0,600.0,600.0,1350.0,17
HCPCS,31633,31633 NEEDLE BIOPSY OF LOBE OF LUNG USING AN ENDOSCOPE,1500.0,600.0,600.0,1350.0,17
HCPCS,31634,BRONCH W/BALLOON OCCLUSION,15468.0,6187.2,5433.43,15929.76,31
HCPCS,31635,31635 REMOVAL OF FOREIGN BODY IN LUNG AIRWAYS USING AN ENDOSCOPE,3500.0,1400.0,1353.53,4017.5,31
HCPCS,31636,31636 PLACEMENT OF STENT IN LUNG AIRWAY USING AN ENDOSCOPE,13000.0,5200.0,5433.43,15929.76,31
HCPCS,31638,BRONCHOSCOPY REVISE STENT,14869.0,5947.6,5433.43,15929.76,31
HCPCS,31640,BRONCHOSCOPY WITH EXCISION,5733.0,2293.2,2893.88,8415.44,31
HCPCS,31641,31641 DESTRUCTION OF GROWTH OR NARROWING OF LUNG AIRWAY USING AN ENDOSCOPE,6500.0,2600.0,2893.88,8415.44,31
HCPCS,31643,31643 PLACEMENT OF TUBE FOR RADIATION DELIVERY IN LUNG AIRWAY USING AN ENDOSCOPE,3500.0,1400.0,1353.53,4017.5,31
HCPCS,31645,BRONCHOSCOPY W/THER ASPIR TRACHBRNCL TREE 1ST,3820.0,1528.0,1353.53,4017.5,31
HCPCS,31647,BRONCHIAL VALVE INIT INSERT,13000.0,5200.0,5433.43,15929.76,31
HCPCS,31648,BRONCHIAL VALVE REMOV INIT,6500.0,2600.0,2893.88,8415.44,31
HCPCS,31649,BRONCHIAL VALVE REMOV ADDL,3500.0,1400.0,1353.53,4017.5,31
HCPCS,31651,BRONCHIAL VALVE ADDL INSERT,2500.0,1000.0,1000.0,2250.0,17
HCPCS,31652,31652 EXAM OF LUNG AIRWAYS AND SAMPLING OF LYMPH NODES USING,6500.0,2600.0,2893.88,8415.44,31
HCPCS,31653,31653 EXAM OF LUNG AIRWAYS AND SAMPLING OF LYMPH NODES USING,6500.0,2600.0,2893.88,8415.44,31
HCPCS,31654,31654 EXAM OF LUNG AIRWAYS WITH DIAGNOSTIC OR THERAPEUTIC,4500.0,1800.0,1800.0,4050.0,17
HCPCS,31660,BRONCH THERMOPLSTY 1 LOBE,15468.0,6187.2,5433.43,15929.76,30
HCPCS,31720,31720 INSERTION OF TUBE INTO AIRWAY FOR ASPIRATION OF SECRETIONS,480.0,192.0,159.64,494.26,31
HCPCS,31730,INTRO WINDPIPE WIRE/TUBE,3741.0,1496.4,1353.53,4017.5,31
HCPCS,31899,31899 OTHER PROCEDURE ON WINDPIPE OR LUNG AIRWAY,420.0,168.0,152.38,450.54,31
HCPCS,32100,32100 INCISION AND EXPLORATION OF CHEST CAVITY,3500.0,1400.0,1400.0,3500.0,17
HCPCS,32110,32110 REPAIR OF TEAR OF LUNG AND/OR CONTROL OF TRAUMATIC BLEEDING THROUGH CHEST,3000.0,1200.0,1200.0,2700.0,17
HCPCS,32160,32160 MASSAGE OF HEART MUSCLE THROUGH CHEST,3500.0,1400.0,1400.0,3150.0,17
HCPCS,32400,32400 NEEDLE BIOPSY OF LINING OF LUNG,3500.0,1400.0,1271.72,3727.91,31
HCPCS,32408,32408 CORE NEEDLE BIOPSY OF LUNG OR CENTER CAVITY OF CHEST (MEDIASTINUM),3500.0,1400.0,1271.72,3727.91,31
HCPCS,32550,32550 INSERTION OF INDWELLING TUBE FOR DRAINAGE OF LUNG FLUID,6000.0,2400.0,2769.95,8081.51,31
HCPCS,32551,32551 REMOVAL OF FLUID FROM BETWEEN LUNG AND CHEST CAVITY,3000.0,1200.0,1219.29,3553.11,31
HCPCS,32552,32552 REMOVAL OF INDWELLING TUBE IN LINING OF LUNG,1300.0,520.0,485.27,1415.92,31
HCPCS,32553,32553 INSERTION OF DEVICE IN CHEST CAVITY FOR RADIATION THERAPY GUIDANCE,3224.0,1289.6,1073.95,3224.0,31
HCPCS,32554,32554 ASPIRATION OF FLUID FROM CHEST CAVITY,1300.0,520.0,485.27,1415.92,31
HCPCS,32555,32555 ASPIRATION OF FLUID FROM CHEST CAVITY USING IMAGING GUIDANCE,1300.0,520.0,485.27,1415.92,31
HCPCS,32556,32556 DRAINAGE OF FLUID FROM CHEST CAVITY WITH INSERTION OF INDWELLING TUBE,3900.0,1560.0,1435.2,4331.27,31
HCPCS,32557,32557 DRAINAGE OF FLUID FROM CHEST CAVITY WITH INSERTION OF INDWE,3000.0,1200.0,1219.29,3553.11,31
HCPCS,32560,32560 INSTILLATION OF AGENT ONTO LUNG SURFACE USING CHEST TUBE,1300.0,520.0,485.27,1415.92,31
HCPCS,32561,LYSE CHEST FIBRIN INIT DAY,1300.0,520.0,485.27,1415.92,31
HCPCS,32562,LYSE CHEST FIBRIN SUBQ DAY,1300.0,520.0,485.27,1415.92,31
HCPCS,32601,32601 DIAGNOSTIC EXAM OF LUNGS,10000.0,4000.0,4579.38,13645.68,31
HCPCS,32604,32604 BIOPSY OF HEART SAC USING AN ENDOSCOPE,10000.0,4000.0,5800.0,23993.15,31
HCPCS,32607,32607 BIOPSY OF FLUID COLLECTION OF LUNG USING AN ENDOSCOPE,10000.0,4000.0,5800.0,23993.15,31
HCPCS,32609,32609 BIOPSY OF LUNG LINING USING AN ENDOSCOPE,10000.0,4000.0,4579.38,13645.68,31
HCPCS,32650,32650 ADHESION OF LININGS OF LUNG USING AN ENDOSCOPE,4000.0,1600.0,1600.0,3600.0,17
HCPCS,32994,32994 DESTRUCTION OF GROWTH OF LUNG USING EXTREME COLD,10000.0,4000.0,5800.0,23993.15,25
HCPCS,32997,32997 IRRIGATION AND DRAINAGE OF LUNG,500.0,200.0,200.0,450.0,17
HCPCS,32998,32998 DESTRUCTION OF GROWTH OF LUNG USING RADIOFREQUENCY,10000.0,4000.0,4579.38,13645.68,31
HCPCS,32999,32999 OTHER PROCEDURE ON LUNG AND LUNG LINING,9378.0,3751.2,485.27,8440.2,31
HCPCS,33016,33016 DRAINAGE OF HEART SAC USING IMAGING GUIDANCE,3000.0,1200.0,1219.29,3553.11,31
HCPCS,33017,33017 DRAINAGE OF HEART SAC USING TUBE AND IMAGING GUIDANCE (6 YEARS OR OLDER),1000.0,400.0,400.0,1000.0,17
HCPCS,33018,33018 DRAINAGE OF HEART SAC USING TUBE AND IMAGING GUIDANCE  5 Y,1000.0,400.0,400.0,900.0,17
HCPCS,33019,33019 DRAINAGE OF HEART SAC USING TUBE AND CT IMAGING GUIDANCE,1000.0,400.0,400.0,1000.0,17
HCPCS,33206,33206 INSERTION OF PACEMAKER AND UPPER HEART CHAMBER ELECTRODE,22000.0,8800.0,8214.21,23591.74,31
HCPCS,33207,33207 INSERTION OF PACEMAKER AND LOWER HEART CHAMBER ELECTRODE,24000.0,9600.0,8214.21,24000.0,31
HCPCS,33208,33208 INSERTION OF PACEMAKER AND UPPER AND LOWER HEART CHAMBER ELECTRODE,24000.0,9600.0,8214.21,24000.0,31
HCPCS,33210,33210 INSERTION OF TEMPORARY PACEMAKER LEAD IN SINGLE HEART CHAMBER,16000.0,6400.0,6495.8,18678.81,31
HCPCS,33212,33212 INSERTION OF PACEMAKER PULSE GENERATOR WITH EXISTING SINGLE LEAD,16000.0,6400.0,6495.8,18678.81,31
HCPCS,33213,33213 INSERTION OF PACEMAKER PULSE GENERATOR WITH EXISTING DUAL LEADS,22000.0,8800.0,8214.21,23591.74,31
HCPCS,33214,33214 INSERTION OF 2 CHAMBER PACEMAKER SYSTEM,22000.0,8800.0,8214.21,23591.74,31
HCPCS,33215,33215 REPOSITIONING OF PACEMAKER OR DEFIBRILLATOR ELECTRODE,6000.0,2400.0,2470.47,7126.91,31
HCPCS,33216,33216 INSERTION OF 1 ELECTRODE FOR PERMANENT PACEMAKER OR DEFIBRILLATOR,16000.0,6400.0,6495.8,18678.81,31
HCPCS,33217,33217 INSERTION OF 2 ELECTRODES FOR PERMANENT PACEMAKER OR DEFIBRILLATOR,16000.0,6400.0,6495.8,18678.81,31
HCPCS,33218,33218 REPAIR OF ELECTRODE FOR PERMANENT PACEMAKER OR DEFIBRILLATOR,6000.0,2400.0,2856.48,8434.89,31
HCPCS,33220,33220 REPAIR OF 2 ELECTRODES FOR PERMANENT PACEMAKER OR DEFIBRILLATOR,6000.0,2400.0,2856.48,8434.89,31
HCPCS,33221,33221 INSERTION OF PACEMAKER PULSE GENERATOR WITH EXISTING MULTIPLE LEADS,36000.0,14400.0,14968.9,43476.57,31
HCPCS,33222,33222 RELOCATION OF PACEMAKER SKIN POCKET,4300.0,1720.0,1435.76,4657.14,31
HCPCS,33223,33223 RELOCATION OF DEFIBRILLATOR SKIN POCKET,4300.0,1720.0,1435.76,4657.14,31
HCPCS,33224,33224 INSERTION OF LEFT LOWER HEART ELECTRODE AND ATTACHMENT TO PACEMAKER,24000.0,9600.0,8214.21,24000.0,31
HCPCS,33225,33225 INSERTION OF LEFT LOWER HEART ELECTRODE FOR PACEMAKER OR DEFIBRILLATOR,3955.0,1582.0,1582.0,3955.0,17
HCPCS,33226,33226 REPOSITIONING OF LEFT LOWER HEART ELECTRODE,5500.0,2200.0,2470.47,7126.91,31
HCPCS,33227,33227 REMOVAL AND REPLACEMENT OF SINGLE LEAD PERMANENT PACEMAKER,16000.0,6400.0,6495.8,18678.81,31
HCPCS,33228,33228 REMOVAL AND REPLACEMENT OF DUAL LEAD PERMANENT PACEMAKER,24000.0,9600.0,8214.21,24000.0,31
HCPCS,33229,33229 REMOVAL AND REPLACEMENT OF MULTIPLE LEAD PERMANENT PACEMAKER,46000.0,18400.0,14968.9,46000.0,31
HCPCS,33230,33230 INSERTION OF DEFIBRILLATOR WITH EXISTING DUAL LEADS,50000.0,20000.0,17617.95,50207.14,31
HCPCS,33231,33231 INSERTION OF DEFIBRILLATOR WITH EXISTING MULTIPLE LEADS,54825.0,21930.0,25165.04,70849.45,31
HCPCS,33233,33233 REMOVAL OF PERMANENT PACEMAKER PULSE GENERATOR,18000.0,7200.0,6495.8,18678.81,31
HCPCS,33234,33234 REMOVAL OF SINGLE ELECTRODE FROM RIGHT HEART,6000.0,2400.0,2856.48,8434.89,31
HCPCS,33235,33235 REMOVAL OF DUAL ELECTRODES FROM RIGHT HEART,6000.0,2400.0,2856.48,8434.89,31
HCPCS,33240,33240 INSERTION OF DEFIBRILLATOR WITH EXISTING SINGLE LEAD,50000.0,20000.0,17617.95,50207.14,31
HCPCS,33241,33241 REMOVAL OF DEFIBRILLATOR,6000.0,2400.0,2856.48,8434.89,31
HCPCS,33244,33244 REMOVAL OF DEFIBRILLATOR ELECTRODES THROUGH VEIN,6000.0,2400.0,2856.48,8434.89,31
HCPCS,33249,33249 INSERTION OF IMPLANTABLE DEFIBRILLATOR SYSTEM,61500.0,24600.0,25165.04,70849.45,31
HCPCS,33262,33262 REMOVAL AND REPLACEMENT OF SINGLE LEAD DEFIBRILLATOR,54825.0,21930.0,17617.95,54825.0,31
HCPCS,33263,33263 REMOVAL AND REPLACEMENT OF DUAL LEAD DEFIBRILLATOR,54825.0,21930.0,17617.95,54825.0,31
HCPCS,33264,33264 REMOVAL AND REPLACEMENT OF MULTIPLE LEAD DEFIBRILLATOR,61500.0,24600.0,25165.04,70849.45,31
HCPCS,33270,33270 INSERTION OR REPLACEMENT OF DEFIBRILLATOR WITH ELECTRODE,86240.0,34496.0,25165.04,78785.91,31
HCPCS,33271,33271 INSERTION OF DEFIBRILLATOR ELECTRODE,20000.0,8000.0,6495.8,20000.0,31
HCPCS,33272,33272 REMOVAL OF DEFIBRILLATOR ELECTRODE,6000.0,2400.0,2856.48,8434.89,31
HCPCS,33273,33273 REPOSITIONING OF DEFIBRILLATOR ELECTRODE,6000.0,2400.0,2856.48,8434.89,31
HCPCS,33274,33274 INSERTION OF PERMANENT LEADLESS PACEMAKER USING IMAGING GUIDANCE,36950.0,14780.0,17390.63,43476.57,24
HCPCS,33275,33275 REMOVAL OF PERMANENT LEADLESS PACEMAKER USING IMAGING GUIDANCE,6000.0,2400.0,2850.77,7126.91,24
HCPCS,33285,33285 INSERTION OF HEART RHYTHM MONITOR UNDER SKIN,18000.0,7200.0,6495.8,18678.81,31
HCPCS,33286,33286 REMOVAL OF HEART RHYTHM MONITOR FROM UNDER THE SKIN,1500.0,600.0,552.24,1598.36,31
HCPCS,33289,TCAT IMPL WRLS P-ART PRS SNR L-T HEMODYN MNTR,66100.0,26440.0,25897.08,66100.0,25
HCPCS,33340,33340 REPAIR OF LEFT UPPER HEART CHAMBER WITH IMPLANT WITH REVIEW BY RADIOLOGIST,4000.0,1600.0,1600.0,4000.0,17
HCPCS,33361,33361 REPLACEMENT OF AORTIC VALVE THROUGH THE SKIN AND FEMORAL ARTERY,17000.0,6800.0,4093.0,15300.0,17
HCPCS,33362,33362 REPLACEMENT OF AORTIC VALVE BY THROUGH FEMORAL ARTERY,15000.0,6000.0,4093.0,13500.0,17
HCPCS,33363,33363 REPLACEMENT OF AORTIC VALVE THROUGH AXILLARY ARTERY,15000.0,6000.0,4093.0,13500.0,17
HCPCS,33364,33364 REPLACEMENT OF AORTIC VALVE THROUGH ILIAC ARTERY,15000.0,6000.0,4093.0,13500.0,17
HCPCS,33365,33365 REPLACEMENT OF AORTIC VALVE BY TUBE THROUGH AORTA,15000.0,6000.0,4093.0,13500.0,17
HCPCS,33366,33366 REPLACEMENT OF AORTIC VALVE BY TUBE THROUGH HEART,15000.0,6000.0,4093.0,13500.0,17
HCPCS,33418,33418 REPAIR OF MITRAL VALVE THROUGH THE SKIN,10000.0,4000.0,4000.0,9000.0,17
HCPCS,33419,33419 REPAIR OF MITRAL VALVE THROUGH THE SKIN,15000.0,6000.0,1888.0,13500.0,17
HCPCS,33477,33477 INSERTION OF PULMONARY VALVE,15000.0,6000.0,4093.0,13500.0,17
HCPCS,33602,33602 CLOSURE OF AORTIC OR PULMONARY VALVE,3000.0,1200.0,1200.0,3000.0,17
HCPCS,33741,33741 INCISION OF PARTITION BETWEEN UPPER CHAMBERS OF HEART TO ALLOW BLOOD,4000.0,1600.0,1600.0,4000.0,17
HCPCS,33745,HC TIS CGEN CAR ANOMAL 1ST SHNT,18500.0,7400.0,4093.0,16650.0,17
HCPCS,33880,33880 REPAIR OF DESCENDING AORTA AND SUBCLAVIAN ARTERY WITH INSERTION,5000.0,2000.0,2000.0,4538.0,17
HCPCS,33881,33881 REPAIR OF DESCENDING AORTA WITH INSERTION OF GRAFT AND EXTENSIONS,5000.0,2000.0,2000.0,4538.0,17
HCPCS,33883,33883 REPAIR OF DESCENDING AORTA,5000.0,2000.0,2000.0,4538.0,17
HCPCS,33886,33886 INSERTION OF EXTENSION AFTER PREVIOUS REPAIR OF DESCENDING AORTA,5000.0,2000.0,2000.0,4538.0,17
HCPCS,33889,33889 TRANSFER OF CHEST ARTERY TO NECK ARTERY AND REPAIR OF DESCENDING AORTA,5000.0,2000.0,2000.0,4538.0,17
HCPCS,33891,33891 BYPASS GRAFT OF NECK ARTERY AND REPAIR OF DESCENDING AORTA,5000.0,2000.0,2000.0,4538.0,17
HCPCS,33894,EVASC ST RPR THRC/AA ACRS BR,15000.0,6000.0,4093.0,13500.0,17
HCPCS,33897,PERQ TRANSLUMINAL ANGIOPLASTY NATIVE/RECR COA,8979.0,3591.6,3591.6,8081.1,17
HCPCS,33900,PERQ P-ART REVSC 1 NM NT UNI,20000.0,8000.0,8901.18,26056.99,31
HCPCS,33901,PERQ P-ART REVSC 1 NM NT BI,23202.0,9280.8,8901.18,26056.99,31
HCPCS,33902,PERQ P-ART REVSC ST 1ST ABNOR CONNJ UNILATERA,20000.0,8000.0,11600.0,41377.29,31
HCPCS,33903,PERQ P-ART REVSC ST 1ST ABNORMAL CONNJ BILATERAL,25000.0,10000.0,8901.18,26056.99,31
HCPCS,33904,PERQ P-ART REVSC ST EA ADDL VSL/SEP LES NM/ABNL,5000.0,2000.0,1888.0,4500.0,17
HCPCS,33946,33946 INITIATION OF ECMO EXTERNAL VEIN TO VEIN BLOOD CIRCULATION IN HEART,10000.0,4000.0,4000.0,9000.0,17
HCPCS,33947,33947 INITIATION OF ECMO EXTERNAL VEIN TO ARTERY BLOOD CIRCULATION IN HEART,10000.0,4000.0,4000.0,9000.0,17
HCPCS,33948,33948 DAILY MANAGEMENT OF ECMO EXTERNAL VEIN TO VEIN BLOOD CIRCULATION,10000.0,4000.0,4000.0,9000.0,17
HCPCS,33949,33949 DAILY MANAGEMENT OF ECMO EXTERNAL VEIN TO ARTERY BLOOD CIRC,10000.0,4000.0,4000.0,9000.0,17
HCPCS,33951,33951 INSERTION OF TUBE THROUGH THE SKIN FOR ECMO EXTERNAL BLOOD CIRC,7500.0,3000.0,3000.0,6750.0,17
HCPCS,33952,33952 INSERTION OF TUBE THROUGH THE SKIN FOR ECMO EXTERNAL BLOOD CIR,10000.0,4000.0,4000.0,9000.0,17
HCPCS,33953,33953 INSERTION OF TUBE FOR ECMO EXTERNAL BLOOD CIRCULATION IN HEART,10000.0,4000.0,4000.0,9000.0,17
HCPCS,33954,33954 INSERTION OF TUBE FOR ECMO EXTERNAL BLOOD CIRCULATION IN HEART,10000.0,4000.0,4000.0,9000.0,17
HCPCS,33955,33955 INSERTION OF TUBE THROUGH THE CHEST FOR ECMO EXTERNAL BLOOD,10000.0,4000.0,4000.0,9000.0,17
HCPCS,33956,33956 INSERTION OF TUBE THROUGH THE CHEST FOR ECMO EXTERNAL BLOOD,10000.0,4000.0,4000.0,9000.0,17
HCPCS,33957,33957 REPOSITIONING OF TUBE FOR ECMO EXTERNAL BLOOD CIRCUL,8000.0,3200.0,3200.0,7200.0,17
HCPCS,33958,33958 REPOSITIONING OF TUBE FOR ECMO EXTERNAL BLOOD CIRCUL,8000.0,3200.0,3200.0,7200.0,17
HCPCS,33959,33959 REPOSITIONING OF TUBE OPEN PROCEDURE FOR ECMO,7500.0,3000.0,3000.0,6750.0,17
HCPCS,33962,33962 REPOSITIONING OF TUBE OPEN PROCEDURE FOR ECMO EXTERNAL,7500.0,3000.0,3000.0,6750.0,17
HCPCS,33963,33963 REPOSITIONING OF TUBE THROUGH THE CHEST FOR ECMO EXTERNAL,8000.0,3200.0,3200.0,7200.0,17
HCPCS,33964,33964 REPOSITIONING OF TUBE THROUGH THE CHEST FOR ECMO EXTERNAL BLOOD,8000.0,3200.0,3200.0,7200.0,17
HCPCS,33965,33965 REMOVAL OF TUBE THROUGH SKIN FOR ECMO EXTERNAL BLOOD CIRCULATION IN HEART,7500.0,3000.0,3000.0,6750.0,17
HCPCS,33966,33966 REMOVAL OF TUBE THROUGH SKIN FOR ECMO EXTERNAL BLOOD CIRCULATION IN HEART,10000.0,4000.0,4000.0,9000.0,17
HCPCS,33967,33967 INSERTION OF BLOOD FLOW ASSIST DEVICE IN AORTA THROUGH SKIN,2750.0,1100.0,1100.0,2750.0,17
HCPCS,33968,33968 REMOVAL OF BLOOD FLOW ASSIST DEVICE IN AORTA,300.0,120.0,120.0,300.0,17
HCPCS,33969,33969 REMOVAL OF TUBE FOR ECMO EXTERNAL BLOOD CIRCULATION IN HEART,10000.0,4000.0,4000.0,9000.0,17
HCPCS,33975,33975 INSERTION OF EXTERNAL BLOOD FLOW ASSIST DEVICE IN LOWER HEART CHAMBER,10000.0,4000.0,4000.0,9000.0,17
HCPCS,33977,33977 REMOVAL OF EXTERNAL BLOOD FLOW ASSIST DEVICE IN LOWER HEART CHAMBER,8000.0,3200.0,3200.0,7200.0,17
HCPCS,33984,33984 REMOVAL OF TUBE FOR ECMO EXTERNAL BLOOD CIRCULATION IN HEART,10000.0,4000.0,4000.0,9000.0,17
HCPCS,33985,33985 REMOVAL OF TUBE THROUGH THE CHEST FOR ECMO EXTERNAL BLOOD CIRCULATION,10000.0,4000.0,4000.0,9000.0,17
HCPCS,33986,33986 REMOVAL OF TUBE THROUGH THE CHEST FOR ECMO EXTERNAL BLOOD CIRCULATION,8000.0,3200.0,3200.0,7200.0,17
HCPCS,33987,33987 INCISION OF ARTERY FOR CREATION OF CHANNEL FOR ECMO EXTERNAL BLOOD,7500.0,3000.0,3000.0,6750.0,17
HCPCS,33988,33988 INSERTION OF LEFT HEART VENT THROUGH CHEST FOR ECMO EXTERNAL BLOOD,7500.0,3000.0,3000.0,6750.0,17
HCPCS,33989,33989 REMOVAL OF LEFT HEART VENT THROUGH CHEST FOR ECMO EXTERNAL BLOOD,7500.0,3000.0,3000.0,6750.0,17
HCPCS,33990,33990 INSERTION OF BLOOD FLOW ASSIST   IN LOWER HEART CHAMBER THROUGH SKIN,8000.0,3200.0,3200.0,7200.0,17
HCPCS,33991,33991 INSERTION OF BLOOD FLOW ASSIST   IN LOWER HEART CHAMBER THROUGH SKIN,8000.0,3200.0,3200.0,7200.0,17
HCPCS,33992,33992 REMOVAL OF BLOOD FLOW ASSIST   IN LEFT LOWER HEART CHAMBER,5600.0,2240.0,2240.0,5040.0,17
HCPCS,33993,33993 REPOSITIONING OF BLOOD FLOW ASSIST   IN LOWER HEART CHAMBER,150.0,60.0,60.0,150.0,17
HCPCS,33995,INSJ PERQ VAD W/RSANDI R HEART VENOUS ACCESS ONLY,8000.0,3200.0,3200.0,7200.0,17
HCPCS,33999,33999 OTHER HEART SURGERY PROCEDURE,1300.0,520.0,485.27,1415.92,31
HCPCS,33999,CARDIAC SURGERY PROCEDURE,18500.0,7400.0,485.27,16650.0,31
HCPCS,34201,34201 REMOVAL OF BLOOD CLOT IN ARTERY OF GROIN AND LEG,6600.0,2640.0,3828.0,12559.89,31
HCPCS,34203,34203 REMOVAL OF BLOOD CLOT IN ARTERY OF LOWER LEG,6600.0,2640.0,3828.0,12559.89,31
HCPCS,34701,34701 REPAIR OF AORTA WITH GRAFT FOR OTHER THAN RUPTURE,5000.0,2000.0,2000.0,4538.0,17
HCPCS,34702,34702 REPAIR OF RUPTURED AORTA WITH GRAFT WITH REVIEW BY RADIOLOGIST,5000.0,2000.0,2000.0,4538.0,17
HCPCS,34703,34703 REPAIR OF INFRARENAL AORTA AND GROIN ARTERY WITH GRAFT,5000.0,2000.0,2000.0,4538.0,17
HCPCS,34704,34704 REPAIR OF INFRARENAL AORTA AND GROIN ARTERY WITH GRAFT FOR RUPTURE,5000.0,2000.0,2000.0,4538.0,17
HCPCS,34705,34705 REPAIR OF INFRARENAL AORTA AND GROIN ARTERY WITH GRAFT,5000.0,2000.0,2000.0,4538.0,17
HCPCS,34706,34706 REPAIR OF INFRARENAL AORTA AND GROIN ARTERY WITH GRAFT,4000.0,1600.0,1600.0,4000.0,17
HCPCS,34707,34707 REPAIR OF GROIN ARTERY WITH GRAFT FOR OTHER THAN RUPTURE,6000.0,2400.0,2400.0,5400.0,17
HCPCS,34708,34708 REPAIR OF GROIN ARTERY WITH GRAFT FOR RUPTURE WITH REVIEW BY RADIOLOGIST,5000.0,2000.0,2000.0,4538.0,17
HCPCS,34709,34709 REPAIR OF ABDOMINAL OR GROIN ARTERY WITH PROSTHESIS,5000.0,2000.0,2000.0,4538.0,17
HCPCS,34710,34710 DELAYED INSERTION OF PROSTHESIS FOR REPAIR OF ABDOMINAL OR GROIN ARTERY,2000.0,800.0,800.0,2000.0,17
HCPCS,34711,34711 DELAYED INSERTION OF PROSTHESIS FOR REPAIR OF ABDOMINAL OR GROIN ARTERY,2000.0,800.0,800.0,2000.0,17
HCPCS,34808,34808 INSERTION OF DEVICE TO BLOCK GROIN ARTERY,3000.0,1200.0,1200.0,3000.0,17
HCPCS,34812,34812 EXPOSURE OF THIGH ARTERY FOR INSERTION OF PROSTHESIS,5000.0,2000.0,2000.0,4538.0,17
HCPCS,34813,34813 INSERTION OF GRAFT IN UPPER THIGH ARTERY,2000.0,800.0,800.0,2000.0,17
HCPCS,34820,34820 EXPOSURE OF GROIN ARTERY FOR INSERTION OF PROSTHESIS,3000.0,1200.0,1200.0,3000.0,17
HCPCS,34830,34830 REPAIR OF ANEURYSM OF AORTA WITH PROSTHESIS,5000.0,2000.0,2000.0,4538.0,17
HCPCS,34831,34831 REPAIR OF ANEURYSM OF AORTA OR GROIN ARTERY WITH PROSTHESIS,5000.0,2000.0,2000.0,4538.0,17
HCPCS,34832,34832 REPAIR OF ANEURYSM OF AORTA OR UPPER THIGH ARTERY WITH PROTHESIS,5000.0,2000.0,2000.0,4538.0,17
HCPCS,34834,34834 EXPOSURE OF ARM ARTERY FOR INSERTION OF PROSTHESIS,5000.0,2000.0,2000.0,4538.0,17
HCPCS,35190,REPAIR ACQ AV FISTULA XTR,13622.0,5448.8,4242.92,13622.0,31
HCPCS,35206,35206 REPAIR OF BLOOD VESSEL OF ARM,5500.0,2200.0,2470.47,7126.91,31
HCPCS,35207,35207 REPAIR OF BLOOD VESSEL OF HAND OR FINGER,6000.0,2400.0,2470.47,7126.91,31
HCPCS,35226,35226 REPAIR OF BLOOD VESSEL OF LEG,1589.0,635.6,552.24,1598.36,31
HCPCS,35302,35302 REMOVAL OF BLOOD CLOT AND PORTION OF SUPERFICIAL FEMORAL ARTERY,5000.0,2000.0,2000.0,4538.0,17
HCPCS,35303,35303 REMOVAL OF BLOOD CLOT AND PORTION OF POPLITEAL ARTERY,4000.0,1600.0,1600.0,4000.0,17
HCPCS,35304,35304 REMOVAL OF BLOOD CLOT AND PORTION OF TIBIOPERONEAL TRUNK ARTERY,4000.0,1600.0,1600.0,4000.0,17
HCPCS,35305,35305 REMOVAL OF BLOOD CLOT AND PORTION OF TIBIAL OR PERONEAL ARTERY,2000.0,800.0,800.0,2000.0,17
HCPCS,35351,35351 REMOVAL OF BLOOD CLOT AND PORTION OF ARTERY OF GROIN,5000.0,2000.0,2000.0,4538.0,17
HCPCS,35355,35355 REMOVAL OF BLOOD CLOT AND PORTION OF ARTERY OF UPPER THIGH,5000.0,2000.0,2000.0,4538.0,17
HCPCS,35371,35371 REMOVAL OF BLOOD CLOT AND PORTION OF UPPER THIGH ARTERY,5000.0,2000.0,2000.0,4538.0,17
HCPCS,35372,35372 REMOVAL OF BLOOD CLOT AND PORTION OF DEEP UPPER THIGH ARTERY,5000.0,2000.0,2900.0,12559.89,25
HCPCS,35860,35860 EXPLORATION OF ARM OR LEG FOR BLEEDING,6000.0,2400.0,2470.47,7126.91,31
HCPCS,36002,36002 INJECTION TO CAUSE BLOOD CLOT IN DISEASED OR PSEUDOANEURYSM OF ARM OR LEG,1300.0,520.0,485.27,1415.92,31
HCPCS,36005,36005 INJECTION FOR X-RAY IMAGING PROCEDURE INTO VEIN OF ARM OR LEG,1905.0,762.0,762.0,1714.5,17
HCPCS,36010,36010 INSERTION OF TUBE INTO VENA CAVA,2756.0,1102.4,1102.4,2480.4,17
HCPCS,36011,36011 INSERTION OF TUBE INTO VEIN,1905.0,762.0,762.0,1905.0,17
HCPCS,36012,36012 INSERTION OF TUBE INTO VEIN,2007.0,802.8,802.8,1970.0,17
HCPCS,36013,36013 INSERTION OF TUBE INTO RIGHT HEART OR MAIN PULMONARY ARTERY,4076.0,1630.4,1630.4,3668.4,17
HCPCS,36014,36014 INSERTION OF TUBE INTO LEFT OR RIGHT PULMONARY ARTERY,2867.0,1146.8,1146.8,2580.3,17
HCPCS,36015,36015 INSERTION OF TUBE INTO ARTERY OF LOBE OF LUNG,653.0,261.2,261.2,653.0,17
HCPCS,36100,36100 INSERTION OF NEEDLE OR TUBE INTO ARTERY OF NECK OR BRAIN,2500.0,1000.0,1000.0,2250.0,17
HCPCS,36140,36140 INSERTION OF NEEDLE OR TUBE INTO ARTERY OF ARM OR LEG,2331.0,932.4,932.4,2097.9,17
HCPCS,36160,36160 INSERTION OF NEEDLE OR TUBE INTO AORTA,1500.0,600.0,600.0,1500.0,17
HCPCS,36200,36200 INSERTION OF TUBE INTO AORTA,3335.0,1334.0,1334.0,3001.5,17
HCPCS,36215,36215 INSERTION OF TUBE INTO CHEST OR ARM ARTERY,3510.0,1404.0,1404.0,3159.0,17
HCPCS,36216,36216 INSERTION OF TUBE INTO CHEST OR ARM ARTERY,1651.0,660.4,660.4,1485.9,17
HCPCS,36217,36217 INSERTION OF TUBE INTO CHEST OR ARM ARTERY,2998.0,1199.2,1199.2,2698.2,17
HCPCS,36218,36218 INSERTION OF TUBE INTO CHEST OR ARM ARTERY,1905.0,762.0,762.0,1905.0,17
HCPCS,36221,36221 INSERTION OF TUBE INTO CHEST AORTA FOR DIAGNOSIS OR TREATMENT,5500.0,2200.0,2470.47,7126.91,31
HCPCS,36222,36222 INSERTION OF TUBE INTO EXTRACRANIAL ARTERY FOR DIAGNOSIS OR TREATMENT,7309.0,2923.6,2470.47,7309.0,31
HCPCS,36223,36223 INSERTION OF TUBE INTO INTRACRANIAL ARTERY FOR DIAGNOSIS OR TREATMENT,12176.0,4870.4,4242.92,12559.89,31
HCPCS,36224,36224 INSERTION OF TUBE INTO INTERNAL NECK ARTERY FOR DIAGNOSIS OR TREATMENT,12176.0,4870.4,4242.92,12559.89,31
HCPCS,36225,36225 INSERTION OF TUBE INTO CHEST ARTERY FOR DIAGNOSIS OR TREATMENT,6000.0,2400.0,2470.47,7126.91,31
HCPCS,36226,36226 INSERTION OF TUBE INTO BRAIN ARTERY FOR DIAGNOSIS OR TREATMENT,12175.0,4870.0,4242.92,12559.89,31
HCPCS,36227,36227 INSERTION OF TUBE INTO EXTERNAL NECK ARTERY FOR DIAGNOSIS OR TREATMENT,6054.0,2421.6,1888.0,5448.6,17
HCPCS,36228,36228 INSERTION OF TUBE INTO NECK OR BRAIN ARTERY FOR DIAGNOSIS OR TREATMENT,5207.0,2082.8,1888.0,4686.3,17
HCPCS,36245,36245 INSERTION OF TUBE INTO ABDOMINAL,3492.0,1396.8,1396.8,3142.8,17
HCPCS,36246,36246 INSERTION OF TUBE INTO ABDOMINAL,2395.0,958.0,958.0,2155.5,17
HCPCS,36247,36247 INSERTION OF TUBE INTO ABDOMINAL,2780.0,1112.0,1112.0,2502.0,17
HCPCS,36248,36248 INSERTION OF TUBE INTO ABDOMINAL,1905.0,762.0,762.0,1905.0,17
HCPCS,36251,36251 INSERTION OF TUBE INTO FIRST ORDER MAIN AND ACCESSORY ARTERIES,5500.0,2200.0,2470.47,7126.91,31
HCPCS,36252,36252 INSERTION OF TUBE INTO FIRST ORDER MAIN AND ACCESSORY ARTERIES,6000.0,2400.0,2470.47,7126.91,31
HCPCS,36253,36253 INSERTION OF TUBE INTO SECOND OR THIRD ORDER BRANCHES OF ARTERIES,6600.0,2640.0,3828.0,12559.89,31
HCPCS,36254,36254 INSERTION OF TUBE INTO SECOND OR THIRD ORDER BRANCHES OF ARTERIES,5500.0,2200.0,2470.47,7126.91,31
HCPCS,36400,36400 INSERTION OF NEEDLE INTO UPPER LEG OR NECK VEIN (YOUNGER THAN 3 YEARS),82.0,32.8,32.8,73.8,13
HCPCS,36405,INSERTION OF NEEDLE INTO SCALP VEIN (YOUNGER THAN 3 YEARS),51.0,20.4,20.4,51.0,17
HCPCS,36406,BL DRAW <3 YRS OTHER VEIN,52.0,20.8,20.8,52.0,17
HCPCS,36410,36410 INSERTION OF NEEDLE INTO VEIN (3 YEARS OR OLDER),82.0,32.8,32.8,73.8,17
HCPCS,36415,ROUTINE VENIPUNCTURE,29.0,11.6,3.6,26.25,28
HCPCS,36416,36416 PUNCTURE OF SKIN FOR COLLECTION OF BLOOD SAMPLE,26.0,10.4,3.44,23.4,15
HCPCS,36430,36430 TRANSFUSION OF BLOOD OR BLOOD PRODUCTS,990.0,396.0,343.14,995.8,31
HCPCS,36440,36440 PUSH BLOOD TRANSFUSION (2 YEARS OR YOUNGER),1013.0,405.2,343.14,1013.0,31
HCPCS,36455,36455 EXCHANGE BLOOD TRANSFUSION,990.0,396.0,343.14,995.8,31
HCPCS,36460,36460 INTRAUTERINE FETAL TRANSFUSION,1013.0,405.2,343.14,1013.0,31
HCPCS,36468,36468 INJECTION OF CHEMICAL AGENT INTO SPIDER VEIN OF ARM,850.0,340.0,367.03,917.57,25
HCPCS,36470,36470 INJECTION OF CHEMICAL AGENT INTO SINGLE INCOMPETENT VEIN,883.0,353.2,367.03,917.57,25
HCPCS,36471,36471 INJECTION OF CHEMICAL AGENT INTO MULTIPLE INCOMPETENT VEINS OF LEG,883.0,353.2,367.03,917.57,25
HCPCS,36473,36473 MECHANOCHEMICAL DESTRUCTION OF FIRST INCOMPETENT VEIN OF ARM,6000.0,2400.0,2470.47,7126.91,31
HCPCS,36474,36474 MECHANOCHEMICAL DESTRUCTION OF SUBSEQUENT INCOMPETENT VEINS,3250.0,1300.0,1300.0,2925.0,17
HCPCS,36475,36475 DESTRUCTION OF FIRST INCOMPETENT VEIN OF ARM OR LEG USING RADIOFR,6000.0,2400.0,2470.47,7126.91,31
HCPCS,36476,36476 DESTRUCTION OF SUBSEQUENT INCOMPETENT VEINS OF ARM OR LEG USING RADIOFR,3000.0,1200.0,1200.0,2700.0,17
HCPCS,36478,36478 LASER DESTRUCTION OF INCOMPETENT VEIN OF ARM OR LEG USING IMAGING GUIDANCE,6000.0,2400.0,2470.47,7126.91,31
HCPCS,36479,36479 LASER DESTRUCTION OF INCOMPETENT VEINS OF ARM OR LEG USING IMAGING,3000.0,1200.0,1200.0,2700.0,17
HCPCS,36481,36481 INSERTION OF TUBE INTO PORTAL VEIN OF LIVER,2798.0,1119.2,1119.2,2518.2,17
HCPCS,36500,36500 INSERTION OF TUBE INTO VEIN WITH COLLECTION OF BLOOD SAMPLE,1905.0,762.0,762.0,1905.0,17
HCPCS,36510,36510 INSERTION OF TUBE INTO UMBILICAL VEIN,250.0,100.0,100.0,250.0,17
HCPCS,36511,36511 MECHANICAL SEPARATION OF WHITE BLOOD CELLS FROM BLOOD,2900.0,1160.0,1286.67,3515.35,31
HCPCS,36512,36512 MECHANICAL SEPARATION OF RED BLOOD CELLS FROM BLOOD,2900.0,1160.0,1286.67,3515.35,31
HCPCS,36513,36513 MECHANICAL SEPARATION OF PLATELET CELLS FROM BLOOD,1013.0,405.2,343.14,1013.0,31
HCPCS,36514,36514 MECHANICAL SEPARATION OF PLASMA FROM BLOOD,2900.0,1160.0,1286.67,3515.35,31
HCPCS,36516,36516 MECHANICAL SEPARATION OF PLASMA AND ABNORMAL ANTIBODIES FROM BLOOD,8500.0,3400.0,3677.38,9831.03,31
HCPCS,36522,36522 MECHANICAL SEPARATION OF WHITE BLOOD CELLS AND PLATELETS FROM BLOOD,8585.0,3434.0,3677.38,9831.03,31
HCPCS,36555,36555 INSERTION OF NON-TUNNELED CENTRAL VENOUS TUBE FOR INFUSION  YOUNG,5500.0,2200.0,2850.77,7126.91,25
HCPCS,36556,36556 INSERTION OF NON-TUNNELED CENTRAL VENOUS TUBE FOR INFUSION  5,5500.0,2200.0,2470.47,7126.91,31
HCPCS,36557,36557 INSERTION OF TUNNELED CENTRAL VENOUS TUBE FOR INFUSION  YOUNGER THAN 5,6600.0,2640.0,3828.0,12559.89,25
HCPCS,36558,36558 INSERTION OF TUNNELED CENTRAL VENOUS TUBE FOR INFUSION (5 YEARS OR OLDER),6000.0,2400.0,2470.47,7126.91,31
HCPCS,36560,36560 INSERTION OF CENTRAL VENOUS TUBE WITH PORT (YOUNGER THAN 5 YEARS),5500.0,2200.0,2850.77,7126.91,25
HCPCS,36561,36561 INSERTION OF CENTRAL VENOUS TUBE WITH PORT (5 YEARS OR OLDER),6000.0,2400.0,2470.47,7126.91,31
HCPCS,36563,36563 INSERTION OF CENTRAL VENOUS TUBE WITH PUMP,6600.0,2640.0,3828.0,12559.89,31
HCPCS,36565,36565 INSERTION OF 2 CENTRAL VENOUS TUBES IN 2 VEINS FOR INFUSION,5500.0,2200.0,2470.47,7126.91,31
HCPCS,36566,36566 INSERTION OF 2 CENTRAL VENOUS TUBES IN 2 VEINS WITH PORT,6600.0,2640.0,3828.0,12559.89,31
HCPCS,36568,36568 INSERTION OF TUBE FOR INFUSION (YOUNGER THAN 5 YEARS),3000.0,1200.0,1219.29,3553.11,31
HCPCS,36569,36569 INSERTION OF TUBE FOR INFUSION (5 YEARS OR OLDER),3000.0,1200.0,1219.29,3553.11,31
HCPCS,36570,36570 INSERTION OF CENTRAL VENOUS TUBE WITH PORT FOR INFUSION  YOUNGER THAN 5,5500.0,2200.0,2850.77,7126.91,25
HCPCS,36571,36571 INSERTION OF CENTRAL VENOUS TUBE WITH PORT FOR INFUSION (5 YEARS OR OLDER),5500.0,2200.0,2470.47,7126.91,31
HCPCS,36572,INSJ PICC RSANDI <5 YR,1491.0,596.4,566.37,1491.0,25
HCPCS,36573,36573 INSERTION OF TUBE FOR INFUSION WITH IMAGING GUIDANCE,3000.0,1200.0,1219.29,3553.11,31
HCPCS,36575,36575 REPAIR OF CENTRAL VENOUS TUBE FOR INFUSION,1300.0,520.0,485.27,1415.92,31
HCPCS,36576,36576 REPAIR OF CENTRAL VENOUS TUBE FOR INFUSION WITH PORT OR PUMP,2700.0,1080.0,1219.29,3553.11,31
HCPCS,36578,36578 REPLACEMENT OF CENTRAL VENOUS TUBE,5500.0,2200.0,2470.47,7126.91,31
HCPCS,36580,36580 REPLACEMENT OF NONTUNNELED CENTRAL VENOUS TUBE,3000.0,1200.0,1219.29,3553.11,31
HCPCS,36581,36581 REPLACEMENT OF TUNNELED CENTRAL VENOUS TUBE,6000.0,2400.0,2470.47,7126.91,31
HCPCS,36582,36582 REPLACEMENT OF TUNNELED CENTRAL VENOUS TUBE WITH PORT,5500.0,2200.0,2470.47,7126.91,31
HCPCS,36583,36583 REPLACEMENT OF TUNNELED CENTRAL VENOUS TUBE WITH PUMP,6600.0,2640.0,3828.0,12559.89,31
HCPCS,36584,36584 REPLACEMENT OF PERIPHERALLY INSERTED CENTRAL VENOUS TUBE (PICC),3000.0,1200.0,1219.29,3553.11,31
HCPCS,36585,36585 REPLACEMENT OF PERIPHERALLY INSERTED CENTRAL VENOUS TUBE (PICC) WITH PORT,5500.0,2200.0,2470.47,7126.91,31
HCPCS,36589,36589 REMOVAL OF TUNNELED CENTRAL VENOUS TUBE,1300.0,520.0,485.27,1415.92,31
HCPCS,36590,36590 REMOVAL OF CENTRAL VENOUS TUBE WITH PORT OR PUMP,3000.0,1200.0,1219.29,3553.11,31
HCPCS,36591,COLLECTION OF BLOOD SAMPLE FROM IMPLANTED DEVICE,290.0,116.0,120.12,300.31,24
HCPCS,36592,36592 COLLECTION OF BLOOD SAMPLE FROM CENTRAL VENOUS TUBE,290.0,116.0,120.12,300.31,24
HCPCS,36593,36593 DECLOTTING OF CENTRAL VENOUS TUBE,814.0,325.6,260.34,814.0,31
HCPCS,36595,36595 MECHANICAL REMOVAL OF OBSTRUCTIVE MATERIAL FROM CENTRAL VENOUS TUBE,5500.0,2200.0,2470.47,7126.91,31
HCPCS,36596,36596 MECHANICAL REMOVAL OF TISSUE OR OBSTRUCTIVE MATERIAL FROM CENTRAL VENOUS,3000.0,1200.0,1219.29,3553.11,31
HCPCS,36597,36597 REPOSITIONING OF CENTRAL VENOUS TUBE USING FLUOROSCOPIC GUIDANCE,3000.0,1200.0,1219.29,3553.11,31
HCPCS,36598,36598 CONTRAST INJECTION FOR IMAGING TO EVALUATE CENTRAL VENOUS ACCESS DEVICE,500.0,200.0,165.37,500.0,31
HCPCS,36600,36600 ARTERY PUNCTURE COLLECTION OF BLOOD SAMPLE,290.0,116.0,101.18,300.31,31
HCPCS,36620,36620 INSERTION OF ARTERY TUBE FOR BLOOD SAMPLING OR INFUSION THROUGH SKIN,1905.0,762.0,762.0,1714.5,17
HCPCS,36660,36660 INSERTION OF UMBILICAL ARTERY TUBE,775.0,310.0,310.0,775.0,17
HCPCS,36680,36680 INSERTION OF NEEDLE FOR INFUSION INTO BONE,650.0,260.0,313.2,1008.32,31
HCPCS,36821,36821 RELOCATION OF ARM VEIN WITH CONNECTION TO ARM ARTERY FOR HEMODIALYSIS,5500.0,2200.0,2470.47,7126.91,31
HCPCS,36823,36823 INSERTION OF TUBE INTO ARM OR LEG FOR BLOOD CIRCULATION AND CHEMOTHERAPY,7500.0,3000.0,3000.0,7500.0,17
HCPCS,36831,36831 REMOVAL OF BLOOD CLOT FROM HEMODIALYSIS GRAFT,8000.0,3200.0,4242.92,12559.89,31
HCPCS,36832,REVJ OPN ARVEN FSTL W/O THRMBC DIAL GRF,13090.0,5236.0,4242.92,13090.0,31
HCPCS,36836,PRQ AV FSTL CRTJ UXTR 1 ACS,42944.0,17177.6,14094.18,42944.0,31
HCPCS,36860,36860 INJECTION FOR REMOVAL OF BLOOD CLOT FROM EXTERNAL DIALYSIS TUBE,3000.0,1200.0,1219.29,3553.11,31
HCPCS,36861,36861 INSERTION OF BALLOON  FOR REMOVAL OF BLOOD CLOT FROM EXTERNAL DIALYSIS,6600.0,2640.0,3828.0,12559.89,31
HCPCS,36901,36901 INSERTION OF NEEDLE AND/OR TUBE INTO HEMODIALYSIS CIRCUIT,3000.0,1200.0,1219.29,3553.11,31
HCPCS,36902,36902 INSERTION OF NEEDLE AND/OR  INTO HEMODIALYSIS CIRCUIT AND BALLOON DILAT,11000.0,4400.0,4475.1,12846.73,31
HCPCS,36903,36903 INSERTION OF NEEDLE AND/OR  INTO HEMODIALYSIS CIRCUIT AND INSERTION,20000.0,8000.0,8901.18,26056.99,31
HCPCS,36904,36904 REMOVAL AND/OR DISSOLVING OF BLOOD CLOT IN HEMODIALYSIS CIRCUIT,11000.0,4400.0,4475.1,12846.73,31
HCPCS,36905,36905 REMOVAL AND/OR DISSOLVING OF BLOOD CLOT IN HEMODIALYSIS,24381.0,9752.4,8901.18,26056.99,31
HCPCS,36906,36906 REMOVAL AND/OR DISSOLVING OF BLOOD CLOT IN HEMODIALYSIS CIRCUIT,31000.0,12400.0,14094.18,41377.29,31
HCPCS,36907,36907 BALLOON DILATION OF DIALYSIS SEGMENT WITH REVIEW BY RADIOLOGIST,13000.0,5200.0,1888.0,11700.0,17
HCPCS,36908,36908 INSERTION OF STENT IN DIALYSIS SEGMENT WITH REVIEW BY RADIOLOGIST,18000.0,7200.0,1888.0,16200.0,17
HCPCS,36909,36909 PERMANENT BLOCKAGE OF HEMODIALYSIS CIRCUIT WITH REVIEW BY RADIOLOGIST,11500.0,4600.0,1888.0,10350.0,17
HCPCS,37182,37182 INSERTION OF SHUNTS TO BYPASS BLOOD FLOW TO LIVER,13100.0,5240.0,7598.0,41377.29,25
HCPCS,37183,37183 REVISION OF SHUNTS TO BYPASS BLOOD FLOW TO LIVER,11000.0,4400.0,4475.1,12846.73,31
HCPCS,37184,37184 PRIMARY REMOVAL AND DISSOLVING OF BLOOD CLOT FROM ARTERY OR ARTERY GRAFT,18000.0,7200.0,10440.0,41377.29,31
HCPCS,37185,37185 PRIMARY REMOVAL AND DISSOLVING OF BLOOD CLOT FROM ARTERY OR ARTERY GRAFT,3127.0,1250.8,1250.8,2814.3,17
HCPCS,37186,37186 SECONDARY REMOVAL AND DISSOLVING OF BLOOD CLOT FROM ARTERY,4962.0,1984.8,1888.0,4465.8,17
HCPCS,37187,37187 REMOVAL AND DISSOLVING OF BLOOD CLOT FROM VEIN USING FLUOROSCOPIC GUIDANCE,18000.0,7200.0,8901.18,26056.99,30
HCPCS,37188,37188 REMOVAL AND DISSOLVING OF BLOOD CLOT FROM VEIN USING FLUOROSCOPIC GUIDANCE,5500.0,2200.0,2470.47,7126.91,30
HCPCS,37191,37191 INSERTION OF VENA CAVA FILTER WITH REVIEW BY RADIOLOGIST,6600.0,2640.0,3828.0,12559.89,31
HCPCS,37192,37192 REPOSITIONING OF VENA CAVA FILTER WITH REVIEW BY RADIOLOGIST,5500.0,2200.0,2470.47,7126.91,31
HCPCS,37193,37193 REMOVAL OF VENA CAVA FILTER WITH REVIEW BY RADIOLOGIST,5500.0,2200.0,2470.47,7126.91,31
HCPCS,37195,37195 INFUSION OF DRUG TO DISSOLVE BLOOD CLOT IN BRAIN,814.0,325.6,260.34,814.0,31
HCPCS,37197,37197 RETRIEVAL OF FOREIGN BODY IN BLOOD VESSEL WITH REVIEW BY RADIOLOGIST,5500.0,2200.0,2470.47,7126.91,31
HCPCS,37197,REMOVE INTRVAS FOREIGN BODY,5500.0,2200.0,2470.47,7126.91,31
HCPCS,37200,37200 BIOPSY OF BLOOD VESSEL USING TUBE,10000.0,4000.0,4242.92,12559.89,31
HCPCS,37211,37211 INSERTION OF TUBE INTO ARTERY FOR DRUG INFUSION FOR BLOOD CLOT,6600.0,2640.0,3828.0,12559.89,31
HCPCS,37212,37212 INSERTION OF TUBE INTO VEIN FOR DRUG INFUSION FOR BLOOD CLOT,5500.0,2200.0,2470.47,7126.91,31
HCPCS,37213,37213 INSERTION OF TUBE INTO ARTERY OR VEIN FOR DRUG INFUSION FOR BLOOD CLOT,5500.0,2200.0,2470.47,7126.91,31
HCPCS,37214,37214 REMOVAL OF TUBE INTO ARTERY OR VEIN WITH REVIEW BY RADIOLOGIST,5500.0,2200.0,2470.47,7126.91,31
HCPCS,37215,37215 INSERTION OF STENT AND BLOOD CLOT PROTECTION DEVICE IN NECK ARTERY,14000.0,5600.0,4093.0,12600.0,17
HCPCS,37216,37216 INSERTION OF STENT IN NECK ARTERY WITH REVIEW BY RADIOLOGIST,4901.0,1960.4,1064.24,4410.9,17
HCPCS,37218,37218 INSERTION OF STENT IN BLOOD VESSEL OF CHEST OPEN OR ACCESSED THROUGH SKIN,2000.0,800.0,800.0,2000.0,17
HCPCS,37220,37220 BALLOON DILATION OF GROIN ARTERY,11000.0,4400.0,4400.0,11000.0,17
HCPCS,37221,37221 INSERTION OF STENT IN GROIN ARTERY,24381.0,9752.4,9752.4,22096.54,17
HCPCS,37222,37222 BALLOON DILATION OF GROIN ARTERY,6000.0,2400.0,2400.0,6000.0,17
HCPCS,37223,37223 INSERTION OF STENT IN GROIN ARTERY,9000.0,3600.0,3600.0,9000.0,17
HCPCS,37224,37224 BALLOON DILATION OF ARTERY OF LEG,8000.0,3200.0,3200.0,8000.0,17
HCPCS,37225,37225 REMOVAL OF PLAQUE IN ARTERIES OF LEG,24381.0,9752.4,9752.4,24381.0,17
HCPCS,37226,37226 INSERTION OF STENT IN ARTERIES OF LEG,24381.0,9752.4,9752.4,22096.54,17
HCPCS,37227,37227 REMOVAL OF PLAQUE AND INSERTION OF STENTS IN ARTERIES OF LEG,36950.0,14780.0,14780.0,33492.59,17
HCPCS,37228,37228 BALLOON DILATION OF ARTERY OF LEG,20000.0,8000.0,8000.0,20000.0,17
HCPCS,37229,37229 REMOVAL OF PLAQUE IN ARTERY OF LEG,36950.0,14780.0,14780.0,33492.59,17
HCPCS,37230,37230 INSERTION OF STENT IN ARTERY OF LEG,36950.0,14780.0,14780.0,33492.59,17
HCPCS,37231,37231 REMOVAL OF PLAQUE AND INSERTION OF STENTS IN ARTERY OF LEG,36950.0,14780.0,14780.0,33492.59,17
HCPCS,37232,37232 BALLOON DILATION OF ARTERY OF LEG,2750.0,1100.0,1100.0,2750.0,17
HCPCS,37233,37233 REMOVAL OF PLAQUE IN ARTERY OF LEG,2750.0,1100.0,1100.0,2750.0,17
HCPCS,37234,37234 INSERTION OF STENT IN ARTERY OF LEG,6500.0,2600.0,2600.0,6500.0,17
HCPCS,37235,37235 REMOVAL OF PLAQUE AND INSERTION OF STENTS IN ARTERY OF LEG,6500.0,2600.0,2600.0,6500.0,17
HCPCS,37236,37236 INSERTION OF STENT IN ARTERY (EXCEPT LOWER EXTREMITY,20000.0,8000.0,8901.18,26056.99,31
HCPCS,37237,37237 INSERTION OF STENT IN ARTERY (EXCEPT LOWER EXTREMITY,15000.0,6000.0,6000.0,15000.0,17
HCPCS,37238,37238 INSERTION OF STENT IN VEIN WITH REVIEW BY RADIOLOGIST,20000.0,8000.0,8901.18,26056.99,31
HCPCS,37239,37239 INSERTION OF STENT IN VEIN WITH REVIEW BY RADIOLOGIST,15680.0,6272.0,6272.0,15680.0,17
HCPCS,37241,37241 OCCLUSION OF VEIN WITH REVIEW BY RADIOLOGIST,20000.0,8000.0,8901.18,26056.99,31
HCPCS,37242,37242 OCCLUSION OF ARTERY WITH REVIEW BY RADIOLOGIST,20000.0,8000.0,11600.0,41377.29,31
HCPCS,37243,37243 OCCLUSION OF GROWTHS OR OBSTRUCTED VESSELS WITH REVIEW BY RADIOLOGIST,20000.0,8000.0,8901.18,26056.99,31
HCPCS,37244,37244 OCCLUSION OF ARTERY OR VEIN BLEEDING WITH REVIEW BY RADIOLOGIST,20000.0,8000.0,8901.18,26056.99,31
HCPCS,37246,37246 BALLOON DILATION OF ARTERY WITH REVIEW BY RADIOLOGIST,11000.0,4400.0,4475.1,12846.73,31
HCPCS,37247,37247 BALLOON DILATION OF ARTERY WITH REVIEW BY RADIOLOGIST,5624.0,2249.6,1888.0,5061.6,17
HCPCS,37248,37248 BALLOON DILATION OF VEIN WITH REVIEW BY RADIOLOGIST,11000.0,4400.0,4475.1,12846.73,31
HCPCS,37249,37249 BALLOON DILATION OF VEIN WITH REVIEW BY RADIOLOGIST,6500.0,2600.0,1888.0,5850.0,17
HCPCS,37252,37252 ULTRASOUND EVALUATION OF BLOOD VESSEL WITH REVIEW BY RADIOLOGIST,4010.0,1604.0,1604.0,3609.0,17
HCPCS,37253,37253 ULTRASOUND EVALUATION OF BLOOD VESSEL WITH REVIEW BY RADIOLOGIST,2219.0,887.6,887.6,1997.1,17
HCPCS,37263,BALLOON DILATION OF ARTERY IN THIGH/BEHIND KNEE STRAIGHTFORWARD,14653.0,5861.2,4093.0,14285.8,31
HCPCS,37600,37600 TYING OF EXTERNAL NECK ARTERY,6000.0,2400.0,2470.47,7126.91,31
HCPCS,37607,37607 TYING OR BANDING OF SURGICALLY CREATED ARTERY-VEIN CONNECTION,5500.0,2200.0,2470.47,7126.91,31
HCPCS,37609,37609 TYING OR BIOPSY OF ARTERY ON SIDE OF SKULL,3500.0,1400.0,1271.72,3727.91,31
HCPCS,37615,37615 TYING OF MAJOR NECK ARTERY,5500.0,2200.0,2470.47,7126.91,31
HCPCS,37618,37618 TYING OF MAJOR ARM OR LEG ARTERY,3000.0,1200.0,1200.0,3000.0,17
HCPCS,37765,37765 REMOVAL OF VARICOSE VEINS OF ARM OR LEG,5500.0,2200.0,2470.47,7126.91,31
HCPCS,37766,37766 REMOVAL OF VARICOSE VEINS OF ARM OR LEG,5500.0,2200.0,2470.47,7126.91,31
HCPCS,37785,37785 TYING,6000.0,2400.0,2470.47,7126.91,31
HCPCS,37799,37799 OTHER PROCEDURE ON BLOOD VESSEL,5565.0,2226.0,485.27,5008.5,31
HCPCS,37799,VASCULAR SURGERY PROCEDURE,1300.0,520.0,485.27,1415.92,31
HCPCS,38200,38200 INJECTION PROCEDURE FOR IMAGING OF SPLEEN,1500.0,600.0,600.0,1350.0,17
HCPCS,38204,38204 MANAGEMENT OF STEM CELL DONOR SEARCH,2097.0,838.8,838.8,1887.3,15
HCPCS,38205,38205 COLLECTION OF DONOR STEM CELLS FOR TRANSPLANTATION,3960.0,1584.0,90.27,3564.0,15
HCPCS,38206,38206 COLLECTION OF STEM CELLS FOR TRANSPLANTATION,2900.0,1160.0,1218.21,3515.35,27
HCPCS,38207,38207 PRESERVATION AND STORAGE OF STEM CELLS FOR TRANSPLANTATION,990.0,396.0,345.08,995.8,25
HCPCS,38208,38208 THAWING OF FROZEN STEM CELLS FOR TRANSPLANTATION,990.0,396.0,345.08,995.8,25
HCPCS,38209,38209 THAWING AND WASHING OF FROZEN STEM CELLS FOR TRANSPLANTATION,1013.0,405.2,398.32,1013.0,23
HCPCS,38212,38212 PREPARATION OF STEM CELLS FOR TRANSPLANTATION WITH RED BLOOD CELL REMOVAL,990.0,396.0,398.32,995.8,23
HCPCS,38214,38214 PREPARATION OF STEM CELLS FOR TRANSPLANTATION WITH REDUCTION,1013.0,405.2,398.32,1013.0,23
HCPCS,38215,38215 PREPARATION OF STEM CELLS FOR TRANSPLANTATION WITH CELL CONCE,990.0,396.0,398.32,995.8,23
HCPCS,38220,38220 ASPIRATION OF BONE MARROW SAMPLE FOR DIAGNOSIS,3500.0,1400.0,1271.72,3727.91,31
HCPCS,38221,38221 BIOPSY OF BONE MARROW,3500.0,1400.0,1271.72,3727.91,31
HCPCS,38221,DX BONE MARROW BIOPSIES,3500.0,1400.0,1271.72,3727.91,59
HCPCS,38222,38222 BIOPSY AND ASPIRATION OF BONE MARROW SAMPLE FOR DIAGNOSIS,5000.0,2000.0,2246.41,6556.38,31
HCPCS,38227,(CAR-T) THERAPY RECEIPT AND PREPARATION OF CAR-T CELLS FOR ADMINISTRATION,958.0,383.2,43.35,862.2,15
HCPCS,38228,THERAPY CAR-T CELL ADMINISTRATION AUTOLOGOUS,4872.0,1948.8,298.22,4384.8,23
HCPCS,38240,38240 TRANSPLANTATION OF DONOR STEM CELLS PER DONOR,65000.0,26000.0,37700.0,141977.39,31
HCPCS,38241,38241 TRANSPLANTATION OF PATIENT-DERIVED STEM CELLS,2900.0,1160.0,1286.67,3515.35,31
HCPCS,38242,38242 TRANSPLANTATION OF DONOR WHITE BLOOD CELLS,2900.0,1160.0,1286.67,3515.35,31
HCPCS,38243,38243 TRANSPLANTATION OF DONOR STEM CELLS,2900.0,1160.0,1286.67,3515.35,31
HCPCS,38300,DRAINAGE LYMPH NODE LESION,6054.0,2421.6,2246.41,6556.38,31
HCPCS,38500,38500 BIOPSY OR REMOVAL OF LYMPH NODES,7574.0,3029.6,3005.59,8837.73,31
HCPCS,38505,38505 NEEDLE BIOPSY OR REMOVAL OF SURFACE LYMPH NODES,3500.0,1400.0,1271.72,3727.91,31
HCPCS,38790,38790 INJECTION PROCEDURE FOR IMAGING OF LYMPHATIC SYSTEM,3000.0,1200.0,1200.0,2700.0,17
HCPCS,38792,38792 INJECTION OF RADIOACTIVE MATERIAL FOR X-RAY IDENTIFICATION OF LYMPH NODE,962.0,384.8,315.4,962.0,31
HCPCS,38794,CANNULATION THORACIC DUCT,200.0,80.0,80.0,200.0,17
HCPCS,38999,38999 OTHER PROCEDURE ON LYMPHATIC SYSTEM,990.0,396.0,343.14,995.8,31
HCPCS,39503,39503 REPAIR OF CONGENITAL DEFECT OF MUSCLE SEPARATING CHEST,10000.0,4000.0,4000.0,9000.0,17
HCPCS,40650,40650 REPAIR OF LIP AND BORDER,1000.0,400.0,399.71,1217.35,31
HCPCS,40652,40652 REPAIR OF VERTICAL LIP WOUND EXTENDING TO HALF OF LIP,1000.0,400.0,399.71,1217.35,31
HCPCS,40654,40654 REPAIR OF VERTICAL LIP WOUND EXTENDING TO OVER HALF OF LIP,3000.0,1200.0,1162.65,3502.16,31
HCPCS,40799,40799 OTHER PROCEDURE ON LIP,510.0,204.0,182.27,534.61,31
HCPCS,40800,40800 SIMPLE DRAINAGE OF ABSCESS,1500.0,600.0,552.24,1598.36,31
HCPCS,40801,40801 COMPLICATED DRAINAGE OF ABSCESS,1000.0,400.0,399.71,1217.35,31
HCPCS,40804,40804 SIMPLE REMOVAL OF EMBEDDED FOREIGN BODY IN MOUTH,1800.0,720.0,735.88,2047.2,31
HCPCS,40808,40808 BIOPSY OF MOUTH,1000.0,400.0,399.71,1217.35,31
HCPCS,40812,40812 REMOVAL OF GROWTH OF MOUTH WITH SIMPLE REPAIR,3000.0,1200.0,1162.65,3502.16,31
HCPCS,40819,40819 REMOVAL OF TISSUE AT DENTAL EDGE AND CHEEK,3000.0,1200.0,1162.65,3502.16,31
HCPCS,40830,40830 REPAIR OF LACERATED MOUTH,500.0,200.0,182.27,534.61,31
HCPCS,40831,40831 REPAIR OF LACERATED MOUTH,1000.0,400.0,399.71,1217.35,31
HCPCS,41000,41000 DRAINAGE OF ABSCESS,1000.0,400.0,399.71,1217.35,31
HCPCS,41008,41008 DRAINAGE OF ABSCESS,6500.0,2600.0,2545.47,7483.5,31
HCPCS,41009,41009 DRAINAGE OF ABSCESS,1000.0,400.0,399.71,1217.35,31
HCPCS,41010,41010 INCISION OF TISSUE CONNECTING TONGUE AND FLOOR OF MOUTH,3000.0,1200.0,1162.65,3502.16,31
HCPCS,41017,DRAINAGE OF MOUTH LESION,6985.0,2794.0,2545.47,7483.5,31
HCPCS,41018,DRAINAGE AND MOUTH LESION,3454.0,1381.6,1162.65,3502.16,31
HCPCS,41100,41100 BIOPSY OF FRONT 2/3 OF TONGUE,1000.0,400.0,399.71,1217.35,31
HCPCS,41105,41105 BIOPSY OF BACK 1/3 OF TONGUE,6500.0,2600.0,2545.47,7483.5,31
HCPCS,41108,41108 BIOPSY OF FLOOR OF MOUTH,3500.0,1400.0,1271.72,3727.91,31
HCPCS,41250,41250 REPAIR OF LACERATED FLOOR OF MOUTH AND/OR TONGUE,650.0,260.0,313.2,1008.32,31
HCPCS,41251,41251 REPAIR OF LACERATED BACK 1/3 OF TONGUE,510.0,204.0,182.27,534.61,31
HCPCS,41252,41252 REPAIR OF LACERATED TONGUE OR FLOOR OF MOUTH,500.0,200.0,182.27,534.61,31
HCPCS,41599,41599 OTHER PROCEDURE ON TONGUE OR FLOOR OF MOUTH,510.0,204.0,182.27,534.61,31
HCPCS,41800,41800 DRAINAGE OF ABSCESS,290.0,116.0,101.18,300.31,31
HCPCS,41805,RMVL EMBEDDED FB FROM DENTALVLR STRUXS SOFT TISS,3382.0,1352.8,1162.65,3502.16,31
HCPCS,41899,41899 OTHER PROCEDURE ON TEETH AND GUMS,500.0,200.0,182.27,534.61,31
HCPCS,42000,42000 DRAINAGE OF ABSCESS OF ROOF OF MOUTH,510.0,204.0,182.27,534.61,31
HCPCS,42180,42180 REPAIR OF LACERATED ROOF OF MOUTH,1000.0,400.0,399.71,1217.35,31
HCPCS,42300,42300 SIMPLE DRAINAGE OF ABSCESS OF SALIVA GLAND,3000.0,1200.0,1162.65,3502.16,31
HCPCS,42305,42305 COMPLICATED DRAINAGE OF ABSCESS OF SALIVA GLAND,6500.0,2600.0,2545.47,7483.5,31
HCPCS,42310,DRAINAGE OF SALIVARY GLAND,1000.0,400.0,399.71,1217.35,31
HCPCS,42330,42330 UNCOMPLICATED REMOVAL OF SALIVA GLAND STONE FROM INSIDE MOUTH,6500.0,2600.0,2545.47,7483.5,31
HCPCS,42400,42400 NEEDLE BIOPSY OF SALIVA GLAND,1500.0,600.0,552.24,1598.36,31
HCPCS,42550,42550 INJECTION OF CONTRAST FOR IMAGING OF SALIVA GLANDS,500.0,200.0,200.0,450.0,17
HCPCS,42660,42660 DILATION OF SALIVA GLAND DUCT AND INSERTION OF TUBE,1000.0,400.0,399.71,1217.35,31
HCPCS,42699,42699 OTHER PROCEDURE ON SALIVA GLAND OR DUCT,510.0,204.0,182.27,534.61,31
HCPCS,42700,42700 DRAINAGE OF ABSCESS NEAR TONSIL,500.0,200.0,182.27,534.61,31
HCPCS,42800,42800 BIOPSY OF BACK OF THROAT,3000.0,1200.0,1162.65,3502.16,31
HCPCS,42804,42804 SIMPLE BIOPSY OF GROWTH OF THROAT BEHIND NOSE,6000.0,2400.0,2545.47,7483.5,31
HCPCS,42809,42809 REMOVAL OF FOREIGN BODY IN THROAT,650.0,260.0,313.2,1008.32,31
HCPCS,42960,42960 SIMPLE CONTROL OF BLEEDING OF THROAT,1000.0,400.0,399.71,1217.35,31
HCPCS,42999,42999 OTHER PROCEDURE ON THROAT,510.0,204.0,182.27,534.61,31
HCPCS,43130,REMOVAL OF ESOPHAGUS POUCH,12986.0,5194.4,4643.19,13361.96,31
HCPCS,43180,43180 REMOVAL OF DEFECT IN WALL OF ESOPHAGUS USING A RIGID ENDOSCOPE,10000.0,4000.0,4643.19,13361.96,31
HCPCS,43191,43191 DIAGNOSTIC EXAM OF ESOPHAGUS USING AN ENDOSCOPE,3700.0,1480.0,1435.2,4331.27,31
HCPCS,43192,43192 INJECTION INTO ESOPHAGUS USING AN ENDOSCOPE,3900.0,1560.0,1435.2,4331.27,31
HCPCS,43193,43193 BIOPSY OF ESOPHAGUS USING A RIGID ENDOSCOPE,3700.0,1480.0,1435.2,4331.27,31
HCPCS,43194,43194 REMOVAL OF FOREIGN BODIES FROM ESOPHAGUS USING A RIGID ENDOSCOPE,3700.0,1480.0,1435.2,4331.27,31
HCPCS,43195,43195 BALLOON DILATION OF ESOPHAGUS USING A RIGID ENDOSCOPE,6100.0,2440.0,2986.17,8702.39,31
HCPCS,43196,43196 INSERTION OF WIRE AND DILATION OF ESOPHAGUS USING AN ENDOSCOPE,6100.0,2440.0,1435.2,5680.0,31
HCPCS,43197,43197 DIAGNOSTIC EXAM OF ESOPHAGUS USING A FLEXIBLE ENDOSCOPE THROUGH NOSE,1800.0,720.0,735.88,2047.2,31
HCPCS,43198,43198 BIOPSY OF ESOPHAGUS USING A FLEXIBLE ENDOSCOPE THROUGH NOSE,1800.0,720.0,735.88,2047.2,31
HCPCS,43200,43200 DIAGNOSTIC EXAM OF ESOPHAGUS USING A FLEXIBLE ENDOSCOPE THROUGH MOUTH,1800.0,720.0,735.88,2047.2,31
HCPCS,43201,43201 INJECTION INTO ESOPHAGUS USING A FLEXIBLE ENDOSCOPE,3700.0,1480.0,1435.2,4331.27,31
HCPCS,43202,43202 BIOPSY OF ESOPHAGUS USING A FLEXIBLE ENDOSCOPE THROUGH MOUTH,3900.0,1560.0,1435.2,4331.27,31
HCPCS,43204,43204 INJECTION OF SWOLLEN VEIN OF ESOPHAGUS USING A FLEXIBLE ENDOSCOPE,3700.0,1480.0,1435.2,4331.27,31
HCPCS,43205,43205 TYING OF DILATED VEINS OF ESOPHAGUS WITH BANDS USING A FLEXIBLE ENDOSCOPE,3900.0,1560.0,1435.2,4331.27,31
HCPCS,43211,43211 REMOVAL OF TISSUE LINING OF ESOPHAGUS USING A FLEXIBLE ENDOSCOPE,3700.0,1480.0,1435.2,4331.27,31
HCPCS,43212,43212 PLACEMENT OF STENT IN ESOPHAGUS USING A FLEXIBLE ENDOSCOPE,10000.0,4000.0,4672.34,13702.94,31
HCPCS,43213,43213 DILATION OF ESOPHAGUS USING A FLEXIBLE ENDOSCOPE,3700.0,1480.0,1435.2,4331.27,31
HCPCS,43214,43214 BALLOON DILATION OF ESOPHAGUS USING A FLEXIBLE ENDOSCOPE,3700.0,1480.0,1435.2,4331.27,31
HCPCS,43215,43215 REMOVAL OF FOREIGN BODIES IN ESOPHAGUS USING A FLEXIBLE ENDOSCOPE,3700.0,1480.0,1435.2,4331.27,31
HCPCS,43216,43216 REMOVAL OF POLYPS OR GROWTHS OF ESOPHAGUS USING A FLEXIBLE  ENDO,3700.0,1480.0,1435.2,4331.27,31
HCPCS,43217,43217 REMOVAL OF POLYPS OR GROWTHS OF ESOPHAGUS USING A FLEXIBLE  ENDO,3900.0,1560.0,1435.2,4331.27,31
HCPCS,43220,43220 BALLOON DILATION OF ESOPHAGUS USING A FLEXIBLE ENDOSCOPE,3900.0,1560.0,1435.2,4331.27,31
HCPCS,43226,43226 DILATION OF ESOPHAGUS WITH INSERTION OF GUIDE WIRE USING A FLEXIBLE  ENDO,3900.0,1560.0,1435.2,4331.27,31
HCPCS,43227,43227 CONTROL OF BLEEDING IN ESOPHAGUS USING A FLEXIBLE ENDOSCOPE,3900.0,1560.0,1435.2,4331.27,31
HCPCS,43229,43229 DESTRUCTION OF POLYP OR GROWTH OF ESOPHAGUS USING A FLEXIBLE ENDOSCOPE,6100.0,2440.0,2986.17,8702.39,31
HCPCS,43231,43231 ULTRASOUND EXAM OF ESOPHAGUS USING A FLEXIBLE ENDOSCOPE,3900.0,1560.0,1435.2,4331.27,31
HCPCS,43232,43232 ULTRASOUND GUIDED FINE NEEDLE ASPIRATION OR BIOPSY OF ESOPH,3900.0,1560.0,1435.2,4331.27,31
HCPCS,43233,43233 BALLOON DILATION OF ESOPHAGUS,3900.0,1560.0,870.27,4331.27,31
HCPCS,43235,43235 DIAGNOSTIC EXAM OF ESOPHAGUS,2080.0,832.0,521.22,2080.0,31
HCPCS,43236,43236 INJECTION OF ESOPHAGUS,2080.0,832.0,735.88,2080.0,31
HCPCS,43237,43237 ULTRASOUND EXAM OF ESOPHAGUS,3900.0,1560.0,1435.2,4331.27,31
HCPCS,43238,43238 ULTRASOUND GUIDED NEEDLE ASPIRATION OR BIOPSY OF ESOPHAGUS,3900.0,1560.0,1435.2,4331.27,31
HCPCS,43239,43239 BIOPSY OF ESOPHAGUS,2080.0,832.0,521.22,2080.0,31
HCPCS,43240,CYTAGASTROSTOMY,10000.0,4000.0,4672.34,13702.94,31
HCPCS,43241,43241 INSERTION OF TUBE OR TUBE IN ESOPHAGUS,3700.0,1480.0,1435.2,4331.27,31
HCPCS,43242,43242 ULTRASOUND GUIDED NEEDLE ASPIRATION OR BIOPSY OF ESOPHAGUS,3900.0,1560.0,1435.2,4331.27,31
HCPCS,43243,43243 INJECTION OF DILATED VEIN OF STOMACH AND/OR ESOPHAGUS,3700.0,1480.0,1435.2,4331.27,31
HCPCS,43244,43244 TYING OF DILATED VEINS OF STOMACH AND/OR ESOPHAGUS USING A FLEXIBLE  ENDO,4056.0,1622.4,870.27,4331.27,31
HCPCS,43245,43245 DILATION OF STOMACH OUTLET USING A FLEXIBLE ENDOSCOPE,3900.0,1560.0,870.27,4331.27,31
HCPCS,43246,43246 INSERTION OF STOMACH TUBE USING A FLEXIBLE ENDOSCOPE,4056.0,1622.4,870.27,4331.27,31
HCPCS,43247,43247 REMOVAL OF FOREIGN BODIES OF ESOPHAGUS,2000.0,800.0,521.22,2047.2,31
HCPCS,43248,43248 INSERTION OF GUIDE WIRE WITH DILATION OF ESOPHAGUS USING A FLEXIBLE  ENDO,2000.0,800.0,521.22,2047.2,31
HCPCS,43249,43249 BALLOON DILATION OF ESOPHAGUS,4056.0,1622.4,870.27,4331.27,31
HCPCS,43250,43250 REMOVAL OF POLYPS OR GROWTHS OF ESOPHAGUS,3900.0,1560.0,870.27,4331.27,31
HCPCS,43251,43251 REMOVAL OF POLYPS OR GROWTHS OF ESOPHAGUS,3900.0,1560.0,870.27,4331.27,31
HCPCS,43253,43253 INJECTION OF DIAGNOSTIC OR THERAPEUTIC SUBSTANCE OR MARKER IN ESOPHAGUS,3900.0,1560.0,1435.2,4331.27,31
HCPCS,43254,43254 REMOVAL OF TISSUE LINING OF ESOPHAGUS,3900.0,1560.0,1435.2,4331.27,31
HCPCS,43255,43255 CONTROL OF BLEEDING OF ESOPHAGUS,3900.0,1560.0,870.27,4331.27,31
HCPCS,43259,43259 ULTRASOUND EXAM OF ESOPHAGUS,3900.0,1560.0,1435.2,4331.27,31
HCPCS,43260,43260 DIAGNOSTIC EXAM OF GALLBLADDER AND PANCREATIC,6100.0,2440.0,2986.17,8702.39,31
HCPCS,43261,43261 BIOPSY OF GALLBLADDER,6100.0,2440.0,2986.17,8702.39,31
HCPCS,43262,43262 INCISION OF PANCREATIC OUTLET USING A FLEXIBLE ENDOSCOPE,6100.0,2440.0,2986.17,8702.39,31
HCPCS,43264,43264 REMOVAL OF STONE OR DEBRIS FROM BILE OR PANCREATIC DUCT,6100.0,2440.0,2986.17,8702.39,31
HCPCS,43265,43265 DESTRUCTION OF STONE OF BILE OR PANCREATIC DUCT USING A FLEXIBLE ENDOSCOPE,10000.0,4000.0,4672.34,13702.94,31
HCPCS,43266,43266 PLACEMENT OF STENT IN ESOPHAGUS,10000.0,4000.0,4672.34,13702.94,31
HCPCS,43270,43270 DESTRUCTION OF POLYP OR GROWTH OF ESOPHAGUS,3900.0,1560.0,870.27,4331.27,31
HCPCS,43273,43273 EXAM OF COMMON BILE AND/OR PANCREATIC DUCT USING A FLEXIBLE ENDOSCOPE,3006.0,1202.4,1202.4,2705.4,17
HCPCS,43274,43274 INSERTION OF STENT INTO PANCREATIC OR BILE DUCT USING A FLEXIBLE ENDOSCOPE,10000.0,4000.0,4672.34,13702.94,31
HCPCS,43275,43275 REMOVAL OF STENT FROM PANCREATIC OR BILE DUCT USING A FLEXIBLE ENDOSCOPE,6100.0,2440.0,1435.2,5490.0,31
HCPCS,43276,43276 REPLACEMENT OF STENT IN PANCREATIC OR BILE DUCT USING A FLEXIBLE ENDOSCOPE,10000.0,4000.0,4672.34,13702.94,31
HCPCS,43277,43277 BALLOON DILATION OF PANCREATIC OR BILE DUCT OR SPHINCTER USING A FLEX,6100.0,2440.0,2986.17,8702.39,31
HCPCS,43278,43278 DESTRUCTION OF POLYP OR GROWTH OF GALLBLADDER AND/OR BILE DUCT,6100.0,2440.0,2986.17,8702.39,31
HCPCS,43450,43450 DILATION OF ESOPHAGUS,1800.0,720.0,735.88,2047.2,31
HCPCS,43453,43453 DILATION OF ESOPHAGUS WITH A GUIDE WIRE,3700.0,1480.0,1435.2,4331.27,31
HCPCS,43497,TRANSORAL LOWER ESOPHAGEAL MYOTOMY,7840.0,3136.0,4547.2,13702.94,31
HCPCS,43499,43499 OTHER PROCEDURE ON ESOPHAGUS,2000.0,800.0,735.88,2047.2,31
HCPCS,43510,43510 INSERTION OF PERMANENT STOMACH TUBE WITH DILATION OF ESOPHAGUS,1800.0,720.0,735.88,2047.2,31
HCPCS,43520,INCISION OF PYLORIC MUSCLE,16000.0,6400.0,4093.0,14400.0,17
HCPCS,43752,43752 INSERTION OF STOMACH  THROUGH NOSE OR MOUTH USING FLUOROSCOPIC GUIDANCE,650.0,260.0,313.2,1008.32,31
HCPCS,43753,43753 INSERTION OF STOMACH TUBE AND ASPIRATION OF STOMACH CONTENTS,600.0,240.0,194.95,600.0,31
HCPCS,43754,43754 DIAGNOSTIC INSERTION OF STOMACH TUBE AND ASPIRATION OF STOMACH CONTENTS,600.0,240.0,194.95,600.0,31
HCPCS,43755,43755 DIAGNOSTIC INSERTION OF STOMACH  AND ASPIRATION OF STOMACH CONTENTS,350.0,140.0,116.17,350.0,31
HCPCS,43757,43757 INSERTION OF  INTO UPPER SMALL BOWEL FOR COLLECTION OF MULTIPLE BILE,1800.0,720.0,735.88,2047.2,31
HCPCS,43761,43761 REPOSITIONING OF ORAL OR NASAL FEEDING TUBE IN SMALL BOWEL,680.0,272.0,190.89,680.0,31
HCPCS,43762,43762 REPLACEMENT OF STOMACH STOMA TUBE,680.0,272.0,190.89,680.0,31
HCPCS,43763,43763 REPLACEMENT OF STOMACH STOMA TUBE WITH REVISION OF STOMA OPENING,600.0,240.0,190.89,600.0,31
HCPCS,43870,REPAIR STOMACH OPENING,6100.0,2440.0,2986.17,8702.39,31
HCPCS,43999,43999 OTHER PROCEDURE ON STOMACH,2000.0,800.0,735.88,2047.2,31
HCPCS,44015,44015 INSERTION OF FEEDING TUBE OR TUBE INTO UPPER SMALL BOWEL,1000.0,400.0,400.0,900.0,17
HCPCS,44360,44360 DIAGNOSTIC EXAM OF SMALL BOWEL  EXCLUDING LOWER SMALL INTESTINE,3900.0,1560.0,1435.2,4331.27,31
HCPCS,44361,44361 BIOPSY OF SMALL BOWEL (EXCEPT ILEUM) USING AN ENDOSCOPE,3900.0,1560.0,1435.2,4331.27,31
HCPCS,44364,44364 REMOVAL OF SMALL BOWEL POLYPS OR GROWTHS    WITH MECHANICAL SNARE,3700.0,1480.0,1435.2,4331.27,31
HCPCS,44365,44365 REMOVAL OF SMALL BOWEL POLYPS OR GROWTHS    WITH ELECTRICAL CAUTERY,3900.0,1560.0,1435.2,4331.27,31
HCPCS,44366,44366 CONTROL OF BLEEDING OF FIRST OR SECOND PART OF SMALL BOWEL USING AN  ENDO,3900.0,1560.0,1435.2,4331.27,31
HCPCS,44369,44369 DESTRUCTION OF POLYP OR GROWTH OF SMALL BOWEL USING AN ENDOSCOPE,3900.0,1560.0,1435.2,4331.27,31
HCPCS,44372,44372 INSERTION OF TUBE INTO MIDDLE SMALL BOWEL USING AN ENDOSCOPE,3700.0,1480.0,1435.2,4331.27,31
HCPCS,44373,44373 CONVERSION OF STOMACH TUBE TO TUBE IN MIDDLE SMALL BOWEL USING AN  ENDO,3700.0,1480.0,1435.2,4331.27,31
HCPCS,44380,44380 DIAGNOSTIC EXAM OF SMALL BOWEL    INSERTED THROUGH SURGICALLY CREATED,2000.0,800.0,735.88,2047.2,31
HCPCS,44381,44381 BALLOON DILATION OF SMALL BOWEL USING AN ENDOSCOPE,3700.0,1480.0,1435.2,4331.27,31
HCPCS,44382,44382 BIOPSY OF SMALL BOWEL    INSERTED THROUGH SURGICALLY CREATED OPENING FROM,2000.0,800.0,735.88,2047.2,31
HCPCS,44384,44384 INSERTION OF STENT INTO SMALL BOWEL USING AN  ENDO INSERTED THROUGH,6100.0,2440.0,1435.2,5680.0,31
HCPCS,44385,44385 DIAGNOSTIC EXAM OF SURGICALLY CREATED POUCH OF SMALL BOWEL USING AN ENDO,2000.0,800.0,715.59,2099.06,31
HCPCS,44386,44386 BIOPSY OF SMALL BOWEL POUCH USING AN ENDOSCOPE,2080.0,832.0,715.59,2099.06,31
HCPCS,44388,44388 DIAGNOSTIC EXAM OF LARGE BOWEL USING AN ENDOSCOPE INSERTED THROUGH SUR,2080.0,832.0,506.6,2099.06,31
HCPCS,44389,44389 BIOPSY OF LARGE BOWEL USING AN ENDOSCOPE INSERTED THROUGH SURGICALLY,2400.0,960.0,665.99,2701.0,31
HCPCS,44391,44391 CONTROL OF BLEEDING OF LARGE BOWEL USING AN ENDOSCOPE INSERTED,2400.0,960.0,925.46,2701.0,31
HCPCS,44392,44392 REMOVAL OF GROWTHS OR POLYPS OF LARGE BOWEL BY ELECTRICAL CAUTERY,2400.0,960.0,925.46,2701.0,31
HCPCS,44394,44394 REMOVAL OF GROWTHS OR POLYPS OF LARGE BOWEL BY MECHANICAL SNARE,2400.0,960.0,665.99,2701.0,31
HCPCS,44401,44401 DESTRUCTION OF GROWTH OR POLYP OF LARGE BOWEL USING AN ENDO,2400.0,960.0,925.46,2701.0,31
HCPCS,44402,44402 INSERTION OF STENT INTO LARGE BOWEL USING AN ENDOSCOPE INSER,10000.0,4000.0,4672.34,13702.94,31
HCPCS,44403,44403 REMOVAL OF LINING OF LARGE BOWEL USING AN ENDOSCOPE INSERTED THROUGH SURG,2400.0,960.0,925.46,2701.0,31
HCPCS,44404,44404 INJECTION BENEATH LINING OF LARGE BOWEL USING AN ENDOSCOPE INSERTED,2400.0,960.0,925.46,2701.0,31
HCPCS,44405,44405 BALLOON DILATION OF LARGE BOWEL USING AN ENDOSCOPE,2400.0,960.0,925.46,2701.0,31
HCPCS,44406,44406 ULTRASOUND EXAM OF LARGE BOWEL USING AN ENDOSCOPE INSERTED THROUGH SURG,2400.0,960.0,925.46,2701.0,31
HCPCS,44407,44407 FINE NEEDLE ASPIRATION AND/OR BIOPSY OF LARGE BOWEL WITH ULTRASOUND,2400.0,960.0,925.46,2701.0,31
HCPCS,44408,44408 DECOMPRESSION OF LARGE BOWEL USING AN ENDOSCOPE INSERTED THROUGH,1800.0,720.0,715.59,2099.06,31
HCPCS,44500,44500 DILATION OF STOMACH AND/OR SMALL BOWEL USING LONG GASTROINTESTINAL TUBE,1800.0,720.0,735.88,2047.2,31
HCPCS,44705,44705 ASSESSMENT AND OVERSEEING PREPARATION OF DONOR FECAL SPECIMEN,1500.0,600.0,78.28,1500.0,17
HCPCS,44799,44799 OTHER PROCEDURE ON SMALL BOWEL,1800.0,720.0,735.88,2047.2,31
HCPCS,45005,45005 DRAINAGE OF SUPERFICIAL RECTAL ABSCESS,2400.0,960.0,925.46,2701.0,31
HCPCS,45100,45100 BIOPSY OF ANAL AND/OR RECTAL WALL THROUGH ANUS,5900.0,2360.0,2152.49,6265.09,31
HCPCS,45190,45190 DESTRUCTION OF GROWTH OF RECTUM,6238.0,2495.2,2152.49,6265.09,31
HCPCS,45300,45300 DIAGNOSTIC EXAM OF RECTUM AND LOWER LARGE BOWEL USING AN ENDOSCOPE,1800.0,720.0,715.59,2099.06,31
HCPCS,45303,45303 DILATION OF RECTUM AND/OR LOWER LARGE BOWEL USING AN ENDOSCOPE,2400.0,960.0,925.46,2701.0,31
HCPCS,45305,45305 BIOPSIES OF RECTUM AND/OR LOWER LARGE BOWEL USING A RIGID ENDOSCOPE,2400.0,960.0,925.46,2701.0,31
HCPCS,45307,45307 REMOVAL OF FOREIGN BODIES FROM RECTUM AND/OR LOWER LA,5900.0,2360.0,2152.49,6265.09,31
HCPCS,45330,45330 DIAGNOSTIC EXAM OF LOWER PORTION OF LARGE BOWEL USING A FLEXIBLE ENDOSCOPE,2000.0,800.0,715.59,2099.06,31
HCPCS,45331,45331 BIOPSY OF LOWER LARGE BOWEL USING A FLEXIBLE ENDOSCOPE,2080.0,832.0,715.59,2099.06,31
HCPCS,45332,45332 REMOVAL OF FOREIGN BODIES IN LOWER PORTION OF LARGE BOWEL,2400.0,960.0,925.46,2701.0,31
HCPCS,45333,45333 REMOVAL OF POLYPS OR GROWTHS OF LOWER LARGE BOWEL USING,1800.0,720.0,715.59,2099.06,31
HCPCS,45334,45334 CONTROL OF BLEEDING OF LOWER LARGE BOWEL USING A FLEXIBLE ENDOSCOPE,2400.0,960.0,925.46,2701.0,31
HCPCS,45335,45335 INJECTION BENEATH LINING OF LOWER LARGE BOWEL USING A FLEXIBLE ENDOSCOPE,2000.0,800.0,715.59,2099.06,31
HCPCS,45337,45337 DECOMPRESSION OF TWISTED OR ABNORMALLY DILATED LOWER LARGE,1800.0,720.0,715.59,2099.06,31
HCPCS,45338,45338 REMOVAL OF POLYPS OR GROWTHS OF LOWER LARGE BOWEL USING A FLEX,2496.0,998.4,925.46,2701.0,31
HCPCS,45340,45340 BALLOON DILATION OF LOWER LARGE BOWEL USING A FLEXIBLE ENDOSCOPE,2400.0,960.0,925.46,2701.0,31
HCPCS,45341,45341 ULTRASOUND EXAM OF LOWER LARGE BOWEL USING A FLEXIBLE ENDOSCOPE,2000.0,800.0,715.59,2099.06,31
HCPCS,45342,45342 FINE NEEDLE ASPIRATION AND/OR BIOPSY OF LOWER LARGE BOWEL,2400.0,960.0,925.46,2701.0,31
HCPCS,45346,45346 DESTRUCTION OF POLYP OR GROWTH OF LOWER LARGE BOWEL,2400.0,960.0,925.46,2701.0,31
HCPCS,45347,SIGMOIDOSCOPY W/PLCMT STENT,13102.0,5240.8,4672.34,13702.94,31
HCPCS,45349,45349 REMOVAL OF LOWER PORTION OF LARGE BOWEL TISSUE USING A FLEXIBLE ENDOSCOPE,5900.0,2360.0,2152.49,6265.09,31
HCPCS,45350,45350 BANDING OF HEMORRHOIDS USING A FLEXIBLE ENDOSCOPE (SIGMOIDOSCOPE),2400.0,960.0,925.46,2701.0,31
HCPCS,45378,45378 DIAGNOSTIC EXAM OF LARGE BOWEL USING A FLEXIBLE ENDOSCOPE,2080.0,832.0,506.6,2099.06,31
HCPCS,45379,45379 REMOVAL OF FOREIGN BODIES IN LARGE BOWEL USING A FLEXIBLE ENDOSCOPE,2400.0,960.0,925.46,2701.0,31
HCPCS,45380,45380 BIOPSY OF LARGE BOWEL USING A FLEXIBLE ENDOSCOPE,2756.0,1102.4,665.99,2756.0,31
HCPCS,45381,45381 INJECTION BENEATH LINING OF LARGE BOWEL USING A FLEXIBLE ENDOSCOPE,2496.0,998.4,665.99,2701.0,31
HCPCS,45382,45382 CONTROL OF BLEEDING OF UPPER LARGE BOWEL USING A FLEXIBLE ENDOSCOPE,2400.0,960.0,665.99,2701.0,31
HCPCS,45384,45384 REMOVAL OF POLYPS OR GROWTHS OF LARGE BOWEL USING A FLEX,2400.0,960.0,665.99,2701.0,31
HCPCS,45385,45385 REMOVAL OF POLYPS OR GROWTHS OF LARGE BOWEL USING AN ENDO,2756.0,1102.4,665.99,2756.0,31
HCPCS,45386,45386 BALLOON DILATION OF LARGE BOWEL USING A FLEXIBLE ENDOSCOPE,2400.0,960.0,665.99,2701.0,31
HCPCS,45388,45388 DESTRUCTION OF POLYP OR GROWTH OF LARGE BOWEL USING A FLEXIBLE ENDOSCOPE,2400.0,960.0,665.99,2701.0,31
HCPCS,45389,45389 INSERTION OF STENT IN LARGE BOWEL USING A FLEXIBLE ENDOSCOPE,12295.0,4918.0,4672.34,13702.94,31
HCPCS,45390,45390 REMOVAL OF LARGE BOWEL TISSUE USING A FLEXIBLE ENDOSCOPE,5900.0,2360.0,2152.49,6265.09,31
HCPCS,45391,45391 ULTRASOUND EXAM OF LARGE BOWEL USING A FLEXIBLE ENDOSCOPE,2650.0,1060.0,925.46,2701.0,31
HCPCS,45392,45392 FINE NEEDLE ASPIRATION AND/OR BIOPSY OF LARGE BOWEL WITH ULTRASOUND,2650.0,1060.0,925.46,2701.0,31
HCPCS,45393,45393 DECOMPRESSION OF TWISTED OR ABNORMALLY DILATED LARGE BOWEL,2400.0,960.0,925.46,2701.0,31
HCPCS,45398,45398 BANDING OF HEMORRHOIDS USING A FLEXIBLE ENDOSCOPE (COLONOSCOPE),2400.0,960.0,665.99,2701.0,31
HCPCS,45541,45541 SUTURE OF RECTUM TO SACRUM THROUGH PERINEUM,5900.0,2360.0,2152.49,6265.09,31
HCPCS,45900,45900 MANUAL REPLACEMENT OF PROLAPSED RECTUM UNDER ANESTHESIA,1800.0,720.0,715.59,2099.06,31
HCPCS,45905,DILATION OF ANAL SPHINCTER,2367.0,946.8,925.46,2701.0,31
HCPCS,45910,DILATION OF RECTAL NARROWING,2696.0,1078.4,925.46,2701.0,31
HCPCS,45915,45915 REMOVAL OF IMPACTED STOOL OR FOREIGN BODY IN RECTUM UNDER ANESTHESIA,2400.0,960.0,925.46,2701.0,31
HCPCS,45990,45990 DIAGNOSTIC EXAM OF ANUS AND RECTUM UNDER ANESTHESIA,5900.0,2360.0,1747.46,6265.09,31
HCPCS,45999,45999 OTHER PROCEDURE ON RECTUM,2000.0,800.0,715.59,2099.06,31
HCPCS,46040,46040 DRAINAGE OF DEEP ABSCESS IN RECTUM,2650.0,1060.0,925.46,2701.0,31
HCPCS,46050,46050 DRAINAGE OF SUPERFICIAL RECTAL ABSCESS SURROUNDING ANUS,2000.0,800.0,715.59,2099.06,31
HCPCS,46060,46060 INCISION AND DRAINAGE OF ABSCESS IN WALL OF RECTUM OR BETWEEN RECTUM,5900.0,2360.0,2152.49,6265.09,31
HCPCS,46083,46083 INCISION OF EXTERNAL HEMORRHOID WITH BLOOD CLOT,600.0,240.0,190.89,600.0,31
HCPCS,46220,46220 REMOVAL OF SINGLE EXTERNAL NONCANCER GROWTH OF ANUS,2400.0,960.0,925.46,2701.0,31
HCPCS,46221,46221 REMOVAL OF EXTERNAL HEMORRHOIDS BY RUBBER BANDING,1800.0,720.0,715.59,2099.06,31
HCPCS,46255,HEMORRHOIDECTOMY INTERNAL AND EXTERNAL SINGLE COLUMN/GROUP,6108.0,2443.2,2152.49,6265.09,31
HCPCS,46260,REMOVE IN/EX HEM GROUPS 2+,6425.0,2570.0,2152.49,6425.0,31
HCPCS,46262,REMOVE IN/EX HEM GRPS W/FIST,6424.0,2569.6,2152.49,6424.0,31
HCPCS,46320,46320 REMOVAL OF EXTERNAL HEMORRHOID WITH BLOOD CLOT,2400.0,960.0,925.46,2701.0,31
HCPCS,46600,46600 DIAGNOSTIC EXAM OF ANUS USING AN ENDOSCOPE,250.0,100.0,101.18,300.31,31
HCPCS,46601,46601 DIAGNOSTIC EXAM OF ANUS WITH MAGNIFICATION AND CHEMICAL AGENT,250.0,100.0,145.0,1008.32,31
HCPCS,46607,46607 BIOPSY OF ANUS WITH MAGNIFICATION AND CHEMICAL AGENT ENHANCEMENT,2400.0,960.0,925.46,2701.0,31
HCPCS,46930,DESTROY INTERNAL HEMORRHOIDS,2811.0,1124.4,925.46,2811.0,31
HCPCS,46999,ANUS PROCEDURE,2000.0,800.0,715.59,2099.06,31
HCPCS,47000,47000 NEEDLE BIOPSY OF LIVER THROUGH SKIN,3500.0,1400.0,1271.72,3727.91,31
HCPCS,47001,47001 NEEDLE BIOPSY OF LIVER,1905.0,762.0,762.0,1714.5,17
HCPCS,47371,47371 DESTRUCTION OF GROWTH OF LIVER BY FREEZING USING AN ENDOSCOPE,9396.0,3758.4,5449.68,23993.15,31
HCPCS,47381,47381 DESTRUCTION OF GROWTH OF LIVER USING FREEZING,7500.0,3000.0,3000.0,6750.0,17
HCPCS,47382,47382 DESTRUCTION OF GROWTH OF LIVER THROUGH SKIN USING RADIOFREQUENCY,10000.0,4000.0,4579.38,13645.68,31
HCPCS,47383,47383 DESTRUCTION OF GROWTH OF LIVER THROUGH SKIN USING FREEZING,10500.0,4200.0,6090.0,23993.15,31
HCPCS,47399,47399 OTHER PROCEDURE ON LIVER,4700.0,1880.0,552.24,4230.0,31
HCPCS,47490,47490 INSERTION OF TUBE INTO GALLBLADDER USING IMAGING GUIDANCE,6000.0,2400.0,2769.95,8081.51,31
HCPCS,47531,47531 INJECTION OF BILE DUCT FOR X-RAY THROUGH ALREADY EXISTING SKIN,6000.0,2400.0,2769.95,8081.51,31
HCPCS,47532,47532 INJECTION OF BILE DUCT FOR X-RAY THROUGH NEW SKIN ACCESS USING IMAGING,6000.0,2400.0,2769.95,8081.51,31
HCPCS,47533,47533 PLACEMENT OF EXTERNAL DRAINAGE  OF BILIARY DUCT USING IMAGING GUIDANCE,6000.0,2400.0,2769.95,8081.51,31
HCPCS,47534,47534 PLACEMENT OF INTERNAL-EXTERNAL DRAINAGE  OF BILIARY DUCT USING IMAGING,6000.0,2400.0,2769.95,8081.51,31
HCPCS,47535,47535 CONVERSION OF EXTERNAL BILIARY DRAINAGE  TO INTERNAL-E,6000.0,2400.0,2769.95,8081.51,31
HCPCS,47536,47536 REPLACEMENT OF LIVER DUCT DRAINAGE TUBE USING IMAGING GUIDANCE,6000.0,2400.0,2769.95,8081.51,31
HCPCS,47537,47537 REMOVAL OF BILIARY DRAINAGE TUBE USING IMAGING GUIDANCE,2000.0,800.0,735.88,2047.2,31
HCPCS,47538,47538 PLACEMENT OF STENT OF BILIARY DUCT THROUGH EXISTING SKIN ACCESS USING,10000.0,4000.0,4579.38,13645.68,31
HCPCS,47539,47539 PLACEMENT OF STENT OF BILIARY DUCT THROUGH NEW SKIN ACCESS USING IMAGING,10000.0,4000.0,4579.38,13645.68,31
HCPCS,47540,47540 PLACEMENT OF STENT AND DRAINAGE  OF BILIARY DUCT USING IMAGING GUIDANCE,10000.0,4000.0,4579.38,13645.68,31
HCPCS,47541,47541 PLACEMENT OF ACCESS DEVICE INTO BILIARY TRACT USING IMAGING GUIDANCE,7000.0,2800.0,4060.0,14612.4,31
HCPCS,47542,47542 BALLOON DILATION OF BILE DUCT USING IMAGING GUIDANCE,1905.0,762.0,762.0,1714.5,17
HCPCS,47543,47543 BIOPSY OF BILE DUCT OR LIVER DUCT USING IMAGING GUIDANCE,9000.0,3600.0,3600.0,8100.0,17
HCPCS,47544,47544 REMOVAL OF BILIARY DUCT OR GALLBLADDER STONE USING IMAGING GUIDANCE,1905.0,762.0,762.0,1714.5,17
HCPCS,47554,BILIARY ENDOSCOPY PRQ VIA T-TUBE W/RMVL CALCULUS,26028.0,10411.2,8036.18,26028.0,31
HCPCS,47555,47555 DILATION OF BILE DUCTS USING AN ENDOSCOPE,6000.0,2400.0,2769.95,14612.4,31
HCPCS,47556,47556 DILATION OF BILE DUCTS WITH STENT INSERTION USING AN ENDOSCOPE,10000.0,4000.0,5800.0,23993.15,31
HCPCS,48102,48102 NEEDLE BIOPSY OF PANCREAS,3500.0,1400.0,1271.72,3727.91,31
HCPCS,48520,INTERNAL ANASTOMOSIS,5000.0,2000.0,2000.0,4538.0,17
HCPCS,48999,48999 OTHER PROCEDURE ON PANCREAS,12000.0,4800.0,552.24,10800.0,31
HCPCS,49082,49082 DRAINAGE OF FLUID FROM ABDOMINAL CAVITY,2000.0,800.0,735.88,2047.2,31
HCPCS,49083,49083 DRAINAGE OF FLUID FROM ABDOMINAL CAVITY USING IMAGING GUIDANCE,2000.0,800.0,735.88,2047.2,31
HCPCS,49084,49084 IRRIGATION OF ABDOMINAL CAVITY,1800.0,720.0,735.88,2047.2,31
HCPCS,49180,49180 NEEDLE BIOPSY OF GROWTH OF ABDOMINAL CAVITY,3500.0,1400.0,1271.72,3727.91,31
HCPCS,49185,49185 INJECTION OF CHEMICAL AGENT INTO FLUID COLLECTION USING IMAGING GUIDANCE,1500.0,600.0,870.0,3727.91,25
HCPCS,49400,49400 INJECTION OF AIR OR X-RAY CONTRAST INTO ABDOMINAL CAVITY,400.0,160.0,160.0,400.0,17
HCPCS,49405,49405 DRAINAGE OF FLUID COLLECTION BY TUBE THROUGH SKIN USING IMAGING GUIDANCE,3500.0,1400.0,1271.72,3727.91,31
HCPCS,49406,49406 DRAINAGE OF FLUID COLLECTION OF ABDOMINAL CAVITY BY  USING IMAGING,3500.0,1400.0,1271.72,3727.91,31
HCPCS,49407,49407 DRAINAGE OF FLUID COLLECTION BY  THROUGH VAGINA OR RECTUM USING IMAGING,3500.0,1400.0,1271.72,3727.91,31
HCPCS,49411,49411 INSERTION OF   IN ABDOMINAL CAVITY THROUGH SKIN FOR RADIATION THERAPY,3224.0,1289.6,1073.95,3224.0,31
HCPCS,49418,49418 INSERTION OF ABDOMINAL TUBE USING IMAGING GUIDANCE,6000.0,2400.0,2769.95,8081.51,31
HCPCS,49421,49421 INSERTION OF ABDOMINAL CAVITY TUBE FOR DRAINAGE OR DIALYSIS,7000.0,2800.0,2769.95,8081.51,31
HCPCS,49422,49422 REMOVAL OF ABDOMINAL CAVITY TUBE,5500.0,2200.0,2470.47,7126.91,31
HCPCS,49423,49423 EXCHANGE OF ABDOMINAL CAVITY DRAINAGE TUBE USING IMAGING GUIDANCE,3900.0,1560.0,1435.2,4331.27,31
HCPCS,49424,49424 INJECTION OF CONTRAST THROUGH ABDOMINAL CAVITY TUBE FOR X-RAY STUDY,1905.0,762.0,762.0,1714.5,17
HCPCS,49427,49427 INJECTION FOR X-RAY STUDY OF SHUNT FROM JUGULAR VEIN TO ABDOMINAL CAVITY,775.0,310.0,310.0,697.5,17
HCPCS,49440,49440 INSERTION OF STOMACH TUBE USING FLUOROSCOPIC GUIDANCE WITH CONTRAST,3700.0,1480.0,1435.2,4331.27,31
HCPCS,49440,PLACE GASTROSTOMY TUBE PERC,3900.0,1560.0,1435.2,4331.27,31
HCPCS,49441,49441 INSERTION OF SMALL BOWEL TUBE USING FLUOROSCOPIC GUIDANCE WITH CONTRAST,3700.0,1480.0,1435.2,4331.27,31
HCPCS,49442,49442 INSERTION OF LARGE BOWEL TUBE USING FLUOROSCOPIC GUIDANCE WITH CONTRAST,2400.0,960.0,925.46,2701.0,31
HCPCS,49446,49446 CONVERSION OF STOMACH  TO STOMACH-TO-SMALL BOWEL  USING FLUO,3700.0,1480.0,1435.2,4331.27,31
HCPCS,49450,49450 REPLACEMENT OF STOMACH OR LARGE BOWEL  USING FLUOROSCOPIC  WITH CONTRAST,2000.0,800.0,735.88,2047.2,31
HCPCS,49451,49451 REPLACEMENT OF SMALL BOWEL TUBE USING FLUOROSCOPIC GUIDANCE WITH CONTRAST,2000.0,800.0,735.88,2047.2,31
HCPCS,49452,49452 REPLACEMENT OF STOMACH-TO-SMALL BOWEL  USING FLUOROSCOPIC  WITH CONTRAST,2000.0,800.0,735.88,2047.2,31
HCPCS,49460,49460 MECHANICAL REMOVAL OF OBSTRUCTIVE MATERIAL FROM STOMACH,2000.0,800.0,735.88,2047.2,31
HCPCS,49465,49465 CONTRAST INJECTION FOR X-RAY IMAGING THROUGH EXISTING TUBE IN STOMACH,590.0,236.0,189.73,590.0,31
HCPCS,49505,REPAIR OF GROIN HERNIA (5 YEARS OR OLDER),9218.0,3687.2,2769.95,9218.0,31
HCPCS,49520,49520 REPAIR OF GROIN HERNIA THAT IS NOT TRAPPED,7000.0,2800.0,2769.95,8081.51,31
HCPCS,49613,RPR AA HRN RCR < 3 RDC,8000.0,3200.0,2769.95,8081.51,31
HCPCS,49614,RPR AA HRN RCR < 3 NCR/STRN,8000.0,3200.0,4579.38,13645.68,31
HCPCS,49615,RPR AA HRN RCR 3-10 RDC,8000.0,3200.0,4640.0,14612.4,31
HCPCS,49616,RPR AA HRN RCR 3-10 NCR/STRN,8000.0,3200.0,3200.0,8000.0,17
HCPCS,49617,RPR AA HERNIA RECR > 10 CM REDUCIBLE,8000.0,3200.0,3200.0,8000.0,17
HCPCS,49618,RPR AA HERNIA RECR > 10 CM NCRC8/STRANGULATED,8000.0,3200.0,3200.0,8000.0,17
HCPCS,49621,RPR PARASTOMAL HERNIA RDC,8000.0,3200.0,3200.0,8000.0,17
HCPCS,49622,RPR PARASTOMAL HRNA NCR/STRN,8000.0,3200.0,3200.0,8000.0,17
HCPCS,49623,RMVL NINFCT MESH HERNIA RPR,8000.0,3200.0,1888.0,7200.0,17
HCPCS,49999,49999 OTHER PROCEDURE ON ABDOMEN,1800.0,720.0,735.88,2047.2,31
HCPCS,50080,50080 REMOVAL OR CRUSHING KIDNEY STONE OR INSERTION OF KIDNEY STENT,18000.0,7200.0,7258.06,21367.24,31
HCPCS,50081,50081 REMOVAL OR CRUSHING KIDNEY STONE OR INSERTION OF KIDNEY STENT,20000.0,8000.0,7258.06,21367.24,31
HCPCS,50200,50200 NEEDLE BIOPSY OF KIDNEY,3500.0,1400.0,1271.72,3727.91,31
HCPCS,50382,50382 REMOVAL AND REPLACEMENT OF STENT IN URETER WITH REVIEW BY RADIOLOGIST,4500.0,1800.0,1607.87,4718.31,31
HCPCS,50384,50384 REMOVAL OF STENT IN URETER THROUGH SKIN WITH REVIEW BY RADIOLOGIST,4572.0,1828.8,1607.87,4718.31,31
HCPCS,50387,50387 REMOVAL AND REPLACEMENT OF STENT IN KIDNEY AND URETER USING FLUOROSCOPIC,4572.0,1828.8,1607.87,4718.31,31
HCPCS,50389,50389 REMOVAL OF KIDNEY DRAINAGE TUBE USING FLUOROSCOPIC GUIDANCE,1200.0,480.0,523.89,1573.91,31
HCPCS,50390,50390 ASPIRATION AND/OR INJECTION OF CYST OF KIDNEY,1500.0,600.0,552.24,1598.36,31
HCPCS,50430,50430 INJECTION PROCEDURE FOR  OF KIDNEY AND URETER THROUGH NEW SKIN,1200.0,480.0,523.89,1573.91,31
HCPCS,50431,50431 INJECTION PROCEDURE FOR IMAGING OF KIDNEY AND URETER,1200.0,480.0,523.89,1573.91,31
HCPCS,50432,50432 PLACEMENT OF TUBE OF KIDNEY USING IMAGING GUIDANCE,4572.0,1828.8,1607.87,4718.31,31
HCPCS,50433,50433 PLACEMENT OF  OF KIDNEY AND URINARY  THROUGH NEW SKIN ACCESS USING,6000.0,2400.0,2707.09,7956.42,31
HCPCS,50434,50434 CONVERSION OF KIDNEY  TO NEPHROURETERAL  USING    STUDY OF KIDNEY,3800.0,1520.0,1607.87,4718.31,31
HCPCS,50435,50435 REPLACEMENT OF KIDNEY DRAINAGE TUBE USING IMAGING GUIDANCE,4572.0,1828.8,1607.87,4718.31,31
HCPCS,50436,50436 DILATION OF EXISTING OPENING INTO URINARY TRACT USING IMAGING GUIDANCE,5000.0,2000.0,2707.09,7956.42,30
HCPCS,50437,50437 DILATION OF EXISTING OPENING INTO URINARY TRACT AND CREATION OF NEW,7500.0,3000.0,2707.09,7956.42,30
HCPCS,50590,50590 SHOCK WAVE CRUSHING OF KIDNEY STONES,7500.0,3000.0,2707.09,7956.42,31
HCPCS,50592,50592 DESTRUCTION OF GROWTH OF KIDNEY USING RADIOFREQUENCY,10000.0,4000.0,4579.38,13645.68,31
HCPCS,50593,50593 DESTRUCTION OF GROWTH OF KIDNEY BY FREEZING,20000.0,8000.0,8036.18,23993.15,31
HCPCS,50684,50684 INJECTION OF URETER FOR IMAGING,1500.0,600.0,600.0,1350.0,17
HCPCS,50688,50688 CHANGE OF TUBE OR STENT IN URETER,3600.0,1440.0,1607.87,4718.31,31
HCPCS,50690,50690 INJECTION OF BLADDER AND URETER FOR IMAGING,3396.0,1358.4,1358.4,3056.4,17
HCPCS,50693,50693 PLACEMENT OF STENT OF URETER THROUGH EXISTING SKIN ACCESS USING IMAGING,7850.0,3140.0,2707.09,7956.42,31
HCPCS,50694,50694 PLACEMENT OF STENT OF URETER THROUGH NEW SKIN ACCESS USING IMAGING,6000.0,2400.0,2707.09,7956.42,31
HCPCS,50695,50695 PLACEMENT OF STENT OF URETER  SEPARATE  IN KIDNEY THROUGH NEW SKIN,7500.0,3000.0,2707.09,7956.42,31
HCPCS,50706,50706 BALLOON DILATION TREATMENT OF STRICTURE OF URETER USING IMAGING GUIDANCE,2016.0,806.4,806.4,1814.4,17
HCPCS,51040,51040 INCISION OF BLADDER WITH DRAINAGE,4500.0,1800.0,1607.87,4718.31,31
HCPCS,51100,51100 NEEDLE ASPIRATION OF BLADDER,680.0,272.0,190.89,679.86,31
HCPCS,51101,51101 ASPIRATION OF BLADDER USING TUBE OR TROCAR,2000.0,800.0,775.32,2000.0,31
HCPCS,51102,51102 ASPIRATION OF BLADDER WITH INSERTION OF BLADDER TUBE TO SKIN,3800.0,1520.0,1607.87,4718.31,31
HCPCS,51600,51600 INJECTION PROCEDURE FOR IMAGING OF BLADDER DURING VOIDING,1905.0,762.0,762.0,1714.5,17
HCPCS,51610,51610 INJECTION PROCEDURE THROUGH BLADDER AND URETHRA FOR X-RAY IMAGING,1905.0,762.0,762.0,1714.5,17
HCPCS,51700,51700 SIMPLE BLADDER IRRIGATION AND/OR INSTILLATION,600.0,240.0,190.89,600.0,31
HCPCS,51701,51701 INSERTION OF TEMPORARY BLADDER TUBE,290.0,116.0,101.18,300.31,31
HCPCS,51702,51702 SIMPLE INSERTION OF TEMPORARY BLADDER TUBE,290.0,116.0,101.18,300.31,31
HCPCS,51703,51703 COMPLICATED INSERTION OF BLADDER TUBE,350.0,140.0,116.17,350.0,31
HCPCS,51705,51705 SIMPLE CHANGE OF BLADDER TUBE,680.0,272.0,77.23,679.86,31
HCPCS,51710,51710 COMPLICATED CHANGE OF BLADDER TUBE,1200.0,480.0,523.89,1573.91,31
HCPCS,51715,51715 INJECTION OF IMPLANT MATERIAL BENEATH LINING OF BLADDER AND/OR URETHRA,5000.0,2000.0,2707.09,7956.42,31
HCPCS,51720,51720 INSTILLATION OF ANTI-CANCER DRUG INTO BLADDER,600.0,240.0,348.0,1573.91,31
HCPCS,51725,51725 SIMPLE MEASUREMENT OF PRESSURE OF URINE FLOW IN BLADDER,600.0,240.0,190.89,600.0,31
HCPCS,51725,SIMPLE CYSTOMETROGRAM,925.0,370.0,190.89,832.5,31
HCPCS,51726,51726 COMPLEX MEASUREMENT OF PRESSURE OF URINE FLOW IN BLADDER,600.0,240.0,190.89,600.0,31
HCPCS,51727,51727 COMPLEX MEASUREMENT OF PRESSURE OF URINE FLOW IN BLADDER WITH URETHRA,1200.0,480.0,523.89,1573.91,31
HCPCS,51728,51728 COMPLEX MEASUREMENT OF PRESSURE OF URINE FLOW IN BLADDER WITH VOIDING,1200.0,480.0,523.89,1573.91,31
HCPCS,51729,51729 COMPLEX MEASUREMENT OF PRESSURE OF URINE FLOW IN BLADDER WITH URETHRA,1200.0,480.0,523.89,1573.91,31
HCPCS,51736,51736 SIMPLE TIMED ASSESSMENT OF BLADDER EMPTYING,250.0,100.0,101.18,300.31,31
HCPCS,51741,51741 ELECTRONIC ASSESSMENT OF BLADDER EMPTYING,350.0,140.0,194.95,487.37,31
HCPCS,51784,51784 NON-NEEDLE MEASUREMENT  RECORDING OF ELECTRICAL ACTIVITY OF MUSCLES,350.0,140.0,116.17,350.0,31
HCPCS,51785,51785 NEEDLE MEASUREMENT  RECORDING OF ELECTRICAL ACTIVITY OF MUSCLES,600.0,240.0,190.89,600.0,31
HCPCS,51792,51792 ASSESSMENT OF MUSCLE SIGNAL OF PELVIC NERVES,175.0,70.0,46.62,172.35,31
HCPCS,51797,51797 INSERTION OF DEVICE INTO ABDOMEN WITH PRESSURE AND URINE FLOW RATE STUDY,350.0,140.0,140.0,315.0,17
HCPCS,51798,51798 ULTRASOUND MEASUREMENT OF BLADDER CAPACITY AFTER VOIDING,125.0,50.0,46.62,133.15,31
HCPCS,52000,52000 DIAGNOSTIC EXAM OF BLADDER AND URETHRA USING AN ENDOSCOPE,1248.0,499.2,523.89,1573.91,31
HCPCS,52005,52005 INSERTION OF TUBE INTO URETER USING AN ENDOSCOPE THROUGH BLADDER AREA,4572.0,1828.8,1607.87,4718.31,31
HCPCS,52204,52204 BIOPSY OF BLADDER USING AN ENDOSCOPE,3600.0,1440.0,1607.87,4718.31,31
HCPCS,52265,52265 DILATION OF BLADDER USING AN ENDOSCOPE,3600.0,1440.0,1607.87,4718.31,31
HCPCS,52281,52281 DILATION OF URETHRA USING AN ENDOSCOPE,3800.0,1520.0,1607.87,4718.31,31
HCPCS,52310,52310 SIMPLE REMOVAL OF FOREIGN BODY,3800.0,1520.0,1607.87,4718.31,31
HCPCS,52315,52315 COMPLICATED REMOVAL OF FOREIGN BODY,4500.0,1800.0,1607.87,4718.31,31
HCPCS,52332,52332 INSERTION OF STENT IN URETER USING AN ENDOSCOPE,7500.0,3000.0,2707.09,7956.42,31
HCPCS,53060,53060 DRAINAGE OF ABSCESS OR CYST OF SKENE'S GLANDS,3800.0,1520.0,1607.87,4718.31,31
HCPCS,53450,53450 REPAIR OF URETHRA AND URINARY OPENING,7500.0,3000.0,2707.09,7956.42,31
HCPCS,53620,53620 INITIAL DILATION OF URETHRA IN MALE USING FILIFORM DILATOR,1200.0,480.0,523.89,1573.91,31
HCPCS,53621,53621 SUBSEQUENT DILATION OF URETHRAL STRICTURE IN MALE BY PASSAGE OF FILIF,600.0,240.0,190.89,600.0,31
HCPCS,53660,DILATION OF URETHRA,360.0,144.0,116.17,360.0,31
HCPCS,53899,53899 OTHER PROCEDURE ON URINARY SYSTEM,10000.0,4000.0,190.89,9000.0,31
HCPCS,53899,UROLOGY SURGERY PROCEDURE,4600.0,1840.0,190.89,4140.0,31
HCPCS,54001,SLITTING OF PREPUCE,5162.0,2064.8,1607.87,5162.0,31
HCPCS,54055,54055 SIMPLE DESTRUCTION OF GROWTH OF PENIS USING ELECTRIC CURRENT,4100.0,1640.0,1435.76,4657.14,31
HCPCS,54056,54056 SIMPLE DESTRUCTION OF GROWTH OF PENIS USING FREEZING,400.0,160.0,155.96,452.86,31
HCPCS,54065,54065 DESTRUCTION OF MULTIPLE GROWTHS OF PENIS,4100.0,1640.0,1435.76,4657.14,31
HCPCS,54100,BIOPSY PENIS SEPARATE PROCEDURE,3500.0,1400.0,1271.72,3727.91,31
HCPCS,54150,54150 REMOVAL OF FORESKIN USING CLAMP OR DEVICE,3800.0,1520.0,1887.33,4718.31,25
HCPCS,54160,54160 REMOVAL OF FORESKIN (28 DAYS OR YOUNGER),1200.0,480.0,629.56,1573.91,25
HCPCS,54161,54161 REMOVAL OF FORESKIN (OLDER THAN 28 DAYS),4500.0,1800.0,1607.87,4718.31,31
HCPCS,54162,54162 REMOVAL OF SCAR TISSUE AFTER FORESKIN REMOVAL,3800.0,1520.0,1607.87,4718.31,31
HCPCS,54163,REPAIR OF CIRCUMCISION,4572.0,1828.8,505.0,4718.31,31
HCPCS,54220,54220 INJECTION OF DRUG INTO ERECTILE TISSUE AT SIDES AND BACK OF PENIS,680.0,272.0,190.89,679.86,31
HCPCS,54230,54230 INJECTION PROCEDURE FOR IMAGING OF PENILE ERECTION,1500.0,600.0,600.0,1350.0,17
HCPCS,54235,54235 INJECTION PROCEDURE TO CAUSE ERECTION,600.0,240.0,225.58,600.0,25
HCPCS,54240,54240 ASSESSMENT OF PENILE BLOOD FLOW,600.0,240.0,194.95,600.0,31
HCPCS,54420,REVISION OF PENIS,7850.0,3140.0,2707.09,7956.42,31
HCPCS,54430,54430 CREATION OF BLOOD FLOW TRACT FROM PENIS TO OTHER PENILE ANATOMY,3000.0,1200.0,1200.0,3000.0,17
HCPCS,54450,54450 REPOSITIONING OF FORESKIN INCLUDING SCAR TISSUE REMOVAL,600.0,240.0,190.89,600.0,31
HCPCS,54500,BIOPSY TESTIS NEEDLE SEPARATE PROCEDURE,5800.0,2320.0,2246.41,6556.38,31
HCPCS,54660,REVISION OF TESTIS,11265.0,4506.0,4840.96,12102.39,25
HCPCS,54700,54700 INCISION AND DRAINAGE OF SPERM RESERVOIR,3800.0,1520.0,1607.87,4718.31,31
HCPCS,55000,DRAINAGE OF HYDROCELE,1500.0,600.0,552.24,1598.36,31
HCPCS,55100,55100 DRAINAGE OF ABSCESS OF SCROTUM,3500.0,1400.0,1271.72,3727.91,31
HCPCS,55250,55250 REMOVAL OF SPERM DUCT,3600.0,1440.0,1199.85,4718.31,31
HCPCS,55700,55700 BIOPSY OF PROSTATE GLAND,3600.0,1440.0,1440.0,3600.0,17
HCPCS,55706,55706 NEEDLE BIOPSY OF PROSTATE GLAND USING IMAGE GUIDANCE,5000.0,2000.0,2707.09,7956.42,31
HCPCS,55867,LAPS SURG PRST8ECT SMPL STOT,8000.0,3200.0,4640.0,23993.15,31
HCPCS,55874,55874 INJECTION OF BIODEGRADABLE MATERIAL NEXT TO PROSTATE,8000.0,3200.0,3990.12,12102.39,31
HCPCS,55875,55875 INSERTION OF NEEDLE OR TUBE INTO PROSTATE FOR RADIATION THERAPY,8000.0,3200.0,3990.12,12102.39,31
HCPCS,55876,PLACE RT DEVICE/MARKER PROS,3301.0,1320.4,1073.95,3301.0,31
HCPCS,55899,55899 OTHER PROCEDURE ON MALE GENITAL SYSTEM,600.0,240.0,190.89,600.0,31
HCPCS,56405,56405 INCISION AND DRAINAGE OF ABSCESS OF EXTERNAL FEMALE GENITALS,720.0,288.0,238.75,720.0,31
HCPCS,56405,I AND D OF VULVA/PERINEUM,720.0,288.0,238.75,720.0,31
HCPCS,56420,56420 INCISION AND DRAINAGE OF ABSCESS OF FEMALE GENITAL GLAND,434.0,173.6,157.9,456.33,31
HCPCS,56440,56440 CREATION OF DRAINAGE TRACT FOR GLAND CYST OF FEMALE GENITALS,6300.0,2520.0,2495.6,7306.69,31
HCPCS,56501,56501 SIMPLE DESTRUCTION OF GROWTH OF EXTERNAL FEMALE GENITALS,4100.0,1640.0,1435.76,4657.14,31
HCPCS,56515,56515 EXTENSIVE DESTRUCTION OF GROWTH OF EXTERNAL FEMALE GENITALS,4100.0,1640.0,1435.76,4657.14,31
HCPCS,56605,56605 BIOPSY OF GROWTH OF EXTERNAL FEMALE GENITALS,1400.0,560.0,683.45,2078.95,31
HCPCS,56606,56606 BIOPSY OF GROWTH OF EXTERNAL FEMALE GENITALS,371.0,148.4,148.4,333.9,17
HCPCS,56820,56820 EXAM OF EXTERNAL FEMALE GENITALS USING AN ENDOSCOPE,400.0,160.0,157.9,456.33,31
HCPCS,56821,56821 EXAM AND BIOPSY OF EXTERNAL FEMALE GENITALS USING AN ENDOSCOPE,500.0,200.0,238.75,687.82,31
HCPCS,57010,57010 INCISION AND DRAINAGE OF ABSCESS OF PELVIS,5000.0,2000.0,2495.6,7306.69,31
HCPCS,57022,57022 INCISION AND DRAINAGE OF VAGINAL BLOOD ACCUMULATION FOLLOWING DELIVERY,5800.0,2320.0,2622.55,6556.38,25
HCPCS,57061,DESTROY VAG LESIONS SIMPLE,5000.0,2000.0,2495.6,7306.69,31
HCPCS,57065,57065 EXTENSIVE DESTRUCTION OF GROWTH OF VAGINA,6300.0,2520.0,2495.6,7306.69,31
HCPCS,57100,57100 SIMPLE BIOPSY OF VAGINAL MUCOUS MEMBRANE,1400.0,560.0,683.45,2078.95,31
HCPCS,57105,57105 BIOPSY OF EXTENSIVE AREA OF VAGINAL MUCOUS MEMBRANE,6300.0,2520.0,2495.6,7306.69,31
HCPCS,57105,BIOPSY OF VAGINA,5000.0,2000.0,2495.6,7306.69,31
HCPCS,57135,57135 REMOVAL OF CYST OR GROWTH OF VAGINAL,6300.0,2520.0,2495.6,7306.69,31
HCPCS,57150,57150 IRRIGATION OF VAGINA AND/OR APPLICATION OF DRUG TO TREAT INFECTION,280.0,112.0,46.62,252.0,31
HCPCS,57160,57160 FITTING AND INSERTION OF VAGINAL SUPPORT DEVICE,400.0,160.0,157.9,456.33,31
HCPCS,57180,57180 INSERTION OF DRUG AGENT OR PACKING TO CONTROL VAGINAL BLEEDING,400.0,160.0,157.9,456.33,31
HCPCS,57200,57200 SUTURE OF NONOBSTETRICAL INJURY OF VAGINA,6300.0,2520.0,2495.6,7306.69,31
HCPCS,57210,57210 SUTURE OF INJURY OF VAGINA AND/OR SKIN,6300.0,2520.0,2495.6,7306.69,31
HCPCS,57420,57420 EXAM OF VAGINA AND CERVIX USING AN ENDOSCOPE,793.0,317.2,238.75,793.0,31
HCPCS,57421,57421 BIOPSY OF VAGINA AND CERVIX USING AN ENDOSCOPE,1400.0,560.0,683.45,2078.95,31
HCPCS,57452,57452 EXAM OF CERVIX AND UPPER PART OF VAGINA USING AN ENDOSCOPE,434.0,173.6,157.9,456.33,31
HCPCS,57454,57454 BIOPSY AND SCRAPING OF CERVIX USING AN ENDOSCOPE,500.0,200.0,238.75,687.82,31
HCPCS,57455,57455 BIOPSY OF CERVIX USING AN ENDOSCOPE,500.0,200.0,238.75,687.82,31
HCPCS,57456,57456 SCRAPING OF CERVIX USING AN ENDOSCOPE,500.0,200.0,238.75,687.82,31
HCPCS,57460,57460 BIOPSY OF CERVIX USING AN ENDOSCOPE WITH LOOP ELECTRODE,5000.0,2000.0,2495.6,7306.69,31
HCPCS,57461,57461 CONE BIOPSY OF CERVIX AND VAGINA USING AN ENDOSCOPE WITH LOOP ELECTRODE,5000.0,2000.0,2495.6,7306.69,31
HCPCS,57500,57500 BIOPSY OF CERVIX OR REMOVAL OF GROWTH,1400.0,560.0,683.45,2078.95,31
HCPCS,57505,57505 SCRAPING OF TISSUE OF CERVIX,1400.0,560.0,683.45,2078.95,31
HCPCS,57510,57510 ELECTRO OR THERMAL DESTRUCTION OF CERVIX,6300.0,2520.0,2495.6,7306.69,31
HCPCS,57511,57511 DESTRUCTION OF CERVIX USING FREEZING,720.0,288.0,238.75,720.0,31
HCPCS,57513,57513 LASER DESTRUCTION OF CERVIX,6300.0,2520.0,2495.6,7306.69,31
HCPCS,57520,57520 REMOVAL OR DESTRUCTION OF CERVIX WITH COLD KNIFE OR LASER,6300.0,2520.0,2495.6,7306.69,31
HCPCS,57522,57522 REMOVAL OR DESTRUCTION OF CERVIX USING LOOP ELECTRODE,5000.0,2000.0,2495.6,7306.69,31
HCPCS,58100,58100 BIOPSY OF LINING OF UTERUS,400.0,160.0,157.9,456.33,31
HCPCS,58110,58110 EXAM OF CERVIX USING AN ENDOSCOPE WITH BIOPSY OF LINING OF UTERUS,400.0,160.0,160.0,360.0,17
HCPCS,58300,58300 INSERTION OF IUD FOR PREGNANCY PREVENTION,2000.0,800.0,42.81,1800.0,24
HCPCS,58301,58301 REMOVAL OF IUD,720.0,288.0,238.75,720.0,31
HCPCS,58340,58340 INSERTION OF   INTRODUCTION OF CONTRAST FOR X-RAY OF UTERUS  FALLOPIAN S,725.0,290.0,290.0,652.5,17
HCPCS,58555,58555 DIAGNOSTIC EXAM OF UTERUS USING AN ENDOSCOPE,5000.0,2000.0,2495.6,7306.69,31
HCPCS,58558,58558 BIOPSY OF LINING OF UTERUS AND/OR REMOVAL OF POLYP USING AN ENDOSCOPE,5000.0,2000.0,2495.6,7306.69,31
HCPCS,58562,58562 REMOVAL OF FOREIGN BODY IN UTERUS USING AN ENDOSCOPE,5000.0,2000.0,2495.6,7306.69,31
HCPCS,58563,58563 EXAM OF UTERUS WITH DESTRUCTION OF LINING OF UTERUS USING AN ENDOSCOPE,8000.0,3200.0,3874.6,11291.29,31
HCPCS,58565,58565 PLACEMENT OF IMPLANTS TO BLOCK FALLOPIAN TUBES USING AN ENDOSCOPE,8000.0,3200.0,3874.6,11291.29,31
HCPCS,58999,58999 OTHER PROCEDURE ON FEMALE GENITAL SYSTEM (NONOBSTETRICAL),7558.0,3023.2,157.9,6802.2,31
HCPCS,58999,GENITAL SURGERY PROCEDURE,12000.0,4800.0,157.9,10800.0,93
HCPCS,59000,59000 REMOVAL OF SAMPLE OF AMNIOTIC FLUID SURROUNDING FETUS FOR DIAGNOSIS,1400.0,560.0,812.0,2078.95,25
HCPCS,59001,59001 REMOVAL OF AMNIOTIC FLUID TO REDUCE AMOUNT OF FLUID SURROUNDING FETUS,720.0,288.0,238.75,720.0,31
HCPCS,59012,59012 REMOVAL OF BLOOD FROM FETAL UMBILICAL CORD,720.0,288.0,275.13,720.0,25
HCPCS,59020,59020 FETAL CONTRACTION STRESS TEST,400.0,160.0,182.53,456.33,24
HCPCS,59025,59025 FETAL TEST,400.0,160.0,8.28,456.33,25
HCPCS,59030,59030 REMOVAL OF BLOOD FROM SCALP OF FETUS,720.0,288.0,275.13,720.0,25
HCPCS,59070,59070 INFUSION OF NORMAL SALINE INTO FETAL AMNIOTIC SAC USING ULTRASOUND,720.0,288.0,238.75,720.0,31
HCPCS,59072,59072 OCCLUSION OF FETAL UMBILICAL CORD USING ULTRASOUND GUIDANCE,720.0,288.0,238.75,720.0,31
HCPCS,59074,59074 DRAINAGE OF FETAL FLUID USING ULTRASOUND GUIDANCE,720.0,288.0,238.75,720.0,31
HCPCS,59076,59076 PLACEMENT OF SHUNT INTO FETAL CHEST USING ULTRASOUND GUIDANCE,720.0,288.0,238.75,720.0,31
HCPCS,59200,59200 INSERTION OF DILATOR DEVICE INTO CERVIX,720.0,288.0,275.13,720.0,25
HCPCS,59300,59300 EPISIOTOMY OR REPAIR OF VAGINA,5000.0,2000.0,2900.0,7306.69,25
HCPCS,59409,59409 VAGINAL DELIVERY,6699.0,2679.6,2922.67,7306.69,25
HCPCS,59412,59412 TURNING OF FETUS THROUGH EXTERNAL MANIPULATION,7000.0,2800.0,2922.67,7306.69,25
HCPCS,59414,59414 DELIVERY OF PLACENTA,5000.0,2000.0,2900.0,7306.69,25
HCPCS,59514,59514 CESAREAN DELIVERY,2000.0,800.0,800.0,1800.0,17
HCPCS,59812,59812 TREATMENT OF MISCARRIAGE,5000.0,2000.0,2900.0,7306.69,25
HCPCS,59820,59820 TREATMENT OF MISCARRIAGE DURING FIRST TRIMESTER,6300.0,2520.0,2922.67,7306.69,25
HCPCS,60100,60100 NEEDLE BIOPSY OF THYROID THROUGH SKIN,1500.0,600.0,552.24,1598.36,31
HCPCS,60300,60300 ASPIRATION AND/OR INJECTION OF CYST OF THYROID,1500.0,600.0,552.24,1598.36,31
HCPCS,61020,61020 REMOVAL OF CEREBROSPINAL FLUID FROM BRAIN FOR DIAGNOSIS,2100.0,840.0,698.78,2100.0,31
HCPCS,61026,61026 REMOVAL OF CEREBROSPINAL FLUID FROM BRAIN AND INJECTION OF SUBSTANCE,1500.0,600.0,543.56,1593.28,31
HCPCS,61050,61050 REMOVAL OF CEREBROSPINAL FLUID FROM UPPER SPINE,660.0,264.0,231.7,692.84,31
HCPCS,61055,61055 SPINAL PUNCTURE IN UPPER SPINE WITH INJECTION OF SUBSTANCE,660.0,264.0,231.7,692.84,31
HCPCS,61070,61070 ASPIRATION OF CEREBROSPINAL FLUID  INJECTION IN SHUNT TUBING OR RESERVOIR,1300.0,520.0,543.56,1593.28,31
HCPCS,61107,61107 CREATION OF OPENING IN SKULL FOR INSERTION OF BRAIN TUBE OR MONITORING,2000.0,800.0,800.0,1800.0,17
HCPCS,61120,61120 BURR HOLE FOR INJECTION INTO VENTRICLE OF BRAIN,400.0,160.0,160.0,400.0,17
HCPCS,61140,61140 BURR HOLE WITH DRAINAGE OR BIOPSY OF BRAIN OR GROWTH,400.0,160.0,160.0,400.0,17
HCPCS,61151,61151 BURR HOLE WITH SUBSEQUENT ASPIRATION OF ABSCESS OR CYST OF BRAIN,400.0,160.0,160.0,400.0,17
HCPCS,61154,61154 BURR HOLE WITH REMOVAL /OR DRAINAGE OF BLOOD ACCUMULATION OUTSIDE,400.0,160.0,160.0,400.0,17
HCPCS,61156,61156 BURR HOLE WITH ASPIRATION OF BLOOD ACCUMULATION OR CYST OF BRAIN,400.0,160.0,160.0,400.0,17
HCPCS,61210,61210 BURR HOLE FOR INSERTION OF BRAIN TUBE OR MONITORING DEVICE,400.0,160.0,160.0,400.0,17
HCPCS,61250,61250 BURR HOLE FOR EXPLORATION OF UPPER BRAIN,400.0,160.0,160.0,400.0,17
HCPCS,61253,61253 BURR HOLE FOR EXPLORATION OF LOWER BRAIN,400.0,160.0,160.0,400.0,17
HCPCS,61531,61531 IMPLANTATION OF BRAIN STRIP ELECTRODES FOR SEIZURE MONITORING,400.0,160.0,160.0,400.0,17
HCPCS,61535,61535 REMOVAL OF SKULL BONE FOR REMOVAL OF ELECTRODE FROM BRAIN,15000.0,6000.0,6000.0,13500.0,17
HCPCS,61538,61538 REMOVAL OF SKULL BONE FOR REMOVAL OF BRAIN LOBE WITH MONITORING,15000.0,6000.0,6000.0,13500.0,17
HCPCS,61539,61539 REMOVAL OF SKULL BONE FOR REMOVAL OF BRAIN LOBE  OTHER THAN TEMPORAL,15000.0,6000.0,4093.0,13500.0,17
HCPCS,61623,61623 BALLOON OCCLUSION OF HEAD OR NECK ARTERY WITH REVIEW BY RADIOLOGIST,18000.0,7200.0,8901.18,26056.99,31
HCPCS,61624,61624 OCCLUSION OF CENTRAL NERVOUS SYSTEM OR SPINAL CORD ARTERY,5000.0,2000.0,2900.0,41377.29,25
HCPCS,61626,61626 OCCLUSION OF HEAD OR NECK ARTERY,18000.0,7200.0,8901.18,26056.99,31
HCPCS,61630,61630 BALLOON DILATION OF BLOOD VESSEL IN HEAD,10000.0,4000.0,4000.0,9000.0,17
HCPCS,61635,61635 INSERTION OF STENT IN BLOOD VESSEL OF HEAD,20000.0,8000.0,8000.0,18000.0,17
HCPCS,61640,61640 BALLOON DILATION OF BLOOD VESSEL SPASM IN HEAD,7614.0,3045.6,527.3,6852.6,17
HCPCS,61641,61641 BALLOON DILATION OF ADDITIONAL BLOOD VESSEL SPASM IN HEAD IN SAME VESSEL,4000.0,1600.0,185.21,3600.0,17
HCPCS,61642,61642 BALLOON DILATION OF ADDITIONAL BLOOD VESSEL SPASM IN HEAD IN DIFFERENT,2727.0,1090.8,370.43,2454.3,17
HCPCS,61645,61645 REMOVAL OF BLOOD CLOT  INJECTION TO DISSOLVE BLOOD CLOT FROM HEAD ARTERY,600.0,240.0,240.0,540.0,17
HCPCS,61650,61650 INFUSION OF CHEMICAL AGENT INTO ARTERY OF BRAIN WITH INSERTION OF  AND,8050.0,3220.0,3220.0,7245.0,17
HCPCS,61651,61651 INFUSION OF CHEMICAL AGENT INTO ARTERY OF BRAIN WITH INSERTION OF  AND,2500.0,1000.0,1000.0,2250.0,17
HCPCS,61720,61720 COMPUTER-ASSISTED CREATION OF GROWTH OF BRAIN OF GLOBUS PALLIDUS,13000.0,5200.0,5026.54,19808.43,31
HCPCS,61750,61750 COMPUTER-ASSISTED BIOPSY,400.0,160.0,160.0,400.0,17
HCPCS,61751,61751 COMPUTER-ASSISTED BIOPSY,400.0,160.0,160.0,400.0,17
HCPCS,61770,61770 COMPUTER-ASSISTED INSERTION OF TUBE OR PROBE FOR RADIATION PLACEMENT,13000.0,5200.0,3084.31,11700.0,31
HCPCS,61781,61781 COMPUTER-ASSISTED PROCEDURE INSIDE BRAIN,1500.0,600.0,600.0,1350.0,17
HCPCS,61782,61782 COMPUTER-ASSISTED PROCEDURE OUTSIDE MEMBRANE COVERING BRAIN,1500.0,600.0,600.0,1350.0,17
HCPCS,61783,61783 COMPUTER-ASSISTED SPINAL PROCEDURE,1500.0,600.0,600.0,1350.0,17
HCPCS,61850,61850 CREATION OF OPENING IN SKULL FOR INSERTION OF NEUROSTIMULATOR ELECTRODES,400.0,160.0,160.0,400.0,17
HCPCS,61863,61863 REMOVAL OF SKULL BONE WITH COMPUTER-ASSISTED INSERTION OF NEUROSTIMULATOR,400.0,160.0,160.0,400.0,17
HCPCS,61864,61864 REMOVAL OF SKULL BONE WITH COMPUTER-ASSISTED INSERTION OF NEUROSTIMULATOR,400.0,160.0,160.0,400.0,17
HCPCS,61867,61867 REMOVAL OF SKULL BONE WITH COMPUTER-ASSISTED INSERTION OF NEUROST,400.0,160.0,160.0,400.0,17
HCPCS,61868,61868 REMOVAL OF SKULL BONE WITH COMPUTER-ASSISTED INSERTION OF NEUROST,400.0,160.0,160.0,400.0,17
HCPCS,61885,61885 INSERTION OF BRAIN NEUROSTIMULATOR PULSE   WITH CONNECTION TO SINGLE,48160.0,19264.0,16831.64,69650.52,31
HCPCS,61888,REVISE/REMOVAL NEUROSTIMULATOR PULSE GENERATOR,28475.0,11390.0,8974.0,28475.0,31
HCPCS,62194,62194 REPLACEMENT OR IRRIGATION OF TUBE IN MEMBRANES COVERING BRAIN,3700.0,1480.0,1532.72,4407.6,31
HCPCS,62225,62225 REPLACEMENT OR IRRIGATION OF TUBE IN BRAIN,13773.0,5509.2,3084.31,12395.7,31
HCPCS,62252,CSF SHUNT REPROGRAM,697.0,278.8,235.4,697.0,31
HCPCS,62263,62263 REMOVAL OF SPINAL CANAL SCAR TISSUE,2100.0,840.0,698.78,2100.0,31
HCPCS,62264,62264 REMOVAL OF SPINAL CANAL SCAR TISSUE,2100.0,840.0,698.78,2100.0,31
HCPCS,62267,62267 ASPIRATION OF SPINAL DISC TISSUE FOR DIAGNOSTIC PURPOSES,1589.0,635.6,552.24,1598.36,31
HCPCS,62268,62268 ASPIRATION OF FLUID FROM CYST OF SPINAL CORD OR FLUID-FILLED CAVITY,2100.0,840.0,698.78,2100.0,31
HCPCS,62269,NEEDLE BIOPSY SPINAL CORD,3500.0,1400.0,1271.72,3727.91,31
HCPCS,62270,62270 REMOVAL OF CEREBROSPINAL FLUID WITH LOWER BACK SPINAL TAP FOR DIAGNOSTIC,1300.0,520.0,543.56,1593.28,31
HCPCS,62270,SPINAL FLUID TAP DIAGNOSTIC,1300.0,520.0,543.56,1593.28,31
HCPCS,62272,62272 REMOVAL OF CEREBROSPINAL FLUID WITH LOWER BACK SPINAL TAP,1300.0,520.0,543.56,1593.28,31
HCPCS,62273,62273 INJECTION OF BLOOD OR BLOOD CLOT INTO SPINAL CANAL,1300.0,520.0,543.56,1593.28,31
HCPCS,62282,HC NJX/INFUS NEUROLYT SBST EPIDURAL LUMBAR/SACRAL,2171.0,868.4,698.78,2171.0,31
HCPCS,62284,62284 INJECTION OF CONTRAST FOR IMAGING OF LOWER SPINAL CANAL,1905.0,762.0,762.0,1714.5,17
HCPCS,62287,62287 REMOVAL OF LOWER SPINE DISC TISSUE AT SINGLE OR MULTIPLE LEVELS  FLUORO,3700.0,1480.0,1532.72,4407.6,31
HCPCS,62290,62290 INJECTION OF CONTRAST FOR IMAGING OF EACH LEVEL OF LOWER SPINE,1500.0,600.0,600.0,1350.0,17
HCPCS,62291,62291 INJECTION OF CONTRAST FOR IMAGING OF EACH LEVEL OF MIDDLE OR UPPER SPINE,1500.0,600.0,600.0,1350.0,17
HCPCS,62302,62302 X-RAY OF UPPER SPINAL CANAL WITH REVIEW BY RADIOLOGIST,1827.0,730.8,620.11,1827.0,31
HCPCS,62303,62303 X-RAY OF MIDDLE SPINAL CANAL WITH REVIEW BY RADIOLOGIST,1827.0,730.8,620.11,1827.0,31
HCPCS,62304,62304 X-RAY OF LOWER SPINAL CANAL WITH REVIEW BY RADIOLOGIST,1827.0,730.8,620.11,1827.0,31
HCPCS,62305,62305 X-RAY OF MULTIPLE REGIONS OF SPINAL CANAL WITH REVIEW BY RADIOLOGIST,1827.0,730.8,620.11,1827.0,31
HCPCS,62320,62320 INJECTION OF SUBSTANCE INTO MIDDLE OR UPPER SPINE CANAL,1300.0,520.0,543.56,1593.28,31
HCPCS,62321,62321 INJECTION OF SUBSTANCE INTO MIDDLE OR UPPER SPINE CANAL USING IMAGING,1621.0,648.4,414.53,1621.0,31
HCPCS,62322,62322 INJECTION OF SUBSTANCE INTO LOWER SPINE CANAL,1300.0,520.0,698.78,1996.39,31
HCPCS,62323,62323 INJECTION OF SUBSTANCE INTO LOWER SPINE CANAL USING IMAGING GUIDANCE,1300.0,520.0,543.56,1593.28,31
HCPCS,62328,62328 REMOVAL OF SPINAL FLUID WITH LOWER BACK SPINAL TAP FOR DIAGNOSTIC TEST,1300.0,520.0,543.56,1593.28,31
HCPCS,62329,62329 REMOVAL OF CEREBROSPINAL FLUID WITH LOWER BACK SPINAL TAP USING IMAGING,1621.0,648.4,543.56,1621.0,31
HCPCS,62367,62367 ELECTRONIC ANALYSIS OF SPINAL CANAL DRUG INFUSION PUMP,675.0,270.0,235.4,693.26,31
HCPCS,62368,62368 ELECTRONIC ANALYSIS AND REPROGRAMMING OF SPINAL CANAL DRUG INFUSION PUMP,675.0,270.0,235.4,693.26,31
HCPCS,62369,62369 ELECTRONIC ANALYSIS REPROGRAMMING  REFILL OF SPINAL CANAL DRUG INFUSION,675.0,270.0,235.4,693.26,31
HCPCS,62370,62370 ELECTRONIC ANALYSIS REPROGRAMMING  REFILL OF SPINAL CANAL DRUG INFUSION,675.0,270.0,235.4,693.26,31
HCPCS,63185,63185 REMOVAL OF SPINE BONE WITH SEVERING OF NERVE ROOTS,2000.0,800.0,800.0,2000.0,17
HCPCS,63650,63650 INSERTION OF SPINAL NEUROSTIMULATOR ELECTRODE ARRAY THROUGH SKIN,15738.0,6295.2,5151.21,15738.0,31
HCPCS,63746,63746 REMOVAL OF LOWER SPINAL CANAL SHUNT,3900.0,1560.0,1532.72,4407.6,31
HCPCS,64400,64400 INJECTION OF ANESTHETIC AGENT AND/OR STEROID INTO FACE NERVE,1320.0,528.0,100.42,1188.0,62
HCPCS,64405,64405 INJECTION OF ANESTHETIC AGENT /OR STEROID INTO UPPER NECK  BACK OF HEAD,1320.0,528.0,43.58,1188.0,62
HCPCS,64415,64415 INJECTION OF ANESTHETIC AGENT AND/OR STEROID INTO ARM NERVE BUNDLE,2100.0,840.0,538.55,2100.0,31
HCPCS,64416,64416 INJECTION OF ANESTHETIC AGENT BY CONTINUOUS INFUSION /OR STEROID INTO ARM,2100.0,840.0,698.78,2100.0,31
HCPCS,64417,64417 INJECTION OF ANESTHETIC AGENT AND/OR STEROID INTO UPPER ARM AND SHOULDER,2100.0,840.0,538.55,2100.0,31
HCPCS,64418,64418 INJECTION OF ANESTHETIC AGENT AND/OR STEROID INTO SUPRASCAPULAR SHOULDER,1500.0,600.0,543.56,1593.28,31
HCPCS,64420,64420 INJECTION OF ANESTHETIC AGENT AND/OR STEROID INTO RIB NERVE,2600.0,1040.0,543.56,2340.0,62
HCPCS,64421,64421 INJECTION OF ANESTHETIC AGENT /OR STEROID INTO MULTIPLE RIB S FOR REGIONAL,2100.0,840.0,538.55,2100.0,31
HCPCS,64425,64425 INJECTION OF ANESTHETIC AGENT AND/OR STEROID INTO LOWER ABDOMEN AND GROIN,1500.0,600.0,98.53,1593.28,31
HCPCS,64430,64430 INJECTION OF ANESTHETIC AGENT /OR STEROID INTO EXTERNAL GENITALS  ANUS,2100.0,840.0,538.55,2100.0,31
HCPCS,64435,64435 INJECTION OF ANESTHETIC AGENT AND/OR STEROID INTO UTERUS NERVE,1397.0,558.8,543.56,1593.28,31
HCPCS,64445,64445 INJECTION OF ANESTHETIC AGENT AND/OR STEROID INTO LOWER BACK AND LEG NERVE,1300.0,520.0,117.47,1593.28,31
HCPCS,64446,64446 INJECTION BY CONTINUOUS INFUSION OF ANESTHETIC AGENT /OR STEROID INTO,2100.0,840.0,698.78,2100.0,31
HCPCS,64447,64447 INJECTION OF ANESTHETIC AGENT AND/OR STEROID INTO THIGH NERVE,1300.0,520.0,63.47,1593.28,31
HCPCS,64448,64448 INJECTION BY CONTINUOUS INFUSION OF ANESTHETIC AGENT /OR STEROID INTO,2100.0,840.0,698.78,2100.0,31
HCPCS,64449,64449 INJECTION BY CONTINUOUS INFUSION OF ANESTHETIC AGENT INTO LOWER BACK,2100.0,840.0,698.78,2100.0,31
HCPCS,64450,64450 INJECTION OF ANESTHETIC AGENT AND/OR STEROID INTO OTHER NERVE OR BRANCH,2600.0,1040.0,543.56,2340.0,62
HCPCS,64451,INJECTION AAAND/STRD NERVES NRVTG SI JOINT W/IMG,1621.0,648.4,543.56,1621.0,31
HCPCS,64454,64454 INJECTION OF ANESTHETIC AGENT AND/OR STEROID INTO KNEE  BRANCH USING,1563.0,625.2,543.56,1593.28,30
HCPCS,64461,64461 INJECTION OF ANESTHETIC AGENT INTO THORACIC VERTEBRA USING IMAGING,1500.0,600.0,543.56,1593.28,31
HCPCS,64462,64462 INJECTION OF ANESTHETIC AGENT INTO THORACIC VERTEBRA USING IMAGING,1200.0,480.0,480.0,1080.0,17
HCPCS,64479,64479 INJECTION OF ANESTHETIC /OR STEROID DRUG INTO UPPER OR MIDDLE SPINE,2100.0,840.0,538.55,2100.0,31
HCPCS,64480,64480 INJECTION OF ANESTHETIC /OR STEROID DRUG INTO UPPER OR MIDDLE SPINE,288.0,115.2,115.2,259.2,17
HCPCS,64483,64483 INJECTION OF ANESTHETIC /OR STEROID DRUG INTO SACRAL SPINE  ROOT USING,2100.0,840.0,538.55,2100.0,31
HCPCS,64484,64484 INJECTION OF ANESTHETIC /OR STEROID DRUG INTO SACRAL SPINE  ROOT USING,26.0,10.4,5.2,23.4,34
HCPCS,64486,64486 INJECTION OF LOCAL ANESTHETIC FOR ABDOMINAL WALL PAIN CONTROL ON SIDE,800.0,320.0,320.0,720.0,17
HCPCS,64488,64488 INJECTION OF LOCAL ANESTHETIC FOR ABDOMINAL WALL PAIN CONTROL,800.0,320.0,320.0,720.0,17
HCPCS,64490,64490 INJECTION OF UPPER OR MIDDLE SPINE FACET JOINT USING IMAGING GUIDANCE,2600.0,1040.0,538.55,2340.0,62
HCPCS,64491,64491 INJECTION OF UPPER OR MIDDLE SPINE FACET JOINT USING IMAGING GUIDANCE,1144.0,457.6,228.8,1029.6,34
HCPCS,64492,64492 INJECTION OF UPPER OR MIDDLE SPINE FACET JOINT USING IMAGING GUIDANCE,1224.0,489.6,244.8,1101.6,34
HCPCS,64493,64493 INJECTION OF LOWER OR SACRAL SPINE FACET JOINT USING IMAGING GUIDANCE,2600.0,1040.0,538.55,2340.0,62
HCPCS,64494,64494 INJECTION OF LOWER OR SACRAL SPINE FACET JOINT USING IMAGING GUIDANCE,1316.0,526.4,263.2,1184.4,34
HCPCS,64495,64495 INJECTION OF LOWER OR SACRAL SPINE FACET JOINT USING IMAGING GUIDANCE,1144.0,457.6,228.8,1029.6,34
HCPCS,64505,64505 INJECTION OF ANESTHETIC AGENT,1320.0,528.0,231.7,1188.0,62
HCPCS,64510,64510 INJECTION OF ANESTHETIC AGENT INTO SYMPATHETIC NERVE BUNDLE,2600.0,1040.0,597.43,2340.0,62
HCPCS,64517,64517 INJECTION OF ANESTHETIC AGENT INTO SACRAL NERVE BUNDLE,2600.0,1040.0,698.78,2340.0,62
HCPCS,64520,64520 INJECTION OF ANESTHETIC AGENT INTO MIDDLE OR LOWER SPINE SYMPATHETIC NERVE,2600.0,1040.0,538.55,2340.0,62
HCPCS,64530,64530 INJECTION OF ANESTHETIC AGENT INTO ABDOMINAL SYMPATHETIC NERVE BUNDLE,2600.0,1040.0,538.55,2340.0,62
HCPCS,64555,IMPLANT NEUROELECTRODES,16407.0,6562.8,5151.21,16069.0,31
HCPCS,64561,64561 INSERTION OF SACRAL NERVE NEUROSTIMULATOR ELECTRODE ARRAY,14949.0,5979.6,5151.21,14949.0,31
HCPCS,64581,64581 INSERTION OF SACRAL NERVE NEUROSTIMULATOR ELECTRODE,14949.0,5979.6,5151.21,14949.0,31
HCPCS,64581,IMPLANT NEUROELECTRODES,14949.0,5979.6,5151.21,14949.0,31
HCPCS,64582,OPEN IMPLTJ HPGLSL NRV NSTIM RA PGANDRESPIR SENSOR,75159.0,30063.6,23918.63,75159.0,31
HCPCS,64584,REMOVAL HYPOGLOSSAL NERVE NSTIM RA PGANDRESPIR SNR,16010.0,6404.0,3084.31,16010.0,31
HCPCS,64590,64590 INSERTION OF PERIPHERAL OR GASTRIC NEUROSTIMULATOR GENERATOR,46768.0,18707.2,16831.64,46768.0,31
HCPCS,64590,INSRT/REDO PN/GASTR STIMUL,46768.0,18707.2,16831.64,46768.0,31
HCPCS,64610,64610 DESTRUCTION OF FACE NERVE BRANCH UNDER X-RAY MONITORING,3700.0,1480.0,1532.72,4407.6,31
HCPCS,64611,CHEMODENERV PAROTIDANDSUBMANDIBL SALIVARY GLNDS,667.0,266.8,277.13,692.84,25
HCPCS,64612,64612 INJECTION OF CHEMICAL FOR PARALYSIS OF NERVE MUSCLES ON SIDE OF FACE,660.0,264.0,231.7,692.84,31
HCPCS,64615,64615 INJECTION OF CHEMICAL FOR PARALYSIS OF FACIAL  NECK  MUSCLES ON BOTH,660.0,264.0,231.7,692.84,31
HCPCS,64616,64616 INJECTION OF CHEMICAL FOR PARALYSIS OF  MUSCLES ON SIDE OF NECK EXC,660.0,264.0,231.7,692.84,31
HCPCS,64617,64617 INJECTION OF CHEMICAL FOR PARALYSIS OF NERVE MUSCLES ON SIDE OF VOICE BOX,660.0,264.0,382.8,1593.28,31
HCPCS,64620,64620 INJECTION OF AGENT TO DESTROY RIB NERVE,2600.0,1040.0,698.78,2340.0,62
HCPCS,64624,64624 DESTRUCTION OF NERVE BRANCHES OF KNEE USING IMAGING GUIDANCE,4298.0,1719.2,1532.72,4407.6,30
HCPCS,64625,64625 DESTRUCTION OF NERVES SUPPLYING JOINT BETWEEN SPINE AND PELVIS USING,4298.0,1719.2,1532.72,4407.6,30
HCPCS,64632,N BLOCK INJ COMMON DIGIT,706.0,282.4,231.7,706.0,31
HCPCS,64633,64633 DESTRUCTION OF UPPER OR MIDDLE SPINAL FACET JOINT NERVES USING IMAGING,7400.0,2960.0,1532.72,6660.0,62
HCPCS,64634,64634 DESTRUCTION OF UPPER OR MIDDLE SPINAL FACET JOINT NERVES USING IMAGING,3810.0,1524.0,762.0,3429.0,34
HCPCS,64635,64635 DESTRUCTION OF LOWER OR SACRAL SPINAL FACET JOINT NERVES USING IMAGING,7400.0,2960.0,1532.72,6660.0,62
HCPCS,64636,64636 DESTRUCTION OF LOWER OR SACRAL SPINAL FACET JOINT NERVES USING IMAGING,3810.0,1524.0,762.0,3429.0,34
HCPCS,64640,64640 DESTRUCTION OF PERIPHERAL NERVE OR BRANCH,4200.0,1680.0,231.63,3780.0,62
HCPCS,64642,64642 INJECTION OF CHEMICAL FOR PARALYSIS OF NERVE MUSCLES ON ARM OR LEG,1300.0,520.0,543.56,1593.28,31
HCPCS,64643,64643 INJECTION OF CHEMICAL FOR PARALYSIS OF NERVE MUSCLES ON ARM OR LEG,600.0,240.0,240.0,540.0,17
HCPCS,64644,64644 INJECTION OF CHEMICAL FOR PARALYSIS OF NERVE MUSCLES ON ARM OR LEG,1300.0,520.0,543.56,1593.28,31
HCPCS,64645,64645 INJECTION OF CHEMICAL FOR PARALYSIS OF NERVE MUSCLES ON ARM OR LEG,600.0,240.0,240.0,540.0,17
HCPCS,64646,64646 INJECTION OF CHEMICAL FOR PARALYSIS OF NERVE MUSCLES ON TRUNK,1300.0,520.0,543.56,1593.28,31
HCPCS,64647,64647 INJECTION OF CHEMICAL FOR PARALYSIS OF NERVE MUSCLES ON TRUNK,1300.0,520.0,543.56,1593.28,31
HCPCS,64680,64680 INJECTION OF AGENT TO DESTROY ABDOMINAL NERVE BUNDLE,2100.0,840.0,698.78,2100.0,31
HCPCS,64681,64681 INJECTION OF AGENT TO DESTROY PRESACRAL NERVE BUNDLE,2100.0,840.0,698.78,2100.0,31
HCPCS,64719,64719 RELEASE AND/OR RELOCATION OF WRIST NERVE,3700.0,1480.0,1532.72,4407.6,31
HCPCS,64721,64721 RELEASE AND/OR RELOCATION OF HAND NERVE,3700.0,1480.0,1045.79,4407.6,31
HCPCS,64728,RELEASE OF HAND NERVE AT CARPAL TUNNEL WITH BALLOON DILATION,5027.0,2010.8,1527.42,4901.33,31
HCPCS,64795,64795 BIOPSY OF NERVE,3700.0,1480.0,1532.72,4407.6,31
HCPCS,64999,64999 OTHER PROCEDURE ON NERVOUS SYSTEM,10000.0,4000.0,231.7,9000.0,31
HCPCS,64999,NERVE BLOCK,660.0,264.0,231.7,692.84,31
HCPCS,64999,SPHENOPALATINE GANGLION BLOCK,750.0,300.0,231.7,750.0,31
HCPCS,65205,65205 REMOVAL OF FOREIGN BODY FROM EXTERNAL EYE (CONJUNCTIVA),250.0,100.0,101.18,300.31,31
HCPCS,65210,65210 REMOVAL OF FOREIGN BODY FROM EXTERNAL EYE (CONJUNCTIVA OR SCLERA),650.0,260.0,313.2,1008.32,31
HCPCS,65220,65220 REMOVAL OF FOREIGN BODY IN CORNEA,650.0,260.0,313.2,1008.32,31
HCPCS,65222,65222 REMOVAL OF FOREIGN BODY IN CORNEA USING SLIT LAMP,250.0,100.0,101.18,300.31,31
HCPCS,65235,65235 REMOVAL OF FOREIGN BODY IN EYE OR LENS,5000.0,2000.0,1790.14,5209.11,31
HCPCS,65270,65270 REPAIR OF LACERATED CONJUNCTIVA,4900.0,1960.0,1831.13,5366.35,31
HCPCS,65275,65275 REPAIR OF LACERATED CORNEA,8000.0,3200.0,2959.85,8873.76,31
HCPCS,65290,65290 REPAIR OF WOUND OF EYE MUSCLE OR TENDON,8000.0,3200.0,2959.85,8873.76,31
HCPCS,65400,65400 REMOVAL OF GROWTH OF CORNEA,2050.0,820.0,760.2,2250.11,31
HCPCS,65420,65420 REMOVAL OR RELOCATION OF CORNEAL CONJUNCTIVA,4500.0,1800.0,1831.13,5366.35,31
HCPCS,65426,65426 REMOVAL OR RELOCATION OF CORNEAL CONJUNCTIVA WITH GRAFT,4900.0,1960.0,1831.13,5366.35,31
HCPCS,65430,CORNEAL SMEAR,650.0,260.0,313.2,1008.32,31
HCPCS,65760,65760 REMOVAL AND RESHAPING OF CORNEAL TISSUE,3000.0,1200.0,1200.0,3000.0,17
HCPCS,65778,65778 PLACEMENT OF AMNIOTIC MEMBRANE ON EYE SURFACE FOR WOUND HEALING,2050.0,820.0,760.2,2250.11,31
HCPCS,65800,65800 REMOVAL OF EYE FLUID,5000.0,2000.0,1790.14,5209.11,31
HCPCS,65810,65810 COMPLEX REMOVAL OF EYE FLUID,5000.0,2000.0,1790.14,5209.11,31
HCPCS,65855,65855 LASER REPAIR TO IMPROVE EYE FLUID FLOW,1285.0,514.0,430.6,1285.0,31
HCPCS,66761,66761 CREATION OF EYE FLUID DRAINAGE TRACTS IN IRIS USING A LASER,1285.0,514.0,430.6,1285.0,31
HCPCS,66821,66821 REMOVAL OF RECURRING CATARACT IN LENS CAPSULE USING A LASER,1285.0,514.0,430.6,1285.0,31
HCPCS,66999,66999 OTHER PROCEDURE ON FRONT OF EYE,5000.0,2000.0,1790.14,5209.11,31
HCPCS,67101,RPR RETINAL DTCHMNT DRG SUBRETINAL FLUID CRTX,5000.0,2000.0,1790.14,5209.11,31
HCPCS,67500,67500 INJECTION OF DRUG INTO CAVITY BEHIND EYE,660.0,264.0,234.63,716.43,31
HCPCS,67515,67515 INJECTION OF DRUG OR SUBSTANCE INTO MEMBRANE COVERING EYEBALL,660.0,264.0,234.63,716.43,31
HCPCS,67550,67550 INSERTION OF IMPLANT OUTSIDE EYE MUSCLES,8000.0,3200.0,2959.85,8873.76,31
HCPCS,67700,67700 INCISION AND DRAINAGE OF ABSCESS OF EYELID,660.0,264.0,234.63,716.43,31
HCPCS,67715,67715 INCISION OF CORNER OF EYE AT EYELID,4500.0,1800.0,1831.13,5366.35,31
HCPCS,67800,67800 REMOVAL OF CHRONIC GROWTH OF EYELID,660.0,264.0,234.63,716.43,31
HCPCS,67801,67801 REMOVAL OF MULTIPLE CHRONIC GROWTHS OF SAME EYELID,2050.0,820.0,760.2,2250.11,31
HCPCS,67805,67805 REMOVAL OF MULTIPLE CHRONIC GROWTHS OF DIFFERENT EYELIDS,660.0,264.0,234.63,716.43,31
HCPCS,67820,67820 REMOVAL OF EYELASHES USING FORCEPS,250.0,100.0,101.18,300.31,31
HCPCS,67875,67875 TEMPORARY CLOSURE OF EYELIDS BY SUTURE,2050.0,820.0,760.2,2250.11,31
HCPCS,67930,67930 SUTURE OF RECENT WOUND OF EYELID,4900.0,1960.0,1831.13,5366.35,31
HCPCS,67935,67935 REPAIR OF WOUND OF EYELID MARGIN,4500.0,1800.0,1831.13,5366.35,31
HCPCS,67938,67938 REMOVAL OF EMBEDDED FOREIGN BODY IN EYELID,660.0,264.0,234.63,716.43,31
HCPCS,68760,68760 REPAIR TEAR DUCT OPENING BY HEAT,660.0,264.0,234.63,716.43,31
HCPCS,68761,68761 CLOSURE OF TEAR DUCT OPENING USING PLUG,660.0,264.0,234.63,716.43,31
HCPCS,68810,PROBE NASOLACRIMAL DUCT,660.0,264.0,234.63,716.43,31
HCPCS,68815,68815 PROBING OF NASAL TEAR DUCT WITH INSERTION OF TUBE OR STENT,4900.0,1960.0,1831.13,5366.35,31
HCPCS,68840,68840 PROBING OF NASAL TEAR DUCT,660.0,264.0,234.63,716.43,31
HCPCS,69000,69000 SIMPLE DRAINAGE OF ABSCESS OR BLOOD ACCUMULATION OF EXTERNAL EAR,1500.0,600.0,552.24,1598.36,31
HCPCS,69005,69005 COMPLICATED DRAINAGE OF EXTERNAL EAR ABSCESS OR BLOOD ACCUMULATION,3500.0,1400.0,1271.72,3727.91,31
HCPCS,69020,69020 DRAINAGE OF ABSCESS OF EAR CANAL,1500.0,600.0,552.24,1598.36,31
HCPCS,69200,69200 REMOVAL OF FOREIGN BODY IN EAR CANAL,250.0,100.0,101.18,300.31,31
HCPCS,69209,69209 REMOVAL OF IMPACTED EAR WAX BY WASHING,142.0,56.8,46.62,142.0,31
HCPCS,69210,69210 REMOVAL OF IMPACTED EAR WAX,142.0,56.8,46.62,142.0,31
HCPCS,69399,UNLISTED PROCEDURE EXTERNAL EAR,500.0,200.0,182.27,534.61,31
HCPCS,69420,69420 INCISION,510.0,204.0,182.27,534.61,31
HCPCS,69421,69421 INCISION,6500.0,2600.0,1743.06,7483.5,31
HCPCS,69433,69433 INCISION OF EARDRUM WITH INSERTION OF EARDRUM TUBE UNDER LOCAL OR TOPICAL,1000.0,400.0,399.71,1217.35,31
HCPCS,69436,69436 INCISION OF EARDRUM WITH PLACEMENT OF EARDRUM TUBE UNDER GENERAL,3000.0,1200.0,704.29,3502.16,31
HCPCS,69540,69540 REMOVAL OF POLYP OF OUTER EAR,3000.0,1200.0,1162.65,3502.16,31
HCPCS,69990,69990 USE OF OPERATING MICROSCOPE,500.0,200.0,200.0,450.0,17
HCPCS,70015,70015 REVIEW BY RADIOLOGIST OF BRAIN AND SPINAL CORD IMAGE,1827.0,730.8,620.11,1827.0,31
HCPCS,70030,70030 X-RAY OF EYE FOR DETECTION OF FOREIGN BODY,207.0,82.8,69.1,207.0,31
HCPCS,70100,70100 X-RAY OF PART OF LOWER JAW,207.0,82.8,69.1,207.0,31
HCPCS,70110,70110 X-RAY OF LOWER JAW,997.0,398.8,83.47,897.3,31
HCPCS,70120,70120 X-RAY OF BONE BEHIND THE EAR,975.0,390.0,83.47,877.5,31
HCPCS,70130,70130 X-RAY OF BONE BEHIND THE EAR,975.0,390.0,83.47,877.5,31
HCPCS,70140,70140 X-RAY OF FACE BONES,207.0,82.8,69.1,207.0,31
HCPCS,70150,70150 X-RAY OF FACE BONES,975.0,390.0,83.47,877.5,31
HCPCS,70160,70160 X-RAY OF NOSE BONES,207.0,82.8,69.1,207.0,31
HCPCS,70200,70200 X-RAY OF EYE SOCKET,975.0,390.0,83.47,877.5,31
HCPCS,70210,70210 X-RAY OF PARANASAL SINUS,207.0,82.8,69.1,207.0,31
HCPCS,70220,70220 X-RAY OF PARANASAL SINUS,207.0,82.8,69.1,207.0,31
HCPCS,70250,70250 X-RAY OF SKULL,975.0,390.0,83.47,877.5,31
HCPCS,70260,70260 X-RAY OF SKULL,997.0,398.8,83.47,897.3,31
HCPCS,70320,FULL MOUTH X-RAY OF TEETH,588.0,235.2,189.73,588.0,31
HCPCS,70328,70328 X-RAY OF JAW JOINT ON 1 SIDE OF MOUTH,207.0,82.8,69.1,207.0,31
HCPCS,70330,70330 X-RAY OF JAW JOINTS ON BOTH SIDES OF MOUTH,207.0,82.8,69.1,207.0,31
HCPCS,70336,70336 MRI SCAN OF JAW JOINT,1500.0,600.0,189.73,1500.0,31
HCPCS,70336,MAGNETIC IMAGE JAW JOINT UNILAT,1500.0,600.0,189.73,1500.0,31
HCPCS,70355,70355 X-RAY OF LOWER JAWS,207.0,82.8,69.1,207.0,31
HCPCS,70360,70360 X-RAY OF SOFT TISSUE OF NECK,207.0,82.8,69.1,207.0,31
HCPCS,70370,70370 X-RAY OF VOICE BOX OR THROAT,207.0,82.8,69.1,207.0,31
HCPCS,70371,70371 IMAGING OF VOICE BOX WITH SPEECH EVALUATION,590.0,236.0,189.73,590.0,31
HCPCS,70390,70390 REVIEW BY RADIOLOGIST OF SALIVARY STRUCTURE IMAGE,590.0,236.0,189.73,590.0,31
HCPCS,70450,70450 CT SCAN HEAD OR BRAIN WITHOUT CONTRAST,1097.0,438.8,83.47,1093.0,31
HCPCS,70460,70460 CT SCAN HEAD OR BRAIN WITH CONTRAST,1500.0,600.0,139.73,1350.0,31
HCPCS,70470,70470 CT SCAN OF HEAD OR BRAIN BEFORE AND AFTER CONTRAST,1500.0,600.0,139.73,1350.0,31
HCPCS,70480,70480 CT SCAN OF CRANIAL CAVITY WITHOUT CONTRAST,1500.0,600.0,83.47,1350.0,31
HCPCS,70481,70481 CT SCAN OF CRANIAL CAVITY WITH CONTRAST,1500.0,600.0,139.73,1350.0,31
HCPCS,70482,70482 CT SCAN OF CRANIAL CAVITY BEFORE AND AFTER CONTRAST,1500.0,600.0,139.73,1350.0,31
HCPCS,70486,70486 CT SCAN OF FACE WITHOUT CONTRAST,1097.0,438.8,83.47,1093.0,31
HCPCS,70487,70487 CT SCAN OF FACE WITH CONTRAST,1500.0,600.0,139.73,1350.0,31
HCPCS,70488,70488 CT SCAN OF FACE BEFORE AND AFTER CONTRAST,1500.0,600.0,139.73,1350.0,31
HCPCS,70490,70490 CT SCAN OF SOFT TISSUE OF NECK WITHOUT CONTRAST,1500.0,600.0,83.47,1350.0,31
HCPCS,70491,70491 CT SCAN OF SOFT TISSUE OF NECK WITH CONTRAST,997.0,398.8,139.73,997.0,31
HCPCS,70492,70492 CT SCAN OF SOFT TISSUE OF NECK BEFORE AND AFTER CONTRAST,1500.0,600.0,139.73,1350.0,31
HCPCS,70496,70496 CT SCAN OF BLOOD VESSELS OF HEAD WITH CONTRAST,997.0,398.8,139.73,997.0,31
HCPCS,70498,70498 CT SCAN OF BLOOD VESSELS OF NECK WITH CONTRAST,997.0,398.8,139.73,997.0,31
HCPCS,70540,70540 MRI SCAN OF BONE OF EYE SOCKET,1500.0,600.0,189.73,1500.0,31
HCPCS,70542,70542 MRI SCAN OF BONE OF EYE SOCKET,1932.0,772.8,280.31,1875.0,31
HCPCS,70543,70543 MRI SCAN OF BONE OF EYE SOCKET,1932.0,772.8,280.31,1875.0,31
HCPCS,70544,70544 MRI SCAN OF BLOOD VESSELS OF HEAD WITHOUT CONTRAST,1969.0,787.6,189.73,1875.0,31
HCPCS,70545,70545 MRI SCAN OF BLOOD VESSELS OF HEAD WITH CONTRAST,1932.0,772.8,280.31,1875.0,31
HCPCS,70546,70546 MRI SCAN OF BLOOD VESSELS OF HEAD BEFORE AND AFTER CONTRAST,1932.0,772.8,280.31,1875.0,31
HCPCS,70547,70547 MRI SCAN OF BLOOD VESSELS OF NECK WITHOUT CONTRAST,1200.0,480.0,189.73,1200.0,31
HCPCS,70548,70548 MRI SCAN OF BLOOD VESSELS OF NECK WITH CONTRAST,1932.0,772.8,280.31,1875.0,31
HCPCS,70549,70549 MRI SCAN OF BLOOD VESSELS OF NECK BEFORE AND AFTER CONTRAST,1932.0,772.8,280.31,1875.0,31
HCPCS,70551,70551 MRI SCAN OF BRAIN WITHOUT CONTRAST,1969.0,787.6,189.73,1875.0,31
HCPCS,70552,70552 MRI SCAN OF BRAIN WITH CONTRAST,1932.0,772.8,280.31,1875.0,31
HCPCS,70552,MR BRAIN W/CONTRAST LMTD,4217.0,1686.8,280.31,3795.3,31
HCPCS,70553,70553 MRI SCAN OF BRAIN BEFORE AND AFTER CONTRAST,1932.0,772.8,280.31,1875.0,31
HCPCS,70554,70554 FUNCTIONAL MRI SCAN OF BRAIN,1200.0,480.0,189.73,1200.0,31
HCPCS,70555,70555 FUNCTIONAL MRI SCAN OF BRAIN WITH NEUROFUNCTIONAL TESTING,1197.0,478.8,189.73,1197.0,31
HCPCS,71045,71045 X-RAY OF CHEST,207.0,82.8,69.1,207.0,31
HCPCS,71045,X-RAY EXAM CHEST 1 VIEW,207.0,82.8,69.1,207.0,31
HCPCS,71046,71046 X-RAY OF CHEST,207.0,82.8,69.1,207.0,31
HCPCS,71046,X-RAY EXAM CHEST 2 VIEWS,188.0,75.2,69.1,196.43,31
HCPCS,71047,71047 X-RAY OF CHEST,207.0,82.8,69.1,207.0,31
HCPCS,71048,71048 X-RAY OF CHEST,975.0,390.0,83.47,877.5,31
HCPCS,71100,71100 X-RAY OF RIBS ON SIDE OF BODY,207.0,82.8,69.1,207.0,31
HCPCS,71101,71101 X-RAY OF RIBS ON SIDE OF BODY,975.0,390.0,83.47,877.5,31
HCPCS,71110,71110 X-RAY OF RIBS ON BOTH SIDES OF BODY,997.0,398.8,83.47,897.3,31
HCPCS,71111,71111 X-RAY OF RIBS ON BOTH SIDES OF BODY,997.0,398.8,83.47,897.3,31
HCPCS,71120,71120 X-RAY OF CHEST BONE,207.0,82.8,69.1,207.0,31
HCPCS,71130,71130 X-RAY OF JOINT BETWEEN BREAST AND COLLAR BONES,207.0,82.8,69.1,207.0,31
HCPCS,71250,71250 CT SCAN OF CHEST WITHOUT CONTRAST,1097.0,438.8,83.47,1093.0,31
HCPCS,71250,HC CT LUNG SCREENING,100.0,40.0,78.0,235.98,31
HCPCS,71260,71260 CT SCAN OF CHEST WITH CONTRAST,997.0,398.8,139.73,997.0,31
HCPCS,71270,71270 CT SCAN OF CHEST BEFORE AND AFTER CONTRAST,997.0,398.8,139.73,997.0,31
HCPCS,71271,71271 LOW DOSE CT SCAN OF CHEST FOR LUNG CANCER SCREENING,1097.0,438.8,83.47,1093.0,31
HCPCS,71275,71275 CT SCAN OF BLOOD VESSELS OF CHEST WITH CONTRAST,1500.0,600.0,139.73,1350.0,31
HCPCS,71550,71550 MRI SCAN OF CHEST WITHOUT CONTRAST,1500.0,600.0,189.73,1500.0,31
HCPCS,71551,71551 MRI SCAN OF CHEST WITH CONTRAST,1932.0,772.8,620.11,1932.0,31
HCPCS,71552,71552 MRI SCAN OF CHEST BEFORE AND AFTER CONTRAST,1932.0,772.8,280.31,1875.0,31
HCPCS,72020,72020 X-RAY OF SPINE,207.0,82.8,69.1,207.0,31
HCPCS,72040,72040 X-RAY OF UPPER SPINE,207.0,82.8,69.1,207.0,31
HCPCS,72050,72050 X-RAY OF UPPER SPINE,997.0,398.8,83.47,897.3,31
HCPCS,72052,72052 X-RAY OF UPPER SPINE,997.0,398.8,83.47,897.3,31
HCPCS,72070,72070 X-RAY OF MIDDLE SPINE,975.0,390.0,83.47,877.5,31
HCPCS,72072,72072 X-RAY OF MIDDLE SPINE,997.0,398.8,83.47,897.3,31
HCPCS,72074,72074 X-RAY OF MIDDLE SPINE,997.0,398.8,83.47,897.3,31
HCPCS,72080,72080 X-RAY OF MIDDLE AND LOWER SPINE,207.0,82.8,69.1,207.0,31
HCPCS,72081,72081 X-RAY OF ENTIRE MIDDLE AND LOWER SPINE,207.0,82.8,69.1,207.0,31
HCPCS,72082,72082 X-RAY OF ENTIRE MIDDLE AND LOWER SPINE,975.0,390.0,83.47,877.5,31
HCPCS,72083,72083 X-RAY OF ENTIRE MIDDLE AND LOWER SPINE,997.0,398.8,83.47,897.3,31
HCPCS,72084,72084 X-RAY OF ENTIRE MIDDLE AND LOWER SPINE,975.0,390.0,83.47,877.5,31
HCPCS,72100,72100 X-RAY OF LOWER AND SACRAL SPINE,266.0,106.4,83.47,266.0,31
HCPCS,72110,72110 X-RAY OF LOWER AND SACRAL SPINE,975.0,390.0,83.47,877.5,31
HCPCS,72114,72114 X-RAY LOWER AND SACRAL SPINE,997.0,398.8,83.47,897.3,31
HCPCS,72120,72120 X-RAY LOWER AND SACRAL SPINE,997.0,398.8,83.47,897.3,31
HCPCS,72125,72125 CT SCAN OF UPPER SPINE WITHOUT CONTRAST,1097.0,438.8,83.47,1093.0,31
HCPCS,72126,72126 CT SCAN OF UPPER SPINE WITH CONTRAST,1932.0,772.8,280.31,1738.8,31
HCPCS,72127,72127 CT SCAN OF UPPER SPINE BEFORE AND AFTER CONTRAST,1500.0,600.0,139.73,1350.0,31
HCPCS,72128,72128 CT SCAN OF MIDDLE SPINE WITHOUT CONTRAST,1097.0,438.8,83.47,1093.0,31
HCPCS,72129,72129 CT SCAN OF MIDDLE SPINE WITH CONTRAST,1500.0,600.0,139.73,1350.0,31
HCPCS,72130,72130 CT SCAN OF MIDDLE SPINE BEFORE AND AFTER CONTRAST,1500.0,600.0,139.73,1350.0,31
HCPCS,72131,72131 CT SCAN OF LOWER SPINE WITHOUT CONTRAST,997.0,398.8,83.47,997.0,31
HCPCS,72132,72132 CT SCAN OF LOWER SPINE WITH CONTRAST,1932.0,772.8,280.31,1738.8,31
HCPCS,72133,72133 CT SCAN OF LOWER SPINE BEFORE AND AFTER CONTRAST,1500.0,600.0,139.73,1350.0,31
HCPCS,72141,72141 MRI SCAN OF UPPER SPINAL CANAL WITHOUT CONTRAST,1500.0,600.0,189.73,1500.0,31
HCPCS,72141,MRI NECK SPINE W/O DYE LIMITED,1969.0,787.6,189.73,1875.0,31
HCPCS,72142,72142 MRI SCAN OF UPPER SPINAL CANAL WITH CONTRAST,1932.0,772.8,280.31,1875.0,31
HCPCS,72146,72146 MRI SCAN OF MIDDLE SPINAL CANAL WITHOUT CONTRAST,3882.0,1552.8,189.73,3493.8,31
HCPCS,72146,MRI CHEST SPINE W/O DYE,1200.0,480.0,189.73,1200.0,31
HCPCS,72147,72147 MRI SCAN OF MIDDLE SPINAL CANAL WITH CONTRAST,1932.0,772.8,280.31,1875.0,31
HCPCS,72148,72148 MRI SCAN OF LOWER SPINAL CANAL WITHOUT CONTRAST,2235.0,894.0,189.73,2011.5,31
HCPCS,72148,MRI LUMBAR SPINE W/O DYE,1500.0,600.0,189.73,1500.0,31
HCPCS,72149,72149 MRI SCAN OF LOWER SPINAL CANAL WITH CONTRAST,1932.0,772.8,280.31,1875.0,31
HCPCS,72156,72156 MRI SCAN OF UPPER SPINAL CANAL BEFORE AND AFTER CONTRAST,1932.0,772.8,280.31,1875.0,31
HCPCS,72157,72157 MRI SCAN OF MIDDLE SPINAL CANAL BEFORE AND AFTER CONTRAST,1932.0,772.8,280.31,1875.0,31
HCPCS,72158,72158 MRI SCAN OF LOWER SPINAL CANAL BEFORE AND AFTER CONTRAST,1932.0,772.8,280.31,1875.0,31
HCPCS,72170,72170 X-RAY OF PELVIS,975.0,390.0,83.47,877.5,31
HCPCS,72190,72190 X-RAY OF PELVIS,975.0,390.0,83.47,877.5,31
HCPCS,72191,72191 CT SCAN OF BLOOD VESSELS OF PELVIS WITH CONTRAST,1500.0,600.0,139.73,1350.0,31
HCPCS,72192,72192 CT SCAN OF PELVIS WITHOUT CONTRAST,1500.0,600.0,83.47,1350.0,31
HCPCS,72193,72193 CT SCAN OF PELVIS WITH CONTRAST,1500.0,600.0,139.73,1350.0,31
HCPCS,72194,72194 CT SCAN OF PELVIS BEFORE AND AFTER CONTRAST,1500.0,600.0,139.73,1350.0,31
HCPCS,72195,72195 MRI SCAN OF PELVIS WITHOUT CONTRAST,1500.0,600.0,189.73,1500.0,31
HCPCS,72196,72196 MRI SCAN OF PELVIS WITH CONTRAST,1932.0,772.8,280.31,1875.0,31
HCPCS,72197,72197 MRI SCAN OF PELVIS BEFORE AND AFTER CONTRAST,1932.0,772.8,280.31,1875.0,31
HCPCS,72200,72200 X-RAY OF JOINT BETWEEN LOWER SPINE AND HIP BONE,975.0,390.0,83.47,877.5,31
HCPCS,72202,72202 X-RAY OF JOINT BETWEEN LOWER SPINE AND HIP BONE,975.0,390.0,83.47,877.5,31
HCPCS,72220,72220 X-RAY OF SACRUM AND TAILBONE,207.0,82.8,69.1,207.0,31
HCPCS,72240,72240 REVIEW BY RADIOLOGIST OF UPPER SPINAL CANAL IMAGE,1827.0,730.8,620.11,1827.0,31
HCPCS,72255,72255 REVIEW BY RADIOLOGIST OF MIDDLE SPINAL CANAL IMAGE,1827.0,730.8,620.11,1827.0,31
HCPCS,72265,72265 REVIEW BY RADIOLOGIST OF LOWER SPINAL CANAL IMAGE,1827.0,730.8,620.11,1827.0,31
HCPCS,72270,72270 REVIEW BY RADIOLOGIST OF MULTIPLE SPINAL CANALS IMAGE,1827.0,730.8,620.11,1827.0,31
HCPCS,72295,72295 REVIEW BY RADIOLOGIST OF DISC OF LOWER SPINE IMAGE,3900.0,1560.0,1532.72,4407.6,31
HCPCS,73000,73000 X-RAY OF COLLAR BONE,207.0,82.8,69.1,207.0,31
HCPCS,73010,73010 X-RAY OF SHOULDER BLADE,975.0,390.0,83.47,877.5,31
HCPCS,73020,73020 X-RAY OF SHOULDER,207.0,82.8,69.1,207.0,31
HCPCS,73030,73030 X-RAY OF SHOULDER,207.0,82.8,69.1,207.0,31
HCPCS,73040,73040 REVIEW BY RADIOLOGIST OF SHOULDER JOINT IMAGE,940.0,376.0,280.31,940.0,31
HCPCS,73050,73050 X-RAY OF BOTH COLLAR BONES JOINTS,207.0,82.8,69.1,207.0,31
HCPCS,73060,73060 X-RAY OF UPPER ARM,207.0,82.8,69.1,207.0,31
HCPCS,73070,73070 X-RAY OF ELBOW,207.0,82.8,69.1,207.0,31
HCPCS,73080,73080 X-RAY OF ELBOW,207.0,82.8,69.1,207.0,31
HCPCS,73085,73085 REVIEW BY RADIOLOGIST OF ELBOW IMAGE,940.0,376.0,280.31,940.0,31
HCPCS,73090,73090 X-RAY OF FOREARM,207.0,82.8,69.1,207.0,31
HCPCS,73092,73092 X-RAY OF INFANT ARM,975.0,390.0,83.47,877.5,31
HCPCS,73100,73100 X-RAY OF WRIST,207.0,82.8,69.1,207.0,31
HCPCS,73110,73110 X-RAY OF WRIST,207.0,82.8,69.1,207.0,31
HCPCS,73115,73115 REVIEW BY RADIOLOGIST OF WRIST JOINT IMAGE,940.0,376.0,280.31,940.0,31
HCPCS,73120,73120 X-RAY OF HAND,975.0,390.0,83.47,877.5,31
HCPCS,73130,73130 X-RAY OF HAND,207.0,82.8,69.1,207.0,31
HCPCS,73140,73140 X-RAY OF FINGER,207.0,82.8,69.1,207.0,31
HCPCS,73200,73200 CT SCAN OF ARM WITHOUT CONTRAST,1500.0,600.0,83.47,1350.0,31
HCPCS,73201,73201 CT SCAN OF ARM WITH CONTRAST,1932.0,772.8,280.31,1738.8,31
HCPCS,73202,73202 CT SCAN OF ARM BEFORE AND AFTER CONTRAST,1500.0,600.0,139.73,1350.0,31
HCPCS,73206,73206 CT SCAN OF BLOOD VESSELS OF ARM WITH CONTRAST,1500.0,600.0,139.73,1350.0,31
HCPCS,73218,73218 MRI SCAN OF ARM WITHOUT CONTRAST,1500.0,600.0,189.73,1500.0,31
HCPCS,73219,73219 MRI SCAN OF ARM WITH CONTRAST,1932.0,772.8,280.31,1875.0,31
HCPCS,73220,73220 MRI SCAN OF ARM BEFORE AND AFTER CONTRAST,1932.0,772.8,280.31,1875.0,31
HCPCS,73221,73221 MRI SCAN OF ARM JOINT WITHOUT CONTRAST,1969.0,787.6,189.73,1875.0,31
HCPCS,73222,73222 MRI SCAN OF ARM JOINT WITH CONTRAST,1932.0,772.8,620.11,1932.0,31
HCPCS,73223,73223 MRI SCAN OF ARM JOINT BEFORE AND AFTER CONTRAST,1932.0,772.8,280.31,1875.0,31
HCPCS,73501,73501 X-RAY OF HIP,207.0,82.8,69.1,207.0,31
HCPCS,73502,73502 X-RAY OF HIP,207.0,82.8,69.1,207.0,31
HCPCS,73503,73503 X-RAY OF HIP,997.0,398.8,83.47,897.3,31
HCPCS,73521,73521 X-RAY OF BOTH HIPS,975.0,390.0,83.47,877.5,31
HCPCS,73522,73522 X-RAY OF BOTH HIPS,975.0,390.0,83.47,877.5,31
HCPCS,73523,73523 X-RAY OF BOTH HIPS,997.0,398.8,83.47,897.3,31
HCPCS,73525,73525 REVIEW BY RADIOLOGIST OF HIP JOINT IMAGE,940.0,376.0,280.31,940.0,31
HCPCS,73551,73551 X-RAY OF THIGH BONE,207.0,82.8,69.1,207.0,31
HCPCS,73552,73552 X-RAY OF THIGH BONE,207.0,82.8,69.1,207.0,31
HCPCS,73560,73560 X-RAY OF KNEE,207.0,82.8,69.1,207.0,31
HCPCS,73562,73562 X-RAY OF KNEE,207.0,82.8,69.1,207.0,31
HCPCS,73564,73564 X-RAY OF KNEE,975.0,390.0,83.47,877.5,31
HCPCS,73565,73565 X-RAY OF BOTH KNEES WHILE STANDING,207.0,82.8,69.1,207.0,31
HCPCS,73580,73580 REVIEW BY RADIOLOGIST OF KNEE JOINT IMAGE,940.0,376.0,280.31,940.0,31
HCPCS,73590,73590 X-RAY OF LOWER LEG,207.0,82.8,69.1,207.0,31
HCPCS,73592,73592 X-RAY OF INFANT LEG,207.0,82.8,69.1,207.0,31
HCPCS,73600,73600 X-RAY OF ANKLE,207.0,82.8,69.1,207.0,31
HCPCS,73610,73610 X-RAY OF ANKLE,207.0,82.8,69.1,207.0,31
HCPCS,73615,73615 REVIEW BY RADIOLOGIST OF ANKLE JOINT IMAGE,940.0,376.0,280.31,940.0,31
HCPCS,73620,73620 X-RAY OF FOOT,207.0,82.8,69.1,207.0,31
HCPCS,73630,73630 X-RAY OF FOOT,207.0,82.8,69.1,207.0,31
HCPCS,73650,73650 X-RAY OF HEEL,207.0,82.8,69.1,207.0,31
HCPCS,73660,73660 X-RAY OF TOE,207.0,82.8,69.1,207.0,31
HCPCS,73700,73700 CT SCAN OF LEG WITHOUT CONTRAST,1500.0,600.0,83.47,1350.0,31
HCPCS,73701,73701 CT SCAN OF LEG WITH CONTRAST MATERIAL,1500.0,600.0,139.73,1350.0,31
HCPCS,73702,73702 CT SCAN OF LEG BEFORE AND AFTER CONTRAST,1500.0,600.0,139.73,1350.0,31
HCPCS,73706,73706 CT SCAN OF BLOOD VESSELS OF LOWER LEG WITH CONTRAST,1500.0,600.0,139.73,1350.0,31
HCPCS,73718,73718 MRI SCAN OF LEG WITHOUT CONTRAST,1500.0,600.0,189.73,1500.0,31
HCPCS,73719,73719 MRI SCAN OF LEG WITH CONTRAST,1932.0,772.8,280.31,1875.0,31
HCPCS,73720,73720 MRI SCAN OF LEG BEFORE AND AFTER CONTRAST,1932.0,772.8,280.31,1875.0,31
HCPCS,73721,73721 MRI SCAN OF LEG JOINT WITHOUT CONTRAST,1969.0,787.6,189.73,1875.0,31
HCPCS,73722,73722 MRI SCAN OF LEG JOINT WITH CONTRAST,1932.0,772.8,620.11,1932.0,31
HCPCS,73723,73723 MRI SCAN OF LEG JOINT BEFORE AND AFTER CONTRAST,1932.0,772.8,280.31,1875.0,31
HCPCS,74018,74018 X-RAY OF ABDOMEN,207.0,82.8,69.1,207.0,31
HCPCS,74019,74019 X-RAY OF ABDOMEN,975.0,390.0,83.47,877.5,31
HCPCS,74021,74021 X-RAY OF ABDOMEN,975.0,390.0,83.47,877.5,31
HCPCS,74022,74022 X-RAY SERIES OF ABDOMEN WITH SINGLE X-RAY OF CHEST,975.0,390.0,83.47,877.5,31
HCPCS,74150,74150 CT SCAN OF ABDOMEN WITHOUT CONTRAST,1500.0,600.0,83.47,1350.0,31
HCPCS,74160,74160 CT SCAN OF ABDOMEN WITH CONTRAST,1500.0,600.0,139.73,1350.0,31
HCPCS,74170,74170 CT SCAN OF ABDOMEN BEFORE AND AFTER CONTRAST,1500.0,600.0,139.73,1350.0,31
HCPCS,74174,74174 CT SCAN OF BLOOD VESSELS OF ABDOMEN AND PELVIS WITH CONTRAST,1932.0,772.8,280.31,1738.8,31
HCPCS,74175,74175 CT SCAN OF BLOOD VESSELS OF ABDOMEN WITH CONTRAST,1500.0,600.0,139.73,1350.0,31
HCPCS,74176,74176 CT SCAN OF ABDOMEN AND PELVIS WITHOUT CONTRAST,1197.0,478.8,189.73,1093.0,31
HCPCS,74177,74177 CT SCAN OF ABDOMEN AND PELVIS WITH CONTRAST,1932.0,772.8,280.31,1738.8,31
HCPCS,74178,74178 CT SCAN OF ABDOMEN AND PELVIS BEFORE AND AFTER CONTRAST,1932.0,772.8,280.31,1738.8,31
HCPCS,74181,74181 MRI SCAN OF ABDOMEN WITHOUT CONTRAST,1500.0,600.0,189.73,1500.0,31
HCPCS,74182,74182 MRI SCAN OF ABDOMEN WITH CONTRAST,1932.0,772.8,280.31,1875.0,31
HCPCS,74183,74183 MRI SCAN OF ABDOMEN BEFORE AND AFTER CONTRAST,1932.0,772.8,280.31,1875.0,31
HCPCS,74190,74190 REVIEW BY RADIOLOGIST OF ABDOMINAL CAVITY LINING IMAGE,1300.0,520.0,430.35,1300.0,31
HCPCS,74220,74220 SINGLE CONTRAST X-RAY OF ESOPHAGUS,975.0,390.0,139.73,877.5,31
HCPCS,74230,74230 IMAGING FOR EVALUATION OF SWALLOWING FUNCTION,975.0,390.0,139.73,877.5,31
HCPCS,74235,74235 REVIEW BY RADIOLOGIST OF  FOR REMOVAL OF ESOPHAGEAL FOREIGN BODY,600.0,240.0,240.0,540.0,17
HCPCS,74240,74240 SINGLE CONTRAST X-RAY OF UPPER DIGESTIVE TRACT,975.0,390.0,139.73,877.5,31
HCPCS,74246,74246 DOUBLE CONTRAST X-RAY OF UPPER DIGESTIVE TRACT,975.0,390.0,139.73,877.5,31
HCPCS,74248,74248 FOLLOW-THROUGH X-RAY OF SMALL INTESTINES,163.0,65.2,65.2,146.7,17
HCPCS,74250,74250 SINGLE CONTRAST X-RAY OF SMALL INTESTINE,975.0,390.0,139.73,877.5,31
HCPCS,74251,74251 DOUBLE CONTRAST X-RAY OF SMALL INTESTINE,975.0,390.0,139.73,877.5,31
HCPCS,74261,74261 DIAGNOSTIC CT SCAN OF LARGE INTESTINE WITHOUT CONTRAST,997.0,398.8,83.47,997.0,31
HCPCS,74262,74262 DIAGNOSTIC CT SCAN OF LARGE INTESTINE WITH CONTRAST,997.0,398.8,139.73,997.0,31
HCPCS,74263,74263 SCREENING CT SCAN OF LARGE INTESTINE,1500.0,600.0,215.42,1350.0,25
HCPCS,74270,74270 SINGLE CONTRAST X-RAY OF LARGE INTESTINE,997.0,398.8,139.73,897.3,31
HCPCS,74270,DEFECOGRAM,997.0,398.8,139.73,897.3,31
HCPCS,74280,74280 DOUBLE CONTRAST X-RAY OF LARGE INTESTINE,997.0,398.8,139.73,897.3,31
HCPCS,74283,74283 ENEMA USING AIR OR CONTRAST,997.0,398.8,139.73,897.3,31
HCPCS,74300,74300 REVIEW BY RADIOLOGIST OF BILE AND/OR PANCREATIC DUCT IMAGE DURING SURGERY,800.0,320.0,320.0,720.0,17
HCPCS,74328,X-RAY BILE DUCT ENDOSCOPY,1260.0,504.0,504.0,1134.0,17
HCPCS,74329,74329 REVIEW BY RADIOLOGIST OF IMAGE FROM  PLACEMENT INTO PANCREATIC DUCT,400.0,160.0,160.0,360.0,17
HCPCS,74340,74340 REVIEW BY RADIOLOGIST OF PLACEMENT OF LONG SMALL BOWEL TUBE,739.0,295.6,295.6,665.1,17
HCPCS,74355,74355 REVIEW BY RADIOLOGIST OF PLACEMENT OF SMALL BOWEL TUBE,475.0,190.0,190.0,427.5,18
HCPCS,74360,74360 REVIEW BY RADIOLOGIST OF IMAGE TO GUIDE OPENING OF DIGESTIVE TRACT,960.0,384.0,384.0,864.0,18
HCPCS,74363,74363 REVIEW BY RADIOLOGIST OF IMAGE TO GUIDE OPENING OF BILE DUCT,2000.0,800.0,800.0,1800.0,18
HCPCS,74400,74400 IMAGING OF URINARY TRACT WITH INJECTION OF CONTRAST INTO A VEIN,997.0,398.8,139.73,897.3,32
HCPCS,74420,74420 IMAGING OF URINARY TRACT FOLLOWING INJECTION OF A CONTRAST AGENT,940.0,376.0,280.31,940.0,32
HCPCS,74425,74425 REVIEW BY RADIOLOGIST OF UPPER URINARY TRACT IMAGE,940.0,376.0,280.31,940.0,32
HCPCS,74430,74430 REVIEW BY RADIOLOGIST OF URINARY BLADDER IMAGE,940.0,376.0,280.31,940.0,32
HCPCS,74445,74445 REVIEW BY RADIOLOGIST OF PENIS IMAGE,997.0,398.8,83.47,897.3,32
HCPCS,74450,74450 REVIEW BY RADIOLOGIST OF URINARY BLADDER AND URETHRA IMAGES WITH CONTRAST,590.0,236.0,189.73,590.0,32
HCPCS,74455,74455 REVIEW BY RADIOLOGIST OF URINARY BLADDER  URETHRA IMAGES WITH CONTRAST,590.0,236.0,189.73,590.0,32
HCPCS,74470,74470 REVIEW BY RADIOLOGIST OF KIDNEY CYST IMAGE,1300.0,520.0,430.35,1300.0,32
HCPCS,74485,74485 REVIEW BY RADIOLOGIST OF URETER OR URETHRA IMAGE,4500.0,1800.0,412.5,4718.31,32
HCPCS,74712,74712 MRI SCAN OF FETUS FOR SINGLE OR FIRST PREGNANCY,900.0,360.0,154.25,900.0,26
HCPCS,74740,74740 REVIEW BY RADIOLOGIST OF UTERINE TUBE AND OVARY IMAGE,590.0,236.0,189.73,590.0,32
HCPCS,75557,75557 MRI SCAN OF HEART WITHOUT CONTRAST,1500.0,600.0,189.73,1500.0,32
HCPCS,75559,75559 MRI SCAN OF HEART WITHOUT CONTRAST WITH STRESS IMAGING,1300.0,520.0,430.35,1300.0,32
HCPCS,75561,75561 MRI SCAN OF HEART BEFORE AND AFTER CONTRAST,1932.0,772.8,280.31,1875.0,32
HCPCS,75563,75563 MRI SCAN OF HEART BEFORE AND AFTER CONTRAST WITH STRESS IMAGING,1932.0,772.8,620.11,1932.0,32
HCPCS,75565,75565 MRI SCAN OF BLOOD FLOW OF HEART,10100.0,4040.0,404.97,9090.0,18
HCPCS,75571,75571 CT SCAN OF HEART WITH EVALUATION OF BLOOD VESSEL CALCIUM,207.0,82.8,69.1,404.97,32
HCPCS,75571,CT HRT W/O DYE W/CA TEST,55.0,22.0,42.9,196.43,32
HCPCS,75572,75572 CT SCAN OF HEART STRUCTURE WITH CONTRAST,1500.0,600.0,280.31,1350.0,32
HCPCS,75573,75573 CT SCAN OF CONGENITAL HEART DISEASE WITH CONTRAST,1500.0,600.0,280.31,2250.0,32
HCPCS,75574,75574 CT SCAN OF BLOOD VESSELS AND GRAFTS OF HEART WITH CONTRAST,997.0,398.8,280.31,997.0,32
HCPCS,75580,N-INVAS EST C FFR SW ALY CTA,2490.0,996.0,173.25,2490.0,26
HCPCS,75600,CONTRAST EXAM THORACIC AORTA,7593.0,3037.2,303.75,7593.0,32
HCPCS,75605,75605 REVIEW BY RADIOLOGIST OF CHEST AORTA SERIAL IMAGES,6600.0,2640.0,3828.0,12559.89,32
HCPCS,75625,75625 REVIEW BY RADIOLOGIST OF ABDOMINAL AORTA IMAGE,6000.0,2400.0,2470.47,7126.91,32
HCPCS,75630,75630 REVIEW BY RADIOLOGIST OF ABDOMINAL AORTA AND BOTH LEG ARTERIES IMAGE,6000.0,2400.0,2470.47,7126.91,32
HCPCS,75635,75635 CT SCAN OF ABDOMINAL AORTA AND BOTH LEG ARTERIES WITH CONTRAST,997.0,398.8,139.73,997.0,32
HCPCS,75705,75705 REVIEW BY RADIOLOGIST OF SPINAL ARTERY IMAGE,10000.0,4000.0,337.5,12559.89,32
HCPCS,75710,75710 REVIEW BY RADIOLOGIST OF ARM OR LEG ARTERY IMAGE,6000.0,2400.0,2470.47,7126.91,32
HCPCS,75716,75716 REVIEW BY RADIOLOGIST OF BOTH ARMS OR LEGS ARTERIES IMAGE,6000.0,2400.0,2470.47,9824.86,32
HCPCS,75726,75726 REVIEW BY RADIOLOGIST OF ABDOMINAL ARTERY IMAGE,10000.0,4000.0,4242.92,12559.89,32
HCPCS,75731,75731 REVIEW BY RADIOLOGIST OF ADRENAL GLAND ARTERY IMAGE,5500.0,2200.0,487.5,7126.91,32
HCPCS,75733,75733 REVIEW BY RADIOLOGIST OF BOTH ADRENAL GLANDS ARTERIES IMAGE,5500.0,2200.0,2470.47,7126.91,32
HCPCS,75736,75736 REVIEW BY RADIOLOGIST OF PELVIS ARTERY IMAGE,10000.0,4000.0,4242.92,12559.89,32
HCPCS,75741,75741 REVIEW BY RADIOLOGIST OF LUNG ARTERY IMAGE,6000.0,2400.0,2470.47,13500.0,32
HCPCS,75743,75743 REVIEW BY RADIOLOGIST OF ARTERIES OF BOTH LUNGS IMAGE,5500.0,2200.0,2470.47,7126.91,32
HCPCS,75746,75746 REVIEW BY RADIOLOGIST OF LUNG ARTERY IMAGE WITH CONTRAST,5500.0,2200.0,91.5,7126.91,32
HCPCS,75756,75756 REVIEW BY RADIOLOGIST OF BREAST ARTERY OF BREAST IMAGE,6000.0,2400.0,2470.47,7126.91,32
HCPCS,75774,75774 REVIEW BY RADIOLOGIST OF ADDITIONAL ARTERY IMAGE,2583.0,1033.2,599.25,2324.7,18
HCPCS,75801,75801 REVIEW BY RADIOLOGIST OF LYMPHATIC SYSTEM OF ARM OR LEG IMAGE,1300.0,520.0,439.76,1415.92,32
HCPCS,75803,75803 REVIEW BY RADIOLOGIST OF LYMPHATIC SYSTEM OF BOTH ARMS OR LEGS IMAGE,2700.0,1080.0,1219.29,3553.11,32
HCPCS,75805,75805 REVIEW BY RADIOLOGIST OF LYMPHATIC SYSTEM OF SIDE OF PELVIS  ABDOMEN IMAGE,5500.0,2200.0,2470.47,54825.0,32
HCPCS,75807,75807 REVIEW BY RADIOLOGIST OF LYMPHATIC SYSTEM OF BOTH SIDE OF PELVIS,5500.0,2200.0,2470.47,41395.02,32
HCPCS,75809,75809 REVIEW BY RADIOLOGIST OF PREVIOUS PLACED SHUNT IMAGE,997.0,398.8,83.47,13127.05,32
HCPCS,75810,75810 REVIEW BY RADIOLOGIST OF SPLEEN AND LIVER VEIN IMAGE,5500.0,2200.0,2470.47,7126.91,32
HCPCS,75820,75820 REVIEW BY RADIOLOGIST OF 1 ARM OR LEG VEIN OF 1 ARM OR LEG IMAGE,3000.0,1200.0,1219.29,13127.05,32
HCPCS,75822,75822 REVIEW BY RADIOLOGIST OF BOTH ARMS  LEGS VEINS OF BOTH ARMS OR LEGS IMAGE,3000.0,1200.0,1219.29,5504.12,32
HCPCS,75825,75825 REVIEW BY RADIOLOGIST OF MAJOR LOWER BODY VEIN IMAGE,6000.0,2400.0,2470.47,7126.91,32
HCPCS,75827,75827 REVIEW BY RADIOLOGIST OF MAJOR UPPER BODY VEIN IMAGE,3000.0,1200.0,1219.29,3553.11,32
HCPCS,75831,75831 REVIEW BY RADIOLOGIST OF KIDNEY IMAGE,5500.0,2200.0,2470.47,41395.02,32
HCPCS,75833,75833 REVIEW BY RADIOLOGIST OF BOTH KIDNEYS VEINS IMAGE,5500.0,2200.0,975.0,7126.91,32
HCPCS,75840,75840 REVIEW BY RADIOLOGIST OF ADRENAL GLAND VEIN IMAGE,5500.0,2200.0,2470.47,7126.91,32
HCPCS,75842,75842 REVIEW BY RADIOLOGIST OF BOTH ADRENAL GLAND VEINS IMAGE,6600.0,2640.0,2640.0,6600.0,17
HCPCS,75860,75860 REVIEW BY RADIOLOGIST OF HEAD OR NECK VEIN SYSTEM IMAGE,6000.0,2400.0,2470.47,7126.91,31
HCPCS,75870,75870 REVIEW BY RADIOLOGIST OF HEAD VEIN SYSTEM IMAGE,5500.0,2200.0,71.25,7126.91,32
HCPCS,75872,75872 REVIEW BY RADIOLOGIST OF SPINAL CANAL VEIN IMAGE,1300.0,520.0,41.25,1415.92,32
HCPCS,75880,75880 REVIEW BY RADIOLOGIST OF EYE SOCKET VEIN OF EYE SOCKET IMAGE,1300.0,520.0,393.75,1415.92,32
HCPCS,75885,75885 REVIEW BY RADIOLOGIST OF THE VEIN THAT TRANSPORTS BLOOD TO THE LIVER,5500.0,2200.0,2470.47,7812.11,32
HCPCS,75887,75887 REVIEW BY RADIOLOGIST OF THE VEIN THAT TRANSPORTS BLOOD TO THE LIVER IMAGE,5500.0,2200.0,150.0,7126.91,32
HCPCS,75889,75889 REVIEW BY RADIOLOGIST OF LIVER VEIN IMAGE WITH ASSESSMENT OF BLOOD FLOW,6000.0,2400.0,674.0,7126.91,32
HCPCS,75889,VEIN X-RAY LIVER W/HEMODYNAM,5902.0,2360.8,2470.47,26250.0,32
HCPCS,75891,75891 REVIEW BY RADIOLOGIST OF LIVER VEIN IMAGE,5500.0,2200.0,2470.47,7126.91,32
HCPCS,75893,75893 REVIEW BY RADIOLOGIST OF IMAGING GUIDANCE FOR REMOVAL OF BLOOD SAMPLE,6600.0,2640.0,3828.0,12559.89,32
HCPCS,75894,75894 REVIEW BY RADIOLOGIST OF IMAGE FOR INSERTION OF MATERIAL,4207.0,1682.8,1682.8,3786.3,17
HCPCS,75898,75898 IMAGING OF BLOOD VESSEL,5500.0,2200.0,262.5,7126.91,32
HCPCS,75901,75901 REVIEW BY RADIOLOGIST OF IMAGE FOR REMOVAL OF OBSTRUCTIVE MATERIAL,1000.0,400.0,187.5,900.0,18
HCPCS,75902,75902 REVIEW BY RADIOLOGIST OF IMAGE FOR REMOVAL OF TISSUE OR OBSTR,1500.0,600.0,600.0,1350.0,18
HCPCS,75956,75956 REVIEW BY RADIOLOGIST OF IMAGE FOR REPAIR OF DESCENDING AORTA  SUBC,4000.0,1600.0,1600.0,3600.0,18
HCPCS,75957,75957 REVIEW BY RADIOLOGIST OF IMAGE FOR REPAIR OF DESCENDING AORTA,4000.0,1600.0,1600.0,3600.0,18
HCPCS,75958,75958 REVIEW BY RADIOLOGIST OF IMAGE FOR INSERTION OF EXTENSION,4000.0,1600.0,1600.0,3600.0,18
HCPCS,75959,75959 REVIEW BY RADIOLOGIST OF IMAGE FOR INSERTION OF EXTENSION AFTER,4000.0,1600.0,1600.0,3600.0,18
HCPCS,75970,75970 REVIEW BY RADIOLOGIST OF IMAGE FOR BIOPSY OF BLOOD VESSEL WITH TUBE,3966.0,1586.4,243.75,3569.4,18
HCPCS,75984,75984 REVIEW BY RADIOLOGIST OF IMAGE FOR REPLACEMENT OF STOMACH OR LARGE BOWEL,1200.0,480.0,480.0,35758.5,18
HCPCS,75989,75989 REVIEW BY RADIOLOGIST OF IMAGE FOR DRAINAGE OF FLUID,1352.0,540.8,540.8,34809.75,18
HCPCS,76000,76000 IMAGING GUIDANCE FOR PROCEDURE,650.0,260.0,189.73,650.0,32
HCPCS,76014,MR SFTY IMPLTAND/FB ASMT STF 1,61.0,24.4,26.11,65.28,26
HCPCS,76015,MR SFTY MPLTAND/FB ASMT STF EA,30.0,12.0,12.0,69.0,18
HCPCS,76016,MR SAFETY DETER PHYS/QHP,220.0,88.0,78.57,218.43,26
HCPCS,76017,MR SFTY MED PHYSICS XM CSTMZ,604.0,241.6,215.42,604.0,26
HCPCS,76018,MR SAFETY IMPLANT ELEC PREPJ,229.0,91.6,85.84,229.0,26
HCPCS,76019,MR SAFETY IMPLT POSAND/IMMOBLJ,149.0,59.6,53.26,149.0,26
HCPCS,76080,76080 REVIEW BY RADIOLOGIST OF ABSCESS OR SINUS CAVITY STUDY,1300.0,520.0,430.35,1300.0,32
HCPCS,76098,RADIOLOGICAL EXAMINATION SURGICAL SPECIMEN,1300.0,520.0,430.35,1300.0,32
HCPCS,76140,76140 WRITTEN CONSULTATION REPORT ON X-RAY,30.0,12.0,12.0,288.77,19
HCPCS,76376,76376 3D RADIOGRAPHIC PROCEDURE,884.0,353.6,353.6,884.0,18
HCPCS,76377,76377 3D RADIOGRAPHIC PROCEDURE WITH COMPUTERIZED IMAGE POSTPROCESSING,1146.0,458.4,458.4,1031.4,17
HCPCS,76380,76380 LIMITED OR FOLLOW-UP CT SCAN,207.0,82.8,69.1,207.0,32
HCPCS,76390,76390 MRI STUDY FOR MEASURING BIOCHEMICAL CHANGES IN THE BRAIN,800.0,320.0,69.1,800.0,32
HCPCS,76391,76391 MRI AND LOW FREQUENCY VIBRATIONS FOR MEASURING TISSUE STIFFNESS,1197.0,478.8,189.73,1197.0,32
HCPCS,76498,76498 OTHER MRI SCAN,800.0,320.0,69.1,1471.14,32
HCPCS,76499,76499 OTHER DIAGNOSTIC IMAGING PROCEDURE,618.0,247.2,69.1,3564.75,32
HCPCS,76506,76506 ULTRASOUND SCAN OF BRAIN,997.0,398.8,69.75,897.3,32
HCPCS,76512,76512 2D ULTRASOUND SCAN OF EYE TISSUE AND STRUCTURES,975.0,390.0,69.75,877.5,32
HCPCS,76514,76514 ULTRASOUND SCAN OF CORNEA TO DETERMINE THICKNESS,63.0,25.2,19.23,69.0,32
HCPCS,76516,76516 ULTRASOUND SCAN TO DETERMINE EYE LENGTH,975.0,390.0,83.47,877.5,32
HCPCS,76519,76519 ULTRASOUND SCAN TO DETERMINE EYE LENGTH AND LENS POWER,975.0,390.0,83.47,877.5,32
HCPCS,76529,76529 ULTRASOUND SCAN OF EYE FOR FOREIGN BODY LOCALIZATION,207.0,82.8,69.1,207.0,32
HCPCS,76536,76536 ULTRASOUND SCAN OF HEAD AND NECK SOFT TISSUE,975.0,390.0,83.47,877.5,32
HCPCS,76604,76604 ULTRASOUND SCAN OF CHEST,997.0,398.8,83.47,897.3,32
HCPCS,76641,76641 COMPLETE ULTRASOUND SCAN OF 1 BREAST,975.0,390.0,83.47,877.5,32
HCPCS,76642,76642 LIMITED ULTRASOUND SCAN OF 1 BREAST,207.0,82.8,69.1,207.0,32
HCPCS,76700,76700 COMPLETE ULTRASOUND SCAN OF ABDOMEN,997.0,398.8,83.47,897.3,32
HCPCS,76705,76705 LIMITED ULTRASOUND SCAN OF ABDOMEN,997.0,398.8,83.47,897.3,32
HCPCS,76706,76706 ULTRASOUND SCAN OF ABDOMINAL AORTA,975.0,390.0,83.47,877.5,32
HCPCS,76706,US ABDOMINAL AORTA REAL TIME SCREEN STUDY AAA,975.0,390.0,83.47,877.5,30
HCPCS,76770,76770 COMPLETE ULTRASOUND SCAN BEHIND ABDOMINAL CAVITY,997.0,398.8,83.47,897.3,32
HCPCS,76775,76775 LIMITED ULTRASOUND SCAN BEHIND ABDOMINAL CAVITY,997.0,398.8,83.47,897.3,32
HCPCS,76775,RENAL KIDNEY,997.0,398.8,83.47,897.3,32
HCPCS,76776,76776 ULTRASOUND SCAN OF TRANSPLANTED KIDNEY,997.0,398.8,83.47,897.3,32
HCPCS,76800,76800 ULTRASOUND SCAN OF SPINAL CANAL,975.0,390.0,83.47,877.5,32
HCPCS,76801,76801 ULTRASOUND SCAN OF PREGNANT UTERUS (LESS THAN 14 WEEKS),975.0,390.0,94.39,877.5,26
HCPCS,76802,76802 ULTRASOUND SCAN OF PREGNANT UTERUS (LESS THAN 14 WEEKS),696.0,278.4,278.4,662.25,18
HCPCS,76805,76805 ULTRASOUND SCAN OF PREGNANT UTERUS (14 WEEKS OR MORE),997.0,398.8,83.47,2326.82,32
HCPCS,76810,76810 ULTRASOUND SCAN OF PREGNANT UTERUS (14 WEEKS OR MORE),804.0,321.6,321.6,2625.0,18
HCPCS,76811,76811 ULTRASOUND SCAN OF PREGNANT UTERUS WITH DETAILED FETAL ANATOMIC,1688.0,675.2,215.42,1519.2,26
HCPCS,76812,76812 ULTRASOUND SCAN OF PREGNANT UTERUS WITH DETAILED FETAL ANATOMIC,377.0,150.8,150.8,4500.0,18
HCPCS,76813,76813 ULTRASOUND SCAN OF PREGNANT UTERUS (LESS THAN 14 WEEKS),975.0,390.0,83.47,877.5,32
HCPCS,76814,76814 ULTRASOUND SCAN OF PREGNANT UTERUS (LESS THAN 14 WEEKS),224.0,89.6,89.6,201.6,18
HCPCS,76815,76815 LIMITED ULTRASOUND OF PREGNANT UTERUS,975.0,390.0,83.47,877.5,32
HCPCS,76816,76816 FOLLOW-UP ULTRASOUND SCAN OF PREGNANT UTERUS,975.0,390.0,83.47,877.5,32
HCPCS,76817,76817 VAGINAL ULTRASOUND OF PREGNANT UTERUS,975.0,390.0,94.39,877.5,26
HCPCS,76818,76818 ULTRASOUND AND MONITORING OF HEART OF FETUS,997.0,398.8,83.47,897.3,32
HCPCS,76819,76819 ULTRASOUND SCAN OF FETUS,975.0,390.0,94.39,877.5,26
HCPCS,76820,76820 ULTRASOUND SCAN OF FETAL UMBILICAL ARTERY BLOOD FLOW RATE,975.0,390.0,83.47,877.5,32
HCPCS,76821,76821 ULTRASOUND SCAN OF FETAL BRAIN ARTERY BLOOD FLOW RATE,975.0,390.0,83.47,877.5,32
HCPCS,76825,76825 ULTRASOUND SCAN OF FETAL HEART,1300.0,520.0,430.35,1300.0,32
HCPCS,76826,76826 FOLLOW-UP ULTRASOUND SCAN OF FETAL HEART,590.0,236.0,189.73,590.0,32
HCPCS,76827,76827 ULTRASOUND SCAN OF FETAL HEART BLOOD FLOW,997.0,398.8,83.47,897.3,32
HCPCS,76828,76828 FOLLOW-UP ULTRASOUND SCAN OF FETAL HEART BLOOD FLOW,997.0,398.8,83.47,897.3,32
HCPCS,76830,76830 ULTRASOUND SCAN OF UTERUS,997.0,398.8,83.47,897.3,32
HCPCS,76831,76831 ULTRASOUND SCAN OF UTERUS AND UTERINE CAVITY,590.0,236.0,189.73,590.0,32
HCPCS,76856,76856 COMPLETE ULTRASOUND SCAN OF PELVIS,997.0,398.8,83.47,897.3,32
HCPCS,76857,76857 LIMITED ULTRASOUND SCAN OF PELVIS,997.0,398.8,83.47,897.3,32
HCPCS,76870,76870 ULTRASOUND SCAN OF SCROTUM,975.0,390.0,83.47,877.5,32
HCPCS,76872,76872 ULTRASOUND SCAN OF PELVIC REGION THROUGH RECTUM,997.0,398.8,83.47,897.3,32
HCPCS,76873,76873 ULTRASOUND SCAN OF PROSTATE THROUGH RECTUM,997.0,398.8,83.47,897.3,32
HCPCS,76881,76881 COMPLETE ULTRASOUND SCAN OF JOINT,975.0,390.0,83.47,877.5,32
HCPCS,76882,76882 LIMITED ULTRASOUND SCAN OF JOINT OR OTHER EXTREMITY,997.0,398.8,83.47,897.3,32
HCPCS,76885,76885 ULTRASOUND SCAN OF INFANT HIP DURING MOVEMENT,207.0,82.8,78.57,207.0,26
HCPCS,76886,76886 ULTRASOUND SCAN OF INFANT HIP,207.0,82.8,78.57,207.0,26
HCPCS,76936,76936 ULTRASOUND GUIDED COMPRESSION REPAIR OF BLOOD VESSEL,600.0,240.0,194.95,600.0,31
HCPCS,76937,76937 ULTRASONIC GUIDANCE FOR BLOOD VESSEL ACCESS,919.0,367.6,367.6,827.1,17
HCPCS,76940,76940 ULTRASOUND GUIDANCE FOR TISSUE REMOVAL,854.0,341.6,341.6,768.6,17
HCPCS,76941,76941 ULTRASONIC GUIDANCE FOR FETAL TRANSFUSION OR UMBILICAL BLOOD SAMPLING,314.0,125.6,125.6,282.6,17
HCPCS,76942,76942 ULTRASONIC GUIDANCE FOR NEEDLE PLACEMENT,1112.0,444.8,444.8,1000.8,17
HCPCS,76945,76945 ULTRASONIC GUIDANCE FOR TESTING PLACENTAL TISSUE,226.0,90.4,90.4,203.4,17
HCPCS,76946,76946 ULTRASONIC GUIDANCE FOR REMOVAL OF AMNIOTIC FLUID,1090.0,436.0,436.0,981.0,17
HCPCS,76948,76948 ULTRASONIC GUIDANCE FOR RETRIEVAL OF EGG,84.0,33.6,33.6,75.6,17
HCPCS,76965,76965 ULTRASONIC GUIDANCE FOR ADMINISTRATION OF RADIATION THERAPY,1100.0,440.0,440.0,990.0,17
HCPCS,76981,76981 ULTRASOUND SCAN OF ORGAN TISSUE FOR MEASURING ELASTICITY,975.0,390.0,94.39,877.5,25
HCPCS,76982,76982 ULTRASOUND SCAN OF GROWTH FOR MEASURING ELASTICITY,975.0,390.0,94.39,877.5,25
HCPCS,76983,76983 ULTRASOUND SCAN OF GROWTH FOR MEASURING ELASTICITY,100.0,40.0,40.0,90.0,17
HCPCS,76984,DX INTRAOP THORACIC AORTA US,1500.0,600.0,600.0,1350.0,17
HCPCS,76987,DX INTRAOP EPICAR CAR US CHD,1500.0,600.0,600.0,1350.0,17
HCPCS,76988,DX NTROP EPCR US CHD IMG ACQ,1500.0,600.0,600.0,1350.0,17
HCPCS,76989,DX INTRAOP EPCAR US CHD IANDR,1500.0,600.0,600.0,1350.0,17
HCPCS,76998,76998 ULTRASONIC GUIDANCE DURING SURGERY,500.0,200.0,200.0,450.0,17
HCPCS,76999,76999 OTHER ULTRASOUND PROCEDURE,586.0,234.4,69.1,527.4,31
HCPCS,77001,77001 FLUOROSCOPIC GUIDANCE FOR INSERTION OR REMOVAL OF CENTRAL VEIN ACCESS,954.0,381.6,381.6,858.6,17
HCPCS,77002,77002 FLUOROSCOPIC GUIDANCE FOR NEEDLE PLACEMENT,876.0,350.4,350.4,788.4,17
HCPCS,77002,NEEDLE LOCALIZATION BY XRAY,1112.0,444.8,444.8,1000.8,17
HCPCS,77003,77003 FLUOROSCOPIC GUIDANCE FOR SPINE OR BACK MUSCLE INJECTION,834.0,333.6,333.6,750.6,17
HCPCS,77011,77011 CT GUIDANCE FOR NEEDLE OR TUBE LOCALIZATION,1807.0,722.8,722.8,1626.3,17
HCPCS,77012,77012 REVIEW BY RADIOLOGIST OF CT GUIDANCE FOR NEEDLE PLACEMENT,3100.0,1240.0,899.0,2790.0,17
HCPCS,77013,77013 CT GUIDANCE FOR TISSUE REMOVAL,2738.0,1095.2,899.0,2464.2,17
HCPCS,77014,77014 CT GUIDANCE FOR INSERTION OF RADIATION THERAPY FIELDS,2034.0,813.6,813.6,1830.6,17
HCPCS,77021,77021 REVIEW BY RADIOLOGIST OF MRI GUIDANCE FOR NEEDLE PLACEMENT,2500.0,1000.0,1000.0,2250.0,17
HCPCS,77022,77022 MRI GUIDANCE FOR TISSUE REMOVAL,2000.0,800.0,800.0,1875.0,17
HCPCS,77046,77046 MRI SCAN OF 1 BREAST WITHOUT CONTRAST,1197.0,478.8,189.73,1197.0,31
HCPCS,77047,77047 MRI SCAN OF BOTH BREASTS WITHOUT CONTRAST,1197.0,478.8,189.73,1197.0,31
HCPCS,77048,MRI BREAST C-+ W/CAD UNI,589.0,235.6,184.9,589.0,30
HCPCS,77049,MRI BREAST C-+ W/CAD BI,589.0,235.6,182.59,589.0,30
HCPCS,77053,77053 REVIEW BY RADIOLOGIST OF BREAST DUCT IMAGE,590.0,236.0,189.73,590.0,31
HCPCS,77054,77054 REVIEW BY RADIOLOGIST OF BREAST DUCT IMAGE,590.0,236.0,189.73,590.0,31
HCPCS,77061,BREAST TOMOSYNTHESIS UNI,35.0,14.0,14.0,122.0,36
HCPCS,77062,BREAST TOMOSYNTHESIS BI,122.0,48.8,14.0,122.0,36
HCPCS,77063,BREAST TOMOSYNTHESIS BI,35.0,14.0,19.85,109.8,50
HCPCS,77065,77065 DIAGNOSTIC MAMMOGRAPHY OF 1 BREAST,442.0,176.8,67.15,397.8,31
HCPCS,77066,77066 DIAGNOSTIC MAMMOGRAPHY OF BOTH BREASTS,478.0,191.2,85.53,430.2,31
HCPCS,77067,77067 SCREENING MAMMOGRAPHY,430.0,172.0,70.74,387.0,31
HCPCS,77072,77072 X-RAY FOR ESTIMATING BONE AGE,266.0,106.4,83.47,266.0,31
HCPCS,77073,77073 X-RAY FOR BONE LENGTH ASSESSMENT,997.0,398.8,83.47,897.3,31
HCPCS,77074,77074 LIMITED X-RAY OF BODY BONES,997.0,398.8,83.47,897.3,31
HCPCS,77075,77075 COMPLETE X-RAY OF BODY BONES,997.0,398.8,83.47,897.3,31
HCPCS,77076,77076 X-RAY OF INFANT BODY BONES,997.0,398.8,83.47,897.3,31
HCPCS,77077,77077 X-RAY OF JOINTS,975.0,390.0,83.47,877.5,31
HCPCS,77078,77078 CT SCAN FOR MEASURING CALCIUM AND OTHER MINERALS IN BONE,207.0,82.8,69.1,207.0,31
HCPCS,77080,77080 DXA BONE DENSITY MEASUREMENT OF HIP,997.0,398.8,83.47,897.3,31
HCPCS,77081,77081 DXA BONE DENSITY MEASUREMENT OF FOREARM,207.0,82.8,69.1,207.0,31
HCPCS,77084,HC MRI BONE MARROW BLD SUPPLY,590.0,236.0,189.73,590.0,31
HCPCS,77280,77280 OBTAINING DATA NEEDED TO DEVELOP THE OPTIMAL RADIATION TREATMENT,350.0,140.0,104.22,350.0,31
HCPCS,77280,SET RADIATION THERAPY FIELD,800.0,320.0,104.22,720.0,31
HCPCS,77285,77285 OBTAINING DATA NEEDED TO DEVELOP THE OPTIMAL RADIATION TREATMENT,900.0,360.0,287.33,900.0,31
HCPCS,77285,SET RADIATION THERAPY FIELD,900.0,360.0,287.33,900.0,31
HCPCS,77290,77290 OBTAINING DATA NEEDED TO DEVELOP THE OPTIMAL RADIATION TREATMENT,900.0,360.0,287.33,900.0,31
HCPCS,77290,SET RADIATION THERAPY FIELD,900.0,360.0,287.33,900.0,31
HCPCS,77293,77293 OBTAINING RESPIRATORY DATA NEEDED TO DEVELOP,1305.0,522.0,522.0,1174.5,17
HCPCS,77295,77295 3D RADIATION THERAPY PLANNING,4000.0,1600.0,1073.95,3970.42,31
HCPCS,77300,77300 CALCULATION OF RADIATION THERAPY DOSE,700.0,280.0,104.22,630.0,31
HCPCS,77301,77301 HIGH PRECISION RADIATION THERAPY PLANNING,4000.0,1600.0,1073.95,3970.42,31
HCPCS,77306,77306 SIMPLE RADIATION THERAPY PLANNING FOR DELIVERY OF EXTERNAL RADIATION,900.0,360.0,287.33,900.0,31
HCPCS,77307,77307 COMPLEX RADIATION THERAPY PLANNING FOR DELIVERY OF EXTERNAL RADIATION,900.0,360.0,287.33,900.0,31
HCPCS,77316,77316 SIMPLE RADIATION THERAPY PLANNING FOR DELIVERY OF INTERNAL RADIATION,900.0,360.0,287.33,900.0,31
HCPCS,77317,77317 INTERMEDIATE RADIATION THERAPY PLANNING FOR DELIVERY OF INTERNAL RADIATION,900.0,360.0,287.33,900.0,31
HCPCS,77318,77318 COMPLEX RADIATION THERAPY PLANNING FOR DELIVERY OF INTERNAL RADIATION,900.0,360.0,287.33,900.0,31
HCPCS,77321,77321 SPECIAL RADIATION THERAPY PLANNING FOR DELIVERY OF EXTERNAL RADIATION,900.0,360.0,287.33,900.0,31
HCPCS,77331,77331 SPECIAL RADIATION THERAPY PLANNING,700.0,280.0,104.22,630.0,31
HCPCS,77332,77332 DESIGN AND CONSTRUCTION OF SIMPLE RADIATION TREATMENT DEVICE,700.0,280.0,104.22,630.0,31
HCPCS,77333,77333 DESIGN AND CONSTRUCTION OF INTERMEDIATE RADIATION TREATMENT DEVICE,350.0,140.0,104.22,350.0,31
HCPCS,77334,77334 DESIGN AND CONSTRUCTION OF COMPLEX RADIATION TREATMENT DEVICE,1400.0,560.0,287.33,1260.0,31
HCPCS,77336,77336 CONTINUING RADIATION THERAPY CONSULTATION PER WEEK,800.0,320.0,104.22,720.0,31
HCPCS,77338,77338 DESIGN  CONSTRUCTION OF RADIATION TREATMENT,1400.0,560.0,287.33,1260.0,31
HCPCS,77370,77370 SPECIAL MEDICAL RADIATION THERAPY CONSULTATION,800.0,320.0,104.22,720.0,31
HCPCS,77371,77371 COMPLETE SINGLE SESSION COURSE OF CRANIAL LESION SURGERY USING RADIATION,20000.0,8000.0,6000.14,20000.0,31
HCPCS,77372,77372 COMPLETE SINGLE SESSION COURSE OF CRANIAL LESION SURGERY  RADIATION,18640.0,7456.0,6000.14,18640.0,31
HCPCS,77373,77373 CRANIAL LESION SURGERY USING RADIATION OVER MULTIPLE SESSIONS,5000.0,2000.0,1378.2,5000.0,31
HCPCS,77385,77385 DELIVERY OF SIMPLE HIGH PRECISION RADIATION TREATMENT,1400.0,560.0,560.0,1400.0,17
HCPCS,77386,77386 DELIVERY OF COMPLEX HIGH PRECISION RADIATION TREATMENT,2000.0,800.0,800.0,1842.2,17
HCPCS,77387,77387 IMAGING GUIDANCE FOR LOCALIZATION OF RADIATION TREATMENT,515.0,206.0,206.0,463.5,17
HCPCS,77399,77399 OTHER MANAGEMENT OF RADIATION THERAPY AND MEDICAL RADIATION PHYSICS,350.0,140.0,104.22,350.0,31
HCPCS,77401,77401 SUPERFICIAL AND/OR LOW VOLTAGE RADIATION TREATMENT DELIVERY,306.0,122.4,122.4,306.0,17
HCPCS,77402,77402 DELIVERY OF SIMPLE RADIATION TREATMENT,306.0,122.4,85.94,306.0,31
HCPCS,77407,77407 DELIVERY OF INTERMEDIATE RADIATION TREATMENT,617.0,246.8,206.41,870.57,31
HCPCS,77412,77412 DELIVERY OF COMPLEX RADIATION TREATMENT,617.0,246.8,206.41,1247.17,31
HCPCS,77417,77417 X-RAY DURING RADIATION THERAPY,442.0,176.8,176.8,397.8,17
HCPCS,77424,HC INTRAOP RADIAJ TX DELIVER XRAY SINGLE TX SESSION,17818.0,7127.2,6000.14,17818.0,31
HCPCS,77470,77470 SPECIAL RADIATION TREATMENT,2000.0,800.0,454.04,1842.2,31
HCPCS,77499,77499 OTHER MANAGEMENT OF RADIATION THERAPY,40.0,16.0,16.0,40.0,17
HCPCS,77750,77750 INFUSION OR INSTILLATION OF RADIOELEMENT SOLUTION,617.0,246.8,206.41,870.57,31
HCPCS,77761,77761 SIMPLE BODY CAVITY RADIATION SOURCE APPLICATION,1400.0,560.0,454.04,1400.0,31
HCPCS,77762,77762 INTERMEDIATE BODY CAVITY RADIATION SOURCE APPLICATION,1400.0,560.0,454.04,1400.0,31
HCPCS,77763,77763 COMPLEX BODY CAVITY RADIATION SOURCE APPLICATION,1800.0,720.0,544.57,1800.0,31
HCPCS,77770,77770 HIGH DOSE RADIATION THERAPY,1800.0,720.0,544.57,1800.0,31
HCPCS,77771,77771 HIGH DOSE RADIATION THERAPY,1800.0,720.0,544.57,1800.0,31
HCPCS,77772,77772 HIGH DOSE RADIATION THERAPY,1800.0,720.0,544.57,1800.0,31
HCPCS,77778,77778 COMPLEX APPLICATION OF RADIATION SOURCE,1800.0,720.0,544.57,1800.0,31
HCPCS,77789,77789 SURFACE APPLICATION OF LOW DOSE RATE SOURCE,306.0,122.4,85.94,306.0,31
HCPCS,77790,77790 SUPERVISION,850.0,340.0,340.0,765.0,17
HCPCS,77799,77799 OTHER ADMINISTRATION OF RADIATION THERAPY,3225.0,1290.0,85.94,2902.5,31
HCPCS,77799,RADIUM/RADIOISOTOPE THERAPY,1754.0,701.6,85.94,2902.5,62
HCPCS,78012,78012 NUCLEAR MEDICINE STUDY OF THYROID FUNCTION,962.0,384.8,315.4,962.0,31
HCPCS,78013,78013 NUCLEAR MEDICINE STUDY OF THYROID,962.0,384.8,315.4,962.0,31
HCPCS,78014,78014 NUCLEAR MEDICINE STUDY OF THYROID AND THYROID FUNCTION,962.0,384.8,315.4,962.0,31
HCPCS,78015,78015 NUCLEAR MEDICINE STUDY OF LIMITED AREA FOR THYROID CANCER,962.0,384.8,315.4,962.0,31
HCPCS,78016,78016 NUCLEAR MEDICINE STUDIES FOR THYROID CANCER,962.0,384.8,315.4,962.0,31
HCPCS,78018,78018 NUCLEAR MEDICINE STUDY OF WHOLE BODY FOR THYROID CANCER,1250.0,500.0,422.49,1250.0,31
HCPCS,78020,78020 NUCLEAR MEDICINE STUDY OF THYROID FUNCTION FOR THYROID CANCER,500.0,200.0,200.0,450.0,17
HCPCS,78070,78070 NUCLEAR MEDICINE STUDY OF PARATHYROID,962.0,384.8,315.4,962.0,31
HCPCS,78071,78071 NUCLEAR MEDICINE STUDY OF PARATHYROID WITH SPECT,962.0,384.8,315.4,962.0,31
HCPCS,78099,78099 NUCLEAR MEDICINE STUDY OF ENDOCRINE ORGANS,962.0,384.8,315.4,962.0,31
HCPCS,78102,78102 NUCLEAR MEDICINE STUDY OF BONE MARROW LIMITED AREA,962.0,384.8,315.4,962.0,31
HCPCS,78103,78103 NUCLEAR MEDICINE STUDY OF BONE MARROW MULTIPLE AREAS,962.0,384.8,315.4,962.0,31
HCPCS,78104,78104 NUCLEAR MEDICINE STUDY OF BONE MARROW WHOLE BODY,962.0,384.8,315.4,962.0,31
HCPCS,78110,78110 NUCLEAR MEDICINE STUDY OF PLASMA VOLUME,3000.0,1200.0,1024.66,3000.0,31
HCPCS,78120,78120 NUCLEAR MEDICINE STUDY OF RED BLOOD CELL VOLUME,962.0,384.8,315.4,962.0,31
HCPCS,78130,78130 NUCLEAR MEDICINE STUDY OF RED BLOOD CELL SURVIVAL,962.0,384.8,315.4,962.0,31
HCPCS,78195,78195 NUCLEAR MEDICINE STUDY OF LYMPHATIC SYSTEM,1250.0,500.0,422.49,1250.0,31
HCPCS,78201,78201 NUCLEAR MEDICINE STUDY OF LIVER,1250.0,500.0,422.49,1250.0,31
HCPCS,78202,78202 NUCLEAR MEDICINE STUDY OF LIVER AND BLOOD FLOW,1250.0,500.0,422.49,1250.0,31
HCPCS,78215,78215 NUCLEAR MEDICINE STUDY OF LIVER AND SPLEEN,962.0,384.8,315.4,962.0,31
HCPCS,78216,78216 NUCLEAR MEDICINE STUDY OF LIVER,962.0,384.8,315.4,962.0,31
HCPCS,78226,78226 NUCLEAR MEDICINE STUDY OF LIVER AND BILE DUCT SYSTEM,962.0,384.8,315.4,962.0,31
HCPCS,78227,78227 NUCLEAR MEDICINE STUDY OF LIVER AND BILE DUCT SYSTEM WITH USE OF DRUGS,1250.0,500.0,422.49,1250.0,31
HCPCS,78230,78230 NUCLEAR MEDICINE STUDY OF SALIVARY GLAND,962.0,384.8,315.4,962.0,31
HCPCS,78262,78262 NUCLEAR MEDICINE STUDY OF STOMACH AND ESOPHAGUS TO ASSESS REFLUX,962.0,384.8,315.4,962.0,31
HCPCS,78264,78264 NUCLEAR MEDICINE STUDY OF STOMACH TO ASSESS EMPTYING,962.0,384.8,315.4,962.0,31
HCPCS,78265,78265 NUCLEAR MEDICINE STUDY OF STOMACH TO ASSESS EMPTYING  SMALL BOWEL MOVEMENT,962.0,384.8,315.4,962.0,31
HCPCS,78266,78266 NUCLEAR MEDICINE STUDY OF STOMACH TO ASSESS EMPTYING,1250.0,500.0,422.49,1250.0,31
HCPCS,78267,78267 NUCLEAR MEDICINE STUDY TO ACQUIRE EXHALED BREATH SAMPLES,50.0,20.0,10.25,50.0,31
HCPCS,78278,78278 NUCLEAR MEDICINE STUDY TO ASSESS BLOOD LOSS,962.0,384.8,315.4,962.0,31
HCPCS,78290,78290 NUCLEAR MEDICINE STUDY OF INTESTINE,962.0,384.8,315.4,962.0,31
HCPCS,78291,78291 NUCLEAR MEDICINE STUDY TO ASSESS THE DEGREE OF OPENNESS,962.0,384.8,315.4,962.0,31
HCPCS,78299,78299 NUCLEAR MEDICINE STUDY OF DIGESTIVE TRACTS,962.0,384.8,315.4,962.0,31
HCPCS,78300,78300 NUCLEAR MEDICINE STUDY OF BONE AND/OR JOINT LIMITED AREA,962.0,384.8,315.4,962.0,31
HCPCS,78305,78305 NUCLEAR MEDICINE STUDY OF BONE AND/OR JOINT MULTIPLE AREAS,962.0,384.8,315.4,962.0,31
HCPCS,78306,78306 NUCLEAR MEDICINE STUDY OF BONE AND/OR JOINT WHOLE BODY,962.0,384.8,315.4,962.0,31
HCPCS,78315,78315 NUCLEAR MEDICINE STUDY OF BONE TAKEN AT DIFFERENT TIMES,962.0,384.8,315.4,962.0,31
HCPCS,78428,78428 NUCLEAR MEDICINE STUDY FOR DETECTING HEART SHUNT,962.0,384.8,315.4,962.0,31
HCPCS,78429,MYOCRD IMG PET 1 STD W/CT,3779.0,1511.6,1144.85,3779.0,31
HCPCS,78445,78445 NUCLEAR MEDICINE STUDY OF NON-CARDIAC BLOOD FLOW,962.0,384.8,315.4,962.0,31
HCPCS,78451,78451 NUCLEAR MEDICINE STUDY OF HEART MUSCLE AT REST AND WITH STRESS AND SPECT,3340.0,1336.0,1024.66,3275.94,31
HCPCS,78452,78452 NUCLEAR MEDICINE STUDIES OF HEART MUSCLE AT REST AND WITH STRESS AND SPECT,3340.0,1336.0,1024.66,3275.94,31
HCPCS,78453,78453 NUCLEAR MEDICINE STUDY OF HEART MUSCLE AT REST  WITH STRESS,3340.0,1336.0,1024.66,3275.94,31
HCPCS,78454,78454 NUCLEAR MEDICINE  OF HEART MUSCLE AT REST  WITH STRESS,3340.0,1336.0,1024.66,3275.94,31
HCPCS,78457,78457 NUCLEAR MEDICINE STUDY TO ASSESS BLOOD CLOT IN VEIN OF SIDE,1250.0,500.0,422.49,1250.0,31
HCPCS,78458,78458 NUCLEAR MEDICINE STUDY TO ASSESS BLOOD CLOT IN VEIN OF BOTH SIDES,962.0,384.8,315.4,962.0,31
HCPCS,78459,78459 NUCLEAR MEDICINE STUDY OF HEART MUSCLE WITH METABOLIC EVALUATION,3000.0,1200.0,1024.66,3000.0,31
HCPCS,78466,78466 NUCLEAR MEDICINE STUDY OF HEART MUSCLE FOLLOWING HEART ATTACK,962.0,384.8,315.4,962.0,31
HCPCS,78472,78472 NUCLEAR MEDICINE STUDY OF HEART PUMPING FUNCTION,962.0,384.8,315.4,962.0,31
HCPCS,78473,78473 NUCLEAR MEDICINE  OF HEART PUMPING FUNCTION,962.0,384.8,315.4,962.0,31
HCPCS,78481,78481 NUCLEAR MEDICINE STUDY OF HEART PUMPING FUNCTION,1250.0,500.0,422.49,1250.0,31
HCPCS,78483,78483 NUCLEAR MEDICINE  OF HEART PUMPING FUNCTION BY FIRST PASS TECHNIQUE,1250.0,500.0,422.49,1250.0,31
HCPCS,78491,78491 NUCLEAR MEDICINE STUDY OF BLOOD FLOW IN HEART MUSCLE AT REST  WITH STRESS,3780.0,1512.0,1144.85,3780.0,31
HCPCS,78492,78492 NUCLEAR MEDICINE  OF BLOOD FLOW IN HEART MUSCLE AT REST AND WITH STRESS,3780.0,1512.0,1144.85,3780.0,31
HCPCS,78494,78494 NUCLEAR MEDICINE STUDY OF HEART PUMPING FUNCTION BY LABELING RED BLOOD,962.0,384.8,315.4,962.0,31
HCPCS,78496,78496 NUCLEAR MEDICINE STUDY OF HEART PUMPING FUNCTION OVER SINGLE CYCLE,500.0,200.0,200.0,450.0,17
HCPCS,78579,78579 NUCLEAR MEDICINE STUDY OF LUNG VENTILATION,962.0,384.8,315.4,962.0,31
HCPCS,78580,78580 NUCLEAR MEDICINE STUDY OF LUNG CIRCULATION,962.0,384.8,315.4,962.0,31
HCPCS,78582,78582 NUCLEAR MEDICINE STUDY OF LUNG VENTILATION AND CIRCULATION,1250.0,500.0,422.49,1250.0,31
HCPCS,78597,78597 NUCLEAR MEDICINE STUDY OF LUNG VENTILATION AND BLOOD FLOW TO LUNG,962.0,384.8,315.4,962.0,31
HCPCS,78598,78598 NUCLEAR MEDICINE STUDY OF LUNG VENTILATION  CIRCULATION  BLOOD FLOW,1250.0,500.0,422.49,1250.0,31
HCPCS,78600,78600 NUCLEAR MEDICINE STUDY OF BRAIN,962.0,384.8,315.4,962.0,31
HCPCS,78601,78601 NUCLEAR MEDICINE STUDY OF BRAIN AND BLOOD FLOW,962.0,384.8,315.4,962.0,31
HCPCS,78605,78605 NUCLEAR MEDICINE STUDY OF BRAIN,1250.0,500.0,422.49,1250.0,31
HCPCS,78606,78606 NUCLEAR MEDICINE STUDY OF BRAIN AND BLOOD FLOW,1250.0,500.0,422.49,1250.0,31
HCPCS,78608,78608 NUCLEAR MEDICINE STUDY OF BRAIN WITH METABOLIC EVALUATION,3780.0,1512.0,1144.85,3780.0,31
HCPCS,78609,78609 NUCLEAR MEDICINE STUDY OF BRAIN WITH BLOOD FLOW EVALUATION,4500.0,1800.0,78.74,4050.0,17
HCPCS,78610,78610 NUCLEAR MEDICINE STUDY OF BRAIN WITH BLOOD FLOW,1250.0,500.0,422.49,1250.0,31
HCPCS,78630,78630 NUCLEAR MEDICINE STUDY OF CEREBROSPINAL FLUID FLOW AFTER INJECTION,1250.0,500.0,422.49,1250.0,31
HCPCS,78635,78635 NUCLEAR MEDICINE STUDY OF CEREBROSPINAL FLUID FLOW AFTER INJECTION,1250.0,500.0,422.49,1250.0,31
HCPCS,78645,78645 NUCLEAR MEDICINE STUDY OF CEREBROSPINAL FLUID FLOW TO EVALUATE SHUNT,1250.0,500.0,422.49,1250.0,31
HCPCS,78650,78650 NUCLEAR MEDICINE STUDY OF CEREBROSPINAL FLUID FLOW TO LOCATE LEAKAGE,3000.0,1200.0,1024.66,3000.0,31
HCPCS,78700,78700 NUCLEAR MEDICINE STUDY OF KIDNEY,962.0,384.8,315.4,962.0,31
HCPCS,78701,78701 NUCLEAR MEDICINE STUDY OF KIDNEY AND BLOOD FLOW,962.0,384.8,315.4,962.0,31
HCPCS,78707,78707 NUCLEAR MEDICINE STUDY OF KIDNEY,1250.0,500.0,422.49,1250.0,31
HCPCS,78708,78708 NUCLEAR MEDICINE STUDY OF KIDNEY,1250.0,500.0,422.49,1250.0,31
HCPCS,78709,78709 NUCLEAR MEDICINE STUDIES OF KIDNEY,1250.0,500.0,422.49,1250.0,31
HCPCS,78740,78740 NUCLEAR MEDICINE STUDY TO ASSESS URINE FLOW,962.0,384.8,315.4,962.0,31
HCPCS,78761,78761 NUCLEAR MEDICINE STUDY OF TESTICLE AND BLOOD FLOW,962.0,384.8,315.4,962.0,31
HCPCS,78800,78800 NUCLEAR MEDICINE STUDY,962.0,384.8,315.4,962.0,30
HCPCS,78801,78801 NUCLEAR MEDICINE STUDY,962.0,384.8,315.4,962.0,30
HCPCS,78802,78802 NUCLEAR MEDICINE STUDY,3000.0,1200.0,490.23,3000.0,31
HCPCS,78803,78803 NUCLEAR MEDICINE STUDY,3000.0,1200.0,490.23,3000.0,31
HCPCS,78804,78804 NUCLEAR MEDICINE STUDY,3000.0,1200.0,490.23,3000.0,31
HCPCS,78808,78808 INJECTION OF RADIOACTIVE CONTRAST INTO A VEIN FOR NON-IMAGING GAMMA PROBE,962.0,384.8,315.4,962.0,31
HCPCS,78811,78811 NUCLEAR MEDICINE STUDY LIMITED AREA,3000.0,1200.0,1024.66,3000.0,31
HCPCS,78812,78812 NUCLEAR MEDICINE STUDY FROM SKULL BASE TO MID-THIGH,3780.0,1512.0,1144.85,3780.0,31
HCPCS,78813,78813 NUCLEAR MEDICINE STUDY WHOLE BODY,3780.0,1512.0,1144.85,3780.0,31
HCPCS,78814,78814 NUCLEAR MEDICINE STUDY LIMITED AREA WITH CT SCAN,3780.0,1512.0,1144.85,3780.0,31
HCPCS,78815,78815 NUCLEAR MEDICINE STUDY FROM SKULL BASE TO MID-THIGH WITH CT SCAN,3780.0,1512.0,1144.85,3780.0,31
HCPCS,78816,78816 NUCLEAR MEDICINE STUDY WHOLE BODY WITH CT SCAN,3780.0,1512.0,1144.85,3780.0,31
HCPCS,78830,78830 NUCLEAR MEDICINE STUDY,3000.0,1200.0,1024.66,3000.0,31
HCPCS,78831,78831 NUCLEAR MEDICINE STUDY,3000.0,1200.0,1024.66,3000.0,31
HCPCS,78832,78832 NUCLEAR MEDICINE STUDY,3780.0,1512.0,1144.85,3780.0,31
HCPCS,78835,78835 QUANTIFICATION OF RADIOACTIVE MATERIALS,250.0,100.0,100.0,225.0,17
HCPCS,78999,78999 OTHER NUCLEAR MEDICINE STUDY,962.0,384.8,315.4,962.0,31
HCPCS,79005,131 THERAPY METASTASES,650.0,260.0,175.91,650.0,31
HCPCS,79005,79005 RADIOACTIVE DRUG THERAPY BY MOUTH,650.0,260.0,175.91,650.0,31
HCPCS,79005,THYROID ABLATION THERAPY,650.0,260.0,175.91,650.0,31
HCPCS,79101,79101 RADIOACTIVE DRUG THERAPY THROUGH A VEIN,650.0,260.0,175.91,650.0,31
HCPCS,79101,HC NM THERAPY LUTATHRA,650.0,260.0,175.91,650.0,31
HCPCS,79101,HC XOFIGO RADIUM 223 THERAPY,650.0,260.0,175.91,650.0,31
HCPCS,79101,NUCLEAR MEDICINE THERAPY PULVICTO IV,650.0,260.0,175.91,650.0,31
HCPCS,79101,SAMARIUM 153 THERAPY,650.0,260.0,175.91,650.0,31
HCPCS,79101,STRONSTIUM 89 THERAPY,650.0,260.0,175.91,650.0,31
HCPCS,79200,79200 RADIOACTIVE DRUG THERAPY INTO A BODY CAVITY,650.0,260.0,175.91,650.0,31
HCPCS,79403,79403 RADIOACTIVE DRUG THERAPY OF RADIOLABELED MONOCLONAL ANTIBODY,650.0,260.0,175.91,650.0,31
HCPCS,79445,79445 RADIOACTIVE DRUG THERAPY THROUGH A TUBE INSERTED IN AN ARTERY,650.0,260.0,175.91,650.0,31
HCPCS,80047,BASIC METABOLIC PANEL IONIZED CALCIUM,45.0,18.0,12.73,40.5,30
HCPCS,80048,BASIC METABOLIC PANEL CALCIUM TOTAL,443.0,177.2,7.84,398.7,30
HCPCS,80050,GENERAL HEALTH PANEL,448.0,179.2,50.48,403.2,18
HCPCS,80051,BLOOD TEST PANEL FOR ELECTROLYTES (SODIUM POTASSIUM,116.0,46.4,6.5,104.4,30
HCPCS,80053,COMPREHENSIVE METABOLIC PANEL,264.0,105.6,9.79,237.6,30
HCPCS,80055,OBSTETRIC BLOOD TEST PANEL,119.0,47.6,47.81,119.53,24
HCPCS,80061,LIPID PANEL,106.0,42.4,12.41,95.4,31
HCPCS,80069,KIDNEY FUNCTION BLOOD TEST PANEL,182.0,72.8,8.04,163.8,30
HCPCS,80074,ACUTE HEPATITIS PANEL,315.0,126.0,44.16,283.5,30
HCPCS,80076,LIVER FUNCTION BLOOD TEST PANEL,180.0,72.0,7.57,162.0,30
HCPCS,80143,MEASUREMENT OF ACETAMINOPHEN,47.0,18.8,17.28,47.0,30
HCPCS,80145,MEASUREMENT OF ADALIMUMAB,100.0,40.0,35.75,100.0,30
HCPCS,80150,AMIKACIN (ANTIBIOTIC) LEVEL,127.0,50.8,13.98,114.3,30
HCPCS,80151,DRUG ASSAY AMIODARONE,50.0,20.0,17.28,50.0,30
HCPCS,80151,MEASUREMENT OF AMIODARONE,100.0,40.0,17.28,90.0,30
HCPCS,80155,CAFFEINE LEVEL,100.0,40.0,23.16,100.0,30
HCPCS,80156,CARBAMAZEPINE LEVEL,180.0,72.0,13.5,162.0,30
HCPCS,80157,ASSAY CARBAMAZEPINE FREE,33.0,13.2,12.29,33.13,30
HCPCS,80158,CYCLOSPORINE LEVEL,217.0,86.8,16.74,195.3,30
HCPCS,80159,CLOZAPINE LEVEL,65.0,26.0,18.68,58.5,30
HCPCS,80162,DIGOXIN LEVEL,125.0,50.0,12.31,112.5,30
HCPCS,80164,VALPROIC ACID LEVEL,163.0,65.2,12.56,146.7,30
HCPCS,80165,VALPROIC ACID LEVEL,80.0,32.0,12.56,72.0,30
HCPCS,80167,QUANTITATION OF DRUG FELBAMATE,50.0,20.0,17.28,50.0,30
HCPCS,80168,ETHOSUXIMIDE LEVEL,124.0,49.6,15.15,111.6,30
HCPCS,80169,EVEROLIMUS LEVEL,48.0,19.2,12.73,43.2,30
HCPCS,80170,GENTAMICIN (ANTIBIOTIC) LEVEL,171.0,68.4,15.18,153.9,30
HCPCS,80171,GABAPENTIN LEVEL,50.0,20.0,20.09,54.18,30
HCPCS,80173,HALOPERIDOL LEVEL,40.0,16.0,14.63,40.0,30
HCPCS,80175,LAMOTRIGINE LEVEL,128.0,51.2,12.29,115.2,30
HCPCS,80176,LIDOCAINE AND METABOLITE,46.0,18.4,13.62,41.4,30
HCPCS,80176,LIDOCAINE LEVEL,46.0,18.4,13.62,41.4,30
HCPCS,80177,LEVETIRACETAM LEVEL,98.0,39.2,12.29,88.2,30
HCPCS,80178,LITHIUM LEVEL,109.0,43.6,6.13,98.1,30
HCPCS,80179,MEASUREMENT OF SALICYLATE,47.0,18.8,17.28,47.0,30
HCPCS,80180,MYCOPHENOLATE (MYCOPHENOLIC ACID) LEVEL,62.0,24.8,16.74,55.8,30
HCPCS,80181,DRUG ASSAY FLECAINIDE,47.0,18.8,17.28,47.0,30
HCPCS,80183,OXCARBAZEPINE LEVEL,50.0,20.0,12.29,45.0,30
HCPCS,80184,PHENOBARBITAL LEVEL,150.0,60.0,14.18,135.0,30
HCPCS,80185,PHENYTOIN LEVEL,150.0,60.0,12.29,135.0,30
HCPCS,80186,PHENYTOIN LEVEL,122.0,48.8,12.75,109.8,30
HCPCS,80187,MEASUREMENT OF POSACONAZOLE,140.0,56.0,25.13,126.0,30
HCPCS,80188,PRIMIDONE LEVEL,69.0,27.6,15.38,62.1,30
HCPCS,80189,MEASUREMENT OF ITRACONAZOLE,140.0,56.0,25.13,126.0,30
HCPCS,80190,PROCAINAMIDE LEVEL,150.0,60.0,28.09,150.0,30
HCPCS,80192,PROCAINAMIDE LEVEL,42.0,16.8,15.53,42.0,30
HCPCS,80193,MEASUREMENT OF LEFLUNOMIDE,96.0,38.4,35.75,96.43,30
HCPCS,80194,QUINIDINE LEVEL,37.0,14.8,13.53,37.0,30
HCPCS,80195,SIROLIMUS LEVEL,178.0,71.2,12.73,160.2,30
HCPCS,80197,TACROLIMUS LEVEL,189.0,75.6,12.73,170.1,30
HCPCS,80198,THEOPHYLLINE LEVEL,160.0,64.0,13.11,144.0,30
HCPCS,80199,QUANTITATION OF DRUG TIAGABINE,68.0,27.2,25.13,68.0,30
HCPCS,80200,TOBRAMYCIN (ANTIBIOTIC) LEVEL,157.0,62.8,14.96,141.3,30
HCPCS,80201,TOPIRAMATE LEVEL,145.0,58.0,11.05,130.5,30
HCPCS,80202,VANCOMYCIN (ANTIBIOTIC) LEVEL,180.0,72.0,12.56,162.0,30
HCPCS,80203,ZONISAMIDE LEVEL,50.0,20.0,12.29,45.0,30
HCPCS,80204,DRUG ASSAY METHODREXATE,100.0,40.0,35.75,100.0,30
HCPCS,80210,DRUG ASSAY RUFINAMIDE,47.0,18.8,25.13,67.78,30
HCPCS,80220,MEASUREMENT OF HYDROXYCHLOROQUINE,47.0,18.8,17.28,47.0,30
HCPCS,80230,MEASUREMENT OF INFLIXIMAB,140.0,56.0,35.75,126.0,30
HCPCS,80235,MEASUREMENT OF LACOSAMIDE,140.0,56.0,25.13,126.0,30
HCPCS,80280,MEASUREMENT OF VEDOLIZUMAB,100.0,40.0,35.75,100.0,30
HCPCS,80285,MEASUREMENT OF VORICONAZOLE,140.0,56.0,25.13,126.0,30
HCPCS,80299,CERTOLIZUMAB DRUG LEVEL,50.0,20.0,17.28,50.0,30
HCPCS,80299,DEXAMETHASONE QUANTITATION OF DRUG,47.0,18.8,17.28,47.0,30
HCPCS,80299,DOXYCYCLINE,50.0,20.0,17.28,50.0,30
HCPCS,80299,GENERIC CODE FOR  QUANTITATION OF THERAPEUTIC DRUG NOS,50.0,20.0,17.28,50.0,30
HCPCS,80299,HYPOGLYCEMIC PANEL SERUM OR PLASMA,50.0,20.0,17.28,50.0,30
HCPCS,80299,QUAN ASSAY METHOTREXATE,140.0,56.0,17.28,126.0,30
HCPCS,80299,QUAN ASSAY USTEKINUMAB,140.0,56.0,17.28,126.0,30
HCPCS,80299,QUANT DRUG LEVEL FLUCTYOSINE,50.0,20.0,17.28,50.0,30
HCPCS,80299,QUANTITATION OF DRUG BRIVARACETAM,47.0,18.8,17.28,47.0,30
HCPCS,80299,QUANTITATION OF DRUG CENOBAMATE,47.0,18.8,17.28,47.0,30
HCPCS,80299,QUANTITATION OF DRUG CLOBAZAM,40.0,16.0,17.28,46.6,30
HCPCS,80299,QUANTITATION OF DRUG CLORAZEPATE,47.0,18.8,17.28,47.0,30
HCPCS,80299,QUANTITATION OF DRUG ESLICARBAZEPINE,47.0,18.8,17.28,47.0,30
HCPCS,80299,QUANTITATION OF THERAPEUTIC DRUG,140.0,56.0,17.28,126.0,30
HCPCS,80299,QUANTITATIVE ASSAY DRUG,140.0,56.0,17.28,126.0,30
HCPCS,80299,QUANTITATIVE ASSAY FLUCONAZOLE,50.0,20.0,17.28,50.0,30
HCPCS,80299,RIFABUTIN DRUG LEVEL,50.0,20.0,17.28,50.0,30
HCPCS,80299,RIFAMPIN LEVEL,50.0,20.0,17.28,50.0,30
HCPCS,80299,SOLARIS (ECULIZUMAB) DRUG LEVEL,50.0,20.0,17.28,50.0,30
HCPCS,80305,DRUG TEST PRSMV DIR OPT OBS,32.0,12.8,11.68,32.0,30
HCPCS,80306,80306 TESTING FOR PRESENCE OF DRUG,115.0,46.0,15.89,103.5,30
HCPCS,80307,80307 TESTING FOR PRESENCE OF DRUG,115.0,46.0,57.61,155.35,30
HCPCS,80307,C TOX EMPLOYEE DRUG SCREEN TESTING,16.0,6.4,9.28,40.0,30
HCPCS,80307,DRUG TEST PRSMV CHEM ANLYZR,164.0,65.6,57.61,164.0,30
HCPCS,80307,HC DRUG TEST PRESUMPTIVE CHEM ANALYZER,265.0,106.0,57.61,238.5,30
HCPCS,80307,HC DRUG TEST PRSMPTV INSTRMTD CHEM ANLYZR PER DATE,230.0,92.0,57.61,207.0,60
HCPCS,80307,HC PRESUMPTIVE  TESTING DRUG SCREEN,7.0,2.8,4.06,17.5,30
HCPCS,80320,80320 ALCOHOLS LEVELS,115.0,46.0,25.5,103.5,17
HCPCS,80320,ALCOHOLS,90.0,36.0,25.5,81.0,17
HCPCS,80321,80321 ALCOHOLS LEVELS,100.0,40.0,17.64,90.0,17
HCPCS,80323,80323 ALKALOIDS LEVELS,7.0,2.8,2.8,7.0,17
HCPCS,80323,ALKALOIDS NOS,100.0,40.0,40.0,90.0,17
HCPCS,80324,80324 AMPHETAMINES LEVELS,100.0,40.0,25.38,90.0,17
HCPCS,80326,80326 AMPHETAMINES LEVELS,100.0,40.0,25.38,90.0,17
HCPCS,80326,AMPHETAMINES 5 OR MORE,8.0,3.2,3.2,8.0,17
HCPCS,80327,80327 ANABOLIC STEROIDS LEVELS,100.0,40.0,40.0,90.0,17
HCPCS,80329,80329 ANALGESICS LEVELS,43.0,17.2,17.2,43.0,17
HCPCS,80329,ANALGESICS NON-OPIOID 1 OR 2,43.0,17.2,17.2,43.0,17
HCPCS,80330,80330 ANALGESICS LEVELS,8.0,3.2,3.2,8.0,17
HCPCS,80331,ANALGESICS NON-OPIOID 6 OR MORE,8.0,3.2,3.2,8.0,17
HCPCS,80332,80332 ANTIDEPRESSANTS LEVELS,30.0,12.0,12.0,30.0,17
HCPCS,80333,80333 ANTIDEPRESSANTS LEVELS,8.0,3.2,3.2,8.0,17
HCPCS,80334,ANTIDEPRESSANTS SEROTONERGIC CLASS 6 OR MORE,8.0,3.2,3.2,8.0,17
HCPCS,80335,80335 ANTIDEPRESSANTS LEVELS,78.0,31.2,29.23,70.2,17
HCPCS,80337,80337 ANTIDEPRESSANTS LEVELS,8.0,3.2,3.2,8.0,17
HCPCS,80338,80338 ANTIDEPRESSANTS LEVELS,8.0,3.2,3.2,8.0,17
HCPCS,80339,80339 ANTIEPILEPTICS LEVELS,100.0,40.0,24.19,90.0,17
HCPCS,80339,QUANTITATION OF DRUG STRIPENTOL,50.0,20.0,20.0,45.0,17
HCPCS,80341,80341 ANTIEPILEPTICS LEVELS,8.0,3.2,3.2,8.0,17
HCPCS,80342,80342 ANTIPSYCHOTICS LEVELS,47.0,18.8,18.8,42.3,17
HCPCS,80342,ANTIPSYCHOTICS NOS 1-3,60.0,24.0,24.0,54.0,17
HCPCS,80344,80344 ANTIPSYCHOTICS LEVELS,8.0,3.2,3.2,8.0,17
HCPCS,80345,80345 BARBITURATES LEVELS,7.0,2.8,2.8,7.0,17
HCPCS,80345,DRUG SCREENING BARBITURATES,100.0,40.0,18.7,90.0,17
HCPCS,80346,80346 BENZODIAZEPINES LEVELS,7.0,2.8,2.8,7.0,17
HCPCS,80346,BENZODIAZEPINES1-12,100.0,40.0,32.33,90.0,17
HCPCS,80347,80347 BENZODIAZEPINES LEVELS,8.0,3.2,3.2,8.0,17
HCPCS,80347,BENZODIAZEPINES 13 OR MORE,100.0,40.0,32.33,90.0,17
HCPCS,80348,80348 BUPRENORPHINE LEVEL,100.0,40.0,19.44,90.0,17
HCPCS,80348,DRUG SCREENING BUPRENORPHINE,8.0,3.2,3.2,8.0,17
HCPCS,80349,80349 CANNABINOIDS LEVELS,7.0,2.8,2.8,7.0,17
HCPCS,80349,CANNABINOIDS NATURAL,100.0,40.0,29.32,90.0,17
HCPCS,80353,80353 COCAINE LEVEL,7.0,2.8,2.8,7.0,17
HCPCS,80353,DRUG SCREENING COCAINE,100.0,40.0,24.74,90.0,17
HCPCS,80354,80354 FENTANYL LEVEL,8.0,3.2,3.2,8.0,17
HCPCS,80354,DRUG SCREENING FENTANYL,100.0,40.0,29.32,90.0,17
HCPCS,80355,80355 GABAPENTIN LEVEL NON-BLOOD,8.0,3.2,3.2,8.0,17
HCPCS,80356,80356 HEROIN METABOLITE LEVEL,8.0,3.2,3.2,8.0,17
HCPCS,80357,80357 KETAMINE AND NORKETAMINE LEVELS,8.0,3.2,3.2,8.0,17
HCPCS,80358,80358 METHADONE LEVEL,7.0,2.8,2.8,7.0,17
HCPCS,80358,DRUG SCREENING METHADONE,100.0,40.0,26.66,90.0,17
HCPCS,80359,80359 METHYLENEDIOXYAMPHETAMINES LEVELS,8.0,3.2,3.2,8.0,17
HCPCS,80360,80360 METHYLPHENIDATE LEVEL,100.0,40.0,25.87,90.0,17
HCPCS,80361,80361 OPIATES LEVELS,7.0,2.8,2.8,7.0,17
HCPCS,80361,OPIATES 1 OR MORE,100.0,40.0,36.0,90.0,17
HCPCS,80362,OPIOIDS AND OPIATE ANALOGS 1/2,60.0,24.0,24.0,54.0,17
HCPCS,80364,80364 OPIOIDS LEVELS,8.0,3.2,3.2,8.0,17
HCPCS,80364,OPIOID ANDOPIATE ANALOG 5/MORE,105.0,42.0,19.01,94.5,17
HCPCS,80365,80365 OXYCODONE LEVELS,8.0,3.2,3.2,8.0,17
HCPCS,80365,DRUG SCREENING OXYCODONE,105.0,42.0,31.91,94.5,17
HCPCS,80366,80366 PREGABALIN LEVEL,8.0,3.2,3.2,8.0,17
HCPCS,80367,80367 PROPOXYPHENE LEVEL,7.0,2.8,2.8,7.0,17
HCPCS,80367,DRUG SCREENING PROPOXYPHENE,100.0,40.0,29.32,90.0,17
HCPCS,80368,80368 SEDATIVE HYPNOTICS (NON-BENZODIAZEPINES) LEVELS,8.0,3.2,3.2,8.0,17
HCPCS,80369,80369 SKELETAL MUSCLE RELAXANTS LEVELS,100.0,40.0,28.78,90.0,17
HCPCS,80370,80370 SKELETAL MUSCLE RELAXANTS LEVELS,8.0,3.2,3.2,8.0,17
HCPCS,80373,80373 TRAMADOL LEVEL,8.0,3.2,3.2,8.0,17
HCPCS,80373,DRUG SCREENING TRAMADOL,100.0,40.0,25.87,90.0,17
HCPCS,80375,80375 DRUGS OR SUBSTANCES MEASUREMENT,30.0,12.0,12.0,30.0,17
HCPCS,80375,ACYCLOVIR QUALITATIVE,30.0,12.0,12.0,30.0,17
HCPCS,80375,AZATHIOPRINE (IMURAN) LEVEL,47.0,18.8,18.8,42.3,17
HCPCS,80375,BROMIDE QUALITATIVE,30.0,12.0,12.0,30.0,17
HCPCS,80375,COLCHICINE LEVEL NOT OTHERWISE SPECIFIED,30.0,12.0,12.0,30.0,17
HCPCS,80375,ISONIAZID LEVEL,45.0,18.0,18.0,40.5,17
HCPCS,80375,LEVAMISOLE LEVEL,43.0,17.2,17.2,40.5,17
HCPCS,80375,LOPERAMIDE LEVEL,50.0,20.0,20.0,45.0,17
HCPCS,80375,METHOTREXATE-POLYGLUTAMATE LEVEL,30.0,12.0,12.0,30.0,17
HCPCS,80375,MITOTANE LEVEL NOT OTHERWISE SPECIFIED,47.0,18.8,18.8,42.3,17
HCPCS,80375,PROPANOLOL  QUALITATIVE,30.0,12.0,12.0,30.0,17
HCPCS,80377,80377 DRUGS OR SUBSTANCES MEASUREMENT,8.0,3.2,3.2,8.0,17
HCPCS,80435,80435 INSULIN TOLERANCE PANEL FOR GROWTH HORMONE DEFICIENCY,257.0,102.8,95.48,257.5,30
HCPCS,81000,81000 MANUAL URINALYSIS TEST WITH EXAMINATION USING MICROSCOPE,20.0,8.0,3.73,18.0,30
HCPCS,81001,URINALYSIS AUTO W/SCOPE,110.0,44.0,2.94,99.0,60
HCPCS,81002,81002 URINALYSIS,36.0,14.4,3.22,32.4,30
HCPCS,81003,81003 AUTOMATED URINALYSIS TEST,61.0,24.4,2.09,54.9,30
HCPCS,81005,81005 ANALYSIS OF URINE,25.0,10.0,2.01,22.5,30
HCPCS,81015,81015 URINALYSIS USING MICROSCOPE,25.0,10.0,2.83,22.5,30
HCPCS,81025,81025 URINE PREGNANCY TEST,26.0,10.4,8.61,24.19,24
HCPCS,81050,81050 URINE VOLUME MEASUREMENT,25.0,10.0,3.38,22.5,30
HCPCS,81105,81105 GENE ANALYSIS (HUMAN PLATELET ANTIGEN 1) FOR COMMON VARIANT,306.0,122.4,122.22,306.0,24
HCPCS,81106,81106 GENE ANALYSIS (HUMAN PLATELET ANTIGEN 2) FOR COMMON VARIANT,306.0,122.4,122.22,306.0,24
HCPCS,81107,81107 GENE ANALYSIS (HUMAN PLATELET ANTIGEN 3) FOR COMMON VARIANT,306.0,122.4,122.22,306.0,24
HCPCS,81108,81108 GENE ANALYSIS (HUMAN PLATELET ANTIGEN 4) FOR COMMON VARIANT,306.0,122.4,122.22,306.0,24
HCPCS,81109,81109 GENE ANALYSIS (HUMAN PLATELET ANTIGEN 5) FOR COMMON VARIANT,306.0,122.4,122.22,306.0,24
HCPCS,81110,81110 GENE ANALYSIS (HUMAN PLATELET ANTIGEN 6) FOR COMMON VARIANT,306.0,122.4,122.22,306.0,24
HCPCS,81111,81111 GENE ANALYSIS (HUMAN PLATELET ANTIGEN 9) FOR COMMON VARIANT,306.0,122.4,122.22,306.0,24
HCPCS,81112,81112 GENE ANALYSIS (HUMAN PLATELET ANTIGEN 15) FOR COMMON VARIANT,306.0,122.4,122.22,306.0,24
HCPCS,81120,81120 GENE ANALYSIS (ISOCITRATE DEHYDROGENASE 1 [NADP+],30.0,12.0,17.4,75.0,24
HCPCS,81121,81121 GENE ANALYSIS (ISOCITRATE DEHYDROGENASE 2 [NADP+],30.0,12.0,17.4,75.0,30
HCPCS,81161,81161 GENE ANALYSIS (DYSTROPHIN),30.0,12.0,17.4,75.0,24
HCPCS,81161,DMD DEL/DUP ANALYSIS,698.0,279.2,168.17,698.0,24
HCPCS,81162,81162 GENE ANALYSIS  BREAST CANCER 1  2  OF FULL SEQUENCE  ANALYSIS,1824.88,729.952,1058.43,4562.2,31
HCPCS,81165,81165 GENE ANALYSIS (BREAST CANCER 1) OF FULL SEQUENCE,34.0,13.6,19.72,85.0,24
HCPCS,81170,81170 GENE ANALYSIS (ABL PROTO-ONCOGENE 1,750.0,300.0,278.1,750.0,30
HCPCS,81173,AR GENE ANALYSIS FULL GENE SEQUENCE,753.0,301.2,301.35,753.38,24
HCPCS,81175,81175 GENE ANALYSIS (ADDITIONAL SEX COMBS LIKE 1,676.5,270.6,392.37,1691.25,24
HCPCS,81178,ATXN1 GENE ANALYSIS EVAL DETECT ABNORMAL ALLELES,137.0,54.8,79.46,342.5,24
HCPCS,81179,81179 GENE ANALYSIS (ATAXIN 2) FOR ABNORMAL ALLELES,137.0,54.8,79.46,342.5,24
HCPCS,81179,ATXN2 GENE DETC ABNOR ALLELE,137.0,54.8,79.46,342.5,24
HCPCS,81180,ATXN3 GENE DETC ABNOR ALLELE,137.0,54.8,79.46,342.5,24
HCPCS,81181,81181 GENE ANALYSIS (ATAXIN 7) FOR ABNORMAL ALLELES,137.0,54.8,79.46,342.5,24
HCPCS,81182,ATXN8OS GEN DETC ABNOR ALLEL,137.0,54.8,79.46,342.5,24
HCPCS,81184,CACNA1A GENE ANALYSIS EVAL DETECT ABNOR ALLELES,137.0,54.8,79.46,342.5,24
HCPCS,81185,81185 GENE ANALYSIS  CALCIUM VOLTAGE-GATED CHANNEL SUBUNIT ALPHA,846.27,338.508,490.84,2115.68,24
HCPCS,81187,81187 GENE ANALYSIS  CCH-TYPE ZINC FINGER NUCLEIC ACID BINDING PROTEIN,137.0,54.8,79.46,342.5,24
HCPCS,81188,81188 GENE ANALYSIS (CYSTATIN B) FOR ABNORMAL ALLELES,343.0,137.2,137.0,343.0,24
HCPCS,81189,81189 GENE ANALYSIS (CYSTATIN B) OF FULL SEQUENCE,274.83,109.932,159.4,687.08,24
HCPCS,81200,81200 GENE ANALYSIS (ASPARTOACYLASE),47.25,18.9,27.41,118.13,30
HCPCS,81201,81201 GENE ANALYSIS (ADENOMATOUS POLYPOSIS COLI),780.0,312.0,452.4,1950.0,30
HCPCS,81202,81202 GENE ANALYSIS (ADENOMATOUS POLYPOSIS COLI),400.0,160.0,232.0,700.0,30
HCPCS,81203,81203 GENE ANALYSIS (ADENOMATOUS POLYPOSIS COLI),200.0,80.0,116.0,500.0,24
HCPCS,81204,AR GENE CHARAC ALLELES,30.0,12.0,17.4,75.0,24
HCPCS,81205,81205 GENE ANALYSIS (BRANCHED-CHAIN KETO ACID DEHYDROGENASE E1,238.0,95.2,88.05,238.0,30
HCPCS,81206,81206 TRANSLOCATION ANALYSIS (BCR/ABL1) MAJOR BREAKPOINT,410.0,164.0,151.99,410.0,30
HCPCS,81207,81207 TRANSLOCATION ANALYSIS (BCR/ABL1) MINOR BREAKPOINT,362.0,144.8,134.27,362.1,30
HCPCS,81208,81208 TRANSLOCATION ANALYSIS (BCR/ABL1) OTHER BREAKPOINT,537.0,214.8,198.95,537.0,30
HCPCS,81209,81209 GENE ANALYSIS (BLOOM SYNDROME,100.0,40.0,36.44,100.0,30
HCPCS,81210,81210 GENE ANALYSIS (V-RAF MURINE SARCOMA VIRAL ONCOGENE HOMOLOG B1),439.0,175.6,175.4,439.0,24
HCPCS,81212,81212 GENE ANALYSIS (BREAST CANCER 1 AND 2) FOR 185DELAG,582.0,232.8,212.04,1100.0,24
HCPCS,81218,81218 GENE ANALYSIS (CCAAT/ENHANCER BINDING PROTEIN [C/EBP],241.9,96.76,140.3,604.75,30
HCPCS,81219,81219 GENE ANALYSIS (CALRETICULIN),304.0,121.6,121.63,304.08,24
HCPCS,81220,81220 GENE ANALYSIS  CYSTIC FIBROSIS TRANSMEMBRANE CONDUCTANCE REGULAR,348.0,139.2,201.84,870.0,31
HCPCS,81220,INHERITEST - CFTR GENE ANALYSIS,117.0,46.8,67.86,529.77,31
HCPCS,81222,81222 GENE ANALYSIS  CYSTIC FIBROSIS TRANSMEMBRANE CONDUCTANCE,435.07,174.028,252.34,1087.68,31
HCPCS,81222,CFTR GENE DUP/DELET VARIANTS,435.07,174.028,252.34,1087.68,31
HCPCS,81223,81223 GENE ANALYSIS  CYSTIC FIBROSIS TRANSMEMBRANE CONDUCTANCE,499.0,199.6,289.42,1665.33,31
HCPCS,81226,81226 GENE ANALYSIS (CYTOCHROME P450,1136.0,454.4,417.99,1136.0,30
HCPCS,81227,81227 GENE ANALYSIS (CYTOCHROME P450,437.0,174.8,162.05,437.03,30
HCPCS,81228,CYTOGEN MICRARRAY COPY NMBR,1457.0,582.8,845.06,2250.0,24
HCPCS,81229,81229 GENOME-WIDE MICROARRAY ANALYSIS FOR COPY NUMBER,1160.0,464.0,672.8,2900.0,24
HCPCS,81232,81232 GENE ANALYSIS (DIHYDROPYRIMIDINE DEHYDROGENASE) FOR COMMON VARIANT,437.0,174.8,174.81,437.03,24
HCPCS,81234,81234 GENE ANALYSIS (DM1 PROTEIN KINASE) FOR ABNORMAL ALLELES,137.0,54.8,79.46,342.5,24
HCPCS,81235,81235 GENE ANALYSIS (EPIDERMAL GROWTH FACTOR RECEPTOR),811.0,324.4,300.88,811.45,30
HCPCS,81238,F9 FULL GENE SEQUENCE,1500.0,600.0,600.0,1500.0,24
HCPCS,81240,81240 GENE ANALYSIS (PROTHROMBIN,165.0,66.0,60.89,165.0,31
HCPCS,81241,81241 GENE ANALYSIS (COAGULATION FACTOR V) LEIDEN VARIANT,184.0,73.6,68.01,184.0,31
HCPCS,81242,81242 GENE ANALYSIS (FANCONI ANEMIA,100.0,40.0,33.95,100.0,30
HCPCS,81242,FANCC GENE,100.0,40.0,33.95,100.0,30
HCPCS,81243,81243 GENE ANALYSIS (FRAGILE X MENTAL RETARDATION) ABNORMAL ALLELES,57.04,22.816,33.08,142.6,24
HCPCS,81243,INHERITEST - FMRQ GENE ANALYSIS,57.04,22.816,33.08,142.6,24
HCPCS,81244,81244 GENE ANALYSIS  FRAGILE X MENTAL RETARDATION 1,112.0,44.8,44.89,112.23,24
HCPCS,81245,81245 GENE ANALYSIS  FMS-RELATED TYROSINE KINASE 3  INTERNAL,414.0,165.6,153.43,414.0,30
HCPCS,81246,81246 TEST FOR DETECTING GENES ASSOCIATED WITH BLOOD CANCER,208.0,83.2,76.94,208.0,30
HCPCS,81250,81250 GENE ANALYSIS (GLUCOSE-6-PHOSPHATASE,146.0,58.4,54.22,146.23,30
HCPCS,81251,81251 GENE ANALYSIS (GLUCOSIDASE,30.0,12.0,17.4,75.0,30
HCPCS,81252,81252 GENE ANALYSIS (GAP JUNCTION PROTEIN,101.12,40.448,58.65,252.8,24
HCPCS,81252,GJB2 GENE FULL SEQUENCE,101.12,40.448,58.65,252.8,24
HCPCS,81253,81253 GENE ANALYSIS (GAP JUNCTION PROTEIN,154.0,61.6,61.52,154.0,24
HCPCS,81254,81254 GENE ANALYSIS (GAP JUNCTION PROTEIN,35.0,14.0,20.3,87.5,24
HCPCS,81254,GJB6 GENE COM VARIANTS,35.0,14.0,20.3,87.5,24
HCPCS,81255,81255 GENE ANALYSIS (HEXOSAMINIDASE A) COMMON VARIANTS,30.0,12.0,17.4,75.0,24
HCPCS,81256,81256 GENE ANALYSIS (HEMOCHROMATOSIS) COMMON VARIANTS,164.0,65.6,60.58,164.0,30
HCPCS,81257,81257 GENE ANALYSIS  ALPHA GLOBIN 1  ALPHA GLOBIN 2,256.0,102.4,94.79,256.0,30
HCPCS,81257,HBA1/HBA2 GENE,256.0,102.4,94.79,256.0,30
HCPCS,81259,HBA1/HBA2 GENE ANALYSIS FULL GENE SEQUENCE,1500.0,600.0,600.0,1500.0,24
HCPCS,81260,81260 GENE ANALYSIS  INHIBITOR OF KAPPA LIGHT POLYPEPTIDE,100.0,40.0,36.44,100.0,30
HCPCS,81260,CMT NEUROPATHY - IKBKAP GENE ANALYSIS,100.0,40.0,36.44,100.0,30
HCPCS,81261,IGH GENE REARRANGE AMP METH,30.0,12.0,17.4,75.0,30
HCPCS,81262,81262 GENE REARRANGEMENT ANALYSIS  IMMUNOGLOBULIN HEAVY CHAIN LOCUS,172.0,68.8,63.55,172.0,30
HCPCS,81263,81263 GENE REARRANGEMENT ANALYSIS (IMMUNOGLOBULIN HEAVY CHAIN LOCUS),680.0,272.0,273.02,736.3,30
HCPCS,81263,IGH VARI REGIONAL MUTATION,30.0,12.0,17.4,75.0,30
HCPCS,81264,IGK REARRANGEABN CLONAL POP,30.0,12.0,17.4,75.0,30
HCPCS,81265,81265 COMPARATIVE ANALYSIS  SHORT TEM REPEAT  STR  MARKERS OF PATIENT  SPECIMEN,233.07,93.228,135.18,582.68,30
HCPCS,81267,81267 CHIMERISM ANALYSIS POST TRANSPLANTATION,518.0,207.2,192.31,518.65,30
HCPCS,81268,81268 CHIMERISM ANALYSIS POST TRANSPLANTATION,850.0,340.0,241.75,826.32,30
HCPCS,81269,HBA1/HBA2 GENE DUP/DEL VRNTS,506.0,202.4,202.4,506.0,48
HCPCS,81270,81270 GENE ANALYSIS (JANUS KINASE 2) VARIANT,229.0,91.6,84.96,229.15,30
HCPCS,81271,HTT GENE ANALYSIS DETECT ABNORMAL ALLELES,343.0,137.2,137.0,343.0,24
HCPCS,81273,81273 GENE ANALYSIS  V-KIT HARDY-ZUCKERMAN 4 FELINE SARCOMA VIRAL ONCOGENE,313.0,125.2,115.75,313.0,30
HCPCS,81275,81275 GENE ANALYSIS  V-KI-RAS2 KIRSTEN RAT SARCOMA VIRAL ONCOGENE  VARIANTS,484.0,193.6,179.15,484.0,31
HCPCS,81276,81276 GENE ANALYSIS (KIRSTEN RAT SARCOMA VIRAL ONCOGENE HOMOLOG),30.0,12.0,17.4,183.94,31
HCPCS,81277,81277 CANCER CYTOGENOMIC ARRAY GENE ANALYSIS,2156.0,862.4,1075.32,2900.0,30
HCPCS,81279,JAK2- EXON 12 SEQUENCE AND EXON 13 SEQUENCE,463.0,185.2,171.68,463.0,30
HCPCS,81283,81283 GENE ANALYSIS (INTERFERON,184.0,73.6,68.01,184.0,30
HCPCS,81284,FXN GENE ANALYSIS EVAL DETECT ABNORMAL ALLELES,137.0,54.8,79.46,342.5,24
HCPCS,81286,FXN GENE ANALYSIS FULL GENE SEQUENCE,274.83,109.932,159.4,687.08,24
HCPCS,81287,81287 GENE ANALYSIS  O-6-METHYLGUANINE-DNA METHYLTRANSFERASE  FOR PROM,312.0,124.8,99.61,312.0,30
HCPCS,81288,HYPERMETHYLATION ANALYSIS TUMOR,453.7,181.48,178.28,480.8,30
HCPCS,81290,81290 GENE ANALYSIS (MUCOLIPIN 1) COMMON VARIANTS,100.0,40.0,36.44,100.0,30
HCPCS,81290,MCOLN1 GENE,100.0,40.0,36.44,100.0,30
HCPCS,81291,81291 GENE ANALYSIS (5,163.0,65.2,65.34,163.35,24
HCPCS,81292,81292 GENE ANALYSIS (MUTL HOMOLOG 1,675.4,270.16,391.73,1688.5,30
HCPCS,81292,MLH1 GENE FULL SEQ,675.4,270.16,391.73,1688.5,30
HCPCS,81293,81293 GENE ANALYSIS (MUTL HOMOLOG 1,828.0,331.2,296.88,828.0,30
HCPCS,81294,81294 GENE ANALYSIS (MUTL HOMOLOG 1,202.4,80.96,117.39,506.0,30
HCPCS,81294,MLH1 GENE DUP/DELETE VARIANT,202.4,80.96,117.39,506.0,30
HCPCS,81295,81295 GENE ANALYSIS (MUTS HOMOLOG 2,381.7,152.68,182.05,954.25,24
HCPCS,81295,MSH2 GENE FULL SEQ,381.7,152.68,182.05,954.25,24
HCPCS,81296,81296 GENE ANALYSIS (MUTS HOMOLOG 2,845.0,338.0,155.44,845.0,24
HCPCS,81301,81301 MICROSATELLITE INSTABILITY ANALYSIS,870.0,348.0,323.11,871.4,30
HCPCS,81302,81302 GENE ANALYSIS (METHYL CPG BINDING PROTEIN 2) FULL SEQUENCE ANALYSIS,527.87,211.148,306.16,1319.68,30
HCPCS,81303,81303 GENE ANALYSIS (METHYL CPG BINDING PROTEIN 2) KNOWN FAMILIAL VARIANT,300.0,120.0,111.24,300.0,30
HCPCS,81304,81304 GENE ANALYSIS  METHYL CPG BINDING PROTEIN 2  DUPLICATION OR DELETION,150.0,60.0,87.0,375.0,30
HCPCS,81305,81305 GENE ANALYSIS  MYELOID DIFFERENTIATION PRIMARY RESPONSE 88,439.0,175.6,175.4,439.0,24
HCPCS,81306,TPMT NUDT15 GENE ANALYSIS COMMON VARIANTS,1165.0,466.0,270.09,1048.5,30
HCPCS,81307,PALB2 GENE FULL GENE SEQ,676.5,270.6,280.83,1691.25,24
HCPCS,81310,81310 GENE ANALYSIS (NUCLEOPHOSMIN) EXON 12 VARIANTS,617.0,246.8,228.53,617.0,30
HCPCS,81311,81311 GENE ANALYSIS FOR CANCER (NEUROBLASTOMA),30.0,12.0,17.4,75.0,30
HCPCS,81312,PABPN1 GENE ANALYSIS EVAL DETC ABNORMAL ALLELES,137.0,54.8,79.46,342.5,24
HCPCS,81315,81315 TRANSLOCATION ANALYSIS  PML-RARA REGULATED ADAPTOR MOLECULE 1  COMMON,518.0,207.2,192.18,518.28,30
HCPCS,81316,81316 TRANSLOCATION ANALYSIS  PML-RARA REGULATED ADAPTOR MOLECULE 1  SINGLE,518.0,207.2,192.18,518.28,30
HCPCS,81321,81321 GENE ANALYSIS (PHOSPHATASE AND TENSIN HOMOLOG),600.0,240.0,348.0,1500.0,30
HCPCS,81322,81322 GENE ANALYSIS (PHOSPHATASE AND TENSIN HOMOLOG),116.0,46.4,43.2,116.5,30
HCPCS,81323,81323 GENE ANALYSIS (PHOSPHATASE AND TENSIN HOMOLOG),300.0,120.0,105.12,750.0,30
HCPCS,81324,81324 GENE ANALYSIS (PERIPHERAL MYELIN PROTEIN 22),758.36,303.344,439.85,1895.9,24
HCPCS,81325,PMP22 GENE FULL SEQUENCE,769.58,307.832,446.36,1923.95,24
HCPCS,81326,81326 GENE ANALYSIS (PERIPHERAL MYELIN PROTEIN 22),116.0,46.4,46.6,116.5,24
HCPCS,81329,81329 GENE ANALYSIS (SURVIVAL OF MOTOR NEURON 1,137.0,54.8,79.46,342.5,24
HCPCS,81331,81331 METHYLATION ANALYSIS  SMALL NUCLEAR RIBONUCLEOPROTEIN POLYPEPTIDE N,51.07,20.428,29.62,127.68,24
HCPCS,81332,81332 GENE ANALYSIS (SERPIN PEPTIDASE INHIBITOR,109.0,43.6,40.47,109.13,30
HCPCS,81334,RUNX1 GENE ANALYSIS TARGETED SEQUENCE ANALYSIS,824.0,329.6,305.46,824.0,30
HCPCS,81335,81335 GENE ANALYSIS (THIOPURINE S-METHYLTRANSFERASE) FOR COMMON VARIANT,437.0,174.8,162.05,437.03,30
HCPCS,81336,SMN1 GENE FULL GENE SEQUENCE,301.35,120.54,174.78,753.38,24
HCPCS,81337,SMN1 GENE ANALYSIS KNOWN FAMILIAL SEQ VARIANTS,185.2,74.08,107.42,463.0,24
HCPCS,81339,81339 GENE ANALYSIS (MPL PROTO-ONCOGENE,463.0,185.2,171.68,463.0,30
HCPCS,81340,81340 GENE ANALYSIS (T CELL ANTIGEN RECEPTOR BETA) AMPLIFICATION METHODOLOGY,522.0,208.8,193.67,522.3,30
HCPCS,81342,81342 GENE REARRANGEMENT ANALYSIS  ABNORMAL CLONAL POPULATION  T CELL,504.0,201.6,186.79,504.0,30
HCPCS,81350,UGT1A1 GENE COMMON VARIANTS,585.0,234.0,216.92,585.0,30
HCPCS,81351,81351 GENE ANALYSIS (TUMOR PROTEIN 53) FULL SEQUENCE ANALYSIS,753.0,301.2,436.74,1604.63,30
HCPCS,81352,GENE ANALYSIS (TUMOR PROTEIN 53) TARGETED SEQUENCE ANALYSIS,824.0,329.6,305.46,824.0,30
HCPCS,81355,81355 GENE ANALYSIS  VITAMIN K EPOXIDE REDUCTASE COMPLEX SUBUNIT 1,221.0,88.4,81.76,221.0,30
HCPCS,81361,HBB COMMON VARIANTS,34.0,13.6,19.72,85.0,30
HCPCS,81363,HBB GENE DUP/DEL VARIANTS,506.0,202.4,202.4,506.0,24
HCPCS,81364,81364 GENE ANALYSIS (HEMOGLOBIN,811.0,324.4,324.58,811.45,24
HCPCS,81364,HBB FULL GENE SEQUENCE,30.0,12.0,17.4,75.0,24
HCPCS,81370,81370 HLA CLASS I AND II TYPING LOW RESOLUTION HLA-A,1764.0,705.6,372.77,1587.6,31
HCPCS,81372,81372 HLA CLASS I TYPING LOW RESOLUTION,1000.0,400.0,361.63,1008.98,31
HCPCS,81373,81373 HLA CLASS I TYPING LOW RESOLUTION ONE LOCUS,319.0,127.6,118.13,319.0,31
HCPCS,81375,81375 HLA CLASS II TYPING LOW RESOLUTION HLA-DRB1/3/4/5 AND -DQB1,552.0,220.8,204.63,552.0,31
HCPCS,81376,81376 HLA CLASS II TYPING LOW RESOLUTION ONE LOCUS,435.0,174.0,113.3,391.5,31
HCPCS,81378,HLA I AND II TYPING HR,864.0,345.6,320.34,864.0,31
HCPCS,81379,81379 HLA CLASS I TYPING HIGH RESOLUTION,839.0,335.6,310.9,839.0,31
HCPCS,81379,HLA I TYPING COMPLETE HR,839.0,335.6,310.9,839.0,31
HCPCS,81380,81380 HLA CLASS I TYPING HIGH RESOLUTION ONE LOCUS,443.0,177.2,164.32,443.13,31
HCPCS,81380,HLA I TYPING 1 LOCUS HR,443.0,177.2,164.32,443.13,31
HCPCS,81381,81381 HLA CLASS I TYPING HIGH RESOLUTION ONE ALLELE OR ALLELE GROUP,425.0,170.0,154.84,425.0,31
HCPCS,81381,HLA I TYPING 1 ALLELE HR,425.0,170.0,154.84,425.0,62
HCPCS,81382,81382 HLA CLASS II TYPING HIGH RESOLUTION ONE LOCUS,309.0,123.6,114.65,309.2,31
HCPCS,81382,HC HLA CLS I TYPNG HI RES DRB1/DQB1,309.0,123.6,114.65,309.2,31
HCPCS,81382,HC HLA CLS II TYPING HI RES DR/DQ LOCUS EACH,309.0,123.6,114.65,309.2,31
HCPCS,81382,HLA II TYPING 1 LOC HR,309.0,123.6,114.65,309.2,124
HCPCS,81383,81383 HLA CLASS II TYPING HIGH RESOLUTION ONE ALLELE OR ALLELE GROUP,273.0,109.2,101.17,273.0,31
HCPCS,81400,81400 MOLECULAR PATHOLOGY PROCEDURE LEVEL 1,160.0,64.0,63.96,160.0,24
HCPCS,81400,GENERIC 81400--- ADD DESCRIPTION,160.0,64.0,63.96,160.0,24
HCPCS,81400,MOPATH PROCEDURE LEVEL 1,160.0,64.0,63.96,160.0,72
HCPCS,81401,81401 MOLECULAR PATHOLOGY PROCEDURE LEVEL 2,137.0,54.8,79.46,342.5,24
HCPCS,81401,AFF2 MED12 GENE SEQ FOR XLID,137.0,54.8,79.46,342.5,24
HCPCS,81401,APOE GENOTYPE TEST,137.0,54.8,79.46,342.5,24
HCPCS,81401,BECKWITH-WIEDEMANN MOLECULAR ANALYSIS,137.0,54.8,79.46,342.5,24
HCPCS,81401,DMPK DNA TEST,137.0,54.8,79.46,342.5,24
HCPCS,81401,FRIEDRICH ATAXIA REPEAT EXPANSION ANALYSIS,137.0,54.8,79.46,342.5,24
HCPCS,81401,GENERIC 81401--- ADD DESCRIPTION,137.0,54.8,79.46,342.5,24
HCPCS,81401,HC MOLECULAR PATHOLOGY PROC LEV 2,137.0,54.8,79.46,342.5,24
HCPCS,81401,HTT GENE SEQUENCING,137.0,54.8,79.46,342.5,24
HCPCS,81401,INHERITEST - SMN1 GENE ANALYSIS,113.0,45.2,65.54,282.5,24
HCPCS,81401,MOPATH PROCEDURE LEVEL 2,137.0,54.8,79.46,342.5,144
HCPCS,81401,RHABODOMYOLYSIS/MYOGLOBINURIA/MALIGNANT HPERTHERMIA GENE ANALYSIS,137.0,54.8,79.46,342.5,24
HCPCS,81401,RUSSELL SILVER SYNDROME MOLECULAR ANALYSIS,137.0,54.8,79.46,342.5,24
HCPCS,81401,SCA1 REPEAT EXPANSION ANALYSIS,137.0,54.8,79.46,342.5,24
HCPCS,81401,SCA2 EXPANSION ANALYSIS,137.0,54.8,79.46,342.5,24
HCPCS,81401,SMA PLUS COPY NUMBER CHANGES,137.0,54.8,79.46,342.5,24
HCPCS,81401,TPMT GENETICS,137.0,54.8,79.46,342.5,24
HCPCS,81402,CYP21A2 GENE DELETION,450.0,180.0,150.33,405.0,24
HCPCS,81402,DPD GENE MUTATION ANALYSIS,375.0,150.0,150.33,375.83,24
HCPCS,81402,GENERIC 81402--- ADD DESCRIPTION,375.0,150.0,150.33,375.83,24
HCPCS,81402,MOPATH PROCEDURE LEVEL 3,375.0,150.0,150.33,375.83,24
HCPCS,81402,MPL MUTATION ANALYSIS,375.0,150.0,150.33,375.83,24
HCPCS,81402,UNIPARENTAL DISOMY,375.0,150.0,150.33,375.83,24
HCPCS,81403,81403 MOLECULAR PATHOLOGY PROCEDURE LEVEL 4,185.2,74.08,107.42,463.0,24
HCPCS,81403,ALS AND FRONTOTEMPORAL DEMENTIA SEQ PANEL ANG GENE,185.2,74.08,107.42,463.0,24
HCPCS,81403,CAMT CARRIER TESTING,185.2,74.08,107.42,463.0,24
HCPCS,81403,COMPREHENSIVE EPILEPSY PANEL 1,185.2,74.08,107.42,463.0,24
HCPCS,81403,GENERIC 81403--- ADD DESCRIPTION,185.0,74.0,107.3,462.5,24
HCPCS,81403,HC FBN1 GENE SEQUENCE,185.2,74.08,107.42,463.0,24
HCPCS,81403,HC MYH7 GENE SEQUENCING,185.2,74.08,107.42,463.0,24
HCPCS,81403,HC PTPN11 GENE SEQUENCING,185.2,74.08,107.42,463.0,24
HCPCS,81403,IDS GENE SEQ (HUNTERS SYNDROME),185.2,74.08,107.42,463.0,24
HCPCS,81403,JAK2 EXON 12 AND NON-V617F MUTATION,185.2,74.08,107.42,463.0,24
HCPCS,81403,KCNJ2 GENE SEQ,185.2,74.08,107.42,463.0,24
HCPCS,81403,MOPATH PROCEDURE LEVEL 4,185.2,74.08,107.42,463.0,96
HCPCS,81403,NEUROMUSCULAR/CONGENITAL MYOPATHY GENE ANALYSIS,185.2,74.08,107.42,463.0,24
HCPCS,81403,PALB2 GENE SEQUENCING,185.2,74.08,107.42,463.0,24
HCPCS,81403,SD DELETION/DUPLICATION,185.2,74.08,107.42,463.0,24
HCPCS,81403,SDHB DELETION/DUPLICATION,185.2,74.08,107.42,463.0,24
HCPCS,81403,SDHD DELETION/DUPLICATION,185.2,74.08,107.42,463.0,24
HCPCS,81403,VWF EXON 28 SEQUENCING,185.2,74.08,107.42,463.0,24
HCPCS,81404,81404 MOLECULAR PATHOLOGY PROCEDURE LEVEL 5,274.83,109.932,159.4,687.08,24
HCPCS,81404,ALS AND FRONTOTEMPORAL DEMENTIA SEQ PANEL SOD1 GENE,274.83,109.932,159.4,687.08,24
HCPCS,81404,ARX GENE SEQUENCING,274.83,109.932,159.4,687.08,24
HCPCS,81404,CARDIAC ARRHYTHMIA NGS - CAV3 SCN1B,274.83,109.932,159.4,687.08,24
HCPCS,81404,CAV3 GENE SEQ,274.83,109.932,159.4,687.08,24
HCPCS,81404,CAV3 NEXTGEN SEQUENCING,274.83,109.932,159.4,687.08,24
HCPCS,81404,COMPREHENSIVE EPILEPSY PANEL 2,274.83,109.932,159.4,687.08,24
HCPCS,81404,FHL1 GENE SEQUENCING,274.83,109.932,159.4,687.08,24
HCPCS,81404,FKRP NEXTGEN SEQUENCING,274.83,109.932,159.4,687.08,24
HCPCS,81404,FSHD ALLELE SIZE AND HAPLOTYPE,274.83,109.932,159.4,687.08,24
HCPCS,81404,GENE ANALYSIS- ACTG1CCND2ARXFKRPPOMGNT2POMKTUBB,274.83,109.932,159.4,687.08,24
HCPCS,81404,GENERIC 81404--- ADD DESCRIPTION,274.83,109.932,159.4,687.08,24
HCPCS,81404,HC MOLECULAR PATHOLOGY PROC LEV 5,274.83,109.932,159.4,687.08,24
HCPCS,81404,MEFV GENE SEQUENCING,274.83,109.932,159.4,687.08,24
HCPCS,81404,MOPATH PROCEDURE LEVEL 5,274.83,109.932,159.4,687.08,432
HCPCS,81404,SCO2 GENE SEQUENCING,274.83,109.932,159.4,687.08,24
HCPCS,81404,SD MPLA,274.83,109.932,159.4,687.08,24
HCPCS,81404,SDHD MPLA,274.83,109.932,159.4,687.08,24
HCPCS,81404,SLC16A2PQB1NLGN4XARXNDPNDUFA1 GENE SEQ FOR SLID,274.83,109.932,159.4,687.08,24
HCPCS,81405,81405 MOLECULAR PATHOLOGY PROCEDURE LEVEL 6 GENETIC ANALYSIS,301.35,120.54,164.8,753.38,24
HCPCS,81405,ABCD1 GENE SEQUENCING,301.35,120.54,164.8,753.38,24
HCPCS,81405,ACADS GENE SEQUENCE,301.35,120.54,164.8,753.38,24
HCPCS,81405,ALS AND FRONTOTEMPORAL DEMENTIA SEQ PANEL PSEN1TARDP GENES,301.35,120.54,164.8,753.38,24
HCPCS,81405,CARDIAC ARRHYTHMIA NGS- CASQ2 DES,301.35,120.54,164.8,753.38,24
HCPCS,81405,CARDIO PANEL ACTC1BAG3CAV3CRYABCSRP3DESEMDFKTNGATAD1GLA,301.35,120.54,164.8,753.38,24
HCPCS,81405,CASR GENE SEQUENCING,301.35,120.54,164.8,753.38,24
HCPCS,81405,COMPREHENSIVE EPILEPSY PANEL 3,301.35,120.54,164.8,753.38,24
HCPCS,81405,CYP21A2 GENE SEQUENCING,301.35,120.54,164.8,753.38,24
HCPCS,81405,DCX GENE SEQUENCING,301.35,120.54,164.8,753.38,24
HCPCS,81405,DES NEXTGEN SEQUENCING,301.35,120.54,164.8,753.38,24
HCPCS,81405,FABRY DISEASE VIA GLA GENE,1040.0,416.0,164.8,936.0,24
HCPCS,81405,FACTOR 9 MUTATION SCREEN,301.35,120.54,164.8,753.38,24
HCPCS,81405,GENE ANALYSIS- ACTBB4GAT1DCXFKTNGMPPBISPDKIK1BP,301.35,120.54,164.8,753.38,24
HCPCS,81405,GENERIC 81405--- ADD DESCRIPTION,301.35,120.54,164.8,753.38,24
HCPCS,81405,HC EYA1 GENE SEQUENCING,301.35,120.54,164.8,753.38,24
HCPCS,81405,HC MOLECULAR PATHOLOGY PROC LEV 6,301.35,120.54,164.8,753.38,24
HCPCS,81405,HC RHABDOMYOLYSIS/MYBLOBINURIA MALG GENE ANALYSIS,301.35,120.54,164.8,753.38,24
HCPCS,81405,ISPD NEXTGEN SEQUENCING,301.35,120.54,164.8,753.38,24
HCPCS,81405,MOPATH PROCEDURE LEVEL 6,301.35,120.54,164.8,753.38,552
HCPCS,81405,MYOT GENE SEQUENCING,301.35,120.54,164.8,753.38,24
HCPCS,81405,NEUROMUSCU/CONGENITAL MYOPATHY GENE ANALYSIS,301.35,120.54,164.8,753.38,24
HCPCS,81405,NF2 DELETION/DUPLICATION,301.35,120.54,164.8,753.38,24
HCPCS,81405,PCDH19OTCDCXFTSSJ1IDSLAMP2NLGN3 GENE SEQ FOR XLID,301.35,120.54,164.8,753.38,24
HCPCS,81405,PNPLA2 NEXTGEN SEQUENCING,301.35,120.54,164.8,753.38,24
HCPCS,81405,SD GENE SEQ,301.35,120.54,164.8,753.38,24
HCPCS,81405,SGCA NEXTGEN SEQUENCING,301.35,120.54,164.8,753.38,24
HCPCS,81405,SGCB NGS,301.35,120.54,164.8,753.38,24
HCPCS,81405,SGCD NEXTGEN SEQUENCING,301.35,120.54,164.8,753.38,24
HCPCS,81405,SGCG NEXTGEN SEQUENCING,301.35,120.54,164.8,753.38,24
HCPCS,81405,SMA PLUS SEQUENCING,301.35,120.54,164.8,753.38,24
HCPCS,81405,TBX5 GENE SEQUENCING,301.35,120.54,164.8,753.38,24
HCPCS,81405,TK2 GENE SEQUENCING,301.35,120.54,164.8,753.38,24
HCPCS,81406,81406 MOLECULAR PATHOLOGY PROCEDURE LEVEL 7,282.88,113.152,164.07,707.2,24
HCPCS,81406,ANO5 NEXTGEN SEQUENCING,282.88,113.152,164.07,707.2,24
HCPCS,81406,CADASIL COMPLETE EVAL,282.88,113.152,164.07,707.2,24
HCPCS,81406,CAPN3 NGS,282.88,113.152,164.07,707.2,24
HCPCS,81406,COMPREHENSIVE EPILEPSY PANEL 4,282.88,113.152,164.07,707.2,24
HCPCS,81406,CONGENITAL MYASTHENIA PANEL GENE ANALYSIS,282.88,113.152,164.07,707.2,24
HCPCS,81406,GENERIC 81406--- ADD DESCRIPTION,282.88,113.152,164.07,707.2,24
HCPCS,81406,HC MOLECULAR PATHOLOGY PROC LEV 7,282.88,113.152,164.07,707.2,24
HCPCS,81406,HC MYOGLOBINURIA/MALIGNANT/RHABDOMYOLYSIS HYPERTHERMIA GENE ANALY,282.88,113.152,164.07,707.2,24
HCPCS,81406,HC NEUROMUSCU/CONGENITAL MYOPATH GENE ANALY,282.88,113.152,164.07,707.2,24
HCPCS,81406,KCNQ1 KCNH2 GENE SEQ,282.88,113.152,164.07,707.2,24
HCPCS,81406,LDB3 GENE SEQUENCING,282.88,113.152,164.07,707.2,24
HCPCS,81406,LMNA NEXTGEN SEQUENCING,282.88,113.152,164.07,707.2,24
HCPCS,81406,MOPATH PROCEDURE LEVEL 7,282.88,113.152,164.07,707.2,96
HCPCS,81406,NPHP1 GENE SEQUENCING,282.88,113.152,164.07,707.2,24
HCPCS,81406,PAFAH1B1 GENE SEQ,282.88,113.152,164.07,707.2,24
HCPCS,81406,POMGNT1 GENE SEQUENCING,282.88,113.152,164.07,707.2,24
HCPCS,81406,POMT2 GENE SEQUENCING,282.88,113.152,164.07,707.2,24
HCPCS,81406,TSC1 FULL GENE SEQUENCING,282.88,113.152,164.07,707.2,24
HCPCS,81406,TSC2 DELETION/DUPLICATION,282.88,113.152,164.07,707.2,24
HCPCS,81406,VWF 2A SCREENING PANEL,282.88,113.152,164.07,707.2,24
HCPCS,81406,WAS GENE ANALYSIS,282.88,113.152,164.07,707.2,24
HCPCS,81407,81407 MOLECULAR PATHOLOGY PROCEDURE LEVEL 8,846.27,338.508,164.8,2115.68,24
HCPCS,81407,AHI1 GENE SEQUENCING,846.27,338.508,164.8,2115.68,24
HCPCS,81407,CACNA1C GENE SEQ,846.27,338.508,164.8,2115.68,24
HCPCS,81407,COL6A1 GENE SEQUENCING,846.27,338.508,164.8,2115.68,24
HCPCS,81407,COL6A2 GENE SEQUENCING,846.27,338.508,164.8,2115.68,24
HCPCS,81407,GENERIC 81407--- ADD DESCRIPTION,846.27,338.508,164.8,2115.68,24
HCPCS,81407,HC COMPREHENSIVE EPILEPSY PANEL 1,846.27,338.508,164.8,2115.68,24
HCPCS,81407,HC RHABDOMYOLYSIS/MALIG/MYOGLOBINURIA HYPERTHERMIA GENE ALYSIS,846.27,338.508,164.8,2115.68,24
HCPCS,81407,HEREDITARY LYMPHOMA PANEL TIER 1,846.27,338.508,164.8,2115.68,24
HCPCS,81407,JAG1 NGS,846.27,338.508,164.8,2115.68,24
HCPCS,81407,MOPATH PROCEDURE LEVEL 8,846.27,338.508,164.8,2115.68,48
HCPCS,81407,TSC2 FULL GENE SEQUENCING,846.27,338.508,164.8,2115.68,24
HCPCS,81408,CEP290 GENE SEQUENCING,2000.0,800.0,164.8,5000.0,24
HCPCS,81408,COL1A1 GENE SEQUENCING,2000.0,800.0,164.8,5000.0,24
HCPCS,81408,COL1A2 GENE SEQ,2000.0,800.0,164.8,5000.0,24
HCPCS,81408,DMD GENE SEQ FOR XLID,2000.0,800.0,164.8,5000.0,24
HCPCS,81408,DMD SEQUENCING AND CNV DETECTION BY NGS,1040.0,416.0,164.8,2600.0,24
HCPCS,81408,DYSF NEXTGEN SEQUENCING,2000.0,800.0,164.8,5000.0,24
HCPCS,81408,FBN1 GENE SEQUENCING,2000.0,800.0,164.8,5000.0,24
HCPCS,81408,GENERIC 81408--- ADD DESCRIPTION,2000.0,800.0,164.8,5000.0,24
HCPCS,81408,HC MOLECULAR PATHOLOGY PROC LEV 9,2000.0,800.0,164.8,5000.0,24
HCPCS,81408,HC RHABDOMYOLYSIS/MYOGLOBURIA/MALIG HYPERTHERMIA GENE ALYSIS,2000.0,800.0,164.8,5000.0,24
HCPCS,81408,LAMA2 GENE SEQUENCING,2000.0,800.0,164.8,5000.0,24
HCPCS,81408,MALIGNANT HYPERTHERMIA PANL SEQ AND DEL/DUP,2000.0,800.0,164.8,5000.0,24
HCPCS,81408,MOPATH PROCEDURE LEVEL 9,2000.0,800.0,164.8,5000.0,48
HCPCS,81408,RYR2 GENE SEQUENCING,2000.0,800.0,164.8,5000.0,24
HCPCS,81410,81410 TEST FOR DETECTING GENES ASSOCIATED WITH HEART DISEASE,504.0,201.6,292.32,1260.0,24
HCPCS,81411,81411 TEST FOR DETECTING GENES ASSOCIATED WITH HEART DISEASE,1350.19,540.076,783.11,3375.48,24
HCPCS,81411,AORTIC DYSFUNCTION/DILATION,1350.19,540.076,783.11,3375.48,24
HCPCS,81413,81413 TEST FOR DETECTING GENES ASSOCIATED WITH HEART DISEASE,584.9,233.96,339.24,1462.25,30
HCPCS,81413,CAR ION CHNNLPATH INC 10 GNS,584.9,233.96,339.24,1462.25,30
HCPCS,81414,81414 TEST FOR DETECTING GENES ASSOCIATED WITH HEART DISEASE,584.9,233.96,339.24,1462.25,30
HCPCS,81414,CAR ION CHNNLPATH INC 2 GNS,584.9,233.96,339.24,1462.25,30
HCPCS,81415,81415 TEST FOR DETECTING EXOME,4780.0,1912.0,2772.4,11950.0,25
HCPCS,81415,XOMEDXPLUS DUO SEQUENCE ANALYSIS,4780.0,1912.0,2772.4,11950.0,25
HCPCS,81415,XOMEDXPLUS PROBAND ONLY SEQUENCE ANALYSIS,4780.0,1912.0,2772.4,11950.0,25
HCPCS,81416,81416 TEST FOR DETECTING EXOME,12000.0,4800.0,6960.0,30000.0,25
HCPCS,81416,EXOME SEQUENCE ANALYSIS,12000.0,4800.0,6960.0,30000.0,25
HCPCS,81416,XOMEDXPLUS DUO SEQUENCE ANALYSIS EACH COMPARATOR EXOME,12000.0,4800.0,6960.0,30000.0,25
HCPCS,81417,EXOME (EG UNEXPLAINED CONSTITUTIONAL OR HERITABLE DISORDER OR SYNDROME,320.0,128.0,185.6,800.0,25
HCPCS,81418,RX METAB GENOMIC SEQ ALYS PANEL AT LEAST 6 GENES,2293.0,917.2,872.88,2293.0,25
HCPCS,81419,GENE ANALYSIS PANEL FOR EVALUATION OF GENES ASSOCIATED WITH EPILEPSY,2816.0,1126.4,1633.28,6121.4,30
HCPCS,81420,81420 TEST FOR DETECTING GENES ASSOCIATED WITH FETAL DISEASE,2006.0,802.4,703.64,2006.0,30
HCPCS,81425,81425 TEST FOR DETECTING GENES ASSOCIATED WITH DISEASE,5031.2,2012.48,2918.1,12578.0,25
HCPCS,81426,81426 TEST FOR DETECTING GENES ASSOCIATED WITH DISEASE,2709.95,1083.98,1571.77,6774.88,25
HCPCS,81430,81430 TEST FOR DETECTING GENES CA HEARING LOSS GENOMIC SEQUENCE ANALYSIS PANEL,1625.0,650.0,942.5,4062.5,24
HCPCS,81431,81431 TEST FOR DETECTING GENES CAUSING HEARING LOSS,679.57,271.828,394.15,1698.93,24
HCPCS,81432,GENE ANALYSIS (BREAST AND RELATED CANCERS) GENOMIC SEQUENCE,1304.0,521.6,756.32,3259.88,24
HCPCS,81439,81439 TEST FOR DETECTING GENES ASSOCIATED WITH INHERITED DISEASE OF HEART MUSCLE,584.9,233.96,339.24,1462.25,30
HCPCS,81440,81440 TEST FOR DETECTING GENES,3324.0,1329.6,1927.92,8310.0,24
HCPCS,81441,IBMFS SEQ ALYS PNL 30 GENES,2449.0,979.6,1420.42,6121.4,24
HCPCS,81442,81442 GENE ANALYSIS (NOONAN SYNDROME) GENOMIC SEQUENCE ANALYSIS,2143.6,857.44,722.52,5359.0,24
HCPCS,81443,81443 GENOMIC SEQUENCE ANALYSIS PANEL FOR SEVERE INHERITED CONDITIONS WITH SEQ,6121.4,2448.56,2448.56,6121.4,24
HCPCS,81445,NGS,1492.0,596.8,107.8,1494.78,24
HCPCS,81448,81448 GENE ANALYSIS PANEL FOR HEREDITARY DISORDERS OF THE PERIPHERAL NERVOUS,584.9,233.96,339.24,1462.25,24
HCPCS,81450,81450 TEST FOR DETECTING GENES ASSOCIATED WITH BLOOD RELATED CANCER,30.0,12.0,17.4,75.0,24
HCPCS,81450,NGS,1898.0,759.2,107.8,1898.83,24
HCPCS,81455,81455 TEST FOR DETECTING GENES ASSOCIATED WITH CANCER,1550.0,620.0,899.0,3875.0,24
HCPCS,81455,NGS,7297.0,2918.8,2919.6,7299.0,24
HCPCS,81455,SO/HEMATOLYMPHOID NEO/DO 51/>GSAP DNA/DNAANDRNA,2920.0,1168.0,1693.6,7299.0,24
HCPCS,81456,SARCOMA TARGETED GENE FUSION,2444.0,977.6,1417.52,6110.0,24
HCPCS,81460,WHOLE MITOCHONDRIAL GENOME,1287.0,514.8,746.46,3217.5,24
HCPCS,81460,XOME DXPLUS DUO WHOLE MITOCHONDRIAL GENOME,1287.0,514.8,746.46,3217.5,24
HCPCS,81460,XOMEDXPLUS PROBAND ONLY WHOLE MITOCHONDRIAL GENOME,1287.0,514.8,746.46,3217.5,24
HCPCS,81465,81465 TEST FOR DETECTING GENES ASSOCIATED WITH DISEASE,30.0,12.0,17.4,75.0,24
HCPCS,81479,ABCB11 GENE SEQUENCING,30.0,12.0,12.0,30.0,20
HCPCS,81479,ABCB4 GENE SEQUENCING,30.0,12.0,12.0,30.0,20
HCPCS,81479,ABNORMAL MINERALIZATION DISORDERS NGS PANEL,30.0,12.0,12.0,30.0,20
HCPCS,81479,AHUS GENETIC PANEL,30.0,12.0,12.0,30.0,20
HCPCS,81479,AKR1D1 GENE SEQUENCING,30.0,12.0,12.0,30.0,20
HCPCS,81479,ANO6 NEXTGEN SEQUENCING,30.0,12.0,12.0,30.0,20
HCPCS,81479,AP3B1 NEXTGEN SEQUENCING,30.0,12.0,12.0,30.0,20
HCPCS,81479,ATG16L1 ECM1 NKX2 STAT3 SNP MUTATION,30.0,12.0,12.0,30.0,20
HCPCS,81479,ATOH7 GENE SEQUENCING,30.0,12.0,12.0,30.0,20
HCPCS,81479,ATP8B1 GENE SEQUENCING,30.0,12.0,12.0,30.0,20
HCPCS,81479,ATYPICAL HEMOLYTIC UREMIC SYNDROME PANEL,30.0,12.0,12.0,30.0,20
HCPCS,81479,BAAT GENE SEQUENCING,30.0,12.0,12.0,30.0,20
HCPCS,81479,BLOC1S3 NEXTGEN SEQUENCING,30.0,12.0,12.0,30.0,20
HCPCS,81479,BRODY MYOPATHY ATP2A1 GENE SEQ,30.0,12.0,12.0,30.0,20
HCPCS,81479,BRUGADA SYNDROME (BRS) PANEL,30.0,12.0,12.0,30.0,20
HCPCS,81479,CAPN5 GENE SEQ,30.0,12.0,12.0,30.0,20
HCPCS,81479,CARDIOMYOPATHY PANEL,30.0,12.0,12.0,30.0,20
HCPCS,81479,CCT5 GENE SEQUENCING,30.0,12.0,12.0,30.0,20
HCPCS,81479,CDKN1B DELETION / DUPLICATION,30.0,12.0,12.0,30.0,20
HCPCS,81479,CDKN1B GENE SEQUENCING,30.0,12.0,12.0,30.0,20
HCPCS,81479,CHEK2 GENE SEQUENCING,30.0,12.0,12.0,30.0,20
HCPCS,81479,CLDN1 GENE SEQUENCING,30.0,12.0,12.0,30.0,20
HCPCS,81479,COL1A1 DELETION/DUPLICATION,30.0,12.0,12.0,30.0,20
HCPCS,81479,COL1A2 DELETION/DUPLICATION,30.0,12.0,12.0,30.0,20
HCPCS,81479,CONGENITAL DISORDERS OF GLYCOSYLATION TYPE 1A,30.0,12.0,12.0,30.0,20
HCPCS,81479,CONGENITAL MYASTHENIA PAN GENE ALYSIS,30.0,12.0,12.0,30.0,20
HCPCS,81479,DNAJB6 NEXTGEN SEQUENCING,30.0,12.0,12.0,30.0,20
HCPCS,81479,DTNBP1 NEXTGEN SEQUENCING,30.0,12.0,12.0,30.0,20
HCPCS,81479,EFGR BY PCR,30.0,12.0,12.0,30.0,20
HCPCS,81479,ELA2 - ELANE - CYCLIC NEUTROPEINA,30.0,12.0,12.0,30.0,20
HCPCS,81479,FBN1 DELETION/DUPLICATION,30.0,12.0,12.0,30.0,20
HCPCS,81479,FETAL AKINESIA DEF SEQ/LETHAL MULTI PTERYGIUM SYND NGS PANEL,30.0,12.0,12.0,30.0,20
HCPCS,81479,FIG4 DELETION/DUPLICATION,30.0,12.0,12.0,30.0,20
HCPCS,81479,FSHD METHYLATION,1800.0,720.0,30.0,1800.0,20
HCPCS,81479,FSHD SEQ OF SMCHD1 LRIF1 DNMT3B GENES,30.0,12.0,12.0,30.0,20
HCPCS,81479,FZD4 GENE SEQ,30.0,12.0,12.0,30.0,20
HCPCS,81479,GENERIC 81479--- ADD DESCRIPTION,30.0,12.0,12.0,30.0,20
HCPCS,81479,GMPPB NEXTGEN SEQUENCING,30.0,12.0,12.0,30.0,20
HCPCS,81479,GP1BA NEXTGEN SEQUENCING,30.0,12.0,12.0,30.0,20
HCPCS,81479,GP6 NEXTGEN SEQUENCING,30.0,12.0,12.0,30.0,20
HCPCS,81479,GP9 NEXTGEN SEQUENCING,30.0,12.0,12.0,30.0,20
HCPCS,81479,HC GAMMA GLOBIN FULL GENE SEQUENCING,30.0,12.0,12.0,30.0,20
HCPCS,81479,HEREDITARY HEARING LOSS AND DEAFNESS PANEL,30.0,12.0,12.0,30.0,20
HCPCS,81479,HOXD13 GENE SEQ,30.0,12.0,12.0,30.0,20
HCPCS,81479,HPS1 NEXTGEN SEQUENCING,30.0,12.0,12.0,30.0,20
HCPCS,81479,HPS3 NEXTGEN SEQUENCING,30.0,12.0,12.0,30.0,20
HCPCS,81479,HPS4 NEXTGEN SEQUENCING,30.0,12.0,12.0,30.0,20
HCPCS,81479,HPS5 NEXTGEN SEQUENCING,30.0,12.0,12.0,30.0,20
HCPCS,81479,HPS6 NEXTGEN SEQUENCING,30.0,12.0,12.0,30.0,20
HCPCS,81479,HSD3BY GENE SEQUENCING,30.0,12.0,12.0,30.0,20
HCPCS,81479,IFITM5 DELETION/DUPLICATION,30.0,12.0,12.0,30.0,20
HCPCS,81479,IFITM5 GENE SEQ,30.0,12.0,12.0,30.0,20
HCPCS,81479,ITBG3 NEXTGEN SEQUENCING,30.0,12.0,12.0,30.0,20
HCPCS,81479,ITGA2B NEXTGEN SEQUENCING,30.0,12.0,12.0,30.0,20
HCPCS,81479,KIF11 GENE SEQ,30.0,12.0,12.0,30.0,20
HCPCS,81479,KRIT1 GENE SEQ,30.0,12.0,12.0,30.0,20
HCPCS,81479,LIMS2 NEXTGEN SEQUENCING,30.0,12.0,12.0,30.0,20
HCPCS,81479,LONG QT SYNDROME MULTI-GENE PANEL,30.0,12.0,12.0,30.0,20
HCPCS,81479,MALIGNANT HYPERTHERMIA SUSCEPTIBILITY NEXTGEN SEQ PANEL,30.0,12.0,12.0,30.0,20
HCPCS,81479,MARFAN SYND SEQ PANEL15 GENES,30.0,12.0,12.0,30.0,20
HCPCS,81479,MYOT NEXTGEN SEQUENCING,30.0,12.0,12.0,30.0,20
HCPCS,81479,NF1 NEUROFIBROMATOSIS TYPE 1 NF1 ONLY,30.0,12.0,12.0,30.0,20
HCPCS,81479,NF1 NEUROFIBROMATOSIS TYPE 1 SPRED1,30.0,12.0,12.0,30.0,20
HCPCS,81479,NOTCH2 GENE SEQ,30.0,12.0,12.0,30.0,20
HCPCS,81479,NR1HR4 GENE SEQUENCING,30.0,12.0,12.0,30.0,20
HCPCS,81479,NUDT15 GENOTYPE/PHENOTYPE,30.0,12.0,12.0,30.0,20
HCPCS,81479,OSTEOGENESIS IMPERFECTA TYPE 5 DNA SEQ,30.0,12.0,12.0,30.0,20
HCPCS,81479,P2RY12 NEXTGEN SEQUENCING,30.0,12.0,12.0,30.0,20
HCPCS,81479,PERIODIC FEVER SYNDROME PANEL GENES),30.0,12.0,12.0,30.0,20
HCPCS,81479,PHP1A PSEUDOHYPOPARATHYROIDISM 1A AND SPECTRUM,30.0,12.0,12.0,30.0,20
HCPCS,81479,PHP1B PSEUDOHYPOPARATHYROIDISM 1B,30.0,12.0,12.0,30.0,20
HCPCS,81479,PNPLA6 DELETION / DUPLICATION,30.0,12.0,12.0,30.0,20
HCPCS,81479,PROGRESSIVE MYOCLONIC EPILEPSY PANEL,30.0,12.0,12.0,30.0,20
HCPCS,81479,SERPINA1 NGS,30.0,12.0,12.0,30.0,20
HCPCS,81479,SLC25A13 GENE SEQUENCING,30.0,12.0,12.0,30.0,20
HCPCS,81479,SOX3 GENE SEQ,30.0,12.0,12.0,30.0,20
HCPCS,81479,TBXA2R NEXTGEN SEQUENCING,30.0,12.0,12.0,30.0,20
HCPCS,81479,TCAP NEXTGEN SEQUENCING,30.0,12.0,12.0,30.0,20
HCPCS,81479,THROMBOCYTOPENIA NGS PANEL,30.0,12.0,12.0,30.0,20
HCPCS,81479,TJP2 GENE SEQUENCING,30.0,12.0,12.0,30.0,20
HCPCS,81479,TNPO3 NEXTGEN SEQUENCING,30.0,12.0,12.0,30.0,20
HCPCS,81479,TOR1AIP1 NEXTGEN SEQUENCING,30.0,12.0,12.0,30.0,20
HCPCS,81479,TRAPPC11 NEXTGEN SEQUENCING,30.0,12.0,12.0,30.0,20
HCPCS,81479,TRIM31 NEXTGEN SEQUENCING,30.0,12.0,12.0,30.0,20
HCPCS,81479,TSPAN12 GENE SEQ,30.0,12.0,12.0,30.0,20
HCPCS,81479,TTN NEXTGEN SEQUENCING,30.0,12.0,12.0,30.0,20
HCPCS,81479,UNLISTED MOLECULAR PATH,30.0,12.0,12.0,30.0,20
HCPCS,81479,UNLISTED MOLECULAR PATHOLOGY,30.0,12.0,12.0,30.0,120
HCPCS,81479,UNLISTED MOLECULAR PATHOLOGY PROCEDURE,30.0,12.0,12.0,30.0,20
HCPCS,81479,VANISHING WHITE MATTER DISEASE,30.0,12.0,12.0,30.0,20
HCPCS,81479,VIPAS39 GENE SEQUENCING,30.0,12.0,12.0,30.0,20
HCPCS,81479,VPS33B GENE SEQUENCING,30.0,12.0,12.0,30.0,20
HCPCS,81479,ZNF408 GENE SEQ,30.0,12.0,12.0,30.0,20
HCPCS,81490,81490 TEST FOR DETECTING GENES ASSOCIATED WITH RHEUMATOID ARTHRITIS,891.0,356.4,516.78,2101.63,24
HCPCS,81503,HC ONCOLOGY BIOCHEM ASSAY FIVE PROTEINS,2243.0,897.2,853.76,2243.0,25
HCPCS,81506,81506 ENDOCRINOLOGY (TYPE 2 DIABETES),172.0,68.8,68.92,172.3,24
HCPCS,81508,81508 FETAL CONGENITAL ABNORMALITIES,135.0,54.0,54.3,135.75,24
HCPCS,81511,81511 FETAL CONGENITAL ABNORMALITIES,384.0,153.6,142.29,384.0,30
HCPCS,81513,NFCT DS BACTERAL VAGINOSIS RNA VAGINAL-FLUID ALG,357.0,142.8,132.22,357.0,30
HCPCS,81517,LIVER DS ALYS 3 BIOMARKERS IA SRM PROGNOSTIC ALG,440.0,176.0,176.19,440.48,24
HCPCS,81539,81539 MEASUREMENT OF PROTEINS ASSOCIATED WITH PROSTATE CANCER,1900.0,760.0,704.52,1900.0,30
HCPCS,81596,81596 BIOCHEMICAL ASSAYS FOR EVALUATION OF CHRONIC HEPATITIS C VIRUS INFECTION,180.0,72.0,72.19,180.48,24
HCPCS,82009,82009 KETONE BODIES ANALYSIS,75.0,30.0,4.19,67.5,30
HCPCS,82010,82010 KETONE BODIES ANALYSIS,75.0,30.0,7.57,67.5,30
HCPCS,82013,82013 ACETYLCHOLINESTERASE (ENZYME) LEVEL,75.0,30.0,11.39,67.5,30
HCPCS,82016,82016 CHEMICAL ANALYSIS FOR GENETIC DISORDER,75.0,30.0,15.29,67.5,30
HCPCS,82017,82017 CHEMICAL TEST FOR GENETIC DISORDER,42.0,16.8,15.64,42.18,30
HCPCS,82017,ACYLCARNITINE,50.0,20.0,15.64,47.4,30
HCPCS,82017,ACYLCARNITINE-BLOOD,42.0,16.8,15.64,42.18,30
HCPCS,82017,ACYLCARNITINES FIBROBLAST,42.0,16.8,15.64,42.18,30
HCPCS,82017,FATTY ACID OXID ACYLCARNITINE,42.0,16.8,15.64,42.18,30
HCPCS,82024,ADRENOCORTICOTROPIC HORMONE,293.0,117.2,35.8,263.7,30
HCPCS,82030,82030 ADENOSINE,42.0,16.8,23.92,64.5,30
HCPCS,82040,82040 ALBUMIN (PROTEIN) LEVEL,57.0,22.8,4.59,51.3,30
HCPCS,82042,82042 CEREBROSPINAL FLUID,55.0,22.0,7.21,49.5,30
HCPCS,82043,82043 URINE MICROALBUMIN (PROTEIN) LEVEL,96.0,38.4,5.36,86.4,30
HCPCS,82044,82044 URINE MICROALBUMIN (PROTEIN) ANALYSIS,62.0,24.8,5.78,55.8,30
HCPCS,82075,82075 MEASUREMENT OF ALCOHOL LEVEL IN BREATH SPECIMEN,75.0,30.0,20.21,75.0,30
HCPCS,82085,82085 ALDOLASE (ENZYME) LEVEL,106.0,42.4,9.0,95.4,30
HCPCS,82088,82088 ALDOSTERONE HORMONE LEVEL,133.0,53.2,37.78,119.7,30
HCPCS,82103,82103 ALPHA-1-ANTITRYPSIN (PROTEIN) BLOOD TEST,122.0,48.8,12.46,109.8,30
HCPCS,82104,82104 ALPHA-1-ANTITRYPSIN (PROTEIN) BLOOD TEST,127.0,50.8,13.4,114.3,30
HCPCS,82105,82105 ALPHA-FETOPROTEIN (AFP) LEVEL,61.0,24.4,15.54,54.9,30
HCPCS,82106,82106 ALPHA-FETOPROTEIN (AFP) LEVEL,63.0,25.2,17.0,56.7,24
HCPCS,82107,82107 ALPHA-FETOPROTEIN (AFP) ANALYSIS,181.0,72.4,59.71,180.99,30
HCPCS,82108,82108 ALUMINUM LEVEL,64.0,25.6,23.62,64.0,30
HCPCS,82127,82127 AMINO ACID ANALYSIS,35.0,14.0,13.14,35.45,30
HCPCS,82128,82128 AMINO ACID ANALYSIS,35.0,14.0,12.85,35.0,30
HCPCS,82131,82131 AMINO ACID ANALYSIS,68.0,27.2,21.3,64.57,30
HCPCS,82135,82135 AMINOLEVULINIC ACID (PROTEIN) LEVEL,75.0,30.0,15.25,67.5,30
HCPCS,82136,82136 AMINO ACID LEVEL,37.0,14.8,18.18,49.03,30
HCPCS,82139,82139 AMINO ACID LEVEL,98.0,39.2,15.64,88.2,30
HCPCS,82140,82140 AMMONIA LEVEL,138.0,55.2,13.5,124.2,30
HCPCS,82143,82143 AMNIOTIC FLUID SCAN,30.0,12.0,9.35,27.0,24
HCPCS,82150,82150 AMYLASE (ENZYME) LEVEL,106.0,42.4,6.0,95.4,30
HCPCS,82154,82154 ANDROSTANEDIOL GLUCURONIDE (HORMONE) LEVEL,100.0,40.0,11.03,90.0,24
HCPCS,82157,82157 ANDROSTENEDIONE (HORMONE) LEVEL,113.0,45.2,27.14,101.7,30
HCPCS,82160,82160 ANDROSTERONE (HORMONE) LEVEL,64.0,25.6,23.69,64.0,30
HCPCS,82163,82163 ANGIOTENSIN LL (PROTEIN) LEVEL,51.0,20.4,19.02,51.3,30
HCPCS,82164,82164 ANGIOTENSIN L - CONVERTING ENZYME (ACE) LEVEL,63.0,25.2,13.53,56.7,30
HCPCS,82166,HC TEST FOR  ANTI-MULLERIAN HORMONE,30.0,12.0,17.4,75.0,30
HCPCS,82172,82172 APOLIPOPROTEIN LEVEL,52.0,20.8,19.55,52.73,30
HCPCS,82175,82175 ARSENIC LEVEL,77.0,30.8,17.58,69.3,30
HCPCS,82180,82180 ASCORBIC ACID (VITAMIN C) LEVEL,90.0,36.0,9.17,81.0,30
HCPCS,82190,82190 MEASUREMENT OF SUBSTANCE USING SPECTROSCOPY (LIGHT),40.0,16.0,14.74,40.0,30
HCPCS,82232,82232 BETA-2 MICROGLOBULIN (PROTEIN) LEVEL,52.0,20.8,15.0,46.8,30
HCPCS,82233,BETA-AMYLOID 1-40 (ABETA 40),225.0,90.0,112.5,322.3,24
HCPCS,82234,TEST FOR BETA-AMYLOID 1-42,400.0,160.0,128.92,362.27,24
HCPCS,82239,82239 BILE ACIDS LEVEL,60.0,24.0,15.87,54.0,30
HCPCS,82240,82240 BILE ACIDS LEVEL,80.0,32.0,24.64,74.69,30
HCPCS,82247,82247 BILIRUBIN LEVEL,59.0,23.6,4.66,53.1,30
HCPCS,82248,82248 BILIRUBIN LEVEL,120.0,48.0,4.66,108.0,30
HCPCS,82252,82252 STOOL ANALYSIS FOR BILIRUBIN,13.0,5.2,4.22,12.81,30
HCPCS,82261,82261 BIOTINIDASE (ENZYME) LEVEL,59.0,23.6,15.64,53.1,30
HCPCS,82270,82270 STOOL ANALYSIS FOR BLOOD TO SCREEN FOR COLON TUMORS,52.0,20.8,4.06,46.8,31
HCPCS,82271,82271 SPECIMEN ANALYSIS FOR BLOOD,30.0,12.0,4.93,27.0,30
HCPCS,82272,82272 STOOL ANALYSIS FOR BLOOD,11.0,4.4,3.92,11.0,30
HCPCS,82274,82274 STOOL ANALYSIS FOR BLOOD,50.0,20.0,14.76,45.0,30
HCPCS,82300,82300 CADMIUM LEVEL,123.0,49.2,21.92,110.7,30
HCPCS,82306,82306 VITAMIN D-3 LEVEL,117.0,46.8,27.44,105.3,30
HCPCS,82308,82308 CALCITONIN (HORMONE) LEVEL,100.0,40.0,24.83,90.0,30
HCPCS,82310,82310 CALCIUM LEVEL,68.0,27.2,4.78,61.2,30
HCPCS,82330,82330 CALCIUM LEVEL,129.0,51.6,12.68,116.1,30
HCPCS,82340,82340 URINE CALCIUM LEVEL,82.0,32.8,5.59,73.8,30
HCPCS,82355,82355 ANALYSIS OF STONE,50.0,20.0,10.73,45.0,30
HCPCS,82365,82365 INFRARED ANALYSIS OF STONE,115.0,46.0,11.96,103.5,30
HCPCS,82373,82373 CARBOHYDRATE DEFICIENT TRANSFERRIN (PROTEIN) LEVEL,260.0,104.0,16.74,234.0,30
HCPCS,82374,82374 CARBON DIOXIDE (BICARBONATE) LEVEL,59.0,23.6,4.52,53.1,30
HCPCS,82375,82375 CARBOXYHEMOGLOBIN (PROTEIN) LEVEL,50.0,20.0,11.42,45.0,30
HCPCS,82378,82378 CARCINOEMBRYONIC ANTIGEN (CEA) PROTEIN LEVEL,225.0,90.0,17.57,202.5,30
HCPCS,82379,82379 CARNITINE LEVEL,187.0,74.8,15.64,168.3,30
HCPCS,82380,82380 CAROTENE LEVEL,50.0,20.0,8.55,45.0,30
HCPCS,82382,82382 CATECHOLAMINES (ORGANIC NITROGEN) URINE LEVEL,68.0,27.2,25.31,68.25,30
HCPCS,82383,82383 CATECHOLAMINES ORGANIC NITROGEN BLOOD LEVEL,73.0,29.2,26.96,73.0,30
HCPCS,82384,82384 CATECHOLAMINES (ORGANIC NITROGEN) LEVEL,63.0,25.2,23.41,63.13,30
HCPCS,82384,ASSAY THREE CATECHOLAMINES,63.0,25.2,23.41,63.13,30
HCPCS,82384,CATECHOLAMINES 24 HR URINE,63.0,25.2,23.41,63.13,30
HCPCS,82384,CATECHOLAMINES RANDOM URINE,63.0,25.2,23.41,63.13,30
HCPCS,82387,82387 CATHEPSIN-D (ENZYME) LEVEL,45.0,18.0,16.74,45.15,30
HCPCS,82390,82390 CERULOPLASMIN (PROTEIN) LEVEL,123.0,49.2,9.96,110.7,30
HCPCS,82397,82397 ANALYSIS USING CHEMILUMINESCENT TECHNIQUE (LIGHT AND CHEMICAL )REACTION,136.0,54.4,13.09,122.4,30
HCPCS,82397,IMMUKNOW CHEMILUMINESCENT ASSY,105.0,42.0,13.09,94.5,30
HCPCS,82415,82415 CHLORAMPHENICOL LEVEL,32.0,12.8,11.74,32.0,30
HCPCS,82435,82435 BLOOD CHLORIDE LEVEL,80.0,32.0,4.26,72.0,30
HCPCS,82436,82436 URINE CHLORIDE LEVEL,66.0,26.4,5.34,59.4,30
HCPCS,82438,82438 CHLORIDE LEVEL,63.0,25.2,4.64,56.7,30
HCPCS,82465,82465 CHOLESTEROL LEVEL,68.0,27.2,4.04,61.2,31
HCPCS,82480,82480 CHOLINESTERASE (ENZYME) LEVEL,75.0,30.0,7.29,67.5,30
HCPCS,82482,82482 CHOLINESTERASE (ENZYME) LEVEL,25.0,10.0,9.09,25.0,30
HCPCS,82485,82485 CHONDROITIN B SULFATE (PROTEIN) LEVEL,75.0,30.0,19.15,67.5,30
HCPCS,82495,82495 CHROMIUM LEVEL TO TEST FOR POISONING OR DEFICIENCY,124.0,49.6,18.8,111.6,30
HCPCS,82507,82507 CITRATE LEVEL,104.0,41.6,25.77,93.6,30
HCPCS,82523,82523 COLLAGEN CROSS LINKS TEST,107.0,42.8,17.31,96.3,30
HCPCS,82525,82525 COPPER LEVEL,114.0,45.6,11.51,102.6,30
HCPCS,82528,82528 CORTICOSTERONE (HORMONE) LEVEL,207.0,82.8,20.88,186.3,30
HCPCS,82530,82530 CORTISOL (HORMONE) MEASUREMENT,60.0,24.0,15.49,54.0,30
HCPCS,82533,82533 CORTISOL (HORMONE) MEASUREMENT,183.0,73.2,15.11,164.7,30
HCPCS,82540,82540 CREATINE MEASUREMENT,57.0,22.8,4.31,51.3,30
HCPCS,82542,82542 CHEMICAL ANALYSIS USING CHROMATOGRAPHY TECHNIQUE,184.0,73.6,22.33,165.6,30
HCPCS,82542,COL CHROMOTOGRAPHY QUAL/QUAN,158.0,63.2,22.33,165.6,60
HCPCS,82550,82550 CREATINE KINASE (CARDIAC ENZYME) LEVEL,101.0,40.4,6.04,90.9,30
HCPCS,82552,82552 CREATINE KINASE (CARDIAC ENZYME) LEVEL,82.0,32.8,12.41,73.8,30
HCPCS,82553,82553 CREATINE KINASE (CARDIAC ENZYME) LEVEL,68.0,27.2,10.71,61.2,30
HCPCS,82565,82565 BLOOD CREATININE LEVEL,25.0,10.0,4.75,22.5,30
HCPCS,82570,82570 CREATININE LEVEL TO TEST FOR KIDNEY FUNCTION OR MUSCLE INJURY,77.0,30.8,4.8,69.3,30
HCPCS,82575,82575 CREATININE CLEARANCE MEASUREMENT TO TEST FOR KIDNEY FUNCTION,88.0,35.2,8.77,79.2,30
HCPCS,82585,82585 CRYOFIBRINOGEN (PROTEIN) LEVEL,89.0,35.6,13.11,80.1,30
HCPCS,82595,82595 CRYOGLOBULIN (PROTEIN) MEASUREMENT,89.0,35.6,5.99,80.1,30
HCPCS,82600,82600 CYANIDE MEASUREMENT,169.0,67.6,17.98,152.1,30
HCPCS,82607,82607 CYANOCOBALAMIN (VITAMIN B-12) LEVEL,125.0,50.0,13.98,112.5,30
HCPCS,82608,82608 CYANOCOBALAMIN (VITAMIN B-12) LEVEL,50.0,20.0,13.28,45.0,30
HCPCS,82610,82610 CYSTATIN C (ENZYME INHIBITOR) LEVEL,66.0,26.4,17.17,59.4,30
HCPCS,82615,82615 CYSTINE AND HOMOCYSTINE (AMINO ACIDS) ANALYSIS,24.0,9.6,8.86,24.0,30
HCPCS,82626,82626 DEHYDROEPIANDROSTERONE (DHEA) HORMONE LEVEL,112.0,44.8,23.42,100.8,30
HCPCS,82627,82627 DEHYDROEPIANDROSTERONE (DHEA-S) HORMONE LEVEL,117.0,46.8,20.61,105.3,30
HCPCS,82633,82633 DESOXYCORTICOSTERONE,247.0,98.8,28.72,222.3,30
HCPCS,82634,82634 DEOXYCORTISOL,224.0,89.6,27.14,201.6,30
HCPCS,82638,82638 DIBUCAINE NUMBER (ENZYME) MEASUREMENT,50.0,20.0,11.36,45.0,30
HCPCS,82642,82642 MEASUREMENT OF DIHYDROTESTOSTERONE,75.0,30.0,27.14,75.0,30
HCPCS,82652,82652 DIHYDROXYVITAMIN D,225.0,90.0,35.69,202.5,30
HCPCS,82653,EL-1 FECAL QUANTITATIVE,57.0,22.8,22.97,57.43,24
HCPCS,82656,82656 DETECTION OF PANCREATIC ELASTASE (ENZYME) IN STOOL,249.0,99.6,10.69,224.1,30
HCPCS,82657,82657 ENZYME ACTIVITY MEASUREMENT,119.0,47.6,20.55,107.1,30
HCPCS,82658,82658 ENZYME ACTIVITY MEASUREMENT,371.0,148.4,30.28,333.9,30
HCPCS,82664,82664 ELECTROPHORESIS,160.0,64.0,57.01,160.0,30
HCPCS,82668,82668 ERYTHROPOIETIN (PROTEIN) LEVEL,162.0,64.8,17.42,145.8,30
HCPCS,82670,82670 MEASUREMENT OF TOTAL ESTRADIOL (HORMONE),70.0,28.0,25.9,70.0,30
HCPCS,82671,82671 ESTROGEN ANALYSIS,81.0,32.4,29.94,81.0,30
HCPCS,82672,82672 ESTROGEN ANALYSIS,75.0,30.0,20.12,67.5,30
HCPCS,82677,82677 ESTRIOL (HORMONE) LEVEL,60.0,24.0,22.41,60.45,30
HCPCS,82679,82679 ESTRONE (HORMONE) LEVEL,75.0,30.0,23.13,70.11,30
HCPCS,82693,82693 ETHYLENE GLYCOL (ANTIFREEZE) MEASUREMENT,23.0,9.2,13.34,37.25,30
HCPCS,82705,82705 STOOL FAT OR LIPIDS ANALYSIS,52.0,20.8,4.73,46.8,30
HCPCS,82710,82710 STOOL FAT OR LIPIDS ANALYSIS,83.0,33.2,15.57,74.7,30
HCPCS,82725,82725 FATTY ACIDS MEASUREMENT,69.0,27.6,17.4,62.1,30
HCPCS,82726,82726 VERY LONG CHAIN FATTY ACIDS LEVEL,277.0,110.8,18.31,249.3,30
HCPCS,82728,82728 FERRITIN (BLOOD PROTEIN) LEVEL,162.0,64.8,12.64,145.8,30
HCPCS,82731,82731 FETAL FIBRONECTIN (PROTEIN) ANALYSIS,273.0,109.2,59.71,245.7,30
HCPCS,82735,82735 FLUORIDE LEVEL,46.0,18.4,17.19,46.35,30
HCPCS,82746,82746 FOLIC ACID LEVEL,125.0,50.0,13.63,112.5,30
HCPCS,82747,82747 FOLIC ACID LEVEL,78.0,31.2,16.37,70.2,30
HCPCS,82759,82759 GALACTOKINASE (ENZYME) LEVEL,54.0,21.6,19.91,54.0,30
HCPCS,82760,82760 GALACTOSE (CARBOHYDRATE) LEVEL,36.0,14.4,10.38,32.4,30
HCPCS,82775,82775 GALACTOSE-1-PHOSPHATE URIDYL TRANSFERASE (ENZYME) LEVEL,86.0,34.4,19.53,77.4,30
HCPCS,82776,82776 GALACTOSE-1-PHOSPHATE URIDYL TRANSFERASE SCREENING TEST,29.0,11.6,10.89,29.35,30
HCPCS,82776,GALACTOSE TRANSFERASE TEST,35.0,14.0,10.89,32.99,30
HCPCS,82777,82777 GALECTIN-3 LEVEL,110.0,44.0,21.36,110.63,30
HCPCS,82784,82784 GAMMAGLOBULIN (IMMUNE SYSTEM PROTEIN) MEASUREMENT,112.0,44.8,8.62,100.8,30
HCPCS,82785,82785 IGE (IMMUNE SYSTEM PROTEIN) LEVEL,77.0,30.8,15.25,69.3,30
HCPCS,82787,82787 GAMMAGLOBULIN (IMMUNE SYSTEM PROTEIN) MEASUREMENT,77.0,30.8,7.44,69.3,30
HCPCS,82800,82800 BLOOD PH LEVEL,70.0,28.0,10.2,63.0,30
HCPCS,82803,82803 BLOOD GASES MEASUREMENT,75.0,30.0,24.16,73.26,30
HCPCS,82805,82805 BLOOD GASES MEASUREMENT,197.0,78.8,47.58,197.0,30
HCPCS,82810,82810 BLOOD GAS,25.0,10.0,9.05,25.0,30
HCPCS,82820,82820 HEMOGLOBIN-OXYGEN AFFINITY MEASUREMENT,495.0,198.0,12.37,445.5,30
HCPCS,82930,82930 GASTRIC ACID ANALYSIS,17.0,6.8,6.22,17.0,30
HCPCS,82941,82941 GASTRIN (GI TRACT HORMONE) LEVEL,77.0,30.8,16.35,69.3,30
HCPCS,82943,82943 GLUCAGON (PANCREATIC HORMONE) LEVEL,65.0,26.0,13.25,58.5,30
HCPCS,82945,82945 GLUCOSE (SUGAR) LEVEL ON BODY FLUID,79.0,31.6,3.65,71.1,30
HCPCS,82947,82947 BLOOD GLUCOSE (SUGAR) LEVEL,99.0,39.6,3.65,89.1,31
HCPCS,82947,GLUCOSE BLOOD TEST,21.0,8.4,3.65,18.9,31
HCPCS,82951,82951 BLOOD GLUCOSE (SUGAR) TOLERANCE TEST,146.0,58.4,11.93,131.4,31
HCPCS,82952,82952 BLOOD GLUCOSE (SUGAR) TOLERANCE TEST,44.0,17.6,3.64,39.6,30
HCPCS,82955,82955 G6PD (ENZYME) LEVEL,36.0,14.4,8.99,32.4,30
HCPCS,82960,82960 G6PD (ENZYME) SCREENING TEST,15.0,6.0,5.61,15.13,30
HCPCS,82963,82963 GLUCOSIDASE (SUGAR ENZYME) MEASUREMENT,54.0,21.6,19.91,54.0,30
HCPCS,82977,82977 GLUTAMYLTRANSFERASE (LIVER ENZYME) LEVEL,99.0,39.6,6.67,89.1,30
HCPCS,82978,82978 GLUTATHIONE (PROTEIN) LEVEL,102.0,40.8,14.33,91.8,30
HCPCS,82985,82985 GLYCATED PROTEIN LEVEL,69.0,27.6,15.53,62.1,30
HCPCS,83001,83001 GONADOTROPIN,162.0,64.8,17.22,145.8,30
HCPCS,83002,83002 GONADOTROPIN,208.0,83.2,17.17,187.2,30
HCPCS,83003,83003 HUMAN GROWTH HORMONE LEVEL,151.0,60.4,15.45,135.9,30
HCPCS,83006,GROWTH STIMULATION GENE 2,189.0,75.6,35.92,189.0,30
HCPCS,83010,83010 HAPTOGLOBIN (SERUM PROTEIN) LEVEL,144.0,57.6,11.66,129.6,30
HCPCS,83014,83014 ADMINISTRATION OF DRUG FOR HELICOBACTER PYLORI,20.0,8.0,7.28,20.0,30
HCPCS,83015,83015 HEAVY METAL SCREENING TEST,82.0,32.8,19.42,73.8,30
HCPCS,83018,83018 HEAVY METAL LEVEL,103.0,41.2,20.35,92.7,30
HCPCS,83020,83020 HEMOGLOBIN ANALYSIS AND MEASUREMENT,108.0,43.2,11.93,97.2,30
HCPCS,83021,83021 HEMOGLOBIN ANALYSIS AND MEASUREMENT,116.0,46.4,16.74,104.4,30
HCPCS,83026,83026 HEMOGLOBIN LEVEL,10.0,4.0,3.72,10.03,30
HCPCS,83030,83030 FETAL HEMOGLOBIN LEVEL,27.0,10.8,9.96,27.0,30
HCPCS,83033,83033 FETAL HEMOGLOBIN ANALYSIS,61.0,24.4,7.42,54.9,30
HCPCS,83036,GLYCOSYLATED HEMOGLOBIN TEST,26.0,10.4,9.0,26.0,30
HCPCS,83050,83050 METHEMOGLOBIN (HEMOGLOBIN) ANALYSIS,25.0,10.0,7.6,23.04,30
HCPCS,83051,83051 PLASMA HEMOGLOBIN LEVEL,35.0,14.0,6.78,31.5,30
HCPCS,83060,83060 SULFHEMOGLOBIN (HEMOGLOBIN) LEVEL,22.0,8.8,8.16,22.0,30
HCPCS,83068,83068 SCREENING TEST FOR UNSTABLE HEMOGLOBIN,25.0,10.0,8.78,25.0,30
HCPCS,83070,83070 HEMOSIDERIN (HEMOGLOBIN BREAKDOWN PRODUCT) ANALYSIS,25.0,10.0,4.41,22.5,30
HCPCS,83080,83080 B-HEXOSAMINIDASE (ENZYME) LEVEL,227.0,90.8,15.64,204.3,30
HCPCS,83088,83088 HISTAMINE (IMMUNE SYSTEM SUBSTANCE) LEVEL,210.0,84.0,27.38,189.0,30
HCPCS,83090,83090 HOMOCYSTEINE (AMINO ACID) LEVEL,210.0,84.0,16.61,189.0,30
HCPCS,83150,83150 HOMOVANILLIC ACID (ORGANIC ACID) LEVEL,121.0,48.4,20.78,108.9,30
HCPCS,83491,83491 HYDROXYCORTICOSTEROIDS,45.0,18.0,16.59,45.0,30
HCPCS,83497,83497 HYDROXYINDOLACETIC ACID (PRODUCT OF METABOLISM) LEVEL,64.0,25.6,11.96,57.6,30
HCPCS,83498,83498 HYDROXYPROGESTERONE,78.0,31.2,25.18,76.35,30
HCPCS,83500,83500 HYDROXYPROLINE (AMINO ACID) MEASUREMENT,57.0,22.8,21.0,57.0,30
HCPCS,83505,83505 HYDROXYPROLINE (AMINO ACID) MEASUREMENT,61.0,24.4,22.53,61.0,30
HCPCS,83516,83516 ANALYSIS OF SUBSTANCE USING IMMUNOASSAY TECHNIQUE,400.0,160.0,10.69,360.0,30
HCPCS,83518,83518 ANALYSIS OF SUBSTANCE USING IMMUNOASSAY TECHNIQUE,24.0,9.6,8.94,24.1,30
HCPCS,83519,83519 MEASUREMENT OF SUBSTANCE USING IMMUNOASSAY TECHNIQUE,219.0,87.6,17.06,197.1,30
HCPCS,83520,83520 MEASUREMENT OF SUBSTANCE USING IMMUNOASSAY TECHNIQUE,106.0,42.4,16.01,95.4,30
HCPCS,83520,IMMUNOASSAY QUANT NOS NONAB,50.0,20.0,16.01,48.53,30
HCPCS,83521,IG LIGHT CHAINS FREE EACH,43.0,17.2,17.27,43.18,24
HCPCS,83525,83525 INSULIN MEASUREMENT,67.0,26.8,10.6,60.3,30
HCPCS,83527,83527 INSULIN MEASUREMENT,50.0,20.0,12.95,45.0,24
HCPCS,83528,83528 INTRINSIC FACTOR (STOMACH PROTEIN) LEVEL,50.0,20.0,18.38,50.0,30
HCPCS,83529,ASSAY OF INTERLEUKIN-6 (IL-6),43.0,17.2,17.27,43.18,24
HCPCS,83540,83540 IRON LEVEL,58.0,23.2,5.99,52.2,30
HCPCS,83550,83550 IRON BINDING CAPACITY,107.0,42.8,8.11,96.3,30
HCPCS,83586,83586 KETOSTEROIDS,71.0,28.4,11.87,63.9,30
HCPCS,83593,83593 KETOSTEROIDS,71.0,28.4,26.42,71.25,30
HCPCS,83605,83605 LACTIC ACID LEVEL,300.0,120.0,10.72,270.0,30
HCPCS,83615,83615 LACTATE DEHYDROGENASE (ENZYME) LEVEL,88.0,35.2,5.6,79.2,30
HCPCS,83625,83625 LACTATE DEHYDROGENASE (ENZYME) MEASUREMENT,32.0,12.8,11.86,32.0,30
HCPCS,83630,83630 STOOL LACTOFERRIN (IMMUNE SYSTEM PROTEIN) ANALYSIS,129.0,51.6,18.26,116.1,30
HCPCS,83632,83632 HUMAN PLACENTAL LACTOGEN (PLACENTAL HORMONE) LEVEL,70.0,28.0,20.22,63.0,24
HCPCS,83655,83655 LEAD LEVEL,67.0,26.8,11.23,60.3,30
HCPCS,83661,83661 FETAL LUNG MATURITY ASSESSMENT,227.0,90.8,21.99,204.3,24
HCPCS,83663,83663 FETAL LUNG MATURITY ASSESSMENT,47.0,18.8,17.53,47.28,30
HCPCS,83664,83664 FETAL LUNG MATURITY ASSESSMENT,50.0,20.0,17.91,50.0,30
HCPCS,83690,83690 LIPASE (FAT ENZYME) LEVEL,112.0,44.8,6.39,100.8,30
HCPCS,83695,83695 LIPOPROTEIN (A) LEVEL,60.0,24.0,13.28,54.0,30
HCPCS,83700,83700 LIPOPROTEIN LEVEL,28.0,11.2,10.43,28.15,30
HCPCS,83701,83701 LIPOPROTEIN MEASUREMENT,30.0,12.0,17.4,75.0,30
HCPCS,83704,83704 LIPOPROTEIN LEVEL,85.0,34.0,31.69,85.48,30
HCPCS,83718,83718 HDL CHOLESTEROL LEVEL,87.0,34.8,7.59,78.3,30
HCPCS,83719,83719 VLDL CHOLESTEROL LEVEL,32.0,12.8,11.82,32.0,30
HCPCS,83721,83721 LDL CHOLESTEROL LEVEL,26.0,10.4,9.73,26.25,30
HCPCS,83722,HC SMALL DENSE LOW-DENSITY LIPOPROTEIN,85.0,34.0,31.69,85.48,30
HCPCS,83727,83727 LUTEINIZING RELEASING FACTOR (REPRODUCTIVE HORMONE) LEVEL,56.0,22.4,15.93,50.4,30
HCPCS,83735,83735 MAGNESIUM LEVEL,212.0,84.8,6.21,190.8,30
HCPCS,83785,83785 MANGANESE (HEAVY METAL) LEVEL,71.0,28.4,24.71,71.0,30
HCPCS,83789,83789 MASS SPECTROMETRY (LABORATORY TESTING METHOD),144.0,57.6,22.35,129.6,30
HCPCS,83825,83825 MERCURY LEVEL,65.0,26.0,15.07,58.5,30
HCPCS,83835,83835 METANEPHRINES LEVEL,201.0,80.4,15.71,180.9,30
HCPCS,83864,83864 MUCOPOLYSACCHARIDES (PROTEIN) LEVEL,225.0,90.0,26.42,202.5,30
HCPCS,83872,83872 JOINT FLUID DIAGNOSTIC TEST,15.0,6.0,5.43,15.0,30
HCPCS,83873,83873 MYELIN BASIC PROTEIN (NERVE PROTEIN) LEVEL,110.0,44.0,15.94,99.0,30
HCPCS,83874,83874 MYOGLOBIN (MUSCLE PROTEIN) LEVEL,158.0,63.2,11.98,142.2,30
HCPCS,83876,83876 MYELOPEROXIDASE (WHITE BLOOD CELL ENZYME) MEASUREMENT,127.0,50.8,22.69,127.15,30
HCPCS,83880,83880 NATRIURETIC PEPTIDE (HEART AND BLOOD VESSEL PROTEIN) LEVEL,249.0,99.6,36.39,224.1,30
HCPCS,83883,83883 NEPHELOMETRY,75.0,30.0,12.61,67.5,30
HCPCS,83885,83885 NICKEL LEVEL,62.0,24.8,22.72,62.0,30
HCPCS,83915,83915 NUCLEOTIDASE 5' (ENZYME) LEVEL,62.0,24.8,10.34,55.8,30
HCPCS,83916,83916 MEASUREMENT OF IMMUNE SUBSTANCE (OLIGOCLONAL BANDS),164.0,65.6,25.39,147.6,30
HCPCS,83918,83918 ORGANIC ACIDS LEVEL,288.0,115.2,21.88,259.2,30
HCPCS,83919,83919 ORGANIC ACIDS ANALYSIS,204.0,81.6,15.25,183.6,30
HCPCS,83921,83921 ORGANIC ACID LEVEL,157.0,62.8,19.66,141.3,30
HCPCS,83930,83930 BLOOD OSMOLALITY (CONCENTRATION) MEASUREMENT,110.0,44.0,6.13,99.0,30
HCPCS,83935,83935 URINE OSMOLALITY (CONCENTRATION) MEASUREMENT,107.0,42.8,6.32,96.3,30
HCPCS,83937,83937 OSTEOCALCIN (BONE PROTEIN) LEVEL,100.0,40.0,29.85,90.0,24
HCPCS,83945,83945 OXALATE LEVEL,55.0,22.0,13.4,49.5,30
HCPCS,83951,83951 ONCOPROTEIN (CANCER RELATED GENE) MEASUREMENT,161.0,64.4,59.71,161.03,30
HCPCS,83970,83970 PARATHORMONE (PARATHYROID HORMONE) LEVEL,206.0,82.4,38.26,185.4,30
HCPCS,83986,83986 BODY FLUID PH LEVEL,53.0,21.2,3.32,47.7,30
HCPCS,83992,83992 PCP DRUG LEVEL,47.0,18.8,15.57,42.3,23
HCPCS,83992,ASSAY FOR PHENCYCLIDINE,7.0,2.8,2.8,7.0,23
HCPCS,83993,83993 STOOL CALPROTECTIN (PROTEIN) LEVEL,208.0,83.2,18.2,187.2,30
HCPCS,84030,84030 PHENYLALANINE,69.0,27.6,5.1,62.1,30
HCPCS,84035,84035 PHENYLKETONES (KETONE) ANALYSIS,10.0,4.0,3.69,10.0,30
HCPCS,84060,84060 PHOSPHATASE (ENZYME) MEASUREMENT,19.0,7.6,7.09,19.1,30
HCPCS,84066,84066 PHOSPHATASE,24.0,9.6,8.95,24.15,30
HCPCS,84075,84075 PHOSPHATASE (ENZYME) LEVEL,101.0,40.4,4.8,90.9,30
HCPCS,84080,84080 PHOSPHATASE (ENZYME) MEASUREMENT,64.0,25.6,13.7,57.6,30
HCPCS,84081,84081 PHOSPHATIDYLGLYCEROL (AMNIOTIC FLUID ORGANIC ACID) LEVEL,41.0,16.4,15.32,41.3,30
HCPCS,84087,84087 PHOSPHOHEXOSE ISOMERASE (ENZYME) LEVEL,100.0,40.0,9.95,90.0,30
HCPCS,84100,84100 PHOSPHATE LEVEL,73.0,29.2,4.4,65.7,30
HCPCS,84105,84105 URINE PHOSPHATE LEVEL,60.0,24.0,5.36,54.0,30
HCPCS,84110,84110 URINE PORPHOBILINOGEN (METABOLISM SUBSTANCE) LEVEL,83.0,33.2,7.83,74.7,30
HCPCS,84112,EVAL AMNIOTIC FLUID PROTEIN,245.0,98.0,98.11,245.28,24
HCPCS,84120,84120 URINE PORPHYRINS (METABOLISM SUBSTANCE) MEASUREMENT,72.0,28.8,13.64,64.8,30
HCPCS,84126,84126 STOOL PORPHYRINS (METABOLISM SUBSTANCE) LEVEL,104.0,41.6,36.26,104.0,30
HCPCS,84132,84132 BLOOD POTASSIUM LEVEL,68.0,27.2,4.41,61.2,30
HCPCS,84133,84133 URINE POTASSIUM LEVEL,67.0,26.8,4.39,60.3,30
HCPCS,84134,84134 PREALBUMIN (PROTEIN) LEVEL,160.0,64.0,13.52,144.0,30
HCPCS,84135,84135 PREGNANEDIOL (REPRODUCTIVE HORMONE) LEVEL,53.0,21.2,19.71,53.18,30
HCPCS,84138,84138 PREGNANETRIOL (REPRODUCTIVE HORMONE) LEVEL,53.0,21.2,19.52,53.0,30
HCPCS,84140,84140 PREGNENOLONE (REPRODUCTIVE HORMONE) LEVEL,50.0,20.0,20.67,51.68,24
HCPCS,84143,84143 17-HYDROXYPREGNENOLONE (HORMONE) LEVEL,181.0,72.4,22.81,162.9,24
HCPCS,84144,84144 PROGESTERONE (REPRODUCTIVE HORMONE) LEVEL,206.0,82.4,19.33,185.4,30
HCPCS,84145,84145 PROCALCITONIN (HORMONE) LEVEL,182.0,72.8,27.22,163.8,24
HCPCS,84146,84146 PROLACTIN (MILK PRODUCING HORMONE) LEVEL,233.0,93.2,17.96,209.7,30
HCPCS,84150,84150 PROSTAGLANDIN (HORMONE) LEVEL,226.0,90.4,38.72,203.4,30
HCPCS,84152,84152 PSA (PROSTATE SPECIFIC ANTIGEN) MEASUREMENT,46.0,18.4,17.05,46.0,30
HCPCS,84153,84153 PSA (PROSTATE SPECIFIC ANTIGEN) MEASUREMENT,171.0,68.4,17.05,153.9,30
HCPCS,84154,84154 PSA (PROSTATE SPECIFIC ANTIGEN) MEASUREMENT,139.0,55.6,17.05,125.1,30
HCPCS,84155,84155 TOTAL PROTEIN LEVEL,78.0,31.2,3.4,70.2,30
HCPCS,84156,84156 TOTAL PROTEIN LEVEL,78.0,31.2,3.4,70.2,30
HCPCS,84157,84157 TOTAL PROTEIN LEVEL,78.0,31.2,3.71,70.2,30
HCPCS,84160,84160 TOTAL PROTEIN LEVEL,31.0,12.4,5.2,27.9,30
HCPCS,84163,84163 PREGNANCY-ASSOCIATED PLASMA PROTEIN-A LEVEL,40.0,16.0,15.05,40.0,24
HCPCS,84165,84165 PROTEIN MEASUREMENT,93.0,37.2,9.96,83.7,30
HCPCS,84166,84166 PROTEIN MEASUREMENT,132.0,52.8,17.83,118.8,24
HCPCS,84181,84181 PROTEIN MEASUREMENT,125.0,50.0,15.79,112.5,30
HCPCS,84182,84182 PROTEIN MEASUREMENT,190.0,76.0,27.08,171.0,30
HCPCS,84202,84202 PROTOPORPHYRIN (METABOLISM SUBSTANCE) LEVEL,36.0,14.4,13.31,36.0,30
HCPCS,84206,84206 PROINSULIN (PANCREATIC HORMONE) LEVEL,85.0,34.0,24.74,76.5,30
HCPCS,84207,84207 VITAMIN B-6 LEVEL,204.0,81.6,26.05,183.6,30
HCPCS,84210,84210 PYRUVATE (ORGANIC ACID) LEVEL,102.0,40.8,13.42,91.8,30
HCPCS,84220,84220 PYRUVATE KINASE (ENZYME) LEVEL,70.0,28.0,8.76,63.0,30
HCPCS,84228,84228 QUININE (DRUG) LEVEL,29.0,11.6,10.78,29.08,30
HCPCS,84233,84233 ESTROGEN RECEPTOR ANALYSIS,220.0,88.0,81.46,220.0,30
HCPCS,84234,84234 PROGESTERONE (REPRODUCTIVE HORMONE) RECEPTOR ANALYSIS,162.0,64.8,60.14,162.2,30
HCPCS,84235,84235 HORMONE RECEPTOR ANALYSIS,178.0,71.2,66.03,178.08,30
HCPCS,84238,84238 CHEMICAL RECEPTOR ANALYSIS,243.0,97.2,33.9,218.7,30
HCPCS,84244,84244 RENIN (KIDNEY ENZYME) LEVEL,175.0,70.0,20.38,157.5,30
HCPCS,84252,84252 VITAMIN B-2 (RIBOFLAVIN) LEVEL,160.0,64.0,18.77,144.0,30
HCPCS,84255,84255 SELENIUM (VITAMIN) LEVEL,168.0,67.2,23.67,151.2,30
HCPCS,84260,84260 SEROTONIN (HORMONE) LEVEL,194.0,77.6,28.72,174.6,30
HCPCS,84270,84270 SEX HORMONE BINDING GLOBULIN (PROTEIN) LEVEL,82.0,32.8,20.15,73.8,30
HCPCS,84275,84275 SIALIC ACID (ORGANIC ACID) LEVEL,34.0,13.6,12.46,34.0,30
HCPCS,84295,84295 BLOOD SODIUM LEVEL,85.0,34.0,4.46,76.5,30
HCPCS,84300,84300 URINE SODIUM LEVEL,69.0,27.6,4.69,62.1,30
HCPCS,84302,84302 SODIUM LEVEL,58.0,23.2,4.5,52.2,30
HCPCS,84305,84305 SOMATOMEDIN (GROWTH FACTOR) LEVEL,175.0,70.0,19.7,157.5,30
HCPCS,84307,84307 SOMATOSTATIN (GROWTH HORMONE INHIBITOR) LEVEL,191.0,76.4,16.94,171.9,30
HCPCS,84311,84311 CHEMICAL ANALYSIS USING SPECTROPHOTOMETRY (LIGHT),132.0,52.8,7.51,118.8,30
HCPCS,84315,84315 SPECIFIC GRAVITY (LIQUID WEIGHT) MEASUREMENT,8.0,3.2,3.04,8.2,30
HCPCS,84375,84375 CARBOHYDRATE (SUGAR) ANALYSIS,98.0,39.2,32.87,98.0,30
HCPCS,84376,84376 CARBOHYDRATE ANALYSIS,54.0,21.6,5.1,48.6,30
HCPCS,84377,84377 CARBOHYDRATE ANALYSIS,30.0,12.0,5.1,27.0,30
HCPCS,84378,84378 CARBOHYDRATE ANALYSIS,70.0,28.0,10.69,63.0,30
HCPCS,84379,84379 CARBOHYDRATE ANALYSIS,25.0,10.0,10.69,28.83,30
HCPCS,84392,84392 URINE SULFATE (ACID) LEVEL,19.0,7.6,5.09,17.1,30
HCPCS,84393,TEST FOR PHOSPHORYLATED TAU PROTEIN,400.0,160.0,128.92,362.27,24
HCPCS,84394,TEST FOR TOTAL TAU PROTEIN,400.0,160.0,128.92,362.27,24
HCPCS,84402,84402 TESTOSTERONE (HORMONE) LEVEL,202.0,80.8,23.61,181.8,30
HCPCS,84403,84403 TESTOSTERONE (HORMONE) LEVEL,209.0,83.6,23.93,188.1,30
HCPCS,84425,84425 VITAMIN B-1 (THIAMINE) LEVEL,176.0,70.4,19.68,158.4,30
HCPCS,84430,84430 THIOCYANATE (ORGANIC SULFUR SUBSTANCE) LEVEL,29.0,11.6,10.78,29.08,30
HCPCS,84432,84432 THYROGLOBULIN (THYROID RELATED HORMONE) LEVEL,71.0,28.4,14.88,63.9,30
HCPCS,84433,ASY THIOPURIN S-MTHYLTRNSFRS,55.0,22.0,22.17,55.43,24
HCPCS,84436,84436 THYROXINE (THYROID CHEMICAL),75.0,30.0,6.37,67.5,30
HCPCS,84439,84439 THYROXINE (THYROID CHEMICAL),156.0,62.4,8.36,140.4,30
HCPCS,84442,84442 THYROXINE BINDING GLOBULIN (THYROID RELATED PROTEIN) LEVEL,107.0,42.8,13.7,96.3,30
HCPCS,84443,84443 BLOOD TEST,178.0,71.2,15.57,160.2,30
HCPCS,84445,84445 THYROID STIMULATING IMMUNE GLOBULINS (THYROID RELATED PROTEIN) LEVEL,323.0,129.2,47.14,290.7,30
HCPCS,84446,84446 VITAMIN E LEVEL,113.0,45.2,13.14,101.7,30
HCPCS,84449,84449 TRANSCORTIN (CORTISOL BINDING PROTEIN) LEVEL,45.0,18.0,18.0,45.0,24
HCPCS,84450,84450 LIVER ENZYME (SGOT),64.0,25.6,4.8,57.6,30
HCPCS,84460,84460 LIVER ENZYME (SGPT),67.0,26.8,4.91,60.3,30
HCPCS,84466,84466 TRANSFERRIN (IRON BINDING PROTEIN) LEVEL,76.0,30.4,11.82,68.4,30
HCPCS,84478,84478 TRIGLYCERIDES LEVEL,83.0,33.2,5.33,74.7,31
HCPCS,84479,84479 THYROID HORMONE EVALUATION,16.0,6.4,5.99,16.18,30
HCPCS,84480,84480 THYROID HORMONE,134.0,53.6,13.14,120.6,30
HCPCS,84481,84481 THYROID HORMONE,70.0,28.0,15.71,63.0,30
HCPCS,84482,84482 THYROID HORMONE,85.0,34.0,14.61,76.5,30
HCPCS,84484,84484 TROPONIN (PROTEIN) ANALYSIS,350.0,140.0,11.56,315.0,30
HCPCS,84485,84485 TRYPSIN (PANCREATIC ENZYME) MEASUREMENT,64.0,25.6,6.67,57.6,30
HCPCS,84510,84510 TYROSINE (AMINO ACID) LEVEL,78.0,31.2,9.86,70.2,30
HCPCS,84512,84512 TROPONIN (PROTEIN) ANALYSIS,25.0,10.0,9.35,25.23,30
HCPCS,84520,84520 UREA NITROGEN LEVEL TO ASSESS KIDNEY FUNCTION,62.0,24.8,3.67,55.8,30
HCPCS,84540,84540 UREA NITROGEN LEVEL TO ASSESS KIDNEY FUNCTION,69.0,27.6,5.15,62.1,30
HCPCS,84550,84550 URIC ACID LEVEL,81.0,32.4,4.19,72.9,30
HCPCS,84560,84560 URIC ACID LEVEL,66.0,26.4,4.71,59.4,30
HCPCS,84577,84577 UROBILINOGEN (METABOLISM SUBSTANCE) LEVEL,42.0,16.8,15.57,42.0,30
HCPCS,84578,84578 UROBILINOGEN (METABOLISM SUBSTANCE) ANALYSIS,11.0,4.4,4.14,11.18,30
HCPCS,84580,84580 UROBILINOGEN (METABOLISM SUBSTANCE) LEVEL,24.0,9.6,8.86,24.0,30
HCPCS,84585,84585 URINE VANILLYLMANDELIC ACID,140.0,56.0,14.37,126.0,30
HCPCS,84586,84586 VASOACTIVE INTESTINAL PEPTIDE (INTESTINAL HORMONE) LEVEL,248.0,99.2,35.33,223.2,24
HCPCS,84588,84588 ADH (ANTIDIURETIC HORMONE) LEVEL,160.0,64.0,31.47,144.0,30
HCPCS,84590,84590 VITAMIN A LEVEL,119.0,47.6,10.76,107.1,30
HCPCS,84591,84591 VITAMIN MEASUREMENT,151.0,60.4,15.81,135.9,30
HCPCS,84597,84597 VITAMIN K LEVEL,147.0,58.8,12.72,132.3,30
HCPCS,84600,84600 VOLATILE CHEMICAL MEASUREMENT,43.0,17.2,15.86,43.0,30
HCPCS,84630,84630 ZINC LEVEL,114.0,45.6,10.56,102.6,30
HCPCS,84681,84681 C-PEPTIDE (PROTEIN) LEVEL,167.0,66.8,19.29,150.3,30
HCPCS,84702,84702 GONADOTROPIN,210.0,84.0,13.96,189.0,30
HCPCS,84703,84703 GONADOTROPIN (REPRODUCTIVE HORMONE) ANALYSIS,151.0,60.4,6.97,135.9,30
HCPCS,84999,84999 CHEMISTRY PROCEDURES,100.0,40.0,40.0,100.0,17
HCPCS,84999,ASSAY OF PROGESTERONE,56.0,22.4,22.4,56.0,17
HCPCS,84999,CLINICAL CHEMISTRY TEST,170.0,68.0,53.0,170.0,17
HCPCS,84999,THIN LAYER CHROMATOGRAPHY,488.0,195.2,53.0,439.2,17
HCPCS,85002,85002 BLEEDING TIME,12.0,4.8,4.47,12.05,30
HCPCS,85007,85007 MICROSCOPIC EXAMINATION FOR WHITE BLOOD CELLS WITH MANUAL CELL COUNT,60.0,24.0,3.52,54.0,30
HCPCS,85008,85008 MICROSCOPIC EXAMINATION FOR WHITE BLOOD CELLS,9.0,3.6,3.18,9.0,30
HCPCS,85009,85009 MANUAL WHITE BLOOD CELL COUNT AND EVALUATION,13.0,5.2,4.7,13.0,30
HCPCS,85013,85013 RED BLOOD CELL HEMOGLOBIN CONCENTRATION,18.0,7.2,3.97,18.0,30
HCPCS,85014,85014 RED BLOOD CELL CONCENTRATION MEASUREMENT,49.0,19.6,2.19,44.1,30
HCPCS,85018,85018 BLOOD COUNT,25.0,10.0,2.19,22.5,30
HCPCS,85025,85025 COMPLETE BLOOD CELL COUNT (RED CELLS,130.0,52.0,7.2,117.0,30
HCPCS,85027,85027 COMPLETE BLOOD CELL COUNT (RED CELLS,162.0,64.8,5.99,145.8,30
HCPCS,85032,85032 MANUAL BLOOD CELL COUNT,25.0,10.0,4.0,22.5,30
HCPCS,85041,85041 RED BLOOD CELL COUNT,32.0,12.8,2.8,28.8,30
HCPCS,85044,85044 RED BLOOD COUNT,11.0,4.4,4.0,11.0,30
HCPCS,85045,85045 RED BLOOD COUNT,79.0,31.6,3.7,71.1,30
HCPCS,85046,85046 RED BLOOD COUNT AUTOMATED,25.0,10.0,5.16,22.5,30
HCPCS,85048,85048 AUTOMATED WHITE BLOOD CELL COUNT,55.0,22.0,2.36,49.5,30
HCPCS,85049,85049 PLATELET COUNT,55.0,22.0,4.15,49.5,30
HCPCS,85055,85055 RETICULATED (YOUNG) PLATELET MEASUREMENT,92.0,36.8,33.14,92.0,30
HCPCS,85097,85097 BONE MARROW,68.0,27.2,39.3,1818.54,31
HCPCS,85097,BONE MARROW INTERPRETATION,1640.0,656.0,39.3,1818.54,62
HCPCS,85130,85130 ASSESSMENT OF BLOOD CLOTTING FUNCTION,128.0,51.2,11.02,115.2,30
HCPCS,85170,85170 BLOOD CLOT EVALUATION,41.0,16.4,6.06,41.0,30
HCPCS,85210,85210 CLOTTING FACTOR II PROTHROMBIN,185.0,74.0,12.03,166.5,30
HCPCS,85220,85220 CLOTTING FACTOR V (ACG OR PROACCELERIN) MEASUREMENT,226.0,90.4,16.37,203.4,30
HCPCS,85230,85230 CLOTTING FACTOR VII (PROCONVERTIN,128.0,51.2,16.59,115.2,30
HCPCS,85240,85240 CLOTTING FACTOR VIII (AHG) MEASUREMENT,128.0,51.2,16.59,115.2,30
HCPCS,85244,85244 CLOTTING FACTOR VIII RELATED ANTIGEN MEASUREMENT,51.0,20.4,18.93,51.05,30
HCPCS,85245,85245 CLOTTING FACTOR VIII (VW FACTOR) MEASUREMENT,226.0,90.4,21.27,203.4,30
HCPCS,85246,85246 CLOTTING FACTOR VIII (VW FACTOR) ANTIGEN,113.0,45.2,21.27,101.7,30
HCPCS,85247,85247 CLOTTING FACTOR VIII (VON WILLEBRAND FACTOR) MEASUREMENT,261.0,104.4,21.27,234.9,30
HCPCS,85250,85250 CLOTTING FACTOR IX (PTC OR CHRISTMAS) MEASUREMENT,226.0,90.4,17.65,203.4,30
HCPCS,85260,85260 CLOTTING FACTOR X (STUART-PROWER) MEASUREMENT,226.0,90.4,16.59,203.4,30
HCPCS,85270,85270 CLOTTING FACTOR XI (PTA) MEASUREMENT,226.0,90.4,16.59,203.4,30
HCPCS,85280,85280 CLOTTING FACTOR XII (HAGEMAN) MEASUREMENT,226.0,90.4,17.94,203.4,30
HCPCS,85290,85290 CLOTTING FACTOR XIII (FIBRIN STABILIZING) MEASUREMENT,226.0,90.4,15.15,203.4,30
HCPCS,85291,85291 CLOTTING FACTOR XIII (FIBRIN STABILIZING) SCREENING TEST,23.0,9.2,8.45,23.0,30
HCPCS,85292,85292 FLETCHER FACTOR (CLOTTING FACTOR) MEASUREMENT,90.0,36.0,17.55,81.0,30
HCPCS,85293,85293 FITZGERALD FACTOR (CLOTTING FACTOR) MEASUREMENT,90.0,36.0,17.55,81.0,30
HCPCS,85300,85300 ANTITHROMBIN III ANTIGEN (CLOTTING INHIBITOR) ACTIVITY,90.0,36.0,10.99,81.0,30
HCPCS,85300,ANTITHROMBIN III TEST,90.0,36.0,10.99,81.0,30
HCPCS,85301,85301 ANTITHROMBIN III ANTIGEN (CLOTTING INHIBITOR) LEVEL,100.0,40.0,10.02,90.0,30
HCPCS,85302,BLOOD CLOT INHIBITOR ANTIGEN,121.0,48.4,11.13,108.9,30
HCPCS,85303,85303 PROTEIN C ANTIGEN (CLOTTING INHIBITOR) MEASUREMENT,45.0,18.0,12.83,40.5,30
HCPCS,85305,85305 PROTEIN S (CLOTTING INHIBITOR) LEVEL,121.0,48.4,10.76,108.9,30
HCPCS,85306,85306 PROTEIN S (CLOTTING INHIBITOR) MEASUREMENT,92.0,36.8,14.2,82.8,30
HCPCS,85307,85307 ACTIVATED PROTEIN RESISTANCE ASSAY,142.0,56.8,14.2,127.8,30
HCPCS,85335,85335 CLOTTING FACTOR INHIBITOR TEST,293.0,117.2,11.93,263.7,30
HCPCS,85335,FACTOR INHIBITOR TEST,50.0,20.0,11.93,45.0,30
HCPCS,85345,85345 COAGULATION TIME MEASUREMENT,25.0,10.0,4.35,22.5,30
HCPCS,85347,85347 COAGULATION TIME MEASUREMENT,75.0,30.0,3.97,67.5,30
HCPCS,85348,85348 COAGULATION TIME MEASUREMENT,25.0,10.0,4.16,22.5,30
HCPCS,85360,85360 EUGLOBULIN LYSIS (CLOT DISSOLVING) MEASUREMENT,62.0,24.8,7.8,55.8,30
HCPCS,85362,85362 COAGULATION FUNCTION ANALYSIS,75.0,30.0,6.39,67.5,30
HCPCS,85366,85366 COAGULATION FUNCTION MEASUREMENT,201.0,80.4,14.44,201.15,30
HCPCS,85378,85378 COAGULATION FUNCTION MEASUREMENT,25.0,10.0,9.01,25.0,30
HCPCS,85379,85379 COAGULATION FUNCTION MEASUREMENT,75.0,30.0,9.43,67.5,30
HCPCS,85384,85384 FIBRINOGEN (FACTOR 1) ACTIVITY MEASUREMENT,127.0,50.8,9.01,114.3,30
HCPCS,85385,85385 FIBRINOGEN (FACTOR 1) ANTIGEN DETECTION,119.0,47.6,13.4,107.1,30
HCPCS,85390,85390 COAGULATION FUNCTION SCREENING TEST WITH INTERPRETATION AND REPORT,83.0,33.2,8.66,74.7,30
HCPCS,85396,COAG/FBRNLYS ASSAY WHOLE BLOOD ADDITIVE PER DAY,193.0,77.2,24.5,173.7,17
HCPCS,85397,85397 MEASUREMENT OF BLOOD COAGULATION AND FIBRINOLYSIS  CLOT DISSOLVING,79.0,31.6,28.6,79.0,30
HCPCS,85397,CLOTTING FUNCT ACTIVITY,75.0,30.0,28.6,77.15,30
HCPCS,85410,85410 ALPHA-2 ANTIPLASMIN (FACTOR INHIBITOR) MEASUREMENT,150.0,60.0,7.15,135.0,30
HCPCS,85415,85415 PLASMINOGEN ACTIVATOR (FIBRINOLYTIC FACTOR) MEASUREMENT,87.0,34.8,15.93,78.3,30
HCPCS,85420,85420 PLASMINOGEN (FIBRINOLYTIC FACTOR) MEASUREMENT,135.0,54.0,6.06,121.5,30
HCPCS,85441,85441 EVALUATION OF RED BLOOD CELL DEFECT (HEINZ BODIES),25.0,10.0,3.89,22.5,30
HCPCS,85460,85460 FETAL HEMOGLOBIN OR RED BLOOD CELLS MEASUREMENT,25.0,10.0,7.17,22.5,30
HCPCS,85461,85461 FETAL HEMOGLOBIN OR RED BLOOD CELLS MEASUREMENT,25.0,10.0,8.67,25.0,30
HCPCS,85475,85475 MEASUREMENT OF HEMOLYSIN (RED BLOOD CELL DESTRUCTIVE SUBSTANCE),25.0,10.0,8.22,24.92,30
HCPCS,85520,85520 HEPARIN ASSAY,50.0,20.0,12.13,45.0,30
HCPCS,85540,85540 WHITE BLOOD CELL ALKALINE PHOSPHATASE (ENZYME) MEASUREMENT WITH CELL COUNT,25.0,10.0,7.97,24.17,30
HCPCS,85547,85547 RED BLOOD CELL FRAGILITY MEASUREMENT,25.0,10.0,7.97,24.17,30
HCPCS,85549,85549 WHITE BLOOD CELL ENZYME ACTIVITY MEASUREMENT,57.0,22.8,17.39,52.69,30
HCPCS,85555,85555 RED BLOOD CELL FRAGILITY MEASUREMENT,44.0,17.6,6.92,39.6,30
HCPCS,85557,85557 RED BLOOD CELL FRAGILITY MEASUREMENT,136.0,54.4,12.38,122.4,30
HCPCS,85576,85576 PLATELET AGGREGATION FUNCTION TEST,193.0,77.2,23.09,173.7,30
HCPCS,85597,85597 PLATELET FUNCTION TEST,45.0,18.0,16.67,45.0,30
HCPCS,85598,85598 PHOSPHOLIPID TEST,45.0,18.0,16.67,45.0,30
HCPCS,85610,85610 BLOOD TEST,81.0,32.4,3.98,72.9,30
HCPCS,85611,85611 BLOOD TEST,87.0,34.8,3.66,78.3,30
HCPCS,85613,85613 CLOTTING FACTOR X ASSESSMENT TEST,90.0,36.0,8.88,81.0,30
HCPCS,85635,85635 BLOOD COAGULATION SCREENING TEST,34.0,13.6,9.14,30.6,30
HCPCS,85651,85651 RED BLOOD CELL SEDIMENTATION RATE,52.0,20.8,3.96,46.8,30
HCPCS,85652,85652 RED BLOOD CELL SEDIMENTATION RATE,60.0,24.0,2.5,54.0,30
HCPCS,85660,85660 RED BLOOD CELL SICKLING MEASUREMENT,50.0,20.0,5.11,45.0,30
HCPCS,85670,85670 THROMBIN TIME,80.0,32.0,5.35,72.0,30
HCPCS,85705,85705 THROMBOPLASTIN INHIBITION (CIRCULATING ANTICOAGULANT) MEASUREMENT,24.0,9.6,8.93,24.08,30
HCPCS,85730,85730 COAGULATION ASSESSMENT BLOOD TEST,150.0,60.0,5.57,135.0,30
HCPCS,85732,85732 COAGULATION ASSESSMENT BLOOD TEST,98.0,39.2,5.99,88.2,30
HCPCS,85810,85810 BLOOD VISCOSITY MEASUREMENT,83.0,33.2,10.82,74.7,30
HCPCS,85999,85999 HEMATOLOGY AND COAGULATION PROCEDURES,184.0,73.6,73.6,179.0,17
HCPCS,85999,HEMATOLOGY PROCEDURE,360.0,144.0,144.0,324.0,17
HCPCS,86000,86000 MEASUREMENT OF ANTIBODY TO INFECTIOUS ORGANISM,69.0,27.6,6.47,62.1,30
HCPCS,86001,86001 MEASUREMENT OF ANTIBODY (IGG) TO ALLERGIC SUBSTANCE,52.0,20.8,7.25,46.8,30
HCPCS,86003,86003 MEASUREMENT OF ANTIBODY (IGE) TO ALLERGIC SUBSTANCE,50.0,20.0,4.84,45.0,30
HCPCS,86005,86005 MEASUREMENT OF ANTIBODY (IGE) TO ALLERGIC SUBSTANCE,28.0,11.2,7.39,25.2,30
HCPCS,86008,86008 MEASUREMENT OF ANTIBODY (IGE) TO ALLERGIC SUBSTANCE,64.0,25.6,17.93,57.6,24
HCPCS,86015,ACTIN ANTIBODY EACH,29.0,11.6,12.05,31.09,24
HCPCS,86021,86021 ANTIBODY IDENTIFICATION TEST FOR WHITE BLOOD CELL ANTIBODIES,50.0,20.0,13.96,45.0,30
HCPCS,86022,86022 ANTIBODY IDENTIFICATION TEST,133.0,53.2,17.03,119.7,30
HCPCS,86023,86023 ANTIBODY IDENTIFICATION TEST,71.0,28.4,11.55,63.9,30
HCPCS,86036,ANCA SCREEN EACH ANTIBODY,30.0,12.0,12.05,31.09,24
HCPCS,86037,ANTINEUTROPHIL CYTOPLASMIC ANTB TITER EA ANTB,30.0,12.0,12.05,31.88,24
HCPCS,86038,86038 SCREENING TEST FOR AUTOIMMUNE DISORDER,125.0,50.0,11.21,112.5,30
HCPCS,86039,86039 MEASUREMENT OF ANTIBODY FOR ASSESSMENT OF AUTOIMMUNE DISORDER,99.0,39.6,10.34,89.1,30
HCPCS,86041,HC TEST FOR ACETYLCHOLINE RECEPTOR BINDING ANTIBODY,30.0,12.0,17.06,46.0,30
HCPCS,86042,HC TEST ACETYLCHOLINE RECEPTOR BLOCKING ANTIBODY,30.0,12.0,17.06,46.0,30
HCPCS,86043,HCTEST FOR ACETYLCHOLINE RECEPTOR MODULATING ANTIBODY,30.0,12.0,11.18,31.09,30
HCPCS,86051,AQUAPORIN-4 ANTIBODY ELISA,29.0,11.6,11.53,30.92,24
HCPCS,86052,AQUAPORIN-4 ANTB CBA EACH,30.0,12.0,12.05,31.09,24
HCPCS,86053,AQAPRN-4 ANTB FLO CYTMTRY EA,30.0,12.0,14.46,75.0,24
HCPCS,86060,86060 MEASUREMENT FOR STREP ANTIBODY (STREP THROAT),122.0,48.8,6.77,109.8,30
HCPCS,86063,86063 SCREENING TEST FOR STREP ANTIBODY (STREP THROAT),89.0,35.6,5.35,80.1,30
HCPCS,86140,86140 MEASUREMENT C-REACTIVE PROTEIN FOR DETECTION OF INFECTION OR INFLAMMATION,125.0,50.0,4.8,112.5,30
HCPCS,86141,86141 MEASUREMENT C-REACTIVE PROTEIN FOR DETECTION OF INFECTION OR INFLAMMATION,85.0,34.0,12.01,76.5,30
HCPCS,86146,86146 BETA 2 GLYCOPROTEIN 1 ANTIBODY (AUTOANTIBODY) MEASUREMENT,127.0,50.8,23.6,114.3,30
HCPCS,86147,86147 CARDIOLIPIN ANTIBODY (TISSUE ANTIBODY) MEASUREMENT,147.0,58.8,23.6,132.3,30
HCPCS,86148,86148 PHOSPHOLIPID ANTIBODY (AUTOIMMUNE ANTIBODY) MEASUREMENT,71.0,28.4,14.89,63.9,30
HCPCS,86152,86152 CELL ENUMERATION USING IMMUNOLOGIC SELECTION AND IDENTIFICATION IN FLUID,627.0,250.8,15.25,627.0,24
HCPCS,86153,86153 CELL ENUMERATION USING IMMUNOLOGIC SELECTION AND IDENTIFICATION IN FLUID,30.0,12.0,12.0,30.0,17
HCPCS,86156,86156 MEASUREMENT OF COLD AGGLUTININ  PROTEIN  TO SCREEN FOR INFECTION,50.0,20.0,7.48,45.0,30
HCPCS,86157,86157 MEASUREMENT OF COLD AGGLUTININ (PROTEIN) TO DETECT INFECTION OR DISEASE,61.0,24.4,7.47,54.9,30
HCPCS,86160,86160 MEASUREMENT OF COMPLEMENT (IMMUNE SYSTEM PROTEINS),113.0,45.2,11.12,101.7,30
HCPCS,86161,86161 MEASUREMENT OF COMPLEMENT FUNCTION (IMMUNE SYSTEM PROTEINS),141.0,56.4,11.12,126.9,30
HCPCS,86162,86162 MEASUREMENT OF COMPLEMENT (IMMUNE SYSTEM PROTEINS),89.0,35.6,18.84,80.1,30
HCPCS,86171,86171 MEASUREMENT OF COMPLEMENT FIXATION TESTS (IMMUNE SYSTEM PROTEINS),25.0,10.0,9.28,25.03,30
HCPCS,86200,86200 MEASUREMENT OF ANTIBODY FOR RHEUMATOID ARTHRITIS ASSESSMENT,114.0,45.6,12.01,102.6,30
HCPCS,86215,86215 MEASUREMENT OF DNA ANTIBODY,103.0,41.2,12.29,92.7,30
HCPCS,86225,86225 MEASUREMENT OF DNA ANTIBODY,89.0,35.6,12.74,80.1,30
HCPCS,86226,86226 MEASUREMENT OF DNA ANTIBODY,50.0,20.0,11.23,45.0,30
HCPCS,86231,EMA EACH IG CLASS,30.0,12.0,12.09,30.23,24
HCPCS,86235,86235 MEASUREMENT OF ANTIBODY FOR ASSESSMENT OF AUTOIMMUNE DISORDER,101.0,40.4,16.62,90.9,30
HCPCS,86255,86255 SCREENING TEST FOR ANTIBODY TO NONINFECTIOUS AGENT,173.0,69.2,11.18,155.7,30
HCPCS,86256,86256 MEASUREMENT OF ANTIBODY TO NONINFECTIOUS AGENT,89.0,35.6,11.18,80.1,30
HCPCS,86258,DGP ANTIBODY EACH IG CLASS,29.0,11.6,12.05,30.13,24
HCPCS,86300,86300 IMMUNOLOGIC ANALYSIS FOR DETECTION OF TUMOR ANTIGEN,165.0,66.0,19.29,148.5,30
HCPCS,86301,86301 IMMUNOLOGIC ANALYSIS FOR DETECTION OF TUMOR ANTIGEN,100.0,40.0,19.29,90.0,30
HCPCS,86304,86304 IMMUNOLOGIC ANALYSIS FOR DETECTION OF TUMOR ANTIGEN,113.0,45.2,19.29,101.7,30
HCPCS,86305,86305 ANALYSIS OF FEMALE REPRODUCTIVE GENETIC MARKER,75.0,30.0,20.81,67.5,24
HCPCS,86308,86308 SCREENING TEST FOR MONONUCLEOSIS (MONO),121.0,48.4,4.8,108.9,30
HCPCS,86316,86316 ANALYSIS FOR DETECTION OF TUMOR MARKER,81.0,32.4,19.29,72.9,30
HCPCS,86317,86317 DETECTION OF INFECTIOUS AGENT ANTIBODY,60.0,24.0,13.89,54.0,30
HCPCS,86318,86318 TEST FOR DETECTION OF INFECTIOUS AGENT ANTIBODY,50.0,20.0,16.77,50.0,30
HCPCS,86320,86320 IMMUNOLOGIC ANALYSIS TECHNIQUE ON SERUM,75.0,30.0,27.74,75.0,30
HCPCS,86325,86325 IMMUNOLOGIC ANALYSIS TECHNIQUE ON BODY FLUID,75.0,30.0,21.44,67.5,30
HCPCS,86329,86329 IMMUNOLOGIC ANALYSIS TECHNIQUE,75.0,30.0,13.03,67.5,30
HCPCS,86331,86331 IMMUNOLOGIC ANALYSIS FOR DETECTION OF ANTIGEN OR ANTIBODY,75.0,30.0,11.1,67.5,30
HCPCS,86332,86332 IMMUNE COMPLEX MEASUREMENT,75.0,30.0,22.59,68.48,30
HCPCS,86334,86334 IMMUNOLOGIC ANALYSIS TECHNIQUE ON SERUM (IMMUNOFIXATION),77.0,30.8,20.71,69.3,30
HCPCS,86335,86335 IMMUNOLOGIC ANALYSIS TECHNIQUE ON BODY FLUID,103.0,41.2,27.21,92.7,30
HCPCS,86336,86336 INHIBIN A (REPRODUCTIVE ORGAN HORMONE) MEASUREMENT,129.0,51.6,14.45,116.1,30
HCPCS,86337,86337 INSULIN ANTIBODY MEASUREMENT,172.0,68.8,19.85,154.8,30
HCPCS,86340,86340 INTRINSIC FACTOR (STOMACH PROTEIN) ANTIBODY MEASUREMENT,125.0,50.0,13.98,112.5,30
HCPCS,86341,86341 ISLET CELL (PANCREAS) ANTIBODY MEASUREMENT,162.0,64.8,23.57,145.8,24
HCPCS,86343,86343 WHITE BLOOD CELL HISTAMINE (IMMUNE SYSTEM CHEMICAL) RELEASE TEST,165.0,66.0,11.55,148.5,30
HCPCS,86344,86344 WHITE BLOOD CELL FUNCTION MEASUREMENT,50.0,20.0,9.63,45.0,30
HCPCS,86352,86352 ANALYSIS OF CELL FUNCTION AND ANALYSIS FOR GENETIC MARKER,413.0,165.2,116.76,381.77,24
HCPCS,86353,86353 WHITE BLOOD CELL FUNCTION MEASUREMENT,395.0,158.0,45.45,355.5,30
HCPCS,86355,86355 TOTAL CELL COUNT FOR B CELLS (WHITE BLOOD CELLS),162.0,64.8,34.98,145.8,30
HCPCS,86356,86356 WHITE BLOOD CELL ANTIGEN MEASUREMENT,150.0,60.0,24.82,135.0,30
HCPCS,86357,86357 TOTAL CELL COUNT FOR NATURAL KILLER CELLS (WHITE BLOOD CELL),114.0,45.6,34.98,106.02,30
HCPCS,86359,86359 T CELLS COUNT,206.0,82.4,34.98,185.4,30
HCPCS,86360,86360 T CELL COUNT AND RATIO,275.0,110.0,43.55,247.5,30
HCPCS,86361,86361 T CELL COUNT AND RATIO,75.0,30.0,24.82,75.0,30
HCPCS,86362,MOG-IGG1 ANTB CBA EACH,30.0,12.0,12.05,31.09,24
HCPCS,86363,MOG-IGG1 ANTB FLO CYTMTRY EA,30.0,12.0,14.46,75.0,24
HCPCS,86364,TISS TRNSGLTMNASE EA IG CLAS,29.0,11.6,11.53,30.92,24
HCPCS,86366,HC TEST FOR MUSCLE-SPECIFIC KINASE ANTIBODY,30.0,12.0,17.06,46.0,30
HCPCS,86367,86367 STEM CELLS COUNT,195.0,78.0,63.24,195.0,30
HCPCS,86376,86376 MICROSOMAL ANTIBODIES (AUTOANTIBODY) MEASUREMENT,139.0,55.6,13.49,125.1,30
HCPCS,86381,MITOCHONDRIAL ANTIBODY EACH,64.0,25.6,25.45,64.0,24
HCPCS,86382,86382 VIRAL NEUTRALIZATION TEST TO DETECT VIRAL ANTIBODY LEVEL,159.0,63.6,15.68,143.1,30
HCPCS,86384,86384 NITROBLUE TETRAZOLIUM DYE TEST TO MEASURE WHITE BLOOD CELL FUNCTION,50.0,20.0,12.62,45.0,30
HCPCS,86386,86386 PROTEIN TEST FOR DIAGNOSIS AND MONITORING OF BLADDER CANCER,50.0,20.0,21.78,54.45,24
HCPCS,86403,86403 SCREENING TEST FOR PRESENCE OF ANTIBODY,123.0,49.2,10.7,110.7,30
HCPCS,86406,86406 ANTIBODY LEVEL MEASUREMENT,69.0,27.6,9.87,62.1,30
HCPCS,86430,86430 RHEUMATOID FACTOR ANALYSIS,25.0,10.0,5.7,22.5,30
HCPCS,86431,86431 RHEUMATOID FACTOR LEVEL,101.0,40.4,5.25,90.9,30
HCPCS,86480,86480 TUBERCULOSIS TEST,105.0,42.0,57.45,154.95,30
HCPCS,86481,86481 TUBERCULOSIS TEST,250.0,100.0,92.7,250.0,30
HCPCS,86580,86580 SKIN TEST FOR TUBERCULOSIS,33.0,13.2,6.46,65.28,31
HCPCS,86580,TUBERCULIN 5 UNIT/0.1ML SOLN 1 ML VIAL,75.7,30.28,6.46,72.6,30
HCPCS,86580,TUBERCULIN 5 UNIT/0.1ML SOLN 5 ML VIAL,58.99,23.596,6.46,65.28,30
HCPCS,86581,TEST FOR STREPTOCOCCUS PNEUMONIA ANTIBODY,115.0,46.0,57.5,230.08,24
HCPCS,86592,86592 SYPHILIS DETECTION TEST,71.0,28.4,3.96,63.9,31
HCPCS,86593,86593 SYPHILIS TEST,49.0,19.6,4.08,44.1,31
HCPCS,86596,VOLTAGE-GTD CA CHNL ANTB EA,18.0,7.2,10.44,30.13,24
HCPCS,86602,86602 ANALYSIS FOR ANTIBODY TO ACTINOMYCES (BACTERIA),25.0,10.0,9.43,25.45,30
HCPCS,86603,86603 ANALYSIS FOR ANTIBODY TO ADENOVIRUS (RESPIRATORY VIRUS),50.0,20.0,11.93,45.0,30
HCPCS,86606,86606 ANALYSIS FOR ANTIBODY TO ASPERGILLUS (FUNGUS),74.0,29.6,13.96,66.6,30
HCPCS,86609,86609 ANALYSIS FOR ANTIBODY BACTERIA,89.0,35.6,11.94,80.1,30
HCPCS,86611,86611 ANALYSIS FOR ANTIBODY TO BARTONELLA (BACTERIA),76.0,30.4,9.43,68.4,30
HCPCS,86612,86612 ANALYSIS FOR ANTIBODY TO BLASTOMYCES (FUNGUS),99.0,39.6,11.96,89.1,30
HCPCS,86615,86615 ANALYSIS FOR ANTIBODY BORDETELLA (RESPIRATORY BACTERIA),80.0,32.0,12.23,72.0,30
HCPCS,86617,86617 CONFIRMATION TEST FOR ANTIBODY TO BORRELIA BURGDORFERI  LYME,62.0,24.8,14.36,55.8,30
HCPCS,86618,86618 ANALYSIS FOR ANTIBODY BORRELIA BURGDORFERI (LYME DISEASE BACTERIA),123.0,49.2,15.79,110.7,30
HCPCS,86619,86619 ANALYSIS FOR ANTIBODY TO BORRELIA (RELAPSING FEVER BACTERIA),50.0,20.0,12.4,45.0,30
HCPCS,86622,86622 ANALYSIS FOR ANTIBODY TO BRUCELLA (BACTERIA),81.0,32.4,8.28,72.9,30
HCPCS,86625,86625 ANALYSIS FOR ANTIBODY TO CAMPYLOBACTER (INTESTINAL BACTERIA),50.0,20.0,12.16,45.0,30
HCPCS,86631,86631 ANALYSIS FOR ANTIBODY TO CHLAMYDIA (BACTERIA),85.0,34.0,10.96,76.5,31
HCPCS,86632,86632 ANALYSIS FOR ANTIBODY (IGM) TO CHLAMYDIA (BACTERIA),95.0,38.0,11.75,85.5,31
HCPCS,86635,86635 ANALYSIS FOR ANTIBODY TO COCCIDIOIDES (BACTERIA),59.0,23.6,10.63,53.1,30
HCPCS,86638,86638 ANALYSIS FOR ANTIBODY TO COXIELLA BURNETII (Q FEVER BACTERIA),52.0,20.8,11.24,46.8,30
HCPCS,86641,86641 ANALYSIS FOR ANTIBODY TO CRYPTOCOCCUS (YEAST),50.0,20.0,13.36,45.0,30
HCPCS,86644,86644 ANALYSIS FOR ANTIBODY TO CYTOMEGALOVIRUS (CMV),52.0,20.8,13.34,46.8,30
HCPCS,86645,86645 ANALYSIS FOR ANTIBODY (IGM) TO CYTOMEGALOVIRUS (CMV),134.0,53.6,15.63,120.6,30
HCPCS,86648,86648 ANALYSIS FOR ANTIBODY TO DIPHTHERIA (BACTERIA),165.0,66.0,14.1,148.5,30
HCPCS,86651,86651 ANALYSIS FOR ANTIBODY TO LA CROSSE  CALIFORNIA  VIRUS  ENCEPHALITIS CA,85.0,34.0,12.23,76.5,30
HCPCS,86652,86652 ANALYSIS FOR ANTIBODY TO EASTERN EQUINE VIRUS (VIRAL ENCEPHALITIS),85.0,34.0,12.23,76.5,30
HCPCS,86653,86653 ANALYSIS FOR ANTIBODY TO ST. LOUIS VIRUS (VIRAL ENCEPHALITIS),85.0,34.0,12.23,76.5,30
HCPCS,86654,86654 ANALYSIS FOR ANTIBODY TO WESTERN EQUINE VIRUS (VIRAL ENCEPHALITIS),85.0,34.0,12.23,76.5,30
HCPCS,86658,86658 ANALYSIS FOR ANTIBODY TO ENTEROVIRUS (GASTROINTESTINAL VIRUS),85.0,34.0,12.08,76.5,30
HCPCS,86663,86663 ANALYSIS FOR ANTIBODY TO EPSTEIN-BARR VIRUS (MONONUCLEOSIS VIRUS),55.0,22.0,12.16,49.5,30
HCPCS,86664,86664 ANALYSIS FOR ANTIBODY TO EPSTEIN-BARR VIRUS (MONONUCLEOSIS VIRUS),129.0,51.6,14.17,116.1,30
HCPCS,86665,86665 ANALYSIS FOR ANTIBODY TO EPSTEIN-BARR VIRUS (MONONUCLEOSIS VIRUS),151.0,60.4,16.82,135.9,30
HCPCS,86666,86666 ANALYSIS FOR ANTIBODY TO EHRLICHIA (BACTERIA TRANSMITTED BY TICKS),109.0,43.6,9.43,98.1,30
HCPCS,86668,86668 ANALYSIS FOR ANTIBODY TO FRANCISELLA TULARENSIS  BACTERIA TRANSMITTED,58.0,23.2,13.12,52.2,30
HCPCS,86671,86671 ANALYSIS FOR ANTIBODY TO FUNGUS,58.0,23.2,11.36,52.2,30
HCPCS,86674,86674 ANALYSIS FOR ANTIBODY TO GIARDIA LAMBLIA (INTESTINAL PARASITE),58.0,23.2,13.65,52.2,30
HCPCS,86677,86677 ANALYSIS FOR ANTIBODY TO HELICOBACTER PYLORI (GASTROINTESTINAL BACTERIA),102.0,40.8,15.63,91.8,30
HCPCS,86682,86682 ANALYSIS FOR ANTIBODY TO HELMINTH (INTESTINAL WORM),123.0,49.2,12.06,110.7,30
HCPCS,86684,86684 ANALYSIS FOR ANTIBODY TO HAEMOPHILUS INFLUENZA (RESPIRATORY BACTERIA),150.0,60.0,14.69,135.0,30
HCPCS,86687,86687 ANALYSIS FOR ANTIBODY TO HUMAN T-CELL LYMPHOTROPIC VIRUS,105.0,42.0,8.43,94.5,30
HCPCS,86688,86688 ANALYSIS FOR ANTIBODY TO HUMAN T-CELL LYMPHOTROPIC VIRUS,94.0,37.6,12.98,84.6,30
HCPCS,86689,86689 CONFIRMATION TEST FOR ANTIBODY TO HUMAN T-CELL,194.0,77.6,17.94,174.6,30
HCPCS,86692,86692 ANALYSIS FOR ANTIBODY TO HEPATITIS D VIRUS,89.0,35.6,15.9,80.1,30
HCPCS,86694,86694 ANALYSIS FOR ANTIBODY TO HERPES SIMPLEX VIRUS,89.0,35.6,13.34,80.1,30
HCPCS,86695,86695 ANALYSIS FOR ANTIBODY TO HERPES SIMPLEX VIRUS,103.0,41.2,12.23,92.7,30
HCPCS,86696,86696 ANALYSIS FOR ANTIBODY TO HERPES SIMPLEX VIRUS,117.0,46.8,17.94,105.3,30
HCPCS,86698,86698 ANALYSIS FOR ANTIBODY TO HISTOPLASMA (FUNGUS),91.0,36.4,12.78,81.9,30
HCPCS,86701,86701 ANALYSIS FOR ANTIBODY TO HIV -1 VIRUS,99.0,39.6,8.24,89.1,30
HCPCS,86702,86702 ANALYSIS FOR ANTIBODY TO HIV-2 VIRUS,105.0,42.0,12.54,94.5,30
HCPCS,86703,86703 ANALYSIS FOR ANTIBODY TO HIV-1 AND HIV-2 VIRUS,108.0,43.2,12.71,97.2,30
HCPCS,86704,86704 HEPATITIS B CORE ANTIBODY MEASUREMENT,62.0,24.8,11.18,55.8,30
HCPCS,86705,86705 HEPATITIS B CORE ANTIBODY (IGM) MEASUREMENT,130.0,52.0,10.91,117.0,30
HCPCS,86706,86706 HEPATITIS B SURFACE ANTIBODY MEASUREMENT,62.0,24.8,9.96,55.8,30
HCPCS,86707,86707 HEPATITIS BE ANTIBODY MEASUREMENT,79.0,31.6,10.72,71.1,30
HCPCS,86708,86708 MEASUREMENT OF HEPATITIS A ANTIBODY,83.0,33.2,11.48,74.7,30
HCPCS,86709,86709 MEASUREMENT OF HEPATITIS A ANTIBODY (IGM),99.0,39.6,10.43,89.1,30
HCPCS,86710,86710 ANALYSIS FOR ANTIBODY TO INFLUENZA VIRUS,106.0,42.4,12.57,95.4,30
HCPCS,86711,86711 ANALYSIS FOR ANTIBODY TO JOHN CUNNINGHAM VIRUS,135.0,54.0,16.89,121.5,24
HCPCS,86713,86713 ANALYSIS FOR ANTIBODY TO LEGIONELLA (WATERBORNE BACTERIA),133.0,53.2,14.18,119.7,30
HCPCS,86717,86717 ANALYSIS FOR ANTIBODY TO LEISHMANIA (PARASITE),50.0,20.0,11.36,45.0,30
HCPCS,86720,86720 ANALYSIS FOR ANTIBODY TO LEPTOSPIRA,132.0,52.8,15.02,118.8,30
HCPCS,86723,86723 ANALYSIS FOR ANTIBODY TO LISTERIA MONOCYTOGENES (BACTERIA),50.0,20.0,12.23,45.0,30
HCPCS,86727,86727 ANALYSIS FOR ANTIBODY TO LYMPHOCYTIC CHORIOMENINGITIS,50.0,20.0,11.93,45.0,30
HCPCS,86735,86735 ANALYSIS FOR ANTIBODY TO MUMPS VIRUS,72.0,28.8,12.1,64.8,30
HCPCS,86738,86738 ANALYSIS FOR ANTIBODY TO MYCOPLASMA (BACTERIA),71.0,28.4,12.28,63.9,30
HCPCS,86741,86741 ANALYSIS FOR ANTIBODY TO NEISSERIA MENINGITIDIS (BACTERIAL MENINGITIS),50.0,20.0,12.23,45.0,30
HCPCS,86744,86744 ANALYSIS FOR ANTIBODY TO NOCARDIA (BACTERIA),50.0,20.0,14.82,45.0,30
HCPCS,86747,86747 ANALYSIS FOR ANTIBODY TO PARVOVIRUS,116.0,46.4,13.94,104.4,30
HCPCS,86750,86750 ANALYSIS FOR ANTIBODY TO PLASMODIUM (MALARIA PARASITE),50.0,20.0,12.23,45.0,30
HCPCS,86753,86753 ANALYSIS FOR ANTIBODY TO PROTOZOA (PARASITE),108.0,43.2,11.48,97.2,30
HCPCS,86756,86756 ANALYSIS FOR ANTIBODY TO RESPIRATORY SYNCYTIAL VIRUS (RSV),50.0,20.0,14.73,45.0,30
HCPCS,86757,86757 ANALYSIS FOR ANTIBODY TO RICKETTSIA (BACTERIA),67.0,26.8,17.94,60.3,30
HCPCS,86759,86759 ANALYSIS FOR ANTIBODY TO ROTAVIRUS (INTESTINAL VIRUS),50.0,20.0,16.9,50.0,30
HCPCS,86762,86762 ANALYSIS FOR ANTIBODY TO RUBELLA (GERMAN MEASLES VIRUS),102.0,40.8,13.34,91.8,30
HCPCS,86765,86765 ANALYSIS FOR ANTIBODY TO RUBEOLA (MEASLES VIRUS),69.0,27.6,11.94,62.1,30
HCPCS,86768,86768 ANALYSIS FOR ANTIBODY TO SALMONELLA (INTESTINAL BACTERIA),33.0,13.2,12.23,33.0,30
HCPCS,86769,86769 MEASURE OF SEVERE ACUTE RESPIRATORY SYNDROME CORONAVIRUS 2,105.0,42.0,39.06,105.33,31
HCPCS,86771,86771 ANALYSIS FOR ANTIBODY TO SHIGELLA (INTESTINAL BACTERIA),50.0,20.0,22.12,61.2,30
HCPCS,86774,86774 ANALYSIS FOR ANTIBODY TO TETANUS BACTERIA (CLOSTRIDIUM TETANUS),50.0,20.0,13.72,45.0,30
HCPCS,86777,86777 ANALYSIS FOR ANTIBODY TO TOXOPLASMA (PARASITE),120.0,48.0,13.34,108.0,30
HCPCS,86778,86778 ANALYSIS FOR ANTIBODY (IGM) TO TOXOPLASMA (PARASITE),136.0,54.4,13.36,122.4,30
HCPCS,86780,86780 ANALYSIS FOR ANTIBODY,96.0,38.4,12.28,86.4,31
HCPCS,86784,86784 ANALYSIS FOR ANTIBODY TO TRICHINELLA (WORM PARASITE),71.0,28.4,11.64,63.9,30
HCPCS,86787,86787 ANALYSIS FOR ANTIBODY TO VARICELLA-ZOSTER VIRUS (CHICKEN POX),116.0,46.4,11.94,104.4,30
HCPCS,86788,86788 ANALYSIS FOR ANTIBODY (IGM) TO WEST NILE VIRUS,130.0,52.0,15.63,117.0,30
HCPCS,86789,86789 ANALYSIS FOR ANTIBODY TO WEST NILE VIRUS,130.0,52.0,13.34,117.0,30
HCPCS,86790,86790 ANALYSIS FOR ANTIBODY TO VIRUS,78.0,31.2,11.94,70.2,30
HCPCS,86793,86793 ANALYSIS FOR ANTIBODY TO YERSINIA (BACTERIA),50.0,20.0,12.23,45.0,30
HCPCS,86794,ZIKA VIRUS IGM ANTIBODY,42.0,16.8,15.63,42.13,30
HCPCS,86800,86800 THYROGLOBULIN (THYROID PROTEIN) ANTIBODY MEASUREMENT,141.0,56.4,14.75,126.9,30
HCPCS,86803,86803 HEPATITIS C ANTIBODY MEASUREMENT,161.0,64.4,13.23,144.9,30
HCPCS,86804,86804 CONFIRMATION TEST FOR HEPATITIS C ANTIBODY,100.0,40.0,14.36,90.0,30
HCPCS,86805,86805 IMMUNOLOGIC ANALYSIS FOR AUTOIMMUNE DISEASE,394.0,157.6,87.66,473.78,30
HCPCS,86806,86806 IMMUNOLOGIC ANALYSIS FOR AUTOIMMUNE DISEASE,119.0,47.6,44.11,119.0,30
HCPCS,86807,86807 TRANSPLANT ANTIBODY MEASUREMENT,197.0,78.8,66.35,197.0,30
HCPCS,86812,86812 IMMUNOLOGIC ANALYSIS FOR AUTOIMMUNE DISEASE,65.0,26.0,23.93,65.0,30
HCPCS,86813,86813 IMMUNOLOGIC ANALYSIS FOR AUTOIMMUNE DISEASE,145.0,58.0,53.77,145.0,30
HCPCS,86813,HLA TYPING-RED CROSS,145.0,58.0,53.77,145.0,30
HCPCS,86816,86816 IMMUNOLOGIC ANALYSIS FOR AUTOIMMUNE DISEASE,510.0,204.0,27.96,459.0,30
HCPCS,86817,86817 IMMUNOLOGIC ANALYSIS FOR AUTOIMMUNE DISEASE,265.0,106.0,98.4,265.35,30
HCPCS,86821,86821 IMMUNOLOGIC ANALYSIS FOR AUTOIMMUNE DISEASE,100.0,40.0,33.89,100.0,30
HCPCS,86825,86825 IMMUNOLOGIC ANALYSIS FOR ORGAN TRANSPLANT,394.0,157.6,101.5,354.6,30
HCPCS,86826,86826 IMMUNOLOGIC ANALYSIS FOR ORGAN TRANSPLANT,131.0,52.4,33.87,117.9,30
HCPCS,86828,86828 ASSESSMENT OF ANTIBODIES TO CLASS I  CLASS II HUMAN LEUKOCYTE ANTIGENS,355.0,142.0,59.5,319.5,30
HCPCS,86830,86830 ASSESSMENT OF ANTIBODY TO HUMAN LEUKOCYTE ANTIGENS  HLA,319.0,127.6,88.55,287.1,30
HCPCS,86831,86831 ASSESSMENT OF ANTIBODY TO HUMAN LEUKOCYTE ANTIGENS  HLA,274.0,109.6,75.9,246.6,30
HCPCS,86832,86832 ASSESSMENT OF ANTIBODY TO HUMAN LEUKOCYTE ANTIGENS  HLA,810.0,324.0,209.28,810.0,30
HCPCS,86833,86833 ASSESSMENT OF ANTIBODY TO HUMAN LEUKOCYTE ANTIGENS  HLA,814.0,325.6,190.26,814.5,30
HCPCS,86834,86834 ASSESSMENT OF ANTIBODY TO HUMAN LEUKOCYTE ANTIGENS (HLA),894.0,357.6,331.45,894.0,30
HCPCS,86835,86835 ASSESSMENT OF ANTIBODY TO HUMAN LEUKOCYTE ANTIGENS  HLA,800.0,320.0,299.38,807.4,30
HCPCS,86849,86849 IMMUNOLOGY PROCEDURES,565.0,226.0,226.0,508.5,17
HCPCS,86850,86850 SCREENING TEST FOR RED BLOOD CELL ANTIBODIES,127.0,50.8,16.36,127.0,31
HCPCS,86860,86860 REMOVAL OF ANTIBODIES FROM SURFACE OF RED BLOOD CELL,381.0,152.4,25.57,384.55,31
HCPCS,86870,86870 IDENTIFICATION OF RED BLOOD CELL ANTIBODIES,744.0,297.6,25.57,809.07,31
HCPCS,86880,86880 RED BLOOD CELL ANTIBODY DETECTION TEST,142.0,56.8,9.0,142.0,31
HCPCS,86885,86885 RED BLOOD CELL ANTIBODY DETECTION TEST,381.0,152.4,9.59,384.55,31
HCPCS,86886,86886 RED BLOOD CELL ANTIBODY LEVEL,381.0,152.4,8.68,384.55,31
HCPCS,86900,86900 BLOOD GROUP TYPING (ABO),290.0,116.0,5.0,300.31,31
HCPCS,86901,86901 BLOOD TYPING FOR RH (D) ANTIGEN,75.0,30.0,5.0,84.31,31
HCPCS,86902,86902 SCREENING TEST FOR COMPATIBLE BLOOD UNIT,744.0,297.6,6.46,809.07,31
HCPCS,86904,86904 SCREENING TEST FOR COMPATIBLE BLOOD UNIT,75.0,30.0,15.94,133.15,31
HCPCS,86905,86905 BLOOD TYPING FOR RED BLOOD CELL ANTIGENS,744.0,297.6,6.41,809.07,31
HCPCS,86906,86906 BLOOD TYPING RH PHENOTYPING,87.0,34.8,13.0,87.0,31
HCPCS,86920,86920 BLOOD UNIT COMPATIBILITY TEST,381.0,152.4,25.57,384.55,31
HCPCS,86921,86921 BLOOD UNIT COMPATIBILITY TEST,350.0,140.0,16.36,384.55,31
HCPCS,86922,86922 BLOOD UNIT COMPATIBILITY TEST,381.0,152.4,25.57,384.55,31
HCPCS,86923,86923 BLOOD UNIT COMPATIBILITY TEST,381.0,152.4,16.36,384.55,31
HCPCS,86931,86931 THAWING OF BLOOD UNIT,500.0,200.0,59.15,497.27,31
HCPCS,86940,86940 RED BLOOD CELL ANTIBODY SCREENING TEST,25.0,10.0,8.13,24.64,30
HCPCS,86941,86941 RED BLOOD CELL ANTIBODY MEASUREMENT,50.0,20.0,11.23,45.0,30
HCPCS,86945,86945 IRRADIATION OF BLOOD PRODUCT,75.0,30.0,16.36,84.31,31
HCPCS,86965,86965 POOLING OF PLATELETS OR OTHER BLOOD PRODUCTS,381.0,152.4,25.57,384.55,31
HCPCS,86970,86970 PRETREATMENT OF RED BLOOD CELLS FOR USE IN RED BLOOD CELLS,87.0,34.8,16.36,133.15,31
HCPCS,86971,86971 PRETREATMENT OF RED BLOOD CELLS FOR USE IN RED BLOOD CELLS,500.0,200.0,16.36,497.27,31
HCPCS,86972,86972 PRETREATMENT OF RED BLOOD CELLS FOR USE IN RED BLOOD CELLS,350.0,140.0,25.57,384.55,31
HCPCS,86975,86975 PRETREATMENT OF SERUM FOR USE IN RED BLOOD CELL ANTIBODY ANALYSIS,650.0,260.0,25.57,1008.32,31
HCPCS,86976,86976 PRETREATMENT OF SERUM FOR USE IN RED BLOOD CELL ANTIBODY ANALYSIS,99.0,39.6,16.36,89.1,31
HCPCS,86977,86977 PRETREATMENT OF SERUM FOR USE IN RED BLOOD CELL ANTIBODY ANALYSIS,350.0,140.0,25.57,384.55,31
HCPCS,86978,86978 PRETREATMENT OF SERUM FOR USE IN RED BLOOD CELL ANTIBODY ANALYSIS,75.0,30.0,25.57,133.15,31
HCPCS,86985,86985 SPLITTING OF BLOOD OR BLOOD PRODUCTS,381.0,152.4,16.36,384.55,31
HCPCS,87015,87015 CONCENTRATION OF SPECIMEN FOR INFECTIOUS AGENTS,39.0,15.6,6.19,35.1,30
HCPCS,87040,87040 BACTERIAL BLOOD CULTURE,300.0,120.0,9.57,270.0,30
HCPCS,87045,87045 STOOL CULTURE,174.0,69.6,8.76,156.6,30
HCPCS,87046,87046 STOOL CULTURE,52.0,20.8,8.76,46.8,30
HCPCS,87070,87070 BACTERIAL CULTURE,179.0,71.6,7.99,161.1,30
HCPCS,87071,87071 BACTERIAL CULTURE AND COLONY COUNT,30.0,12.0,9.17,27.79,30
HCPCS,87075,87075 BACTERIAL CULTURE,180.0,72.0,8.78,162.0,30
HCPCS,87076,87076 BACTERIAL CULTURE FOR ANAEROBIC ISOLATES,105.0,42.0,7.49,94.5,30
HCPCS,87077,87077 BACTERIAL CULTURE FOR AEROBIC ISOLATES,95.0,38.0,7.49,85.5,30
HCPCS,87081,87081 SCREENING TEST FOR PATHOGENIC ORGANISMS,84.0,33.6,6.15,75.6,30
HCPCS,87086,87086 BACTERIAL COLONY COUNT,139.0,55.6,7.48,125.1,30
HCPCS,87088,87088 BACTERIAL URINE CULTURE,60.0,24.0,7.5,54.0,30
HCPCS,87101,87101 FUNGAL CULTURE (MOLD OR YEAST) OF SKIN,109.0,43.6,7.15,98.1,30
HCPCS,87102,87102 FUNGAL CULTURE (MOLD OR YEAST),139.0,55.6,7.8,125.1,30
HCPCS,87103,87103 FUNGAL BLOOD CULTURE (MOLD OR YEAST),127.0,50.8,15.12,114.3,30
HCPCS,87106,87106 FUNGAL CULTURE,53.0,21.2,9.57,47.7,30
HCPCS,87107,87107 CULTURE FOR IDENTIFICATION OF YEAST,100.0,40.0,9.57,90.0,30
HCPCS,87109,87109 MYCOPLASMA CULTURE,144.0,57.6,14.27,129.6,30
HCPCS,87110,87110 CULTURE FOR CHLAMYDIA,133.0,53.2,18.17,119.7,30
HCPCS,87116,87116 CULTURE FOR ACID-FAST BACILLI,157.0,62.8,10.01,141.3,30
HCPCS,87118,87118 IDENTIFICATION OF MYCOBACTERIA (TB OR TB LIKE ORGANISM),38.0,15.2,13.54,38.0,30
HCPCS,87140,87140 IDENTIFICATION OF ORGANISMS BY IMMUNOLOGIC ANALYSIS,57.0,22.8,5.16,51.3,30
HCPCS,87147,87147 IDENTIFICATION OF ORGANISMS BY IMMUNOLOGIC ANALYSIS,54.0,21.6,4.8,48.6,30
HCPCS,87149,87149 IDENTIFICATION OF ORGANISMS BY GENETIC ANALYSIS,50.0,20.0,18.59,50.13,30
HCPCS,87150,87150 IDENTIFICATION OF ORGANISMS BY GENETIC ANALYSIS,75.0,30.0,32.53,87.73,30
HCPCS,87150,DNA/RNA AMPLIFIED PROBE,75.0,30.0,32.53,87.73,60
HCPCS,87150,ORGANISM IDENTIFICATION BY DNA/RNA AMPLIFIED PROBE,120.0,48.0,32.53,108.0,30
HCPCS,87153,87153 IDENTIFICATION OF ORGANISMS BY NUCLEIC ACID SEQUENCING METHOD,400.0,160.0,106.93,360.0,30
HCPCS,87153,DNA/RNA SEQUENCING,396.0,158.4,106.93,356.4,30
HCPCS,87154,CUL TYP ID BLD PTHGN 6+ TRGT,545.0,218.0,218.06,545.15,24
HCPCS,87164,87164 DARK FIELD MICROSCOPIC EXAMINATION FOR ORGANISM,27.0,10.8,9.25,27.0,30
HCPCS,87168,87168 MACROSCOPIC EXAMINATION (VISUAL INSPECTION) OF INSECT,25.0,10.0,3.96,22.5,30
HCPCS,87169,87169 MACROSCOPIC EXAMINATION (VISUAL INSPECTION) OF PARASITE,30.0,12.0,4.0,27.0,30
HCPCS,87172,87172 PINWORM TEST,11.0,4.4,3.96,11.0,30
HCPCS,87176,87176 TISSUE PREPARATION FOR CULTURE,20.0,8.0,5.45,18.0,30
HCPCS,87177,87177 SMEAR FOR PARASITES,56.0,22.4,8.25,50.4,30
HCPCS,87181,87181 EVALUATION OF ANTIMICROBIAL DRUG (ANTIBIOTIC,50.0,20.0,4.41,45.0,30
HCPCS,87184,87184 EVALUATION OF ANTIMICROBIAL DRUG (ANTIBIOTIC,92.0,36.8,6.93,82.8,30
HCPCS,87185,87185 DETECTION OF ANTIMICROBIAL DRUG (ANTIBIOTIC,16.0,6.4,4.41,14.4,30
HCPCS,87186,87186 EVALUATION OF ANTIMICROBIAL DRUG (ANTIBIOTIC,136.0,54.4,8.02,122.4,30
HCPCS,87187,87187 EVALUATION OF ANTIMICROBIAL DRUG (ANTIBIOTIC,100.0,40.0,17.38,100.43,30
HCPCS,87188,87188 EVALUATION OF ANTIMICROBIAL DRUG (ANTIBIOTIC,90.0,36.0,6.16,81.0,30
HCPCS,87190,87190 ANTIMICROBIAL STUDY,25.0,10.0,6.78,22.5,30
HCPCS,87197,87197 EVALUATION OF ANTIBIOTIC THERAPY,50.0,20.0,13.93,45.0,30
HCPCS,87205,SPECIAL GRAM OR GIEMSA STAIN FOR MICROORGANISM,79.0,31.6,3.96,71.1,30
HCPCS,87206,SPECIAL FLUORESCENT AND/OR ACID FAST STAIN FOR MICROORGANISM,99.0,39.6,5.0,89.1,30
HCPCS,87207,SPECIAL STAIN FOR INCLUSION BODIES OR PARASITES,99.0,39.6,5.55,89.1,30
HCPCS,87209,SPECIAL STAIN FOR PARASITES,99.0,39.6,16.67,89.1,30
HCPCS,87210,SMEAR FOR INFECTIOUS AGENTS,25.0,10.0,5.4,22.5,30
HCPCS,87220,TISSUE FUNGI OR PARASITES,73.0,29.2,3.96,65.7,30
HCPCS,87230,C. DIFFICILE TOXIN ANTIBODY,49.0,19.6,18.3,49.35,30
HCPCS,87230,MICROBIAL TOXIN OR ANTITOXIN ASSAY,99.0,39.6,18.3,89.1,30
HCPCS,87252,87252 TISSUE CULTURE INOCULATION FOR VIRUS ISOLATION,170.0,68.0,24.16,153.0,30
HCPCS,87253,87253 TISSUE CULTURE FOR VIRUS ISOLATION,102.0,40.8,18.73,91.8,30
HCPCS,87254,87254 VIRUS ISOLATION,144.0,57.6,18.13,129.6,30
HCPCS,87255,87255 VIRUS ISOLATION,129.0,51.6,31.38,116.1,30
HCPCS,87260,87260 DETECTION TEST FOR ADENOVIRUS (VIRUS),36.0,14.4,13.38,36.08,30
HCPCS,87265,87265  TEST FOR BORDETELLA PERTUSSIS OR PARAPERTUSSIS  RESPIRATORY BACTERIA,32.0,12.8,11.1,32.0,30
HCPCS,87267,87267 DETECTION TEST FOR ENTEROVIRUS (INTESTINAL VIRUS),34.0,13.6,12.44,34.0,30
HCPCS,87270,87270 DETECTION TEST BY IMMUNOFLUORESCENT TECHNIQUE FOR CHLAMYDIA,32.0,12.8,11.1,32.0,30
HCPCS,87271,87271 DETECTION TEST BY IMMUNOFLUORESCENT TECHNIQUE FOR CYTOMEGALOVIRUS (CMV),34.0,13.6,12.44,34.0,30
HCPCS,87272,87272   IMMUNOFLUORESCENT TECHNIQUE FOR CRYPTOSPORIDIUM  PARASITE,32.0,12.8,11.1,32.0,30
HCPCS,87274,87274   IMMUNOFLUORESCENT TECHNIQUE FOR HERPES SIMPLEX VIRUS TYPE 1,32.0,12.8,11.1,32.0,30
HCPCS,87275,87275 DETECTION TEST BY IMMUNOFLUORESCENT TECHNIQUE FOR INFLUENZA B VIRUS,31.0,12.4,11.36,31.0,30
HCPCS,87276,87276 DETECTION TEST BY IMMUNOFLUORESCENT TECHNIQUE FOR INFLUENZA A VIRUS,40.0,16.0,14.89,40.18,30
HCPCS,87278,87278   IMMUNOFLUORESCENT TECHNIQUE FOR LEGIONELLA PNEUMOPHILA,40.0,16.0,14.46,40.0,30
HCPCS,87280,87280   IMMUNOFLUORESCENT TECHNIQUE FOR RESPIRATORY SYNCYTIAL VIRUS  RSV,34.0,13.6,12.44,34.0,30
HCPCS,87281,87281   IMMUNOFLUORESCENT TECHNIQUE FOR PNEUMOCYSTIS CARINII,32.0,12.8,11.1,32.0,30
HCPCS,87285,87285   IMMUNOFLUORESCENT TECHNIQUE FOR TREPONEMA PALLIDUM  SYPHILIS ORGANISM,32.0,12.8,11.29,32.0,30
HCPCS,87290,87290   IMMUNOFLUORESCENT TECHNIQUE FOR VARICELLA  CHICKEN POX  ZOSTER VIRUS,34.0,13.6,12.44,34.0,30
HCPCS,87299,87299 DETECTION TEST BY IMMUNOFLUORESCENT TECHNIQUE FOR ORGANISM,50.0,20.0,14.92,45.24,30
HCPCS,87301,87301 DETECTION TEST BY IMMUNOASSAY TECHNIQUE FOR ADENOVIRUS ENTERIC TYPES 40/41,30.0,12.0,11.1,30.0,30
HCPCS,87305,87305 DETECTION TEST BY IMMUNOASSAY TECHNIQUE FOR ASPERGILLUS (FUNGUS),165.0,66.0,11.1,148.5,30
HCPCS,87324,87324   IMMUNOASSAY TECHNIQUE FOR CLOSTRIDIUM DIFFICILE TOXINS  STOOL PATHOGEN,32.0,12.8,11.1,32.0,30
HCPCS,87327,IAAD IA CRYPTOCOCCUS NEOFORMANS,37.0,14.8,12.44,37.0,30
HCPCS,87328,87328 DETECTION TEST BY IMMUNOASSAY TECHNIQUE FOR CRYPTOSPORIDIUM (PARASITE),75.0,30.0,12.81,67.5,30
HCPCS,87329,87329 DETECTION TEST BY IMMUNOASSAY TECHNIQUE FOR GIARDIA (INTESTINAL PARASITE),75.0,30.0,11.1,67.5,30
HCPCS,87332,87332 DETECTION TEST BY IMMUNOASSAY TECHNIQUE FOR CYTOMEGALOVIRUS,32.0,12.8,11.1,32.0,30
HCPCS,87335,87335   IMMUNOASSAY TECHNIQUE FOR ESCHERICHIA COLI 0157  E. COLI,32.0,12.8,11.73,32.0,30
HCPCS,87337,87337   IMMUNOASSAY TECHNIQUE FOR ENTAMOEBA HISTOLYTICA GROUP  PARASITE,32.0,12.8,11.1,32.0,30
HCPCS,87338,87338   IMMUNOASSAY TECHNIQUE FOR HELICOBACTER PYLORI  GI,155.0,62.0,13.33,139.5,30
HCPCS,87339,87339   IMMUNOASSAY TECHNIQUE FOR HELICOBACTER PYLORI  GI TRACT BACTERIA,40.0,16.0,14.83,40.0,30
HCPCS,87340,87340 DETECTION TEST BY IMMUNOASSAY TECHNIQUE FOR HEPATITIS B SURFACE ANTIGEN,100.0,40.0,9.58,90.0,30
HCPCS,87341,87341   IMMUNOASSAY TECHNIQUE FOR HEPATITIS B SURFACE ANTIGEN NEUTRALIZATION,79.0,31.6,9.58,71.1,30
HCPCS,87350,87350 DETECTION TEST BY IMMUNOASSAY TECHNIQUE FOR HEPATITIS BE SURFACE ANTIGEN,67.0,26.8,10.69,60.3,30
HCPCS,87380,87380 DETECTION TEST BY IMMUNOASSAY TECHNIQUE FOR HEPATITIS D,50.0,20.0,17.02,50.0,30
HCPCS,87385,87385   IMMUNOASSAY TECHNIQUE FOR HISTOPLASMA CAPSULATUM  PARASITE,192.0,76.8,12.29,172.8,30
HCPCS,87389,87389   IMMUNOASSAY TECHNIQUE FOR HIV-1 ANTIGEN  HIV-1  HIV-2 ANTIBODIES,100.0,40.0,22.32,90.0,30
HCPCS,87390,87390 DETECTION TEST BY IMMUNOASSAY TECHNIQUE FOR HIV-1 ANTIGEN,60.0,24.0,22.3,60.15,30
HCPCS,87391,87391 DETECTION TEST BY IMMUNOASSAY TECHNIQUE FOR HIV-2 ANTIGEN,55.0,22.0,20.3,55.0,30
HCPCS,87400,87400 DETECTION TEST BY IMMUNOASSAY TECHNIQUE FOR INFLUENZA VIRUS,35.0,14.0,13.1,35.33,30
HCPCS,87420,87420   IMMUNOASSAY TECHNIQUE FOR RESPIRATORY SYNCYTIAL VIRUS  RSV,37.0,14.8,12.9,37.0,30
HCPCS,87425,87425 DETECTION TEST BY IMMUNOASSAY TECHNIQUE FOR ROTAVIRUS,163.0,65.2,11.1,146.7,30
HCPCS,87426,87426   IMMUNOASSAY TECHNIQUE FOR SEVERE ACUTE RESPIRATORY SYNDROME CORONAVIRUS,100.0,40.0,19.66,99.28,31
HCPCS,87427,87427   IMMUNOASSAY TECHNIQUE FOR SHIGA-LIKE TOXIN  BACTERIAL TOXIN,45.0,18.0,11.1,40.5,30
HCPCS,87428,SARSCOV INF VIR AB AG IA,93.0,37.2,19.67,175.73,31
HCPCS,87430,87430 DETECTION TEST BY IMMUNOASSAY TECHNIQUE FOR STREPTOCOCCUS,44.0,17.6,15.58,44.0,30
HCPCS,87449,87449 DETECTION TEST BY IMMUNOASSAY TECHNIQUE FOR OTHER ORGANISM,148.0,59.2,11.1,133.2,30
HCPCS,87467,HEPATITIS B SURFACE AG QUAN,38.0,15.2,18.06,63.3,30
HCPCS,87468,ANAPLSMA PHGCYTOPHLM AMP PRB,88.0,35.2,32.53,88.0,30
HCPCS,87469,BABESIA MICROTI AMP PRB,88.0,35.2,32.53,88.0,30
HCPCS,87471,87471  BY NUCLEIC ACID BARTONELLA HENSELAE  BARTONELLA QUINTANA  BACTERIA,419.0,167.6,32.53,377.1,30
HCPCS,87476,87476 DETECTION BY NUCLEIC ACID FOR BORRELIA BURGDORFERI (BACTERIA),349.0,139.6,32.53,314.1,30
HCPCS,87480,87480 DETECTION TEST FOR CANDIDA SPECIES (YEAST),50.0,20.0,18.59,50.13,30
HCPCS,87481,87481 DETECTION TEST FOR CANDIDA SPECIES (YEAST),121.0,48.4,32.53,108.9,30
HCPCS,87483,87483 TEST FOR DETECTING NUCLEIC ACID OF ORGANISM CA INFECTION,1418.0,567.2,386.35,1276.2,30
HCPCS,87484,EHRLICHA CHAFFEENSIS AMP PRB,88.0,35.2,32.53,88.0,30
HCPCS,87486,87486 DETECTION TEST BY NUCLEIC ACID FOR CHLAMYDIA PNEUMONIAE,157.0,62.8,32.53,141.3,30
HCPCS,87491,87491 DETECTION TEST BY NUCLEIC ACID FOR CHLAMYDIA TRACHOMATIS,168.0,67.2,32.53,151.2,30
HCPCS,87493,87493 DETECTION TEST BY NUCLEIC ACID FOR CLOSTRIDIUM DIFFICILE,139.0,55.6,34.55,125.1,30
HCPCS,87496,87496 DETECTION TEST BY NUCLEIC ACID FOR CYTOMEGALOVIRUS (CMV),290.0,116.0,32.53,261.0,30
HCPCS,87497,87497 DETECTION TEST BY NUCLEIC ACID FOR CYTOMEGALOVIRUS,364.0,145.6,39.72,327.6,30
HCPCS,87498,87498 DETECTION TEST BY NUCLEIC ACID FOR ENTEROVIRUS (INTESTINAL VIRUS),275.0,110.0,32.53,247.5,30
HCPCS,87502,87502 DETECTION TEST BY NUCLEIC ACID FOR MULTIPLE TYPES INFLUENZA VIRUS,240.0,96.0,88.81,240.0,30
HCPCS,87503,87503 DETECTION TEST BY NUCLEIC ACID FOR MULTIPLE TYPES INFLUENZA VIRUS,73.0,29.2,27.09,73.05,30
HCPCS,87506,87506 DETECTION TEST BY NUCLEIC ACID FOR DIGESTIVE TRACT PATHOGEN,732.0,292.8,243.79,732.0,30
HCPCS,87507,87507 DETECTION TEST BY NUCLEIC ACID FOR DIGESTIVE TRACT PATHOGEN,1250.0,500.0,386.35,1171.15,30
HCPCS,87510,87510 DETECTION TEST FOR GARDNERELLA VAGINALIS (BACTERIA),55.0,22.0,18.59,55.0,30
HCPCS,87511,87511 DETECTION TEST FOR GARDNERELLA VAGINALIS (BACTERIA),88.0,35.2,32.53,88.0,30
HCPCS,87512,87512 DETECTION TEST FOR GARDNERELLA VAGINALIS (BACTERIA),140.0,56.0,38.71,126.0,30
HCPCS,87516,87516 DETECTION TEST BY NUCLEIC ACID FOR HEPATITIS B VIRUS,117.0,46.8,32.53,105.3,30
HCPCS,87517,87517 DETECTION TEST BY NUCLEIC ACID FOR HEPATITIS B VIRUS,300.0,120.0,39.72,270.0,30
HCPCS,87521,87521 DETECTION TEST BY NUCLEIC ACID FOR HEPATITIS C VIRUS,275.0,110.0,32.53,247.5,30
HCPCS,87522,87522 DETECTION TEST BY NUCLEIC ACID FOR HEPATITIS C VIRUS,200.0,80.0,39.72,180.0,30
HCPCS,87526,87526 DETECTION TEST BY NUCLEIC ACID FOR HEPATITIS G VIRUS,200.0,80.0,36.39,180.0,30
HCPCS,87529,87529 DETECTION TEST BY NUCLEIC ACID FOR HERPES SIMPLEX VIRUS,243.0,97.2,32.53,218.7,30
HCPCS,87530,87530 DETECTION TEST BY NUCLEIC ACID FOR HERPES SIMPLEX VIRUS,297.0,118.8,39.72,267.3,30
HCPCS,87532,87532 DETECTION TEST BY NUCLEIC ACID FOR HERPES VIRUS-6,299.0,119.6,32.53,269.1,30
HCPCS,87533,87533 DETECTION TEST BY NUCLEIC ACID FOR HERPES VIRUS-6,339.0,135.6,38.71,305.1,30
HCPCS,87535,87535 DETECTION TEST BY NUCLEIC ACID FOR HIV-1 VIRUS,296.0,118.4,32.53,266.4,30
HCPCS,87536,87536 DETECTION TEST BY NUCLEIC ACID FOR HIV-1 VIRUS,520.0,208.0,78.89,468.0,30
HCPCS,87538,87538 DETECTION TEST BY NUCLEIC ACID FOR HIV-2 VIRUS,88.0,35.2,32.53,88.0,30
HCPCS,87539,87539 DETECTION TEST BY NUCLEIC ACID FOR HIV-2 VIRUS,147.0,58.8,54.34,147.0,30
HCPCS,87541,87541   NUCLEIC ACID FOR LEGIONELLA PNEUMOPHILA  WATER BORNE BACTERIA,193.0,77.2,32.53,173.7,30
HCPCS,87551,87551 DETECTION TEST BY NUCLEIC ACID FOR MYCOBACTERIA SPECIES (BACTERIA),120.0,48.0,44.72,120.6,30
HCPCS,87556,87556 DETECTION TEST BY NUCLEIC ACID FOR MYCOBACTERIA TUBERCULOSIS (TB BACTERIA),284.0,113.6,38.64,255.6,30
HCPCS,87561,87561   NUCLEIC ACID FOR MYCOBACTERIA AVIUM-INTRACELLULARE  BACTERIA,75.0,30.0,32.53,87.73,30
HCPCS,87563,MYCOPLASMA GENITALIUM,88.0,35.2,32.53,88.0,30
HCPCS,87564,DETECTION TEST BY NUCLEIC ACID FOR MYCOBACTERIUM RCULOSIS RIFAMPIN RESISTANCE,116.0,46.4,67.28,191.93,24
HCPCS,87581,87581 DETECTION TEST BY NUCLEIC ACID FOR MYCOPLASMA PNEUMONIAE (BACTERIA),193.0,77.2,32.53,173.7,30
HCPCS,87591,87591   NUCLEIC ACID FOR NEISSERIA GONORRHOEAE  GONORRHOEAE BACTERIA,188.0,75.2,32.53,169.2,30
HCPCS,87594,DETECTION TEST BY NUCLEIC ACID FOR PNEUMOCYSTIS,250.0,100.0,35.09,225.0,24
HCPCS,87624,87624 DETECTION TEST BY NUCLEIC ACID FOR HUMAN PAPILLOMAVIRUS (HPV),96.0,38.4,32.53,96.0,30
HCPCS,87626,HPV SEP HI-RSK TYPANDPOOL RSLT,176.0,70.4,65.08,176.0,26
HCPCS,87631,87631 DETECTION TEST BY NUCLEIC ACID FOR MULTIPLE TYPES OF RESPIRATORY VIRUS,470.0,188.0,142.63,423.0,24
HCPCS,87632,87632 DETECTION TEST BY NUCLEIC ACID FOR MULTIPLE TYPES OF RESPIRATORY VIRUS,732.0,292.8,218.06,658.8,24
HCPCS,87633,87633 DETECTION TEST BY NUCLEIC ACID FOR MULTIPLE TYPES OF RESPIRATORY VIRUS,1383.0,553.2,386.35,1244.7,30
HCPCS,87635,SARS COV-2 RNA INFECTIOUS AGENT DETECTION BY NUCLEIC ACID HIGH THROUGHPU,250.0,100.0,47.57,225.0,31
HCPCS,87637,HC IADNA SARSCOV2 AND INF AANDB AND RSV MULT AMP PROBE TQ,357.0,142.8,132.22,357.0,31
HCPCS,87641,87641 DETECTION TEST BY NUCLEIC ACID FOR STAPHYLOCOCCUS AUREUS,203.0,81.2,32.53,182.7,30
HCPCS,87651,87651 DETECTION TEST BY NUCLEIC ACID FOR STREP (STREPTOCOCCUS,120.0,48.0,32.53,108.0,30
HCPCS,87653,87653 DETECTION TEST BY NUCLEIC ACID FOR STREP (STREPTOCOCCUS,138.0,55.2,32.53,124.2,30
HCPCS,87660,87660   NUCLEIC ACID FOR TRICHOMONAS VAGINALIS  GENITAL PARASITE,55.0,22.0,18.59,55.0,30
HCPCS,87661,87661   NUCLEIC ACID FOR TRICHOMONAS VAGINALIS  GENITAL PARASITE,121.0,48.4,32.53,108.9,30
HCPCS,87662,87662 DETECTION TEST BY NUCLEIC ACID FOR ZIKA VIRUS,128.0,51.2,47.57,128.28,30
HCPCS,87797,87797 DETECTION TEST BY NUCLEIC ACID FOR ORGANISM,75.0,30.0,27.84,75.08,30
HCPCS,87798,87798 DETECTION TEST BY NUCLEIC ACID FOR ORGANISM,120.0,48.0,32.53,108.0,30
HCPCS,87799,87799 DETECTION TEST BY NUCLEIC ACID FOR ORGANISM,391.0,156.4,39.72,351.9,30
HCPCS,87800,87800 DETECTION TEST BY NUCLEIC ACID FOR MULTIPLE ORGANISMS,200.0,80.0,40.48,180.0,30
HCPCS,87801,87801 DETECTION TEST BY NUCLEIC ACID FOR MULTIPLE ORGANISMS,398.0,159.2,65.08,358.2,30
HCPCS,87802,87802   IMMUNOASSAY WITH DIRECT VISUAL OBSERVATION FOR STREPTOCOCCUS,32.0,12.8,11.8,32.0,30
HCPCS,87803,87803   IMMUNOASSAY WITH DIRECT VISUAL OBSERVATION FOR CLOSTRIDIUM,40.0,16.0,14.83,40.0,30
HCPCS,87804,87804   IMMUNOASSAY WITH DIRECT VISUAL OBSERVATION FOR INFLUENZA VIRUS,50.0,20.0,15.35,46.51,30
HCPCS,87806,87806   IMMUNOASSAY WITH DIRECT VISUAL OBSERVATION FOR HIV-1 ANTIGEN,90.0,36.0,30.37,90.0,30
HCPCS,87807,87807   IMMUNOASSAY WITH DIRECT VISUAL OBSERVATION,50.0,20.0,12.14,45.0,30
HCPCS,87808,87808   IMMUNOASSAY WITH DIRECT VISUAL OBSERVATION FOR TRICHO,42.0,16.8,14.17,42.0,30
HCPCS,87880,87880   IMMUNOASSAY WITH DIRECT VISUAL OBSERVATION FOR STREPTOCOCCUS,50.0,20.0,15.33,46.45,30
HCPCS,87899,87899   IMMUNOASSAY WITH DIRECT VISUAL OBSERVATION FOR OTHER ORGANISM,95.0,38.0,14.89,85.5,30
HCPCS,87899,CAMPYLOBACTER IMMUNOASSAY BY DOO,95.0,38.0,14.89,85.5,30
HCPCS,87899,CRYPTOCOCCUS AG SCREEN LFA U,43.0,17.2,14.89,43.0,30
HCPCS,87899,SHIGA TOXIN 1 IMMUNOASSAY BY DOO,95.0,38.0,14.89,85.5,30
HCPCS,87899,SHIGA TOXIN 2 IMMUNOASSAY BY DOO,95.0,38.0,14.89,85.5,30
HCPCS,87900,87900 INFECTIOUS AGENT DRUG SUSCEPTIBILITY ANALYSIS,450.0,180.0,120.84,405.0,30
HCPCS,87901,87901 ANALYSIS TEST BY NUCLEIC ACID FOR HIV-1 VIRUS,1095.0,438.0,257.45,985.5,24
HCPCS,87902,87902 ANALYSIS TEST BY NUCLEIC ACID FOR HEPATITIS C VIRUS,1017.0,406.8,238.66,915.3,30
HCPCS,87903,87903 ANALYSIS TEST BY NUCLEIC ACID FOR HIV-1 VIRUS,1676.0,670.4,488.66,1508.4,24
HCPCS,87904,87904 ANALYSIS TEST BY NUCLEIC ACID FOR HIV-1 VIRUS,65.0,26.0,26.07,65.18,24
HCPCS,87905,87905 INFECTIOUS AGENT ENZYMATIC ACTIVITY TO DETECT ORGANISM,42.0,16.8,11.33,37.8,30
HCPCS,87906,87906 ANALYSIS TEST BY NUCLEIC ACID FOR HIV-1 VIRUS,532.0,212.8,119.34,478.8,30
HCPCS,87910,87910 ANALYSIS TEST BY NUCLEIC ACID FOR CYTOMEGALOVIRUS,885.0,354.0,257.45,796.5,24
HCPCS,87912,87912 ANALYSIS TEST BY NUCLEIC ACID FOR HEPATITIS B VIRUS,772.0,308.8,257.45,723.43,24
HCPCS,87913,NFCT AGENT GENOTYPE ALYS NUCLEIC ACID SARSCOV2,0.01,0.01,0.01,0.01,31
HCPCS,87999,87999 UNLISTED MICROBIOLOGY PROCEDURE,2500.0,1000.0,1000.0,2250.0,17
HCPCS,88104,88104 CELL EXAMINATION OF BODY FLUID,91.0,36.4,18.32,91.0,31
HCPCS,88104,CYTOPATH FL NONGYN SMEARS,87.0,34.8,18.32,87.0,31
HCPCS,88106,88106 CELL EXAMINATION OF BODY FLUID,66.0,26.4,18.32,66.0,31
HCPCS,88108,88108 CELL EXAMINATION OF SPECIMEN,82.0,32.8,30.81,84.31,31
HCPCS,88108,CYTOPATH CONCENTRATE TECH,75.0,30.0,30.81,84.31,31
HCPCS,88112,88112 CELL EXAMINATION OF SPECIMEN,124.0,49.6,39.3,124.0,31
HCPCS,88112,CYTOPATH CELL ENHANCE TECH,127.0,50.8,39.3,127.0,31
HCPCS,88120,88120 CELL EXAMINATION OF URINE,1182.0,472.8,67.7,1063.8,31
HCPCS,88121,88121 CELL EXAMINATION OF URINE,750.0,300.0,67.7,675.0,31
HCPCS,88125,88125 FORENSIC (INVESTIGATION) EXAMINATION OF SPECIMEN,127.0,50.8,18.32,127.0,31
HCPCS,88142,88142 PAP TEST,100.0,40.0,18.78,90.0,30
HCPCS,88142,CYTOPATH C/V THIN LAYER,100.0,40.0,18.78,90.0,30
HCPCS,88155,88155 PAP TEST,25.0,10.0,10.04,36.63,30
HCPCS,88160,HC CYTOPATH SMEAR OTHER SOURCE,78.0,31.2,18.32,72.6,31
HCPCS,88161,88161 SCREENING EXAMINATION OF SPECIMEN CELLS,63.0,25.2,18.32,65.28,31
HCPCS,88162,88162 SCREENING EXAMINATION OF SPECIMEN CELLS,127.0,50.8,39.3,127.0,31
HCPCS,88164,88164 PAP TEST,50.0,20.0,16.86,50.0,30
HCPCS,88172,88172 EVALUATION OF FINE NEEDLE ASPIRATE,381.0,152.4,39.3,384.55,31
HCPCS,88172,CYTP DX EVAL FNA 1ST EA SITE,381.0,152.4,39.3,384.55,31
HCPCS,88173,CYTOPATH EVAL FNA REPORT,127.0,50.8,39.3,127.0,62
HCPCS,88175,88175 PAP TEST,100.0,40.0,24.67,90.0,30
HCPCS,88177,CYTP FNA EVAL EA ADDL,125.0,50.0,13.25,112.5,17
HCPCS,88182,88182 FLOW CYTOMETRY TECHNIQUE FOR DNA OR CELL ANALYSIS,127.0,50.8,39.3,127.0,31
HCPCS,88184,88184 FLOW CYTOMETRY TECHNIQUE FOR DNA OR CELL ANALYSIS,744.0,297.6,18.32,809.07,31
HCPCS,88184,FLOWCYTOMETRY/ TC 1 MARKER,744.0,297.6,18.32,809.07,31
HCPCS,88185,88185 FLOW CYTOMETRY TECHNIQUE FOR DNA OR CELL ANALYSIS,196.0,78.4,18.32,176.4,17
HCPCS,88185,ALPS PANEL FLOW CYTOM ADDL MKR,196.0,78.4,18.32,176.4,17
HCPCS,88185,FLOWCYTOMETRY/TC ADD-ON,588.0,235.2,18.32,529.2,17
HCPCS,88199,88199 CYTOPATHOLOGY PROCEDURES,127.0,50.8,7.4,127.0,31
HCPCS,88230,88230 TISSUE CULTURE TO IDENTIFY WHITE BLOOD CELL DISORDERS,291.0,116.4,107.99,291.23,30
HCPCS,88233,88233 TISSUE CULTURE TO IDENTIFY SKIN DISORDERS,556.0,222.4,130.46,500.4,30
HCPCS,88235,88235 TISSUE CULTURE FOR DISORDERS OF AMNIOTIC FLUID OR PLACENTA CELLS,540.0,216.0,150.3,486.0,24
HCPCS,88237,88237 TISSUE CULTURE FOR TUMOR DISORDERS OF BONE MARROW AND BLOOD CELLS,554.0,221.6,133.26,498.6,30
HCPCS,88239,88239 TISSUE CULTURE FOR TUMOR DISORDERS,541.0,216.4,136.75,486.9,30
HCPCS,88240,88240 CRYOPRESERVATION,94.0,37.6,12.11,84.6,30
HCPCS,88241,88241 THAWING AND EXPANSION OF FROZEN CELLS,62.0,24.8,11.21,55.8,30
HCPCS,88245,88245 CHROMOSOME ANALYSIS FOR GENETIC DEFECTS,433.0,173.2,160.53,433.0,30
HCPCS,88248,88248 CHROMOSOME ANALYSIS FOR GENETIC DEFECTS,433.0,173.2,160.53,433.0,30
HCPCS,88249,88249 CHROMOSOME ANALYSIS FOR GENETIC DEFECTS,433.0,173.2,160.53,433.0,30
HCPCS,88261,88261 CHROMOSOME ANALYSIS FOR GENETIC DEFECTS,661.0,264.4,245.05,661.0,30
HCPCS,88262,88262 CHROMOSOME ANALYSIS FOR GENETIC DEFECTS,475.0,190.0,116.33,427.5,30
HCPCS,88263,88263 CHROMOSOME ANALYSIS FOR GENETIC DEFECTS,376.0,150.4,139.32,376.0,30
HCPCS,88264,88264 CHROMOSOME ANALYSIS FOR GENETIC DEFECTS,546.0,218.4,134.05,491.4,30
HCPCS,88267,88267 CHROMOSOME ANALYSIS OF AMNIOTIC FLUID OR PLACENTA FOR GENETIC DEFECTS,472.0,188.8,174.8,472.0,30
HCPCS,88269,88269 CHROMOSOME ANALYSIS OF AMNIOTIC FLUID FOR GENETIC DEFECTS,434.0,173.6,160.98,434.15,30
HCPCS,88271,88271 DNA TESTING FOR GENETIC DEFECTS,21.42,8.568,12.42,53.55,30
HCPCS,88271,CYTOGENETICS DNA PROBE,21.42,8.568,12.42,53.55,30
HCPCS,88272,88272 CHROMOSOME ANALYSIS FOR GENETIC DEFECTS,189.0,75.6,37.73,170.1,30
HCPCS,88273,88273 CHROMOSOME ANALYSIS FOR GENETIC DEFECTS,34.81,13.924,20.19,87.03,30
HCPCS,88274,88274 CHROMOSOME ANALYSIS FOR GENETIC DEFECTS,219.0,87.6,39.28,197.1,30
HCPCS,88275,88275 CHROMOSOME ANALYSIS FOR GENETIC DEFECTS,208.0,83.2,47.45,187.2,30
HCPCS,88280,88280 CHROMOSOME ANALYSIS FOR GENETIC DEFECTS,212.0,84.8,31.02,190.8,30
HCPCS,88283,88283 CHROMOSOME ANALYSIS FOR GENETIC DEFECTS,172.0,68.8,63.59,172.0,30
HCPCS,88285,88285 CHROMOSOME ANALYSIS FOR GENETIC DEFECTS,73.0,29.2,24.95,73.0,30
HCPCS,88289,88289 CHROMOSOME ANALYSIS FOR GENETIC DEFECTS,86.0,34.4,31.92,86.08,30
HCPCS,88299,88299 GENETIC STUDIES,127.0,50.8,7.4,127.0,31
HCPCS,88300,88300 PATHOLOGY EXAMINATION OF TISSUE USING A MICROSCOPE,63.0,25.2,18.32,65.28,31
HCPCS,88300,SURGICAL PATH GROSS,63.0,25.2,18.32,65.28,31
HCPCS,88302,88302 PATHOLOGY EXAMINATION OF TISSUE USING A MICROSCOPE,63.0,25.2,18.32,84.31,31
HCPCS,88302,TISSUE EXAM BY PATHOLOGIST,63.0,25.2,18.32,84.31,31
HCPCS,88304,88304 PATHOLOGY EXAMINATION OF TISSUE USING A MICROSCOPE,127.0,50.8,39.3,127.0,31
HCPCS,88304,TISSUE EXAM BY PATHOLOGIST,127.0,50.8,39.3,127.0,31
HCPCS,88305,88305 PATHOLOGY EXAMINATION OF TISSUE USING A MICROSCOPE,143.0,57.2,39.3,143.0,31
HCPCS,88305,TISSUE EXAM BY PATHOLOGIST,127.0,50.8,39.3,127.0,62
HCPCS,88307,88307 PATHOLOGY EXAMINATION OF TISSUE USING A MICROSCOPE,744.0,297.6,62.42,809.07,31
HCPCS,88307,HC TISSUE EXAM BY PATHOLOGIST,743.0,297.2,62.42,809.07,31
HCPCS,88307,TISSUE EXAM BY PATHOLOGIST,500.0,200.0,62.42,809.07,31
HCPCS,88309,88309 PATHOLOGY EXAMINATION OF TISSUE USING A MICROSCOPE,1200.0,480.0,62.42,1818.54,31
HCPCS,88309,TISSUE EXAM BY PATHOLOGIST,1673.0,669.2,62.42,1818.54,31
HCPCS,88311,88311 PREPARATION OF TISSUE FOR EXAMINATION BY REMOVING ANY CALCIUM PRESENT,57.0,22.8,18.32,51.3,17
HCPCS,88311,DECALCIFY TISSUE,49.0,19.6,18.32,44.1,34
HCPCS,88312,88312 SPECIAL STAINED SPECIMEN SLIDES TO IDENTIFY ORGANISMS,127.0,50.8,18.32,127.0,31
HCPCS,88312,HC CYTO- SPECIAL STAINS GROUP 1,127.0,50.8,18.32,127.0,31
HCPCS,88312,SPECIAL STAINS GROUP 1,127.0,50.8,18.32,127.0,31
HCPCS,88313,88313 SPECIAL STAINED SPECIMEN SLIDES TO EXAMINE TISSUE,87.0,34.8,18.32,300.31,31
HCPCS,88313,SPECIAL STAINS GROUP 2,75.0,30.0,18.32,300.31,62
HCPCS,88314,88314 SPECIAL STAINED SPECIMEN SLIDES TO EXAMINE TISSUE,150.0,60.0,18.32,135.0,17
HCPCS,88314,HISTOCHEMICAL STAINS ADD-ON,125.0,50.0,18.32,112.5,17
HCPCS,88319,88319 EVALUATION OF SPECIMEN ENZYMES,1200.0,480.0,18.32,1818.54,31
HCPCS,88319,ENZYME HISTOCHEMISTRY,1673.0,669.2,18.32,1818.54,31
HCPCS,88321,88321 SURGICAL PATHOLOGY CONSULTATION  REPORT ON REFERRED,75.0,30.0,18.32,84.31,31
HCPCS,88321,MICROSLIDE CONSULTATION,75.0,30.0,18.32,86.0,62
HCPCS,88323,88323 SURGICAL PATHOLOGY CONSULTATION  REPORT ON REFERRED,132.0,52.8,39.3,132.0,31
HCPCS,88323,MICROSLIDE CONSULTATION,127.0,50.8,39.3,127.0,31
HCPCS,88325,88325 SURGICAL PATHOLOGY CONSULTATION AND REPORT,350.0,140.0,62.42,384.55,31
HCPCS,88325,COMPREHENSIVE REVIEW OF DATA,381.0,152.4,62.42,384.55,31
HCPCS,88329,88329 PATHOLOGY EXAMINATION OF SPECIMEN DURING SURGERY,75.0,30.0,18.32,133.15,31
HCPCS,88329,PATH CONSULT INTROP,75.0,30.0,18.32,133.15,31
HCPCS,88331,88331 PATHOLOGY EXAMINATION OF SPECIMEN DURING SURGERY,381.0,152.4,39.3,384.55,31
HCPCS,88331,PATH CONSULT INTRAOP 1 BLOC,381.0,152.4,39.3,384.55,31
HCPCS,88332,88332 PATHOLOGY EXAMINATION OF SPECIMEN DURING SURGERY,197.0,78.8,18.32,177.3,17
HCPCS,88332,PATH CONSULT INTRAOP ADDL,140.0,56.0,18.32,126.0,17
HCPCS,88333,88333 PATHOLOGY CYTOLOGIC EXAMINATION OF SPECIMEN DURING SURGERY,1674.0,669.6,39.3,1818.54,31
HCPCS,88333,HC INTAOP PATH CONSULT 1,1674.0,669.6,39.3,1818.54,31
HCPCS,88333,HC SURG PATH- INTRAOP CYTO PATH CONSULT 1,1200.0,480.0,39.3,1818.54,31
HCPCS,88333,INTRAOP CYTO PATH CONSULT 1,1200.0,480.0,39.3,1818.54,31
HCPCS,88334,88334 PATHOLOGY CYTOLOGIC EXAMINATION OF SPECIMEN DURING SURGERY,150.0,60.0,18.32,135.0,17
HCPCS,88334,HC SURG PATH- INTRAOP CYTO PATH CONSULT 2,146.0,58.4,18.32,131.4,17
HCPCS,88334,INTRAOP CYTO PATH CONSULT 2,179.0,71.6,18.32,161.1,17
HCPCS,88341,88341 SPECIAL STAINED SPECIMEN SLIDES TO EXAMINE TISSUE,200.0,80.0,54.56,180.0,17
HCPCS,88341,HC IMHISTOCHEM/CYTCHM EA ADDL ANTIBODY SLIDE,448.0,179.2,54.56,403.2,17
HCPCS,88342,88342 SPECIAL STAINED SPECIMEN SLIDES TO EXAMINE TISSUE,381.0,152.4,39.3,384.55,31
HCPCS,88342,HC IMMUNOHISTOCHEMISTY SNGL AB STAIN,396.0,158.4,39.3,396.0,31
HCPCS,88342,IMHISTOCHEM/CYTCHM 1ST ANTIBODY STAIN PROCEDURE,381.0,152.4,39.3,384.55,31
HCPCS,88342,IMMUNOHISTO ANTB 1ST STAIN,350.0,140.0,39.3,384.55,31
HCPCS,88344,88344 SPECIAL STAINED SPECIMEN SLIDES TO EXAMINE TISSUE,500.0,200.0,92.36,809.07,31
HCPCS,88344,HC IMHISTOCHEM/CYTCHM EA MPLEX ANTIBODY SLIDE,744.0,297.6,92.36,809.07,31
HCPCS,88346,88346 ANTIBODY EVALUATION,500.0,200.0,39.3,497.27,31
HCPCS,88346,IMMUNOFLUORESCENT STUDY,774.0,309.6,39.3,696.6,31
HCPCS,88348,88348 ELECTRON MICROSCOPY FOR DIAGNOSIS,1200.0,480.0,205.98,1818.54,31
HCPCS,88348,ELECTRON MICROSCOPY,1482.0,592.8,205.98,1818.54,31
HCPCS,88350,88350 ANTIBODY EVALUATION,254.0,101.6,52.45,228.6,17
HCPCS,88350,HC IMMUNOFLUORESCENCE PER SPECIMEN SINGLE STAIN,254.0,101.6,52.45,228.6,17
HCPCS,88355,88355 MICROSCOPIC GENETIC ANALYSIS OF MUSCLE,350.0,140.0,39.3,384.55,31
HCPCS,88355,ANALYSIS SKELETAL MUSCLE,350.0,140.0,39.3,384.55,31
HCPCS,88356,88356 MICROSCOPIC GENETIC ANALYSIS OF NERVE TISSUE,127.0,50.8,41.94,127.0,31
HCPCS,88356,ANALYSIS NERVE,240.0,96.0,41.94,216.0,31
HCPCS,88358,88358 MICROSCOPIC GENETIC ANALYSIS OF TUMOR,350.0,140.0,62.42,384.55,31
HCPCS,88358,ANALYSIS TUMOR,381.0,152.4,62.42,384.55,31
HCPCS,88360,88360 MICROSCOPIC GENETIC ANALYSIS OF TUMOR,381.0,152.4,39.3,384.55,31
HCPCS,88360,HC TUMOR IMMUNO HISTOCHEM/MANUAL,381.0,152.4,39.3,384.55,31
HCPCS,88360,TUMOR IMMUNOHISTOCHEM/MANUAL,350.0,140.0,39.3,396.0,62
HCPCS,88361,88361 MICROSCOPIC GENETIC ANALYSIS OF TUMOR,500.0,200.0,62.42,809.07,31
HCPCS,88361,TUMOR IMMUNOHISTOCHEM/COMPUT,500.0,200.0,62.42,809.07,31
HCPCS,88362,88362 NERVE TEASING PREPARATION,1200.0,480.0,62.42,1818.54,31
HCPCS,88362,TUMOR IMMUNOHISTOCHEM/COMPUT,1673.0,669.2,62.42,1818.54,31
HCPCS,88363,88363 EXAMINATION OF ARCHIVAL TISSUE FOR GENETIC ANALYSIS,56.0,22.4,13.25,65.28,30
HCPCS,88364,88364 GENETIC SEQUENCING LOCALIZATION,200.0,80.0,80.0,180.0,17
HCPCS,88364,HC IN SITU HYBRIDIZATION EA ADDL PROBE STAIN,392.0,156.8,84.2,352.8,17
HCPCS,88365,88365 GENETIC SEQUENCING LOCALIZATION,381.0,152.4,62.42,384.55,31
HCPCS,88365,HC IMMUNO- INSITU HYBRID (FISH),381.0,152.4,62.42,384.55,31
HCPCS,88365,INSITU HYBRIDIZATION (FISH),381.0,152.4,62.42,384.55,31
HCPCS,88366,88366 GENETIC SEQUENCING LOCALIZATION,500.0,200.0,103.54,497.27,31
HCPCS,88366,HC IN SITU HYBRIDIZATION EA MPLEX PROBE STAIN,600.0,240.0,103.54,540.0,31
HCPCS,88367,88367 MICROSCOPIC GENETIC ANALYSIS OF TISSUE,600.0,240.0,62.42,809.07,31
HCPCS,88367,HC INSITU HYBRID AUTO,600.0,240.0,62.42,809.07,31
HCPCS,88367,INSITU HYBRIDIZATION AUTO,500.0,200.0,62.42,809.07,31
HCPCS,88368,88368 MICROSCOPIC GENETIC ANALYSIS OF TISSUE,600.0,240.0,39.3,809.07,31
HCPCS,88369,88369 MICROSCOPIC GENETIC ANALYSIS OF TISSUE,450.0,180.0,58.43,405.0,17
HCPCS,88369,M/PHMTRC ALYSISHQUANT/SEMIQ,450.0,180.0,58.43,405.0,17
HCPCS,88372,88372 PROTEIN ANALYSIS OF TISSUE BY WESTERN BLOT,275.0,110.0,38.15,247.5,17
HCPCS,88373,88373 MICROSCOPIC GENETIC ANALYSIS OF TISSUE,400.0,160.0,46.82,360.0,17
HCPCS,88373,M/PHMTRC ALYS ISHQUANT/SEMIQ,400.0,160.0,46.82,360.0,17
HCPCS,88374,88374 MICROSCOPIC GENETIC ANALYSIS OF TISSUE,381.0,152.4,134.51,384.55,31
HCPCS,88374,M/PHMTRC ALYS ISHQUANT/SEMIQ,350.0,140.0,134.51,384.55,31
HCPCS,88377,88377 MICROSCOPIC GENETIC ANALYSIS OF TISSUE,381.0,152.4,134.51,384.55,31
HCPCS,88377,M/PHMTRC ALYS ISHQUANT/SEMIQ,685.0,274.0,134.51,616.5,31
HCPCS,88380,88380 PREPARATION OF SPECIMEN USING LASER,100.0,40.0,40.0,100.0,17
HCPCS,88381,88381 PREPARATION OF SPECIMEN,291.0,116.4,116.4,261.9,17
HCPCS,88740,88740 HEMOGLOBIN MEASUREMENT,25.0,10.0,8.68,25.0,30
HCPCS,88741,88741 HEMOGLOBIN MEASUREMENT,25.0,10.0,8.68,25.0,30
HCPCS,89050,89050 BODY FLUID CELL COUNT,76.0,30.4,4.38,68.4,30
HCPCS,89051,89051 BODY FLUID CELL COUNT WITH CELL IDENTIFICATION,148.0,59.2,5.19,133.2,30
HCPCS,89055,89055 WHITE BLOOD CELL MEASURE,11.0,4.4,3.96,11.0,30
HCPCS,89060,89060 CRYSTAL IDENTIFICATION FROM TISSUE OR BODY FLUID,90.0,36.0,6.8,81.0,30
HCPCS,89125,89125 FAT STAIN OF STOOL,76.0,30.4,5.45,68.4,30
HCPCS,89190,89190 NASAL SMEAR FOR EOSINOPHILS (ALLERGY RELATED WHITE BLOOD CELLS),14.0,5.6,5.37,14.48,30
HCPCS,89230,89230 SWEAT COLLECTION,132.0,52.8,39.3,132.0,31
HCPCS,89310,89310 SEMEN ANALYSIS MOTILITY AND COUNT,25.0,10.0,8.61,24.19,24
HCPCS,89320,89320 SEMEN EVALUATION VOLUME,50.0,20.0,12.31,45.0,24
HCPCS,89321,89321 SEMEN ANALYSIS FOR SPERM PRESENCE,50.0,20.0,12.05,45.0,24
HCPCS,89325,89325 SPERM ANTIBODY MEASUREMENT,25.0,10.0,10.67,26.68,24
HCPCS,90288,BOTULISM IMMUNE GLOBULIN HUMAN 100 MG SOLR 1 EACH VIAL,145530.0,58212.0,13.65,130977.0,15
HCPCS,90371,HEPATITIS B IMMUNE GLOBULIN SOLN 0.5 ML,251.77,100.708,100.71,335.48,24
HCPCS,90371,HEPATITIS B IMMUNE GLOBULIN SOLN 1 ML SYRINGE,300.23,120.092,120.09,335.48,24
HCPCS,90371,HEPATITIS B IMMUNE GLOBULIN SOLN 1 ML VIAL,309.23,123.692,123.69,335.48,24
HCPCS,90371,HEPATITIS B IMMUNE GLOBULIN SOLN 5 ML VIAL,296.73,118.692,118.69,335.48,24
HCPCS,90375,RABIES IMMUNE GLOBULIN 1500 UNIT/5ML SOLN 5 ML VIAL,12493.98,4997.592,279.85,11244.58,30
HCPCS,90375,RABIES IMMUNE GLOBULIN 300 UNIT/ML SOLN 1 ML VIAL,2498.79,999.516,279.85,2248.91,30
HCPCS,90376,RABIES IMMUNE GLOBULIN 300 UNIT/2ML SOLN 2 ML VIAL,3258.48,1303.392,334.09,2932.63,30
HCPCS,90377,RABIES IMMUNE GLOBULIN 1500 UNIT/10ML SOLN 10 ML VIAL,17152.34,6860.936,222.25,15437.11,30
HCPCS,90378,90378 RESPIRATORY SYNCYTIAL VIRUS ANTIBODY FOR INJECTION INTO TISSUE OR MUSCLE,1300.0,520.0,436.75,1300.0,24
HCPCS,90378,PALIVIZUMAB 100 MG/ML SOLN 1 ML VIAL,17327.1,6930.84,436.75,15594.39,24
HCPCS,90378,PALIVIZUMAB 50 MG/0.5ML SOLN 0.5 ML VIAL,9176.12,3670.448,436.75,8258.51,24
HCPCS,90380,NIRSEVIMAB-ALIP 50 MG/0.5ML SOSY 0.5 ML SYRINGE,2142.22,856.888,386.1,1928.0,30
HCPCS,90380,RSV MONOC ANTB SEASN .5ML IM,1188.0,475.2,386.1,1069.2,15
HCPCS,90381,NIRSEVIMAB-ALIP 100 MG/ML SOSY 1 ML SYRINGE,2142.21,856.884,386.1,1928.0,30
HCPCS,90381,RSV MONOC ANTB SEASN 1 ML IM,1485.0,594.0,386.1,1336.5,15
HCPCS,90396,90396 VARICELLA (CHICKEN POX) ZOSTER IMMUNE GLOBULIN FOR INJECTION INTO MUSCLE,2000.0,800.0,687.96,5904.55,24
HCPCS,90396,VARICELLA-ZOSTER IMMUNE GLOB 125 UNIT/1.2ML SOLN 1.2 ML VIAL,7857.24,3142.896,687.96,7071.52,24
HCPCS,90460,90460 ADMINISTRATION OF FIRST VACCINE OR TOXOID COMPONENT,102.0,40.8,22.72,91.8,17
HCPCS,90461,90461 ADMINISTRATION OF VACCINE OR TOXOID COMPONENT,102.0,40.8,9.6,91.8,17
HCPCS,90471,90471 ADMINISTRATION OF VACCINE,160.0,64.0,55.87,162.52,31
HCPCS,90472,90472 ADMINISTRATION OF VACCINE,60.0,24.0,24.0,54.0,17
HCPCS,90473,90473 ADMINISTRATION OF NASAL OR ORAL VACCINE,160.0,64.0,65.01,162.52,25
HCPCS,90474,90474 ADMINISTRATION OF NASAL OR ORAL VACCINE,90.0,36.0,36.0,81.0,17
HCPCS,90476,90476 ADENOVIRUS TYPE 4 VACCINE,100.0,40.0,40.0,90.0,15
HCPCS,90477,90477 ADENOVIRUS TYPE 7 VACCINE,140.0,56.0,56.0,126.0,15
HCPCS,90480,ADMN SARSCOV2 VACC 1 DOSE,100.0,40.0,32.59,100.0,31
HCPCS,90581,90581 ANTHRAX VACCINE,125.0,50.0,50.0,125.0,15
HCPCS,90585,90585 BACILLUS CALMETTE-GUERIN VACCINE FOR TUBERCULOSIS,196.0,78.4,78.4,196.0,15
HCPCS,90586,90586 BACILLUS CALMETTE-GUERIN VACCINE FOR BLADDER CANCER,196.0,78.4,78.4,196.0,15
HCPCS,90619,MENACWY-TT VACCINE IM,252.0,100.8,100.8,226.8,17
HCPCS,90619,MENING ACYANDW-135 TETANUS CONJ SOLN 0.5 ML VIAL,637.14,254.856,130.15,573.43,15
HCPCS,90620,90620 MENINGOCOCCAL RECOMBINANT PROTEIN AND OUTER MEMBRANE VESICLE VACCINE,203.0,81.2,81.2,203.0,15
HCPCS,90620,MENINGOCOCCAL B RECOMB OMV ADJ SUSY 0.5 ML SYRINGE,904.26,361.704,127.92,813.83,30
HCPCS,90621,90621 MENINGOCOCCAL RECOMBINANT LIPOPROTEIN VACCINE,165.0,66.0,66.0,148.5,17
HCPCS,90623,MENACWY-TT MENB-FHBP VACC IM,691.0,276.4,179.89,621.9,21
HCPCS,90632,90632 HEPATITIS A VACCINE ADULT DOSAGE,100.0,40.0,40.0,100.0,15
HCPCS,90632,HEPATITIS A VACCINE 50 UNIT/ML SUSP 1 ML SYRINGE,300.99,120.396,120.4,270.89,30
HCPCS,90632,HEPATITIS A VIRUS (PF) VACCINE 1440 EL U/ML SUSP 1 ML SYRINGE,321.99,128.796,121.91,289.79,30
HCPCS,90633,90633 HEPATITIS A VACCINE PEDIATRIC OR ADOLESCENT DOSAGE,100.0,40.0,40.0,90.0,15
HCPCS,90633,HEPATITIS A VACCINE 720 EL U/0.5ML SUSY 0.5 ML SYRINGE,144.55,57.82,56.98,130.1,30
HCPCS,90634,90634 HEPATITIS A VACCINE PEDIATRIC OR ADOLESCENT DOSAGE (3 DOSE SCHEDULE),100.0,40.0,40.0,90.0,14
HCPCS,90636,90636 HEPATITIS A AND HEPATITIS B VACCINE,115.0,46.0,46.0,115.0,15
HCPCS,90636,HEPATITIS A-HEP B RECOMB VAC 720-20 ELU-MCG/ML SUSY 1 ML SYRINGE,508.85,203.54,192.82,457.97,30
HCPCS,90644,90644 MENINGOCOCCAL CONJUGATE VACCINE,74.0,29.6,26.48,66.6,17
HCPCS,90647,90647 HAEMOPHILUS INFLUENZAE TYPE B VACCINE,100.0,40.0,40.0,90.0,15
HCPCS,90647,HAEMOPHILUS B POLYSAC CONJ VAC 7.5 MCG/0.5 ML SUSP 0.5 ML VIAL,188.09,75.236,45.83,169.28,30
HCPCS,90648,90648 HAEMOPHILUS INFLUENZAE TYPE B VACCINE,100.0,40.0,19.18,90.0,15
HCPCS,90648,HAEMOPHILUS B POLYSAC CONJ VAC 10 MCG SOLR 1 EACH BOX,78.24,31.296,31.3,70.42,17
HCPCS,90648,HAEMOPHILUS B POLYSAC-TETANUS TOXOID (ACTHIB) SOLR 1 EACH VIAL,82.72,33.088,33.09,74.45,17
HCPCS,90649,90649 HUMAN PAPILLOMAVIRUS VACCINE,172.0,68.8,68.8,166.56,17
HCPCS,90650,90650 HUMAN PAPILLOMAVIRUS VACCINE,162.0,64.8,64.8,162.0,15
HCPCS,90651,90651 HUMAN PAPILLOMAVIRUS VACCINE TYPES 6,200.0,80.0,80.0,200.0,15
HCPCS,90651,HPV 9-VALENT RECOMB VACCINE SUSP 0.5 ML VIAL,1184.27,473.708,189.25,1065.84,15
HCPCS,90651,HPV 9-VALENT RECOMB VACCINE SUSY 0.5 ML SYRINGE,1184.27,473.708,189.25,1065.84,30
HCPCS,90653,90653 INFLUENZA VACCINE,40.0,16.0,9.07,40.0,30
HCPCS,90655,90655 INFLUENZA VACCINE,40.0,16.0,7.2,40.0,24
HCPCS,90656,90656 INFLUENZA VACCINE,60.0,24.0,10.8,60.0,30
HCPCS,90656,INFLUENZA TRIVALENT VACCINE PF 0.5 ML SUSY 0.5 ML SYRINGE,74.71,29.884,13.32,74.71,120
HCPCS,90657,90657 INFLUENZA VACCINE,40.0,16.0,6.2,40.0,30
HCPCS,90658,90658 INFLUENZA VACCINE,40.0,16.0,9.07,40.0,30
HCPCS,90660,90660 INFLUENZA VACCINE,40.0,16.0,7.2,40.0,24
HCPCS,90661,90661 INFLUENZA VACCINE,40.0,16.0,7.2,40.0,30
HCPCS,90662,90662 INFLUENZA VACCINE SPLIT VIRUS,68.0,27.2,12.24,68.0,30
HCPCS,90662,INFLUENZA VAC SPLIT HIGH-DOSE 0.5 ML SUSY 0.5 ML SYRINGE,263.66,105.464,47.46,263.66,60
HCPCS,90664,90664 INFLUENZA VACCINE,40.0,16.0,16.0,36.0,14
HCPCS,90666,90666 INFLUENZA VACCINE,40.0,16.0,15.36,36.0,14
HCPCS,90667,90667 INFLUENZA VACCINE,40.0,16.0,15.36,36.0,14
HCPCS,90668,90668 INFLUENZA VACCINE,40.0,16.0,5.65,36.0,14
HCPCS,90670,90670 PNEUMOCOCCAL VACCINE,389.0,155.6,70.02,389.0,30
HCPCS,90670,PNEUMOCOCCAL 13-VAL CONJ VACC SUSP 0.5 ML SYRINGE,814.7,325.88,146.65,814.7,60
HCPCS,90671,PCV15 VACCINE FOR INTRAMUSCULAR USE,668.0,267.2,151.5,668.0,24
HCPCS,90672,90672 INFLUENZA VACCINE,40.0,16.0,7.2,40.0,24
HCPCS,90673,90673 INFLUENZA VACCINE,120.0,48.0,21.6,120.0,30
HCPCS,90674,90674 INFLUENZA VACCINE,120.0,48.0,27.22,120.0,30
HCPCS,90675,90675 RABIES VACCINE FOR INJECTION INTO MUSCLE,695.0,278.0,276.72,784.2,30
HCPCS,90675,RABIES VACCINE PCEC SUSR 1 EACH VIAL,1364.55,545.82,276.72,1408.13,60
HCPCS,90675,RABIES VIRUS VACCINE HDC SUSR 1 EACH VIAL,1689.15,675.66,276.72,1520.24,30
HCPCS,90676,90676 RABIES VACCINE FOR INJECTION INTO SKIN,355.0,142.0,85.65,592.15,24
HCPCS,90677,PCV20 VACCINE FOR INTRAMUSCULAR USE,710.0,284.0,113.6,710.0,24
HCPCS,90677,PNEUMOCOCCAL 20-VAL CONJ VACC 0.5 ML SUSY 0.5 ML SYRINGE,1076.84,430.736,172.29,1076.84,48
HCPCS,90678,RSV VACCINE PREF SUBUNIT BIVALENT FOR IM USE,100.0,40.0,40.0,100.0,21
HCPCS,90679,RSV VACC PREF RECOMB ADJT IM,840.0,336.0,218.4,756.0,15
HCPCS,90679,RSVPREF3 VAC RECOMB ADJUVANTED 120 MCG/0.5ML SUSR 1 EACH BOX,1102.85,441.14,218.4,992.57,15
HCPCS,90680,90680 ROTAVIRUS VACCINE,100.0,40.0,40.0,100.0,15
HCPCS,90680,ROTAVIRUS VACCINE LIVE SOLN 2 ML PLAS CONT,369.42,147.768,74.75,332.48,15
HCPCS,90681,90681 ROTAVIRUS VACCINE,150.0,60.0,60.0,135.0,17
HCPCS,90681,ROTAVIRUS VACCINE LIVE ORAL SUSP 1.5 ML SYRINGE,560.42,224.168,120.71,504.38,30
HCPCS,90681,ROTAVIRUS VACCINE LIVE ORAL SUSR 1 ML VIAL,810.86,324.344,120.71,729.77,15
HCPCS,90682,90682 INFLUENZA VACCINE,120.0,48.0,27.22,120.0,30
HCPCS,90683,RSV VACCINE MRNA LIPID NANOPARTICLES FOR IM USE,100.0,40.0,40.0,100.0,15
HCPCS,90684,PNEUMOCOCCAL CONJUGATE VACCINE 21 VALENT (PCV21) FOR INTRAMUSCULAR USE,863.0,345.2,195.73,863.0,30
HCPCS,90685,90685 INFLUENZA VACCINE,120.0,48.0,21.6,120.0,24
HCPCS,90686,90686 INFLUENZA VACCINE,120.0,48.0,21.6,120.0,30
HCPCS,90687,90687 INFLUENZA VACCINE,30.0,12.0,6.8,30.0,24
HCPCS,90688,90688 INFLUENZA VACCINE,74.0,29.6,13.32,74.0,30
HCPCS,90691,90691 TYPHOID VACCINE FOR INJECTION INTO MUSCLE,100.0,40.0,40.0,90.0,15
HCPCS,90696,90696 DIPHTHERIA,100.0,40.0,40.0,91.47,15
HCPCS,90698,90698 DIPHTHERIA,101.0,40.4,40.4,101.0,15
HCPCS,90698,DTAP (PENTACEL) IPV-HIB SUSR 1 EACH VIAL,467.66,187.064,152.0,420.89,30
HCPCS,90700,90700 DIPHTHERIA,100.0,40.0,37.18,90.0,15
HCPCS,90700,DIPHTH-ACELL PERTUSSIS-TETANUS 15-23-5 LF-MCG/0.5 SUSP 0.5 ML VIAL,112.12,44.848,44.85,100.91,34
HCPCS,90700,DIPTHERIA-ACELLULAR PERTUSSIS-TETANUS 25-58-10 LF-MCG/0.5 SUSP 0.5 ML SYRINGE,109.12,43.648,43.65,98.21,34
HCPCS,90702,90702 DIPHTHERIA AND TETANUS VACCINE (YOUNGER THAN 7 YEARS),100.0,40.0,40.0,96.23,15
HCPCS,90707,90707 MEASLES,100.0,40.0,40.0,100.0,15
HCPCS,90707,MEASLES MUMPS AND RUBELLA VAC SOLR 1 EACH VIAL,351.41,140.564,138.61,316.27,30
HCPCS,90707,MEASLES-MUMPS-RUBELLA-VARICELL SUSR 1 EACH VIAL,1039.21,415.684,138.61,935.29,15
HCPCS,90710,90710 MEASLES,182.0,72.8,72.8,182.0,15
HCPCS,90713,90713 POLIOVIRUS VACCINE,100.0,40.0,40.0,90.0,15
HCPCS,90713,POLIOVIRUS VACCINE INACTIVATED SUSP 5 ML VIAL,171.67,68.668,65.13,154.5,15
HCPCS,90714,90714 DIPHTHERIA AND TETANUS VACCINE (7 YEARS OR OLDER),168.0,67.2,31.2,151.2,15
HCPCS,90714,TETANUS-DEPHTHERIA TOXOIDS (ADULT) 5-2 LF/0.5ML SUSP 0.5 ML SYRINGE,164.39,65.756,31.2,147.95,30
HCPCS,90714,TETANUS-DEPHTHERIA TOXOIDS (ADULT) 5-2 LF/0.5ML SUSP 0.5 ML VIAL,164.39,65.756,31.2,147.95,15
HCPCS,90715,90715 DIPHTHERIA,227.0,90.8,70.98,204.3,15
HCPCS,90715,TDAP 5-2-15.5 LF-MCG/0.5 SUSP 0.5 ML SYRINGE,182.53,73.012,73.01,164.28,17
HCPCS,90715,TDAP 5-2-15.5 LF-MCG/0.5 SUSP 0.5 ML VIAL,182.53,73.012,68.78,164.28,34
HCPCS,90715,TETANUS-DIPHTH-ACELL PERTUSSIS 5-2.5-18.5 LF-MCG/0.5 SUSY 0.5 ML SYRINGE,179.16,71.664,70.98,161.24,30
HCPCS,90716,90716 VARICELLA VACCINE,121.0,48.4,48.4,121.0,23
HCPCS,90716,VARICELLA VIRUS VACCINE LIVE 1350 PFU/0.5ML SUSR 1 EACH VIAL,691.16,276.464,114.02,622.04,21
HCPCS,90717,90717 YELLOW FEVER VACCINE,108.0,43.2,43.2,108.0,15
HCPCS,90723,90723 DIPHTHERIA,103.0,41.2,41.2,92.7,17
HCPCS,90732,90732 PNEUMOCOCCAL VACCINE,120.0,48.0,21.6,120.0,30
HCPCS,90732,PNEUMOCOCCAL VAC POLYVALENT 25 MCG/0.5ML SOSY 0.5 ML SYRINGE,421.49,168.596,75.87,421.5,60
HCPCS,90733,90733 MENINGOCOCCAL VACCINE,154.0,61.6,61.6,154.0,15
HCPCS,90733,MPSV4 VACCINE SUBQ,148.0,59.2,59.2,148.0,15
HCPCS,90734,90734 MENINGOCOCCAL VACCINE,142.0,56.8,56.8,142.0,21
HCPCS,90734,MENING ACYANDW-135 DIPHTH CONJ SOLN 0.5 ML VIAL,535.04,214.016,122.39,481.54,21
HCPCS,90734,MENINGOCOCCAL A C YANDW 10Y-55Y SINGLE VIAL SOLN 0.5 ML VIAL,635.69,254.276,122.39,572.12,42
HCPCS,90734,MENINGOCOCCAL A C YANDW-135 OLIG SOLR 1 EACH BOX,635.7,254.28,122.39,572.13,21
HCPCS,90734,MENINGOCOCCAL A C YANDW-135 OLIG SOLR 1 EACH VIAL,635.7,254.28,122.39,572.13,21
HCPCS,90736,90736 SHINGLES VACCINE FOR INJECTION UNDER SKIN,206.0,82.4,82.4,197.28,17
HCPCS,90738,90738 JAPANESE ENCEPHALITIS VACCINE,281.0,112.4,112.4,281.0,15
HCPCS,90739,90739 HEPATITIS B VACCINE,104.0,41.6,23.59,104.0,24
HCPCS,90739,HEPATITIS B VAC RECOMB ADJ 20 MCG/0.5ML SOSY 0.5 ML SYRINGE,560.7,224.28,127.17,560.7,48
HCPCS,90740,90740 HEPATITIS B VACCINE,314.0,125.6,71.22,314.0,30
HCPCS,90743,90743 HEPATITIS B VACCINE,100.0,40.0,22.68,100.0,24
HCPCS,90743,HEPATITIS B VACCINE RECOMBINANT 10 MCG/ML SUSP 1 ML VIAL,129.76,51.904,29.43,129.76,24
HCPCS,90744,90744 HEPATITIS B VACCINE,168.0,67.2,33.57,168.0,24
HCPCS,90744,HEPATITIS B VAC RECOMBINANT 10 MCG/0.5ML SUSY 0.5 ML SYRINGE,107.93,43.172,24.48,107.93,48
HCPCS,90746,90746 HEPATITIS B VACCINE,264.0,105.6,59.88,264.0,30
HCPCS,90746,HEPATITIS B VAC RECOMBINANT 20 MCG/ML SUSY 1 ML SYRINGE,134.96,53.984,30.61,134.96,60
HCPCS,90746,HEPATITIS B VAC RECOMBINANT 5 MCG/0.5ML SUSP 0.5 ML VIAL,174.84,69.936,39.65,174.84,30
HCPCS,90747,90747 HEPATITIS B VACCINE,167.0,66.8,37.88,167.0,30
HCPCS,90748,90748 HEPATITIS B AND HAEMOPHILUS INFLUENZAE TYPE B VACCINE,100.0,40.0,40.0,90.0,17
HCPCS,90749,90749 OTHER VACCINE OR TOXOID INJECTION OR INFUSION PROCEDURE,100.0,40.0,40.0,90.0,14
HCPCS,90750,90750 SHINGLES VACCINE FOR INJECTION INTO MUSCLE,183.0,73.2,73.2,183.0,23
HCPCS,90750,ZOSTER VAC RECOMB ADJUVANTED 50 MCG/0.5ML SUSR 1 EACH VIAL,775.83,310.332,154.36,760.39,42
HCPCS,90756,90756 INFLUENZA VACCINE,120.0,48.0,27.22,120.0,30
HCPCS,90791,90791 PSYCHIATRIC DIAGNOSTIC EVALUATION,340.0,136.0,126.11,400.63,31
HCPCS,90792,90792 PSYCHIATRIC DIAGNOSTIC EVALUATION WITH MEDICAL SERVICES,316.0,126.4,126.11,400.63,31
HCPCS,90832,90832 PSYCHOTHERAPY,340.0,136.0,126.11,400.63,29
HCPCS,90833,90833 PSYCHOTHERAPY WITH EVALUATION AND MANAGEMENT VISIT,150.0,60.0,60.0,135.0,15
HCPCS,90834,90834 PSYCHOTHERAPY,340.0,136.0,126.11,400.63,29
HCPCS,90836,90836 PSYCHOTHERAPY WITH EVALUATION AND MANAGEMENT VISIT,270.0,108.0,108.0,243.0,15
HCPCS,90837,90837 PSYCHOTHERAPY,316.0,126.4,126.11,400.63,29
HCPCS,90837,HC PSYTX PT AND/ FAMILY 60 MIN W/EVAL AND MNGMNT,340.0,136.0,126.11,400.63,29
HCPCS,90839,90839 PSYCHOTHERAPY FOR CRISIS,316.0,126.4,160.25,400.63,23
HCPCS,90840,90840 PSYCHOTHERAPY FOR CRISIS,270.0,108.0,108.0,243.0,15
HCPCS,90845,90845 PSYCHOANALYSIS,316.0,126.4,160.25,400.63,23
HCPCS,90846,90846 FAMILY PSYCHOTHERAPY WITHOUT PATIENT,340.0,136.0,126.11,400.63,29
HCPCS,90847,90847 FAMILY PSYCHOTHERAPY WITH PATIENT,340.0,136.0,126.11,400.63,29
HCPCS,90853,90853 GROUP PSYCHOTHERAPY,191.0,76.4,72.6,229.3,29
HCPCS,90865,90865 INJECTION OF HYPNOTIC DRUG FOR PSYCHIATRIC DIAGNOSIS OR THERAPY,316.0,126.4,160.25,400.63,25
HCPCS,90870,ELECTROCONVULSIVE THERAPY,2000.0,800.0,416.47,2000.0,58
HCPCS,90880,90880 GUIDED HYPNOSIS,316.0,126.4,91.72,316.0,24
HCPCS,90885,90885 PSYCHIATRIC EVALUATION OF HOSPITAL RECORDS,200.0,80.0,80.0,180.0,17
HCPCS,90887,90887 EXPLANATION OF PSYCHIATRIC,200.0,80.0,80.0,180.0,17
HCPCS,90889,90889 PREPARATION OF REPORT OF PATIENT'S PSYCHIATRIC STATUS,200.0,80.0,80.0,180.0,17
HCPCS,90901,90901 BIOFEEDBACK TRAINING,93.0,37.2,21.15,83.7,18
HCPCS,90901,BIOFEEDBACK TRAIN ANY METH,93.0,37.2,21.15,93.0,54
HCPCS,90901,BIOFEEDBACK TRAINING BY ANY MODALITY. CQ,93.0,37.2,21.15,93.0,18
HCPCS,90912,90912 BIOFEEDBACK TRAINING FOR BOWEL OR BLADDER CONTROL,186.0,74.4,46.74,182.0,18
HCPCS,90912,BFB TRAINING 1ST 15 MIN,186.0,74.4,46.74,182.0,54
HCPCS,90912,HC BFB TRAING W/EMG AND/MANOMETRY 1ST 15 MIN CNTCT,186.0,74.4,46.74,167.4,18
HCPCS,90913,90913 BIOFEEDBACK TRAINING FOR BOWEL OR BLADDER CONTROL,75.0,30.0,26.26,75.0,18
HCPCS,90913,BFB TRAINING EA ADDL 15 MIN,75.0,30.0,26.26,75.0,72
HCPCS,90935,90935 HEMODIALYSIS PROCEDURE WITH PHYSICIAN EVALUATION,1672.0,668.8,253.07,1672.0,31
HCPCS,90935,HEMODIALYSIS ONE EVALUATION,1600.0,640.0,253.07,1600.0,31
HCPCS,90945,90945 DIALYSIS PROCEDURE INCLUDING 1 EVALUATION,929.0,371.6,128.96,941.82,29
HCPCS,90945,HC DIALYSIS CAPD HOME,929.0,371.6,128.96,941.82,29
HCPCS,90947,90947 DIALYSIS PROCEDURE REQUIRING REPEAT EVALUATION,1470.0,588.0,103.49,1323.0,23
HCPCS,90989,DIALYSIS TRAINING NOT COMPLETED,1200.0,480.0,105.0,1080.0,24
HCPCS,90989,DIALYSIS TRAINING PATIENT COMPLETED COURSE,1200.0,480.0,105.0,1080.0,24
HCPCS,90993,DIALYSIS TRAINING INCOMPL,1200.0,480.0,73.5,1080.0,21
HCPCS,90993,HC DIALYSIS TRAINING CCPD,1200.0,480.0,73.5,1080.0,23
HCPCS,90999,90999 OTHER INPATIENT OR OUTPATIENT DIALYSIS PROCEDURE,1840.0,736.0,228.9,1656.0,17
HCPCS,90999,ACUTE DIAL OUT-OF-UNIT HEMO INPT,2253.0,901.2,228.9,2027.7,17
HCPCS,90999,HC DIALYSIS HEMO HOME,1200.0,480.0,228.9,1080.0,24
HCPCS,90999,HC DIALYSIS HEMO OUTPT,1200.0,480.0,228.9,1080.0,24
HCPCS,91010,91010 STUDY OF ESOPHAGUS TO ASSESS MOVEMENT,1000.0,400.0,336.91,1000.0,31
HCPCS,91020,91020 STUDY OF STOMACH TO ASSESS MOVEMENT,1000.0,400.0,336.91,1000.0,31
HCPCS,91022,91022 STUDY OF UPPER SMALL BOWEL TO ASSESS MOVEMENT,1000.0,400.0,336.91,1000.0,25
HCPCS,91030,91030 TEST FOR ESOPHAGEAL REFLUX DISEASE,1000.0,400.0,336.91,1000.0,31
HCPCS,91034,91034 MONITORING AND RECORDING OF ESOPHAGEAL FUNCTION THROUGH NASAL TUBE,1000.0,400.0,336.91,1000.0,31
HCPCS,91035,91035 MONITORING  RECORDING OF ESOPHAGEAL FUNCTION,1000.0,400.0,416.47,1938.31,31
HCPCS,91037,ESOPH IMPED FUNCTION TEST,600.0,240.0,194.95,600.0,31
HCPCS,91038,91038 PROLONGED MONITORING  RECORDING OF ESOPHAGEAL,1250.0,500.0,336.91,1250.0,31
HCPCS,91040,91040 STUDY OF ESOPHAGEAL SENSATION BY BALLOON DISTENSION,1000.0,400.0,336.91,1000.0,31
HCPCS,91065,91065 MEASUREMENT OF HYDROGEN IN BREATH TO TEST FOR STOMACH AND BOWEL SYMPTOMS,350.0,140.0,122.81,487.37,31
HCPCS,91110,91110 IMAGING OF DIGESTIVE TRACT DONE FROM THE INSIDE OF THE DIGESTIVE TRACT,2000.0,800.0,735.88,2047.2,31
HCPCS,91111,91111 IMAGING OF ESOPHAGUS DONE FROM THE INSIDE OF THE ESOPHAGUS,1800.0,720.0,735.88,2047.2,31
HCPCS,91112,91112 MEASUREMENT OF COMPLEX STOMACH AND BOWEL MOTOR FUNCTION,1800.0,720.0,735.88,2047.2,31
HCPCS,91117,91117 STUDY OF LARGE INTESTINE TO ASSESS MOVEMENT,600.0,240.0,194.95,600.0,31
HCPCS,91122,91122 STUDY OF RECTUM SENSITIVITY AND FUNCTION,680.0,272.0,272.0,680.0,17
HCPCS,91132,91132 RECORDING AND INTERPRETATION OF STOMACH ELECTRICAL ACTIVITY,600.0,240.0,194.95,600.0,31
HCPCS,91133,91133 RECORDING  INTERPRETATION OF STOMACH ELECTRICAL,250.0,100.0,101.18,300.31,31
HCPCS,91200,91200 MEASUREMENT OF LIVER STIFFNESS,350.0,140.0,116.17,350.0,25
HCPCS,91299,91299 OTHER DIAGNOSTIC PROCEDURE FOR GASTROINTESTINE,350.0,140.0,116.17,350.0,31
HCPCS,91299,HC ELECTRODE PLACEMENT,350.0,140.0,116.17,350.0,31
HCPCS,91318,SARSCOV2 VAC 3MCG TRS-SUC IM,163.0,65.2,36.97,163.0,24
HCPCS,91319,SARSCV2 VAC 10MCG TRS-SUC IM,219.0,87.6,49.67,219.0,24
HCPCS,91320,SARSCV2 VAC 30MCG TRS-SUC IM,328.0,131.2,74.39,328.0,30
HCPCS,91321,SARSCOV2 VAC 25 MCG/.25ML IM,365.0,146.0,82.78,365.0,24
HCPCS,91322,SARSCOV2 VAC 50 MCG/0.5ML IM,365.0,146.0,82.78,365.0,30
HCPCS,92002,92002 NEW PATIENT PROBLEM FOCUSED EXAM OF VISUAL SYSTEM,290.0,116.0,120.2,300.51,25
HCPCS,92004,92004 NEW PATIENT COMPLETE EXAM OF VISUAL SYSTEM,290.0,116.0,120.2,300.51,25
HCPCS,92012,92012 ESTABLISHED PATIENT PROBLEM FOCUSED EXAM OF VISUAL SYSTEM,290.0,116.0,120.2,300.51,25
HCPCS,92014,92014 ESTABLISHED PATIENT COMPLETE EXAM OF VISUAL SYSTEM,290.0,116.0,120.2,300.51,25
HCPCS,92015,DETERMINE REFRACTIVE STATE,32.0,12.8,12.8,32.0,17
HCPCS,92081,92081 EXAM OF VISUAL FIELD WITH LIMITED TESTING,142.0,56.8,46.62,142.0,31
HCPCS,92082,92082 EXAM OF VISUAL FIELD WITH INTERMEDIATE TESTING,125.0,50.0,46.62,133.15,31
HCPCS,92083,92083 EXAM OF VISUAL FIELD WITH EXTENDED TESTING,250.0,100.0,101.18,300.31,31
HCPCS,92132,92132 IMAGING OF FRONT THIRD OF EYE,125.0,50.0,46.62,133.15,31
HCPCS,92133,92133 IMAGING OF OPTIC NERVE,125.0,50.0,46.62,133.15,31
HCPCS,92134,92134 IMAGING OF RETINA,125.0,50.0,46.62,133.15,31
HCPCS,92504,92504 EXAM OF EAR USING A MICROSCOPE,130.0,52.0,52.0,117.0,17
HCPCS,92507,92507 TREATMENT OF SPEECH,182.0,72.8,64.96,182.0,31
HCPCS,92508,92508 TREATMENT OF SPEECH,55.0,22.0,21.67,55.5,25
HCPCS,92511,92511 EXAM OF THE NOSE AND THROAT USING AN ENDOSCOPE,420.0,168.0,152.38,450.54,31
HCPCS,92516,92516 STUDY OF FACIAL NERVE FUNCTION,600.0,240.0,194.95,600.0,31
HCPCS,92517,CERVICAL VEMP TESTING W/IANDR,350.0,140.0,116.17,350.0,30
HCPCS,92518,OCULAR VEMP TESTING W/IANDR,350.0,140.0,116.17,350.0,30
HCPCS,92519,CERVICAL AND OCULAR VEMP TESTING W/IANDR,675.0,270.0,194.95,675.0,30
HCPCS,92521,92521 EVALUATION OF SPEECH CONTINUITY,315.0,126.0,110.0,315.0,31
HCPCS,92522,92522 EVALUATION OF SPEECH SOUND PRODUCTION,264.0,105.6,89.0,264.0,31
HCPCS,92523,92523 EVALUATION OF SPEECH SOUND PRODUCTION WITH,538.0,215.2,160.0,538.0,31
HCPCS,92524,92524 ANALYSIS OF VOICE AND RESONANCE PRODUCTION,260.0,104.0,92.7,260.0,31
HCPCS,92526,92526 TREATMENT OF SWALLOWING AND FEEDING DISORDER,200.0,80.0,71.28,200.0,31
HCPCS,92526,ORAL FUNCTION THERAPY,200.0,80.0,71.28,200.0,31
HCPCS,92537,92537 TEST TO ASSESS BALANCE DURING WARM AND COOL IRRIGATION IN BOTH EARS,350.0,140.0,116.17,350.0,31
HCPCS,92538,92538 TEST TO ASSESS BALANCE DURING WARM OR COOL IRRIGATION IN BOTH EARS,350.0,140.0,122.81,487.37,31
HCPCS,92540,92540 EVALUATION AND TESTING FOR BALANCE WITH RECORDING,350.0,140.0,122.81,487.37,31
HCPCS,92541,92541 TEST FOR ABNORMAL EYE MOVEMENT WITH RECORDING,250.0,100.0,101.18,300.31,31
HCPCS,92542,92542 TEST FOR ABNORMAL EYE MOVEMENT USING 3 POSITIONS WITH RECORDING,250.0,100.0,101.18,300.31,31
HCPCS,92544,92544 TEST FOR ABNORMAL EYE MOVEMENT USING A MOVING TARGET WITH RECORDING,350.0,140.0,116.17,350.0,31
HCPCS,92545,92545 TEST FOR ABNORMAL EYE MOVEMENT  A MOVING TARGET,600.0,240.0,194.95,600.0,31
HCPCS,92546,92546 TEST FOR ABNORMAL EYE MOVEMENT USING A ROTATING CHAIR,350.0,140.0,116.17,350.0,31
HCPCS,92548,92548 TEST FOR BALANCE AND POSTURE,250.0,100.0,101.18,300.31,30
HCPCS,92550,92550 TEST FOR EARDRUM AND MUSCLE FUNCTION,350.0,140.0,122.81,487.37,31
HCPCS,92551,92551 TEST FOR SCREENING HEARING,77.0,30.8,10.44,69.3,18
HCPCS,92552,92552 TEST FOR HEARING VARIOUS PITCHES USING EARPHONE,290.0,116.0,120.12,300.31,25
HCPCS,92553,92553 TEST FOR HEARING VARIOUS PITCHES USING EARPHONE    PLACED AGAINST THE BONE,350.0,140.0,116.17,350.0,31
HCPCS,92555,92555 TEST FOR ABILITY TO DETECT AND REPEAT SPOKEN WORDS,87.0,34.8,50.46,133.15,25
HCPCS,92556,92556 TEST FOR ABILITY TO DETECT AND REPEAT SPOKEN WORDS WITH SPEECH RECOGNITION,142.0,56.8,53.26,142.0,25
HCPCS,92557,92557 COMPREHENSIVE HEARING AND SPEECH RECOGNITION TEST,350.0,140.0,116.17,350.0,31
HCPCS,92565,92565 TEST TO ASSESS HEARING LOSS,75.0,30.0,43.5,133.15,25
HCPCS,92567,92567 TEST TO ASSESS MIDDLE EAR FUNCTION,106.0,42.4,30.81,106.0,31
HCPCS,92568,92568 TEST TO ASSESS MIDDLE EAR MUSCLE REFLEX,75.0,30.0,30.81,84.31,31
HCPCS,92570,92570 COMPREHENSIVE HEARING TEST,350.0,140.0,116.17,350.0,31
HCPCS,92571,92571 TEST TO ASSESS BY HEARING BY EXAMINING THE REPETITION OF REAL WORDS,75.0,30.0,33.72,84.31,25
HCPCS,92572,92572 TEST TO ASSESS HEARING USING 2 SYLLABLE WORDS,350.0,140.0,116.17,350.0,31
HCPCS,92575,92575 TEST TO ASSESS HEARING LOSS USING DIFFERENT TONE PITCHES,75.0,30.0,33.72,84.31,25
HCPCS,92576,92576 TEST TO ASSESS HEARING LOSS USING GRAMMATICALLY INCORRECT SENTENCES,75.0,30.0,33.72,84.31,25
HCPCS,92577,92577 TEST TO ASSESS HEARING LOSS  2 SIMULTANEOUS WORDS AT DIFFERENT,1000.0,400.0,336.91,1000.0,31
HCPCS,92579,92579 TEST TO ASSESS HEARING SENSITIVITY USING VISUAL AIDS,382.0,152.8,194.95,487.37,25
HCPCS,92582,92582 TEST TO ASSESS HEARING SENSITIVITY USING ACTIVITY RELATED FEEDBACK,382.0,152.8,116.17,382.0,31
HCPCS,92583,92583 TEST TO ASSESS HEARING USING PICTURES,142.0,56.8,53.26,142.0,25
HCPCS,92584,92584 TEST TO ASSESS ELECTRICAL POTENTIALS GENERATED IN THE INNER EAR AS,350.0,140.0,116.17,350.0,31
HCPCS,92587,92587 PLACEMENT OF EAR PROBE FOR COMPUTERIZED MEASUREMENT OF SOUND,748.0,299.2,194.95,731.04,31
HCPCS,92588,92588 PLACEMENT OF EAR PROBE FOR COMPUTERIZED MEASUREMENT OF REPEATED,748.0,299.2,244.41,842.27,31
HCPCS,92594,92594 EVALUATION OF HEARING AID FUNCTION,54.0,21.6,21.6,48.6,17
HCPCS,92595,92595 EVALUATION OF HEARING AID FUNCTION,99.0,39.6,34.65,89.1,17
HCPCS,92597,92597 EVALUATION FOR USE OF VOICE ARTIFICIAL DEVICE TO SUPPLEMENT ORAL SPEECH,172.0,68.8,61.7,172.0,31
HCPCS,92597,ORAL SPEECH DEVICE EVAL,172.0,68.8,61.7,172.0,31
HCPCS,92601,92601 ANALYSIS AND PROGRAMMING OF INNER EAR IMPLANT (YOUNGER THAN 7 YEARS),350.0,140.0,116.17,350.0,25
HCPCS,92602,92602 ANALYSIS AND REPROGRAMMING OF INNER EAR IMPLANT (YOUNGER THAN 7 YEARS),350.0,140.0,116.17,350.0,25
HCPCS,92603,92603 ANALYSIS AND PROGRAMMING OF INNER EAR IMPLANT (7 YEARS OR OLDER),350.0,140.0,116.17,350.0,31
HCPCS,92604,92604 ANALYSIS AND REPROGRAMMING OF INNER EAR IMPLANT (7 YEARS OR OLDER),350.0,140.0,116.17,350.0,31
HCPCS,92604,HC HC EVAL AUD REHAB +15 MIN,350.0,140.0,116.17,350.0,31
HCPCS,92607,92607 EVALUATION WITH PRESCRIPTION OF SPEECH-GENERATING  ALTERNATIVE,291.0,116.4,111.82,291.0,25
HCPCS,92607,EX FOR SPEECH DEVICE RX 1HR,291.0,116.4,111.82,291.0,75
HCPCS,92608,92608 EVALUATION WITH PRESCRIPTION OF SPEECH-GENERATING  ALTERNATIVE,114.0,45.6,43.81,114.0,18
HCPCS,92608,EX FOR SPEECH DEVICE RX ADDL,114.0,45.6,43.81,114.0,18
HCPCS,92608,HC EVAL SPEECH DEVICE ADD 15MIN GN,114.0,45.6,43.81,114.0,18
HCPCS,92608,HC EX SPEECH DEVICE RX ADDL GN,114.0,45.6,43.81,114.0,18
HCPCS,92609,92609 THERAPY SERVICE FOR USE OF SPEECH-GENERATING DEVICE WITH PROGRAMMING,245.0,98.0,93.06,245.0,25
HCPCS,92609,HC SPEECH DEVICE THERAPY GN,245.0,98.0,93.06,245.0,25
HCPCS,92609,HC USE OF SPEECH DEVICE SERVICE GN,245.0,98.0,93.06,245.0,25
HCPCS,92609,USE OF SPEECH DEVICE SERVICE,245.0,98.0,93.06,245.0,25
HCPCS,92610,92610 EVALUATION OF SWALLOWING FUNCTION,200.0,80.0,60.09,182.0,24
HCPCS,92610,EVALUATE SWALLOWING FUNCTION,200.0,80.0,60.09,182.0,24
HCPCS,92611,92611 EVALUATION OF SWALLOWING FUNCTION IMAGE,214.0,85.6,76.08,192.6,24
HCPCS,92611,MOTION FLUOROSCOPY/SWALLOW,214.0,85.6,76.08,192.6,24
HCPCS,92612,92612 EVALUATION AND RECORDING OF SWALLOWING USING AN ENDOSCOPE,434.0,173.6,56.09,390.6,24
HCPCS,92612,ENDOSCOPY SWALLOW (FEES) VID,434.0,173.6,56.09,390.6,24
HCPCS,92620,92620 EVALUATION OF HEARING FUNCTION BRAIN RESPONSES,350.0,140.0,116.17,350.0,25
HCPCS,92621,92621 EVALUATION OF HEARING FUNCTION BRAIN RESPONSES,112.0,44.8,44.8,100.8,17
HCPCS,92622,DX ALY PRGRMGANDVERIF AUD OI SOUND PROCESSR 1ST 60,372.0,148.8,116.17,372.0,31
HCPCS,92623,DX ALY PRGRMGANDVERIF AUD OI SOUND PROCESSR EA ADL,47.0,18.8,18.8,42.3,17
HCPCS,92625,92625 EVALUATION OF HEARING RINGING IN EAR,350.0,140.0,116.17,350.0,25
HCPCS,92626,92626 EVALUATION OF HEARING FUNCTION RELATED TO SURGICALLY IMPLANTED HEARING,350.0,140.0,116.17,350.0,31
HCPCS,92626,EVAL AUD REHAB 60 MIN,350.0,140.0,116.17,350.0,31
HCPCS,92627,92627 EVALUATION OF HEARING FUNCTION RELATED TO SURGICALLY IMPLANTED HEARING,75.0,30.0,30.0,75.0,17
HCPCS,92627,HC EVAL AUD STATUS REHAB ADD-ON,75.0,30.0,30.0,67.5,17
HCPCS,92630,92630 THERAPY SERVICE FOR HEARING LOSS PRIOR TO SPEECH AND LANGUAGE DEVELOPMENT,277.0,110.8,110.8,298.35,18
HCPCS,92630,AUD REHAB PRE-LING HEAR LOSS,277.0,110.8,110.8,298.35,18
HCPCS,92633,92633 THERAPY SERVICE FOR HEARING LOSS AFTER SPEECH AND LANGUAGE DEVELOPMENT,277.0,110.8,110.8,249.3,18
HCPCS,92633,AUD REHAB POSTLING HEAR LOSS,277.0,110.8,110.8,249.3,18
HCPCS,92650,92650 SCREENING EVALUATION OF BRAIN RESPONSE TO SOUND WITH AUTOMATED ANALYSIS,60.0,24.0,21.24,54.0,24
HCPCS,92651,92651 EVALUATION OF BRAIN RESPONSE TO SOUND FOR DETERMINATION OF HEARING,350.0,140.0,194.95,487.37,31
HCPCS,92652,92652 EVALUATION OF BRAIN RESPONSE TO SOUND FOR DETERMINATION OF HEARING,600.0,240.0,194.95,600.0,31
HCPCS,92653,92653 EVALUATION OF BRAIN RESPONSE TO SOUND FOR DIAGNOSIS OF NERVOUS,600.0,240.0,194.95,600.0,31
HCPCS,92700,92700 OTHER PROCEDURE ON EAR,63.0,25.2,19.23,65.28,31
HCPCS,92700,VIDEO HEAD IMPULSE TEST,63.0,25.2,19.23,65.28,31
HCPCS,92920,92920 BALLOON DILATION OF SINGLE CORONARY ARTERY OR BRANCH,11000.0,4400.0,4475.1,12846.73,31
HCPCS,92921,92921 BALLOON DILATION OF CORONARY ARTERY OR BRANCH,2240.0,896.0,896.0,2240.0,17
HCPCS,92924,92924 REMOVAL OF PLAQUE WITH BALLOON DILATION OF SINGLE,20000.0,8000.0,8901.18,26056.99,31
HCPCS,92925,92925 REMOVAL OF PLAQUE WITH BALLOON DILATION OF CORONARY ARTERY OR BRANCH,1500.0,600.0,600.0,1500.0,17
HCPCS,92928,92928 INSERTION OF STENTS WITH BALLOON DILATION OF CORONARY ARTERY OR BRANCH,24381.0,9752.4,8901.18,26056.99,31
HCPCS,92933,92933 REMOVAL OF PLAQUE,36950.0,14780.0,14094.18,41377.29,31
HCPCS,92934,92934 REMOVAL OF PLAQUE,1500.0,600.0,600.0,1500.0,17
HCPCS,92937,92937 REMOVAL OF PLAQUE,24381.0,9752.4,8901.18,26056.99,31
HCPCS,92938,92938 REMOVAL OF PLAQUE,2300.0,920.0,920.0,2300.0,17
HCPCS,92941,92941 REMOVAL OF PLAQUE AND BLOOD CLOT,20711.0,8284.4,8284.4,18954.0,17
HCPCS,92943,92943 REMOVAL OF PLAQUE,24381.0,9752.4,8901.18,26056.99,31
HCPCS,92944,92944 REMOVAL OF PLAQUE,1500.0,600.0,600.0,1500.0,17
HCPCS,92950,92950 MANUAL ATTEMPT TO RESTORE BLOOD CIRCULATION AND BREATHING,675.0,270.0,194.95,675.0,31
HCPCS,92953,92953 TEMPORARY PACEMAKER TO REGULATE HEART BEAT,1341.0,536.4,513.62,1491.85,31
HCPCS,92960,92960 EXTERNAL SHOCK TO HEART TO REGULATE HEART BEAT,1341.0,536.4,513.62,1491.85,31
HCPCS,92961,92961 INTERNAL SHOCK TO HEART TO REGULATE HEART BEAT,1341.0,536.4,513.62,1491.85,31
HCPCS,92970,92970 PLACEMENT OF INTERNAL DEVICE TO ASSIST CIRCULATION,10000.0,4000.0,4000.0,9000.0,17
HCPCS,92972,PERQ TRLUML CORONRY LITHOTRP,5000.0,2000.0,2000.0,4538.0,17
HCPCS,92973,92973 REMOVAL OF BLOOD CLOT IN HEART ARTERY,6635.0,2654.0,1888.0,5971.5,17
HCPCS,92975,92975 REMOVAL OF HEART ARTERY BLOOD CLOT BY DISSOLVING USING IMAGING GUIDANCE,2500.0,1000.0,1000.0,2500.0,17
HCPCS,92977,92977 REMOVAL OF HEART ARTERY BLOOD CLOT BY DISSOLVING,814.0,325.6,325.6,814.0,17
HCPCS,92978,92978 ULTRASOUND EVALUATION OF HEART BLOOD VESSEL OR GRAFT,3728.0,1491.2,1491.2,3355.2,17
HCPCS,92979,92979 ULTRASOUND EVALUATION OF HEART BLOOD VESSEL OR GRAFT,2863.0,1145.2,1145.2,2576.7,17
HCPCS,92986,92986 BALLOON DILATION REPAIR OF AORTIC VALVE,11000.0,4400.0,4475.1,12846.73,31
HCPCS,92987,92987 BALLOON DILATION REPAIR OF MITRAL VALVE,20000.0,8000.0,8901.18,26056.99,31
HCPCS,92990,92990 BALLOON DILATION REPAIR OF PULMONARY VALVE,20000.0,8000.0,8901.18,26056.99,31
HCPCS,92997,92997 BALLOON DILATION OF PULMONARY ARTERY,24381.0,9752.4,8901.18,26056.99,31
HCPCS,92998,92998 BALLOON DILATION OF PULMONARY ARTERY,5747.0,2298.8,2298.8,5747.0,17
HCPCS,93005,ELECTROCARDIOGRAM TRACING,161.0,64.4,46.62,161.0,31
HCPCS,93017,93017 EXERCISE OR DRUG-INDUCED HEART STRESS TEST WITH ELECTROCARDIOGRAM (ECG),675.0,270.0,194.95,675.0,31
HCPCS,93017,CARDIOVASCULAR STRESS TEST DOBUTAMINE,600.0,240.0,194.95,600.0,31
HCPCS,93017,CARDIOVASCULAR STRESS TEST EXERCISE,675.0,270.0,194.95,675.0,31
HCPCS,93025,93025 ELECTROCARDIOGRAM (ECG) ASSESSMENT OF IRREGULAR HEART BEATS,350.0,140.0,116.17,350.0,31
HCPCS,93225,93225 ELECTROCARDIOGRAM (ECG) 2-DAY CONTINUOUS,290.0,116.0,101.18,300.31,31
HCPCS,93225,HC ECG/MONITORING AND ANALYSIS,290.0,116.0,101.18,300.31,31
HCPCS,93226,93226 ELECTROCARDIOGRAM (ECG) 2-DAY CONTINUOUS WITH REPORT,250.0,100.0,46.62,225.0,31
HCPCS,93229,REMOTE 30 DAY ECG TECH SUPP,349.0,139.6,202.42,842.27,31
HCPCS,93242,93242 HEART RHYTHM RECORDING CONTINOUS EXTERNAL EKG,142.0,56.8,30.81,127.8,31
HCPCS,93246,ECG>7D<15D RECORDING,125.0,50.0,30.81,113.9,31
HCPCS,93261,93261 EVALUATION OF IMPLANTABLE DEFIBRILLATOR SYSTEM,95.0,38.0,29.27,95.0,29
HCPCS,93270,93270 ELECTROCARDIOGRAM (ECG) UP TO 30 DAYS CONTINUOUS WITH SYMPTOM MONITORING,95.0,38.0,29.27,95.0,31
HCPCS,93270,HC PEDS EVENT MONITOR,95.0,38.0,29.27,95.0,31
HCPCS,93271,93271 ELECTROCARDIOGRAM  ECG  UP TO 30 DAYS CONTINUOUS,200.0,80.0,72.05,214.59,31
HCPCS,93271,HC EVENT LOOPER TECH FEE 30 MONITOR,200.0,80.0,72.05,214.59,31
HCPCS,93278,93278 RECORDING TO EVALUATE HEIGHT  DURATION OF HEART BEATS,125.0,50.0,46.62,133.15,30
HCPCS,93279,93279 PROGRAMMING OF SINGLE LEAD PACEMAKER SYSTEM,95.0,38.0,29.27,95.0,31
HCPCS,93280,93280 PROGRAMMING OF DUAL LEAD PACEMAKER SYSTEM,95.0,38.0,29.27,95.0,31
HCPCS,93281,93281 PROGRAMMING OF MULTIPLE LEAD PACEMAKER SYSTEM,95.0,38.0,29.27,95.0,31
HCPCS,93282,93282 PROGRAMMING OF SINGLE LEAD IMPLANTABLE DEFIBRILLATOR SYSTEM,95.0,38.0,29.27,95.0,31
HCPCS,93283,93283 PROGRAMMING OF DUAL LEAD IMPLANTABLE DEFIBRILLATOR SYSTEM,95.0,38.0,29.27,95.0,31
HCPCS,93284,93284 PROGRAMMING OF MULTIPLE LEAD IMPLANTABLE DEFIBRILLATOR SYSTEM,95.0,38.0,29.27,95.0,31
HCPCS,93285,93285 PROGRAMMING OF CARDIAC RHYTHM MONITOR SYSTEM,95.0,38.0,29.27,95.0,31
HCPCS,93286,93286 PROGRAMMING OF SINGLE,95.0,38.0,38.0,85.5,17
HCPCS,93287,93287 PROGRAMMING OF SINGLE,156.0,62.4,62.4,140.4,17
HCPCS,93288,93288 EVALUATION OF SINGLE,95.0,38.0,29.27,95.0,31
HCPCS,93289,93289 EVALUATION OF SINGLE,95.0,38.0,29.27,95.0,31
HCPCS,93290,93290 EVALUATION OF IMPLANTABLE HEART AND BLOOD VESSEL MONITORING SYSTEM,95.0,38.0,29.27,95.0,31
HCPCS,93292,93292 EVALUATION OF WEARABLE DEFIBRILLATOR SYSTEM,95.0,38.0,29.27,95.0,31
HCPCS,93293,93293 TELEPHONIC RHYTHM STRIP EVALUATION OF SINGLE,95.0,38.0,29.27,95.0,31
HCPCS,93296,93296 EVALUATION OF SINGLE,95.0,38.0,29.27,95.0,31
HCPCS,93297,REM INTERROG DEV EVAL ICPMS,95.0,38.0,29.27,95.0,31
HCPCS,93298,REM INTERROG DEV EVAL SCRMS,95.0,38.0,29.27,95.0,31
HCPCS,93303,93303 ULTRASOUND OF HEART FOR CONGENITAL DEFECT,1300.0,520.0,430.35,1300.0,31
HCPCS,93304,93304 ULTRASOUND OF HEART FOR CONGENITAL DEFECT,1300.0,520.0,430.35,1300.0,31
HCPCS,93306,93306 ULTRASOUND OF HEART WITH COLOR-DEPICTED BLOOD FLOW,1300.0,520.0,430.35,1300.0,31
HCPCS,93307,93307 ULTRASOUND OF HEART,590.0,236.0,189.73,590.0,31
HCPCS,93308,93308 ULTRASOUND OF HEART,590.0,236.0,189.73,590.0,31
HCPCS,93312,93312 ULTRASOUND OF HEART WITH PROBE IN ESOPHAGUS,1300.0,520.0,430.35,1300.0,31
HCPCS,93313,93313 INSERTION OF PROBE IN ESOPHAGUS FOR HEART ULTRASOUND,1300.0,520.0,430.35,1300.0,31
HCPCS,93315,93315 ULTRASOUND OF HEART WITH PROBE IN ESOPHAGUS FOR CONGENITAL DEFECT,1300.0,520.0,430.35,1300.0,31
HCPCS,93318,93318 ULTRASOUND OF HEART WITH PROBE IN ESOPHAGUS TO ASSESS HEART PUMP FUNCTION,1300.0,520.0,430.35,1300.0,31
HCPCS,93319,3D ECHO IMGANDPST-PXESSING TEE/TTE CGEN CAR ANOMAL,884.0,353.6,353.6,795.6,17
HCPCS,93320,93320 ULTRASOUND OF HEART BLOOD FLOW,822.0,328.8,328.8,739.8,17
HCPCS,93321,93321 ULTRASOUND OF HEART BLOOD FLOW,664.0,265.6,265.6,597.6,17
HCPCS,93325,93325 ULTRASOUND OF HEART WITH COLOR-DEPICTED BLOOD FLOW,768.0,307.2,307.2,691.2,17
HCPCS,93350,93350 ULTRASOUND OF HEART DURING REST,1300.0,520.0,430.35,1300.0,31
HCPCS,93350,TTE W OR W/O FOL W/CONSTRES,1827.0,730.8,430.35,1644.3,31
HCPCS,93351,93351 ULTRASOUND OF HEART WITH CONTINUOUS ELECTROCARDIOGRAM (ECG) DURING REST,1300.0,520.0,430.35,1300.0,31
HCPCS,93355,93355 ULTRASOUND OF HEART WITH PROBE IN ESOPHAGUS DURING SURGERY O,400.0,160.0,160.0,400.0,17
HCPCS,93356,93356 HEART MUSCLE STRAIN IMAGING,975.0,390.0,390.0,877.5,17
HCPCS,93451,93451 INSERTION OF TUBE IN RIGHT HEART CHAMBERS FOR MEASUREMENT,7200.0,2880.0,2524.55,7317.53,31
HCPCS,93452,93452 INSERTION OF TUBE IN LEFT HEART CHAMBERS FOR DIAGNOSIS,7200.0,2880.0,2524.55,7317.53,31
HCPCS,93453,93453 INSERTION OF TUBE IN RIGHT AND LEFT HEART CHAMBERS FOR DIAGNOSIS,7200.0,2880.0,2524.55,7317.53,31
HCPCS,93454,93454 INSERTION OF TUBE IN CORONARY ARTERY FOR DIAGNOSIS,7200.0,2880.0,2524.55,7317.53,31
HCPCS,93455,93455 INSERTION OF TUBE IN BYPASS GRAFT FOR DIAGNOSIS WITH REVIEW BY RADIOLOGIST,7200.0,2880.0,2524.55,7317.53,31
HCPCS,93456,93456 INSERTION OF  IN RIGHT HEART CHAMBERS AND CORONARY ARTERY FOR DIAGNOSIS,7200.0,2880.0,2524.55,7317.53,31
HCPCS,93457,93457 INSERTION OF TUBE IN RIGHT HEART CHAMBERS,7200.0,2880.0,2524.55,7317.53,31
HCPCS,93458,93458 INSERTION OF  IN LEFT LOWER HEART CHAMBER  CORONARY ARTERY FOR DIAGNOSIS,7200.0,2880.0,2524.55,7317.53,31
HCPCS,93459,93459 INSERTION OF TUBE IN LEFT LOWER HEART CHAMBER,7200.0,2880.0,2524.55,7317.53,31
HCPCS,93460,93460 INSERTION OF  IN RIGHT  LEFT HEART CHAMBERS  CORONARY ARTERY,7200.0,2880.0,2524.55,7317.53,31
HCPCS,93461,93461 INSERTION OF TUBE IN RIGHT AND LEFT HEART CHAMBERS,7200.0,2880.0,2524.55,7317.53,31
HCPCS,93462,93462 INSERTION OF TUBE IN LEFT HEART CHAMBER THROUGH HEART SEPTUM,7276.0,2910.4,1888.0,6548.4,17
HCPCS,93463,93463 DRUG INFUSION DURING CARDIAC CATHETERIZATION,1905.0,762.0,762.0,1905.0,17
HCPCS,93464,93464 DRUG INFUSION OR EXERCISE FOR HEART STIMULATION DURING DIAGNOSTIC STUDY,1905.0,762.0,762.0,1905.0,17
HCPCS,93503,93503 INSERTION OF TUBE IN PULMONARY ARTERY FOR MONITORING,3000.0,1200.0,1219.29,3553.11,31
HCPCS,93505,93505 BIOPSY OF HEART MUSCLE,6000.0,2400.0,2470.47,7126.91,31
HCPCS,93563,93563 INJECTION FOR  OF CORONARY BLOOD VESSEL DURING EVALUATION,833.0,333.2,333.2,833.0,17
HCPCS,93564,93564 INJECTION FOR  OF HEART VESSEL GRAFTS DURING EVALUATION,898.0,359.2,359.2,898.0,17
HCPCS,93565,93565 INJECTION FOR IMAGING OF LEFT HEART CHAMBERS WITH REVIEW BY RADIOLOGIST,552.0,220.8,220.8,552.0,17
HCPCS,93566,93566 INJECTION FOR IMAGING OF RIGHT HEART CHAMBERS WITH REVIEW BY RADIOLOGIST,508.0,203.2,203.2,508.0,17
HCPCS,93567,93567 INJECTION FOR IMAGING OF AORTA ABOVE HEART VALVE,552.0,220.8,220.8,552.0,17
HCPCS,93568,93568 INJECTION FOR IMAGING OF PULMONARY ARTERY WITH REVIEW BY RADIOLOGIST,550.0,220.0,220.0,550.0,17
HCPCS,93569,NJX CTH SLCT P-ART ANGRP UNI,2500.0,1000.0,1000.0,2250.0,17
HCPCS,93571,93571 ULTRASOUND EVALUATION OF HEART BLOOD VESSEL DURING DIAGNOSIS OR TREATMENT,2148.0,859.2,859.2,1970.0,17
HCPCS,93572,93572 ULTRASOUND EVALUATION OF HEART BLOOD VESSEL DURING DIAGNOSIS OR TREATMENT,2520.0,1008.0,1008.0,2268.0,17
HCPCS,93573,NJX CATH SLCT P-ART ANGRP BI,2500.0,1000.0,1000.0,2250.0,17
HCPCS,93574,NJX CATH SLCT PULM VN ANGRPH,2500.0,1000.0,1000.0,2250.0,17
HCPCS,93575,NJX CATH SLCT P ANGRPH MAPCA,2500.0,1000.0,1000.0,2250.0,17
HCPCS,93580,93580 REPAIR OF CONGENITAL ABNORMALITY IN WALL BETWEEN UPPER,36950.0,14780.0,14094.18,41377.29,31
HCPCS,93581,93581 REPAIR OF CONGENITAL ABNORMALITY IN WALL BETWEEN LOWER,35000.0,14000.0,14094.18,41377.29,31
HCPCS,93582,93582 REPAIR OF CONGENITAL ABNORMALITY OF PULMONARY ARTERY TO AORTA,41006.0,16402.4,14094.18,41377.29,31
HCPCS,93583,93583 REPAIR OF WALL BETWEEN LOWER HEART CHAMBERS INCLUDING PACEMAKER INSERTION,7500.0,3000.0,3000.0,6750.0,17
HCPCS,93584,VNGRPH CHD ANOM/PERSIST SVC,3000.0,1200.0,1200.0,3000.0,17
HCPCS,93585,VNGRPH CHD AZYGS/HEMIAZYGS,3000.0,1200.0,1200.0,3000.0,17
HCPCS,93586,VNGRPH CHD CORONARY SINUS,3000.0,1200.0,1200.0,3000.0,17
HCPCS,93587,VNGRPH CHD VNVN CLTRL AT/ABV,3000.0,1200.0,1200.0,2700.0,15
HCPCS,93588,VNGRPH CHD VNVN CLTRL BELOW,3000.0,1200.0,1200.0,3000.0,17
HCPCS,93590,93590 REPAIR OF LEAK ADJACENT TO MITRAL VALVE,36950.0,14780.0,16550.92,41377.29,25
HCPCS,93591,93591 REPAIR OF LEAK ADJACENT TO AORTIC VALVE,36950.0,14780.0,16550.92,41377.29,25
HCPCS,93592,93592 REPAIR OF LEAD ADJACENT TO HEART VALVE,10000.0,4000.0,1888.0,9000.0,17
HCPCS,93593,R HRT CATH CHD W/IMG CATH TRGT ZONE NML NT CONNJ,7404.0,2961.6,2524.55,7404.0,31
HCPCS,93594,R HRT CATH CHD W/IMG CATH TRGT ZON ABNL NT CONNJ,7404.0,2961.6,2524.55,7404.0,31
HCPCS,93595,L HRT CATH CHD IMG CATH TRGT ZON NML/ABNL NT CNJ,7404.0,2961.6,2524.55,7404.0,31
HCPCS,93596,RANDL HRT CATH CHD IMG CATH TRGT ZONE NML NT CONNJ,7404.0,2961.6,2524.55,7404.0,31
HCPCS,93597,RANDL HRT CATH CHD ABNL NT CNJ,7404.0,2961.6,2524.55,7404.0,31
HCPCS,93598,CAR OUTP MEAS DRG CAR CATH EVAL CGEN HRT DEFECT,500.0,200.0,200.0,500.0,17
HCPCS,93600,93600 RECORDING OF UPPER HEART RHYTHM,12000.0,4800.0,5955.88,17605.03,31
HCPCS,93602,93602 RECORDING OF UPPER HEART CHAMBER RHYTHM,12000.0,4800.0,5955.88,17605.03,31
HCPCS,93603,93603 RECORDING OF RIGHT LOWER HEART CHAMBER RHYTHM,2500.0,1000.0,952.86,2748.17,31
HCPCS,93609,93609 INSERTION OF  IN UPPER AND/OR LOWER HEART CHAMBERS TO RECORD,4971.0,1988.4,1988.4,4971.0,17
HCPCS,93610,93610 INSERTION OF TEMPORARY PACEMAKER ELECTRODE FOR DIAGNOSTIC UPPER HEART,12000.0,4800.0,5955.88,17605.03,31
HCPCS,93612,93612 INSERTION OF TEMPORARY PACEMAKER ELECTRODE FOR DIAGNOSTIC LOWER HEART,12000.0,4800.0,5955.88,17605.03,31
HCPCS,93613,93613 INSERTION OF TUBE FOR 3D MAPPING OF ELECTRICAL IMPULSES TO HEART MUSCLE,6839.0,2735.6,2735.6,6839.0,17
HCPCS,93615,93615 INSERTION OF PROBE IN ESOPHAGUS FOR RECORDING ELECTRICAL IMPULSES,1904.0,761.6,952.86,2748.17,31
HCPCS,93616,93616 INSERTION OF PROBE IN ESOPHAGUS FOR RECORDING ELECTRICAL IMPULSES,2500.0,1000.0,952.86,2748.17,31
HCPCS,93618,93618 INDUCTION OF ABNORMAL HEART RHYTHM BY ELECTRICAL PACING,2500.0,1000.0,952.86,2748.17,31
HCPCS,93619,COMPREHENSIVE EP EVALUATION,20088.0,8035.2,5955.88,20088.0,31
HCPCS,93620,93620 INSERTION OF CATHETERS FOR RECORDING  PACING OF RIGHT HEART CHAMBERS,15520.0,6208.0,5955.88,17605.03,31
HCPCS,93621,93621 INSERTION OF CATHETERS FOR RECORDING  PACING OF LEFT UPPER HEART CHAMBER,9045.0,3618.0,3618.0,9045.0,17
HCPCS,93622,93622 INSERTION OF CATHETERS FOR RECORDING  PACING OF LEFT LOWER HEART CHAMBER,9000.0,3600.0,3600.0,9000.0,17
HCPCS,93623,93623 PROGRAMMING OF HEART RHYTHM STIMULATION AFTER DRUG INFUSION,5205.0,2082.0,2082.0,5205.0,17
HCPCS,93624,93624 INSERTION OF CATHETERS FOR RECORDING,12000.0,4800.0,5955.88,17605.03,31
HCPCS,93640,93640 EVALUATION OF SINGLE OR DUAL CHAMBER PACING CARDIOVERTER-DEFIBRI,2500.0,1000.0,1000.0,2500.0,17
HCPCS,93641,93641 EVALUATION OF SINGLE OR DUAL CHAMBER PACING CARDIOVERTER-DEFIBRIL,3730.0,1492.0,1492.0,3730.0,17
HCPCS,93642,93642 PROGRAMMING OF PACING CARDIOVERTER-DEFIBRILLATOR,2500.0,1000.0,952.86,2748.17,31
HCPCS,93644,93644 PROGRAMMING OF IMPLANTABLE DEFIBRILLATOR,300.0,120.0,120.0,300.0,17
HCPCS,93650,93650 DESTRUCTION OF HEART CONDUCTION TISSUE TO CREATE HEART BLOCK,14000.0,5600.0,5955.88,17605.03,31
HCPCS,93653,93653 COMPREHENSIVE ELECTROPHYSIOLOGIC EVALUATION WITH CATHETER DESTRUCTION,45000.0,18000.0,19255.34,58997.13,31
HCPCS,93654,93654 COMPREHENSIVE ELECTROPHYSIOLOGIC EVALUATION WITH CATHETER DESTRUCTION,45000.0,18000.0,19255.34,58997.13,31
HCPCS,93655,93655 INSERTION OF CATHETERS  DESTRUCTION OF TISSUE TO TREAT ABNORMAL,5040.0,2016.0,2016.0,5040.0,17
HCPCS,93656,93656 COMPREHENSIVE ELECTROPHYSIOLOGIC EVALUATION WITH CATHETER DESTRUCTION,45000.0,18000.0,19255.34,58997.13,31
HCPCS,93657,93657 DESTRUCTION OF TISSUE OF UPPER HEART CHAMBER THROUGH,10080.0,4032.0,4032.0,10080.0,17
HCPCS,93660,93660 EVALUATION OF HEART FUNCTION USING TILT TABLE,1000.0,400.0,336.91,1000.0,31
HCPCS,93662,93662 ULTRASOUND EVALUATION OF HEART BLOOD VESSEL WITH REVIEW BY RADIOLOGIST,4000.0,1600.0,1600.0,4000.0,17
HCPCS,93668,93668 PERIPHERAL ARTERIAL DISEASE REHABILITATION,125.0,50.0,53.26,133.15,25
HCPCS,93701,93701 MEASUREMENT OF HEART BLOOD FLOW AND RESPIRATION,250.0,100.0,101.18,300.31,31
HCPCS,93724,93724 ELECTRONIC ANALYSIS OF PACEMAKER TO CORRECT RAPID HEART RATE,675.0,270.0,235.4,693.26,31
HCPCS,93740,93740 MEASUREMENT OF HEART BLOOD VESSEL FUNCTION AT VARIOUS TEMPERATURES,350.0,140.0,116.17,350.0,30
HCPCS,93750,93750 EVALUATION OF LOWER HEART CHAMBER ASSIST DEVICE,200.0,80.0,72.05,214.59,31
HCPCS,93786,93786 AMBULATORY BLOOD PRESSURE MONITORING,250.0,100.0,101.18,300.31,31
HCPCS,93788,93788 AMBULATORY BLOOD PRESSURE MONITORING,250.0,100.0,101.18,300.31,29
HCPCS,93797,93797 OUTPATIENT HEART REHABILITATION,296.0,118.4,116.39,296.0,25
HCPCS,93798,93798 OUTPATIENT HEART REHABILITATION WITH ELECTROCARDIOGRAM (ECG) MONITORING,348.0,139.2,98.83,348.0,31
HCPCS,93799,93799 OTHER CARDIOVASCULAR SERVICE OR PROCEDURE,11917.0,4766.8,116.17,10725.3,31
HCPCS,93799,CARDIOVASCULAR PROCEDURE,2500.0,1000.0,116.17,2250.0,62
HCPCS,93880,93880 ULTRASOUND OF BOTH SIDES OF HEAD AND NECK BLOOD FLOW,650.0,260.0,189.73,650.0,31
HCPCS,93882,EXTRACRANIAL STUDY LIMITED,997.0,398.8,83.47,897.3,31
HCPCS,93886,93886 COMPLETE ULTRASOUND OF WITHIN THE BRAIN BLOOD FLOW,1197.0,478.8,189.73,1077.3,31
HCPCS,93888,93888 ULTRASOUND OF WITHIN THE BRAIN BLOOD FLOW,997.0,398.8,83.47,897.3,31
HCPCS,93892,TRANSCRANIAL DOPPLER INTRACRAN ART EMBOLI DETECT,975.0,390.0,83.47,877.5,31
HCPCS,93895,CAROTID INTIMA MEDIA AND CAROTID ATHEROMA EVAL BI,225.0,90.0,90.0,202.5,17
HCPCS,93922,UPR/L XTREMITY ART 2 LEVELS,290.0,116.0,101.18,300.31,31
HCPCS,93923,93923 COMPLETE ULTRASOUND STUDY OF ARM AND LEG ARTERIES,350.0,140.0,122.81,487.37,31
HCPCS,93924,93924 ULTRASOUND OF LEG ARTERIES AT REST AND AFTER EXERCISE,600.0,240.0,122.81,541.97,31
HCPCS,93925,93925 ULTRASOUND OF LEG ARTERIES OR ARTERY GRAFTS,1197.0,478.8,189.73,1077.3,31
HCPCS,93926,93926 ULTRASOUND OF ONE LEG ARTERIES OR ARTERY GRAFTS,997.0,398.8,83.47,897.3,31
HCPCS,93930,93930 ULTRASOUND OF ARM ARTERIES OR ARTERY GRAFTS,1197.0,478.8,189.73,1077.3,31
HCPCS,93931,93931 ULTRASOUND OF ONE ARM ARTERIES OR ARTERY GRAFTS,997.0,398.8,83.47,897.3,31
HCPCS,93970,93970 ULTRASOUND STUDY OF ARM OR LEG VEINS WITH COMPRESSION AND MANEUVERS,650.0,260.0,189.73,650.0,31
HCPCS,93971,93971 ULTRASOUND STUDY OF ONE ARM OR LEG VEINS WITH COMPRESSION AND MANEUVERS,975.0,390.0,83.47,877.5,31
HCPCS,93975,93975 COMPLETE ULTRASOUND OF ABDOMEN AND PELVIS ARTERY AND VEIN BLOOD FLOW,650.0,260.0,189.73,650.0,31
HCPCS,93976,ABDOMINAL VASCULATURE LIMITED,975.0,390.0,83.47,877.5,31
HCPCS,93976,HC DUPLEX ABD INFLOW/OUTFLW (SMA),997.0,398.8,83.47,897.3,31
HCPCS,93978,93978 COMPLETE ULTRASOUND OF AORTA,650.0,260.0,189.73,650.0,31
HCPCS,93979,93979 ULTRASOUND OF AORTA,997.0,398.8,83.47,897.3,31
HCPCS,93980,93980 COMPLETE ULTRASOUND OF PENIS ARTERY AND VEIN BLOOD FLOW,975.0,390.0,83.47,877.5,31
HCPCS,93981,93981 ULTRASOUND OF PENIS ARTERY AND VEIN BLOOD FLOW,975.0,390.0,83.47,877.5,31
HCPCS,93985,93985 COMPLETE ULTRASOUND OF ARTERY  VEIN BLOOD FLOW PRE-OP,590.0,236.0,215.42,590.0,25
HCPCS,93986,93986 COMPLETE ULTRASOUND OF ARTERY  VEIN BLOOD FLOW PRE-OP,975.0,390.0,94.39,877.5,25
HCPCS,93990,93990 ULTRASOUND OF HEMODIALYSIS ACCESS,997.0,398.8,83.47,897.3,31
HCPCS,93998,UNLISTED NONINVASIVE VASCULAR DIAGNOSTIC STUDY,63.0,25.2,19.23,65.28,31
HCPCS,94002,94002 INITIAL HOSPITAL INPATIENT OR OBSERVATION VENTILATION ASSISTANCE,1244.0,497.6,124.8,1394.44,25
HCPCS,94002,TRACHEAL MECHANICAL VENT INITIAL,1244.0,497.6,124.8,1394.44,25
HCPCS,94003,94003 FOLLOW-UP INPATIENT OR OBSERVATION VENTILATION ASSISTANCE AND MANAGEMENT,1244.0,497.6,124.8,1394.44,25
HCPCS,94003,VENT MGMT INPAT SUBQ DAY,1244.0,497.6,124.8,1394.44,25
HCPCS,94010,94010 TEST TO MEASURE EXPIRATORY AIRFLOW AND VOLUME,350.0,140.0,122.81,487.37,31
HCPCS,94013,94013 TEST TO MEASURE REMAINING AIR OR LUNG CAPACITY AFTER EXHA,1000.0,400.0,336.91,1000.0,25
HCPCS,94060,94060 TEST TO MEASURE EXPIRATORY AIRFLOW  VOLUME CHANGES BEFORE  AFTER,600.0,240.0,244.41,842.27,31
HCPCS,94070,94070 TEST TO MEASURE LUNG AIRWAY SENSITIVITY,675.0,270.0,244.41,842.27,31
HCPCS,94150,94150 TEST TO MEASURE THE TOTAL VOLUME OF AIR THAT CAN BE EXHALED AFTER INHALING,350.0,140.0,116.17,350.0,31
HCPCS,94200,94200 TEST TO MEASURE LARGEST AMOUNT OF AIR BREATHED IN AN OUT,142.0,56.8,46.62,142.0,31
HCPCS,94375,94375 TEST TO MEASURE RATE OF AIRFLOW,748.0,299.2,194.95,731.04,31
HCPCS,94610,94610 ADMINISTRATION OF MEDICATION THROUGH BREATHING TUBE,480.0,192.0,197.71,494.26,25
HCPCS,94617,94617 TEST FOR EXERCISE-INDUCED SPASM OF LUNG AIRWAYS,290.0,116.0,101.18,300.31,31
HCPCS,94618,94618 TEST FOR EXERCISE-INDUCED LUNG STRESS,290.0,116.0,101.18,300.31,31
HCPCS,94621,94621 TEST FOR EXERCISE-INDUCED HEART AND LUNG STRESS,675.0,270.0,244.41,842.27,31
HCPCS,94640,94640 INHALATION TREATMENT FOR AIRWAY OBSTRUCTION OR SPUTUM PRODUCTION,480.0,192.0,124.8,494.26,31
HCPCS,94642,94642 INHALATION TREATMENT FOR PNEUMONIA,480.0,192.0,124.8,494.26,31
HCPCS,94644,94644 INHALATION TREATMENT FOR ACUTE AIRWAY OBSTRUCTION,250.0,100.0,101.18,300.31,31
HCPCS,94645,94645 INHALATION TREATMENT FOR ACUTE AIRWAY OBSTRUCTION,189.0,75.6,75.6,170.1,18
HCPCS,94660,94660 THERAPY PROCEDURE USING A POSITIVE PRESSURE VENTILATOR,480.0,192.0,124.8,494.26,25
HCPCS,94660,POS AIRWAY PRESSURE CPAP,480.0,192.0,124.8,494.26,150
HCPCS,94662,94662 THERAPY PROCEDURE USING A NEGATIVE PRESSURE VENTILATOR,1244.0,497.6,124.8,1244.0,18
HCPCS,94664,94664 EVALUATION OF USE OF BREATHING DEVICE,480.0,192.0,124.8,494.26,25
HCPCS,94667,94667 INITIAL THERAPY SERVICE TO FACILITATE LUNG FUNCTION,290.0,116.0,120.12,300.31,25
HCPCS,94667,CHEST WALL MANIPULATION,290.0,116.0,120.12,300.31,25
HCPCS,94668,94668 FOLLOW-UP THERAPY SERVICE TO FACILITATE LUNG FUNCTION,290.0,116.0,120.12,300.31,25
HCPCS,94668,CHEST WALL MANIPULATION,290.0,116.0,120.12,300.31,25
HCPCS,94669,94669 THERAPY PROCEDURE TO CLEAR AIRWAY USING AN INFLATABLE VEST,480.0,192.0,124.8,494.26,31
HCPCS,94690,94690 TEST TO MEASURE EXHALED AIR FOR EVALUATION OF LUNG FUNCTION AT REST,125.0,50.0,46.62,133.15,31
HCPCS,94726,94726 TEST TO DETERMINE LUNG VOLUMES USING SENSORS,600.0,240.0,244.41,842.27,31
HCPCS,94727,94727 TEST TO DETERMINE LUNG VOLUMES USING GAS DILUTION OR WASHOUT,350.0,140.0,122.81,487.37,31
HCPCS,94728,94728 TEST TO MEASURE RESISTANCE OF THE AIRWAYS  LUNGS TO DIFFERING FREQUENCIES,600.0,240.0,116.17,540.0,31
HCPCS,94729,94729 TEST TO EXAMINE HOW WELL THE LUNGS EXCHANGE GASES,565.0,226.0,226.0,508.5,17
HCPCS,94762,94762 TEST TO MEASURE OXYGEN LEVEL IN BLOOD  EAR OR FINGER   CONTINUOUSLY,382.0,152.8,122.81,343.8,23
HCPCS,94772,94772 TEST TO RECORD INFANT BREATHING PATTERN OVER 12-24 HOURS,1000.0,400.0,336.91,1000.0,25
HCPCS,94799,94799 OTHER SERVICE OR PROCEDURE ON LUNG,357.0,142.8,116.17,357.0,31
HCPCS,95004,95004 TEST FOR ALLERGY USING ALLERGENIC EXTRACT,108.0,43.2,62.64,1938.31,31
HCPCS,95012,95012 TEST TO MEASURE THE LEVEL OF NITRIC OXIDE GAS,75.0,30.0,30.81,84.31,30
HCPCS,95017,95017 TEST FOR ALLERGY USING COMBINATION OF METHODS WITH VENOM,63.0,25.2,19.23,65.28,31
HCPCS,95018,95018 TEST FOR ALLERGY USING COMBINATION OF METHODS WITH DRUG OR BIOLOGICAL,75.0,30.0,30.81,84.31,31
HCPCS,95024,95024 TEST FOR ALLERGY USING ALLERGENIC EXTRACT INJECTED INTO SKIN,125.0,50.0,46.62,133.15,31
HCPCS,95044,95044 TEST FOR ALLERGY USING SKIN PATCH,2000.0,800.0,775.32,2000.0,31
HCPCS,95044,HC PATCH/APPL TESTS PER # TESTS,94.0,37.6,54.52,1938.31,31
HCPCS,95052,95052 TEST FOR ALLERGY USING PHOTO PATCH,125.0,50.0,46.62,133.15,31
HCPCS,95070,95070 TEST FOR ALLERGY USING DRUGS,1000.0,400.0,336.91,1000.0,31
HCPCS,95115,95115 PROFESSIONAL SERVICE FOR SINGLE INJECTION OF ALLERGEN,100.0,40.0,36.21,105.69,31
HCPCS,95117,95117 PROFESSIONAL SERVICE FOR MULTIPLE INJECTIONS OF ALLERGEN,100.0,40.0,36.21,105.69,31
HCPCS,95145,95145 PROFESSIONAL SERVICE FOR PREPARATION  PROVISION OF 1 STINGING INSECT VENOM,100.0,40.0,36.21,105.69,31
HCPCS,95165,95165 PROFESSIONAL SERVICE FOR PREPARATION AND PROVISION OF 1 OR MORE ANTIGENS,100.0,40.0,36.21,105.69,31
HCPCS,95180,95180 INJECTION FOR RAPID DESENSITIZATION TO ALLERGEN,650.0,260.0,313.2,1008.32,31
HCPCS,95249,CONT GLUC MONITORING PATIENT PROVIDED EQUIPMENT,146.0,58.4,46.62,146.0,31
HCPCS,95250,95250 CONTINUOUS MONITORING OF BLOOD SUGAR LEVEL IN TISSUE FLUID  SENSOR UNDER,300.0,120.0,101.15,300.51,31
HCPCS,95251,CONTINUOUS GLUCOSE MONITORING ANALYSIS IANDR,53.0,21.2,21.2,47.7,17
HCPCS,95700,95700 MEASUREMENT OF BRAIN WAVE ACTIVITY (EEG),600.0,240.0,122.81,541.97,31
HCPCS,95705,95705 MEASUREMENT OF BRAIN WAVE ACTIVITY (EEG),600.0,240.0,194.95,600.0,31
HCPCS,95706,95706 MEASUREMENT OF BRAIN WAVE ACTIVITY (EEG),600.0,240.0,194.95,600.0,31
HCPCS,95707,95707 MEASUREMENT OF BRAIN WAVE ACTIVITY (EEG),600.0,240.0,194.95,600.0,31
HCPCS,95708,95708 MEASUREMENT OF BRAIN WAVE ACTIVITY (EEG),1000.0,400.0,336.91,1000.0,31
HCPCS,95709,95709 MEASUREMENT OF BRAIN WAVE ACTIVITY (EEG),1000.0,400.0,336.91,1000.0,31
HCPCS,95710,95710 MEASUREMENT OF BRAIN WAVE ACTIVITY (EEG),1250.0,500.0,336.91,1250.0,31
HCPCS,95711,95711 MEASUREMENT OF BRAIN WAVE ACTIVITY WITH VIDEO (VEEG),500.0,200.0,194.95,500.0,31
HCPCS,95712,95712 MEASUREMENT OF BRAIN WAVE ACTIVITY WITH VIDEO (VEEG),600.0,240.0,244.41,842.27,31
HCPCS,95713,95713 MEASUREMENT OF BRAIN WAVE ACTIVITY WITH VIDEO (VEEG),1250.0,500.0,336.91,1250.0,31
HCPCS,95714,95714 MEASUREMENT OF BRAIN WAVE ACTIVITY WITH VIDEO (VEEG),1000.0,400.0,336.91,1000.0,31
HCPCS,95715,95715 MEASUREMENT OF BRAIN WAVE ACTIVITY WITH VIDEO (VEEG),1250.0,500.0,336.91,1250.0,31
HCPCS,95716,95716 MEASUREMENT OF BRAIN WAVE ACTIVITY WITH VIDEO (VEEG),2350.0,940.0,775.32,2350.0,31
HCPCS,95782,95782 SLEEP STUDY IN SLEEP LAB (YOUNGER THAN 6 YEARS),2350.0,940.0,775.32,2350.0,25
HCPCS,95783,95783 SLEEP STUDY IN SLEEP LAB WITH CONTINUOUS AIRWAY PRESSURE  YOUNGER THAN 6,2000.0,800.0,775.32,2000.0,25
HCPCS,95800,95800 SLEEP STUDY INCLUDING HEART RATE,350.0,140.0,194.95,487.37,25
HCPCS,95801,95801 SLEEP STUDY INCLUDING HEART RATE AND BREATHING,250.0,100.0,53.26,225.0,25
HCPCS,95803,95803 SLEEP STUDY AND WAKE PATTERNS,142.0,56.8,53.26,142.0,25
HCPCS,95805,95805 SLEEP STUDY,1313.0,525.2,761.54,1938.31,25
HCPCS,95805,MULTIPLE SLEEP LATENCY TEST,1000.0,400.0,580.0,1938.31,25
HCPCS,95806,95806 SLEEP STUDY INCLUDING HEART RATE,700.0,280.0,194.95,700.0,25
HCPCS,95807,95807 SLEEP STUDY INCLUDING HEART RATE AND BREATHING ATTENDED BY TECHNICIAN,1000.0,400.0,336.91,1000.0,31
HCPCS,95808,95808 SLEEP STUDY IN SLEEP LAB,2000.0,800.0,775.32,2000.0,31
HCPCS,95810,95810 SLEEP STUDY IN SLEEP LAB (6 YEARS OR OLDER),2000.0,800.0,775.32,2000.0,31
HCPCS,95810,HC EEG-POLYSOMNOGRAM,3773.0,1509.2,775.32,3593.0,31
HCPCS,95810,HC POLYSOMNOGRAPHY,2468.0,987.2,775.32,2468.0,31
HCPCS,95810,HC POLYSOMNOGRAPHY W/C PAP< 6 HRS,2000.0,800.0,775.32,2000.0,31
HCPCS,95811,95811 SLEEP STUDY IN SLEEP LAB WITH CONTINUOUS AIRWAY PRESSURE  6,3773.0,1509.2,775.32,3593.0,31
HCPCS,95812,95812 MEASUREMENT OF BRAIN WAVE ACTIVITY (EEG),675.0,270.0,194.95,675.0,31
HCPCS,95813,95813 MEASUREMENT OF BRAIN WAVE ACTIVITY (EEG),748.0,299.2,194.95,731.04,31
HCPCS,95816,95816 MEASUREMENT OF BRAIN WAVE ACTIVITY (EEG),675.0,270.0,194.95,675.0,31
HCPCS,95819,95819 MEASUREMENT OF BRAIN WAVE ACTIVITY (EEG),675.0,270.0,194.95,675.0,31
HCPCS,95822,95822 MEASUREMENT OF BRAIN WAVE ACTIVITY (EEG),675.0,270.0,194.95,675.0,31
HCPCS,95824,95824 MEASUREMENT OF BRAIN WAVE ACTIVITY (EEG) TO EVALUATE BRAIN DEATH,1000.0,400.0,336.91,1000.0,25
HCPCS,95829,95829 MEASUREMENT OF BRAIN WAVE ACTIVITY (EEG) DURING SURGERY,1887.0,754.8,754.8,1698.3,17
HCPCS,95851,95851 MEASUREMENT OF RANGE OF MOTION IN ARM,47.0,18.8,6.56,47.0,24
HCPCS,95851,HC ROM MEAS/RPT EA EXTRA GO,47.0,18.8,6.56,47.0,24
HCPCS,95851,HC ROM MES/PRT EA EXTRA GP,47.0,18.8,6.56,47.0,24
HCPCS,95851,RANGE OF MOTION MEASUREMENTS,47.0,18.8,6.56,47.0,24
HCPCS,95852,95852 MEASUREMENT OF RANGE OF MOTION OF HAND,40.0,16.0,4.8,40.0,24
HCPCS,95852,RANGE OF MOTION MEASUREMENTS,40.0,16.0,4.8,40.0,72
HCPCS,95857,95857 INJECTION TO TEST FOR MYASTHENIA GRAVIS,600.0,240.0,194.95,600.0,31
HCPCS,95860,95860 NEEDLE MEASUREMENT OF ELECTRICAL ACTIVITY IN ARM OR LEG MUSCLES,250.0,100.0,101.18,300.31,31
HCPCS,95861,95861 NEEDLE MEASUREMENT OF ELECTRICAL ACTIVITY IN ARM OR LEG MUSCLES,590.0,236.0,101.18,531.0,31
HCPCS,95863,95863 NEEDLE MEASUREMENT OF ELECTRICAL ACTIVITY IN ARM OR LEG MUSCLES,350.0,140.0,116.17,350.0,31
HCPCS,95864,95864 NEEDLE MEASUREMENT OF ELECTRICAL ACTIVITY IN ARM OR LEG MUSCLES,357.0,142.8,116.17,357.0,31
HCPCS,95865,95865 NEEDLE MEASUREMENT OF ELECTRICAL ACTIVITY IN VOICE BOX MUSCLES,250.0,100.0,120.12,300.31,25
HCPCS,95866,95866 NEEDLE MEASUREMENT OF ELECTRICAL ACTIVITY IN HALF OF DIAPHRAGM MUSCLES,350.0,140.0,116.17,350.0,25
HCPCS,95867,95867 NEEDLE MEASUREMENT OF ELECTRICAL ACTIVITY IN MUSCLES ON SIDE OF BODY,600.0,240.0,194.95,600.0,31
HCPCS,95868,95868 NEEDLE MEASUREMENT OF ELECTRICAL ACTIVITY IN MUSCLES ON BOTH SIDES OF BODY,600.0,240.0,194.95,600.0,31
HCPCS,95869,95869 NEEDLE MEASUREMENT OF ELECTRICAL ACTIVITY IN MIDDLE SPINE MUSCLES,350.0,140.0,194.95,487.37,31
HCPCS,95870,95870 NEEDLE MEASUREMENT OF ELECTRICAL ACTIVITY IN ARM,250.0,100.0,101.18,300.31,31
HCPCS,95872,95872 NEEDLE MEASUREMENT OF ELECTRICAL ACTIVITY IN MUSCLE,350.0,140.0,122.81,487.37,31
HCPCS,95874,95874 NEEDLE MEASUREMENT OF ELECTRICAL ACTIVITY IN MUSCLE WITH INJECTION,522.0,208.8,208.8,469.8,17
HCPCS,95885,95885 NEEDLE MEASUREMENT OF ELECTRICAL ACTIVITY IN ARM OR LEG MUSCLES,430.0,172.0,172.0,387.0,17
HCPCS,95886,95886 NEEDLE MEASUREMENT OF ELECTRICAL ACTIVITY IN ARM OR LEG MUSCLES,430.0,172.0,172.0,387.0,17
HCPCS,95887,95887 NEEDLE MEASUREMENT OF ELECTRICAL ACTIVITY IN TRUNK OR HEAD MUSCLES,196.0,78.4,78.4,176.4,17
HCPCS,95907,95907 NERVE CONDUCTION,350.0,140.0,122.81,487.37,31
HCPCS,95908,95908 NERVE CONDUCTION,748.0,299.2,194.95,731.04,31
HCPCS,95909,95909 NERVE CONDUCTION,600.0,240.0,194.95,600.0,31
HCPCS,95910,95910 NERVE CONDUCTION,600.0,240.0,244.41,842.27,31
HCPCS,95911,95911 NERVE CONDUCTION,1250.0,500.0,336.91,1250.0,31
HCPCS,95912,95912 NERVE CONDUCTION,1250.0,500.0,336.91,1250.0,31
HCPCS,95913,95913 NERVE CONDUCTION,1000.0,400.0,336.91,1000.0,31
HCPCS,95921,95921 TESTING OF AUTONOMIC NERVOUS SYSTEM FUNCTION  HEART RATE,350.0,140.0,116.17,350.0,31
HCPCS,95922,95922 TESTING OF AUTONOMIC (SYMPATHETIC) NERVOUS SYSTEM FUNCTION,250.0,100.0,101.18,300.31,31
HCPCS,95923,95923 TESTING OF AUTONOMIC (SYMPATHETIC) NERVOUS SYSTEM FUNCTION,290.0,116.0,101.18,300.31,31
HCPCS,95924,95924 TESTING OF AUTONOMIC  SYMPATHETIC  PARASYMPATHETIC  NERVOUS SYSTEM,675.0,270.0,194.95,675.0,31
HCPCS,95925,95925 PLACEMENT OF SKIN ELECTRODES AND MEASUREMENT OF STIMULATED SITES IN ARMS,600.0,240.0,194.95,600.0,31
HCPCS,95925,SOMATOSENSORY TESTING,600.0,240.0,194.95,600.0,31
HCPCS,95926,95926 PLACEMENT OF SKIN ELECTRODES AND MEASUREMENT OF STIMULATED SITES IN LEGS,600.0,240.0,194.95,600.0,31
HCPCS,95926,HC SOMATOSENS-EP LOW LIMBS-UNIL,600.0,240.0,194.95,600.0,31
HCPCS,95927,95927 PLACEMENT OF SKIN ELECTRODES  OF STIMULATED SITES IN TRUNK OR HEAD,600.0,240.0,194.95,600.0,31
HCPCS,95927,SOMATOSENSORY TESTING,728.0,291.2,194.95,728.0,31
HCPCS,95928,95928 PLACEMENT OF SKIN ELECTRODES  OF CENTRAL MOTOR STIMULATION IN ARMS,2000.0,800.0,775.32,2000.0,31
HCPCS,95929,95929 PLACEMENT OF SKIN ELECTRODES  OF CENTRAL MOTOR STIMULATION IN LEGS,1000.0,400.0,336.91,1000.0,31
HCPCS,95930,95930 MEASUREMENT OF  CONDUCTION USING VISUAL STIMULATION TESTING WITH REPORT,600.0,240.0,194.95,600.0,31
HCPCS,95933,95933 MEASUREMENT OF NERVE CONDUCTION PATTERNS OF EYE BLINK REFLEX,125.0,50.0,46.62,133.15,31
HCPCS,95937,95937 TESTING OF NERVE-MUSCLE JUNCTION,350.0,140.0,116.17,350.0,31
HCPCS,95938,95938 PLACEMENT OF SKIN ELECTRODES  OF STIMULATED SITES ON ARMS AND LEGS,1250.0,500.0,416.47,1938.31,31
HCPCS,95939,95939 PLACEMENT OF SKIN   OF CENTRAL MOTOR STIMULATION IN ARMS AND LEGS,2350.0,940.0,775.32,2350.0,31
HCPCS,95940,95940 CONTINUOUS MONITORING OF NERVOUS SYSTEM DURING OPERATION,308.0,123.2,123.2,277.2,17
HCPCS,95941,95941 CONTINUOUS REMOTE MONITORING OF NERVOUS SYSTEM DURING OPERATION,1000.0,400.0,400.0,900.0,17
HCPCS,95954,95954 MEASUREMENT OF BRAIN WAVE ACTIVITY (EEG) WITH DRUG OR ACTIVITY STIMULATION,1000.0,400.0,336.91,1000.0,31
HCPCS,95955,95955 MEASUREMENT OF BRAIN WAVE ACTIVITY (EEG) OUTSIDE THE BRAIN DURING SURGERY,1108.0,443.2,443.2,997.2,17
HCPCS,95957,EEG DIGITAL ANALYSIS,313.0,125.2,125.2,281.7,17
HCPCS,95958,95958 MEASUREMENT OF BRAIN WAVE ACTIVITY (EEG) IN SPECIFIC AREA OF BRAIN,2000.0,800.0,775.32,2000.0,31
HCPCS,95961,95961 MEASUREMENT OF BRAIN WAVE ACTIVITY  EEG  WITH  ON BRAIN TO PROVOKE,2000.0,800.0,775.32,2000.0,31
HCPCS,95962,95962 MEASUREMENT OF BRAIN WAVE ACTIVITY  EEG  WITH  ON BRAIN TO PROVOKE,500.0,200.0,200.0,450.0,17
HCPCS,95970,95970 ELECTRONIC ANALYSIS OF IMPLANTED BRAIN,250.0,100.0,101.18,300.31,31
HCPCS,95971,95971 ELECTRONIC ANALYSIS OF IMPLANTED NEUROSTIMULATOR GENERATOR   SPINAL,200.0,80.0,72.05,214.59,31
HCPCS,95972,95972 ELECTRONIC ANALYSIS OF IMPLANTED NEUROSTIMULATOR,200.0,80.0,72.05,214.59,31
HCPCS,95976,95976 ELECTRONIC ANALYSIS OF NEUROSTIMULATOR GENERATOR   CRANIAL  STIM,95.0,38.0,29.27,95.0,31
HCPCS,95977,95977 ELECTRONIC ANALYSIS OF IMPLANTED NEUROSTIMULATOR GENERATOR WITH COMPLEX,260.0,104.0,72.05,260.0,31
HCPCS,95980,95980 ELECTRONIC ANALYSIS OF IMPLANTED GASTRIC NEUROSTIMULATOR,200.0,80.0,80.0,180.0,17
HCPCS,95981,95981 ELECTRONIC ANALYSIS OF IMPLANTED GASTRIC NEUROSTIMULATOR GENERATOR,250.0,100.0,53.26,225.0,25
HCPCS,95982,95982 ELECTRONIC ANALYSIS OF IMPLANTED GASTRIC NEUROSTIMULATOR,95.0,38.0,33.7,95.0,25
HCPCS,95990,95990 MAINTENANCE OF SPINAL CANAL OR BRAIN DRUG INFUSION PUMP,814.0,325.6,260.34,814.0,31
HCPCS,95991,95991 MAINTENANCE OF SPINAL CANAL OR BRAIN DRUG INFUSION PUMP BY HEALTH CARE,660.0,264.0,231.7,692.84,31
HCPCS,95992,95992 REPOSITIONING EXERCISES OF HEAD FOR TREATMENT OF DIZZINESS,103.0,41.2,38.51,103.0,18
HCPCS,95992,CANALITH REPOSITIONING PROC,103.0,41.2,38.51,103.0,36
HCPCS,96105,96105 TEST TO ASSESS THE LOSS OF THE ABILITY TO SPEAK,232.0,92.8,88.13,208.8,18
HCPCS,96105,ASSESSMENT OF APHASIA,232.0,92.8,88.13,208.8,18
HCPCS,96125,96125 TEST TO ASSESS THE ABILITY TO COMPLETE SPECIFIC FUNCTIONAL TASKS,245.0,98.0,86.1,245.0,31
HCPCS,96125,HC ST STD COGNIT TEST BY HC PRO GN,245.0,98.0,86.1,245.0,31
HCPCS,96125,HC ST STD CONGNIT EVAL,245.0,98.0,86.1,245.0,31
HCPCS,96125,HC ST STD CONGNIT EVAL GN,245.0,98.0,86.1,245.0,31
HCPCS,96127,96127 ASSESSMENT OF EMOTIONAL OR BEHAVIORAL PROBLEMS,75.0,30.0,33.72,84.31,25
HCPCS,96360,96360 INFUSION INTO A VEIN FOR HYDRATION,528.0,211.2,165.37,528.0,31
HCPCS,96361,96361 INFUSION INTO A VEIN FOR HYDRATION,100.0,40.0,36.21,105.69,31
HCPCS,96365,96365 INFUSION INTO A VEIN FOR THERAPY,500.0,200.0,165.37,500.0,31
HCPCS,96366,96366 INFUSION INTO A VEIN FOR THERAPY,100.0,40.0,36.21,105.69,31
HCPCS,96367,96367 INFUSION INTO A VEIN FOR THERAPY,160.0,64.0,55.87,162.52,31
HCPCS,96368,96368 INFUSION INTO A VEIN FOR THERAPY,314.0,125.6,125.6,282.6,17
HCPCS,96369,96369 INFUSION INTO TISSUE FOR THERAPY OR PREVENTION,500.0,200.0,165.37,500.0,31
HCPCS,96369,SC THER INFUSION UP TO 1 HR,523.0,209.2,165.37,523.0,31
HCPCS,96370,96370 INFUSION INTO TISSUE FOR THERAPY OR PREVENTION,100.0,40.0,36.21,105.69,31
HCPCS,96371,96371 ESTABLISHMENT OF NEW INFUSION SITE INTO TISSUE WITH PUMP SET UP,160.0,64.0,55.87,162.52,31
HCPCS,96371,SC THER INFUSION RESET PUMP,160.0,64.0,55.87,162.52,31
HCPCS,96372,96372 INJECTION OF DRUG OR SUBSTANCE UNDER SKIN OR INTO MUSCLE,173.0,69.2,55.87,173.0,31
HCPCS,96373,96373 INJECTION OF DRUG OR SUBSTANCE INTO ARTERY,500.0,200.0,165.37,500.0,31
HCPCS,96374,96374 INJECTION OF DRUG OR SUBSTANCE INTO VEIN,500.0,200.0,165.37,500.0,31
HCPCS,96375,96375 INJECTION OF ADDITIONAL NEW DRUG OR SUBSTANCE INTO VEIN,100.0,40.0,36.21,105.69,31
HCPCS,96376,96376 INJECTION OF ADDITIONAL DRUG OR SUBSTANCE INTO VEIN PROVIDED IN A FACILITY,52.0,20.8,20.8,46.8,17
HCPCS,96377,96377 APPLICATION OF ON-BODY INJECTOR FOR UNDER SKIN INJECTION,100.0,40.0,36.21,105.69,31
HCPCS,96379,96379 INJECTION OR INFUSION INTO A VEIN OR ARTERY FOR THERAPY,100.0,40.0,36.21,105.69,31
HCPCS,96380,ADMN RSV MONOC ANTB IM CNSL,100.0,40.0,20.14,90.0,18
HCPCS,96381,ADMN RSV MONOC ANTB IM NJX,100.0,40.0,17.04,90.0,18
HCPCS,96401,96401 ADMINISTRATION OF NON-HORMONAL ANTI-NEOPLASTIC CHEMOTHERAPY UNDER,300.0,120.0,55.87,270.0,31
HCPCS,96402,96402 ADMINISTRATION OF HORMONAL ANTI-NEOPLASTIC CHEMOTHERAPY UNDER,160.0,64.0,55.87,162.52,31
HCPCS,96405,96405 ADMINISTRATION OF CHEMOTHERAPY INTO GROWTH,160.0,64.0,55.87,162.52,31
HCPCS,96406,96406 ADMINISTRATION OF CHEMOTHERAPY INTO GROWTH,500.0,200.0,165.37,500.0,31
HCPCS,96409,96409 ADMINISTRATION OF CHEMOTHERAPY INTO VEIN USING PUSH TECHNIQUE,523.0,209.2,260.34,745.55,31
HCPCS,96411,96411 ADMINISTRATION OF ADDITIONAL NEW DRUG OR SUBSTANCE INTO VEIN  PUSH,300.0,120.0,55.87,270.0,31
HCPCS,96413,96413 ADMINISTRATION OF CHEMOTHERAPY INTO VEIN,814.0,325.6,260.34,814.0,31
HCPCS,96415,96415 ADMINISTRATION OF CHEMOTHERAPY INTO VEIN,160.0,64.0,55.87,162.52,31
HCPCS,96416,96416 ADMINISTRATION OF PROLONGED CHEMOTHERAPY INTO VEIN,814.0,325.6,260.34,814.0,31
HCPCS,96417,96417 ADMINISTRATION OF ADDITIONAL NEW DRUG OR SUBSTANCE INTO VEIN,160.0,64.0,55.87,162.52,31
HCPCS,96420,96420 ADMINISTRATION OF CHEMOTHERAPY INTO ARTERY USING PUSH TECHNIQUE,814.0,325.6,260.34,814.0,31
HCPCS,96422,96422 ADMINISTRATION OF CHEMOTHERAPY INTO ARTERY,500.0,200.0,260.34,745.55,31
HCPCS,96423,96423 ADMINISTRATION OF CHEMOTHERAPY INTO ARTERY,100.0,40.0,36.21,105.69,31
HCPCS,96425,96425 ADMINISTRATION OF PROLONGED CHEMOTHERAPY INTO ARTERY,814.0,325.6,260.34,814.0,31
HCPCS,96440,96440 ADMINISTRATION OF CHEMOTHERAPY INTO CHEST CAVITY,814.0,325.6,260.34,814.0,31
HCPCS,96446,96446 ADMINISTRATION OF CHEMOTHERAPY INTO ABDOMINAL CAVITY,814.0,325.6,260.34,814.0,31
HCPCS,96450,96450 ADMINISTRATION OF CHEMOTHERAPY INTO FLUID-FILLED SPACE BETWEEN THE TISSUE,814.0,325.6,260.34,814.0,31
HCPCS,96521,96521 REFILLING AND MAINTENANCE OF PORTABLE PUMP,500.0,200.0,165.37,500.0,31
HCPCS,96522,96522 REFILLING  MAINTENANCE OF IMPLANTABLE PUMP OR RESERVOIR FOR DRUG DELIVERY,500.0,200.0,165.37,500.0,31
HCPCS,96523,96523 IRRIGATION OF IMPLANTED VENOUS ACCESS DRUG DELIVERY DEVICE,142.0,56.8,46.62,142.0,31
HCPCS,96542,96542 INJECTION OF CHEMOTHERAPY VIA RESERVOIR UNDER SKIN,500.0,200.0,260.34,745.55,31
HCPCS,96570,96570 APPLICATION OF LIGHT TO DESTROY PRECANCER SKIN GROWTH USING AN ENDOSCOPE,95.0,38.0,38.0,95.0,17
HCPCS,96571,96571 APPLICATION OF LIGHT TO DESTROY PRECANCER SKIN GROWTH USING AN ENDOSCOPE,50.0,20.0,20.0,45.0,17
HCPCS,96910,PHOTOCHEMOTX TARANDUVB/PETROLATUM/UVB,125.0,50.0,46.62,133.15,31
HCPCS,97010,97010 APPLICATION OF HOT OR COLD PACKS,56.0,22.4,5.35,56.0,23
HCPCS,97010,HOT OR COLD PACKS THERAPY,56.0,22.4,5.35,56.0,23
HCPCS,97012,97012 APPLICATION OF MECHANICAL TRACTION,35.0,14.0,12.33,35.0,31
HCPCS,97012,MECHANICAL TRACTION THERAPY,35.0,14.0,12.33,35.0,93
HCPCS,97014,97014 APPLICATION OF ELECTRICAL STIMULATION,70.0,28.0,10.49,70.0,30
HCPCS,97016,97016 APPLICATION OF BLOOD VESSEL COMPRESSION DEVICE,28.0,11.2,9.97,28.0,31
HCPCS,97016,VASOPNEUMATIC DEVICE THERAPY,28.0,11.2,9.97,28.0,93
HCPCS,97018,97018 APPLICATION OF HOT WAX BATH,13.0,5.2,5.1,13.53,31
HCPCS,97018,PARAFFIN BATH THERAPY,13.0,5.2,5.1,13.53,93
HCPCS,97022,97022 APPLICATION OF WHIRLPOOL THERAPY,40.0,16.0,13.0,40.0,31
HCPCS,97022,WHIRLPOOL THERAPY,40.0,16.0,13.0,40.0,31
HCPCS,97024,97024 APPLICATION OF HEAT WAVE THERAPY,16.0,6.4,5.86,16.4,31
HCPCS,97024,DIATHERMY EG MICROWAVE,16.0,6.4,5.86,16.4,93
HCPCS,97032,97032 APPLICATION OF ELECTRICAL STIMULATION WITH THERAPIST PRESENT,35.0,14.0,12.33,35.0,31
HCPCS,97032,ELECTRICAL STIMULATION,35.0,14.0,12.33,35.0,93
HCPCS,97033,97033 APPLICATION OF MEDICATION USING ELECTRICAL CURRENT,47.0,18.8,15.94,47.0,31
HCPCS,97033,ELECTRIC CURRENT THERAPY,47.0,18.8,15.94,47.0,62
HCPCS,97033,HC ELECTRIC CURRENT THRPY 15MIN GO,47.0,18.8,15.94,47.0,31
HCPCS,97034,97034 APPLICATION OF HOT AND COLD BATHS,35.0,14.0,11.64,35.0,31
HCPCS,97034,CONTRAST BATH THERAPY,35.0,14.0,11.64,35.0,31
HCPCS,97035,97035 APPLICATION OF ULTRASOUND,35.0,14.0,11.9,35.0,31
HCPCS,97035,ULTRASOUND THERAPY,35.0,14.0,11.9,35.0,124
HCPCS,97110,97110 THERAPY PROCEDURE USING EXERCISE TO DEVELOP STRENGTH,70.0,28.0,24.71,70.0,31
HCPCS,97110,THERAPEUTIC EXERCISES,70.0,28.0,24.71,70.0,93
HCPCS,97112,97112 THERAPY PROCEDURE TO RE-EDUCATE BRAIN-TO-NERVE-TO-MUSCLE FUNCTION,80.0,32.0,27.49,80.0,31
HCPCS,97112,NEUROMUSCULAR REEDUCATION,80.0,32.0,27.49,80.0,93
HCPCS,97116,GAIT TRAINING THERAPY,70.0,28.0,24.71,70.0,124
HCPCS,97124,97124 THERAPY PROCEDURE USING MASSAGE,69.0,27.6,25.03,69.0,31
HCPCS,97124,MASSAGE THERAPY,69.0,27.6,25.03,69.0,93
HCPCS,97129,97129 THERAPY PROCEDURE FOR A RANGE OF MENTAL PROCESSES,55.0,22.0,20.83,55.0,18
HCPCS,97129,THER IVNTJ 1ST 15 MIN,55.0,22.0,20.83,55.0,72
HCPCS,97130,97130 THERAPY PROCEDURE FOR A RANGE OF MENTAL PROCESSES,55.0,22.0,19.91,55.0,18
HCPCS,97130,THER IVNTJ EA ADDL 15 MIN,55.0,22.0,19.91,55.0,54
HCPCS,97140,97140 THERAPY PROCEDURE USING MANUAL TECHNIQUE,64.0,25.6,23.34,64.55,31
HCPCS,97140,MANUAL THERAPY 1/> REGIONS,64.0,25.6,23.34,64.55,93
HCPCS,97150,97150 THERAPY PROCEDURE IN A GROUP SETTING,42.0,16.8,16.25,42.1,25
HCPCS,97150,GROUP THERAPEUTIC PROCEDURES,42.0,16.8,16.25,42.1,75
HCPCS,97161,97161 EVALUATION FOR PHYSICAL THERAPY,236.0,94.4,84.14,236.0,31
HCPCS,97162,97162 EVALUATION FOR PHYSICAL THERAPY,236.0,94.4,84.14,236.0,31
HCPCS,97163,97163 EVALUATION FOR PHYSICAL THERAPY,236.0,94.4,84.14,236.0,31
HCPCS,97164,97164 RE-EVALUATION FOR PHYSICAL THERAPY,162.0,64.8,57.61,162.0,31
HCPCS,97165,97165 EVALUATION FOR OCCUPATIONAL THERAPY,238.0,95.2,86.18,238.0,31
HCPCS,97166,97166 EVALUATION FOR OCCUPATIONAL THERAPY,238.0,95.2,86.18,238.0,31
HCPCS,97167,97167 EVALUATION FOR OCCUPATIONAL THERAPY,238.0,95.2,86.18,238.0,31
HCPCS,97168,97168 RE-EVALUATION FOR OCCUPATIONAL THERAPY,162.0,64.8,57.0,162.0,31
HCPCS,97530,97530 THERAPY PROCEDURE USING FUNCTIONAL ACTIVITIES,86.0,34.4,29.26,86.0,31
HCPCS,97530,THERAPEUTIC ACTIVITIES,86.0,34.4,29.26,86.0,93
HCPCS,97533,97533 THERAPY PROCEDURE USING SENSORY EXPERIENCES,145.0,58.0,28.0,145.0,31
HCPCS,97533,SENSORY INTEGRATION,145.0,58.0,28.0,145.0,93
HCPCS,97535,HC SELFCARE MNGMNT TRAINING 15MIN GO,77.0,30.8,29.41,77.0,25
HCPCS,97535,SELF CARE MNGMENT TRAINING,77.0,30.8,29.41,77.0,50
HCPCS,97535,TRAINING FOR SELF-CARE OR HOME MANAGEMENT,77.0,30.8,29.41,77.0,25
HCPCS,97537,97537 TRAINING FOR COMMUNITY OR WORK REINTEGRATION,75.0,30.0,29.8,75.0,24
HCPCS,97537,COMMUNITY/WORK REINTEGRATION,75.0,30.0,29.8,75.0,72
HCPCS,97542,EVALUATION FOR WHEELCHAIR,75.0,30.0,26.38,75.0,31
HCPCS,97542,WHEELCHAIR MNGMENT TRAINING,75.0,30.0,26.38,75.0,93
HCPCS,97550,CAREGIVER TRAING 1ST 30 MIN,123.0,49.2,49.08,123.0,72
HCPCS,97551,CAREGIVER TRAING EA ADDL 15,57.0,22.8,22.8,57.0,72
HCPCS,97552,GROUP CAREGIVER TRAINING,49.0,19.6,11.88,49.0,72
HCPCS,97597,97597 REMOVAL OF TISSUE FROM WOUND,400.0,160.0,155.96,452.86,31
HCPCS,97597,HC RMVL DEVIAL TIS 20 CN/< GO,400.0,160.0,155.96,452.86,31
HCPCS,97597,HC RMVL DEVITAL TIS 20 CM/< GP,400.0,160.0,155.96,452.86,31
HCPCS,97597,RMVL DEVITAL TIS 20 CM/<,400.0,160.0,155.96,452.86,31
HCPCS,97598,97598 REMOVAL OF TISSUE FROM WOUND,300.0,120.0,120.0,270.0,17
HCPCS,97598,HC RMVL DEVITAL TIS ADDL 20 CM< GO,300.0,120.0,120.0,270.0,17
HCPCS,97598,HC RMVL DEVITAL TIS ADDL 20 CM< GP,300.0,120.0,120.0,270.0,17
HCPCS,97598,RMVL DEVITAL TIS ADDL 20CM/<,300.0,120.0,120.0,270.0,34
HCPCS,97602,97602 REMOVAL OF TISSUE FROM WOUND GRADUALLY,400.0,160.0,155.96,452.86,31
HCPCS,97602,WOUND(S) CARE NON-SELECTIVE,400.0,160.0,155.96,452.86,93
HCPCS,97605,97605 THERAPY PROCEDURE USING A SPECIAL BANDAGE AND VACUUM PUMP,459.0,183.6,155.96,459.0,31
HCPCS,97606,97606 THERAPY PROCEDURE USING A SPECIAL BANDAGE AND VACUUM PUMP,883.0,353.2,313.59,917.57,31
HCPCS,97607,97607 THERAPY PROCEDURE USING A SPECIAL BANDAGE,850.0,340.0,313.59,917.57,31
HCPCS,97608,97608 THERAPY PROCEDURE USING A SPECIAL BANDAGE,850.0,340.0,313.59,917.57,31
HCPCS,97610,LOW FREQUENCY NON-THERMAL ULTRASOUND PER DAY,459.0,183.6,155.96,459.0,31
HCPCS,97750,97750 TEST OR MEASUREMENT FOR FUNCTIONAL CAPACITY,78.0,31.2,28.28,78.0,31
HCPCS,97750,PHYSICAL PERFORMANCE TEST,78.0,31.2,28.28,78.0,93
HCPCS,97755,97755 EVALUATION FOR ASSISTIVE TECHNOLOGY,90.0,36.0,32.33,90.0,31
HCPCS,97755,ASSISTIVE TECHNOLOGY ASSESS,90.0,36.0,32.33,90.0,93
HCPCS,97760,ORTHOTIC MGMTANDTRAING 1ST ENC,111.0,44.4,38.47,111.0,93
HCPCS,97760,TRAINING IN THE USE OF ORTHOPEDIC DEVICE FOR ARM,111.0,44.4,38.47,111.0,31
HCPCS,97761,97761 TRAINING IN THE USE OF ARTIFICIAL ARM AND/OR LEG,96.0,38.4,33.0,96.0,31
HCPCS,97761,PROSTHETIC TRAING 1ST ENC,96.0,38.4,33.0,96.0,93
HCPCS,97763,FOLLOW-UP TRAINING IN THE USE OF ORTHOPEDIC DEVICE OR ARTIFICIAL ARM,123.0,49.2,41.7,123.0,31
HCPCS,97763,ORTHC/PROSTC MGMT SBSQ ENC,123.0,49.2,41.7,123.0,93
HCPCS,97802,97802 THERAPY PROCEDURE FOR NUTRITION MANAGEMENT,62.0,24.8,24.8,55.8,18
HCPCS,97803,97803 THERAPY PROCEDURE REASSESSMENT FOR NUTRITION MANAGEMENT,35.0,14.0,14.0,34.85,18
HCPCS,97804,97804 THERAPY PROCEDURE FOR NUTRITION MANAGEMENT WITH GROUP,40.0,16.0,15.23,36.0,18
HCPCS,99151,99151 USE OF A DRUG TO INDUCE DEPRESSION OF CONSCIOUSNESS  PERFORMING,200.0,80.0,80.0,180.0,17
HCPCS,99152,99152 USE OF A DRUG TO INDUCE DEPRESSION OF CONSCIOUSNESS  PERFORMING A PROC,201.0,80.4,80.4,180.9,17
HCPCS,99153,99153 USE OF A DRUG TO INDUCE DEPRESSION OF CONSCIOUSNESS  PERFORMING A PROC,58.0,23.2,23.2,52.2,17
HCPCS,99155,99155 USE OF A DRUG TO INDUCE DEPRESSION OF CONSCIOUSNESS,250.0,100.0,100.0,225.0,17
HCPCS,99156,99156 USE OF A DRUG TO INDUCE DEPRESSION OF CONSCIOUSNESS,200.0,80.0,80.0,180.0,17
HCPCS,99157,99157 USE OF A DRUG TO INDUCE DEPRESSION OF CONSCIOUSNESS,50.0,20.0,20.0,45.0,17
HCPCS,99170,99170 EXAM OF GENITAL AND ANAL REGION FOR SUSPECTED TRAUMA USING AN ENDOSCOPE,400.0,160.0,182.53,456.33,25
HCPCS,99175,99175 ADMINISTRATION OF MEDICATION TO INDUCE VOMITING,50.0,20.0,20.0,45.0,17
HCPCS,99195,99195 DRAWING OF BLOOD FOR A MEDICAL PROBLEM,290.0,116.0,101.18,300.31,31
HCPCS,99202,99202 NEW PATIENT OFFICE OR OTHER OUTPATIENT VISIT,173.0,69.2,39.72,300.51,30
HCPCS,99202,OFFICE/OUTPATIENT VISIT NEW LEVEL II,235.0,94.0,39.72,300.51,30
HCPCS,99203,99203 NEW PATIENT OFFICE OR OTHER OUTPATIENT VISIT,286.0,114.4,69.29,300.51,30
HCPCS,99204,99204 NEW PATIENT OFFICE OR OTHER OUTPATIENT VISIT,396.0,158.4,91.17,356.4,30
HCPCS,99205,99205 NEW PATIENT OFFICE OR OTHER OUTPATIENT VISIT,465.0,186.0,91.08,418.5,30
HCPCS,99211,99211 OFFICE OR OTHER OUTPATIENT VISIT FOR THE EVALUATION  MANAGEMENT,163.0,65.2,7.42,300.51,30
HCPCS,99211,PSYCH CLINIC OFFICE/OUTPATIENT VISIT EST LEVEL I,10.0,4.0,5.5,300.51,30
HCPCS,99212,99212 ESTABLISHED PATIENT OFFICE OR OTHER OUTPATIENT VISIT,200.0,80.0,29.81,300.51,30
HCPCS,99213,99213 ESTABLISHED PATIENT OFFICE OR OTHER OUTPATIENT VISIT,246.0,98.4,55.85,300.51,30
HCPCS,99214,99214 ESTABLISHED PATIENT OFFICE OR OTHER OUTPATIENT VISIT,331.0,132.4,82.24,331.0,30
HCPCS,99215,99215 ESTABLISHED PATIENT OFFICE OR OTHER OUTPATIENT VISIT,386.0,154.4,91.3,347.4,30
HCPCS,99215,OFFICE/OUTPATIENT VISIT EST,1625.0,650.0,91.3,2138.4,60
HCPCS,99242,99242 OFFICE CONSULTATION,40.0,16.0,16.0,40.0,17
HCPCS,99243,99243 OFFICE CONSULTATION,49.0,19.6,19.6,49.0,17
HCPCS,99244,99244 OFFICE CONSULTATION,85.0,34.0,34.0,85.0,17
HCPCS,99245,99245 OFFICE CONSULTATION,200.0,80.0,80.0,197.77,17
HCPCS,99281,99281 EMERGENCY DEPARTMENT VISIT FOR PROBLEM OF MILD SEVERITY,491.0,196.4,69.11,491.0,31
HCPCS,99282,99282 EMERGENCY DEPARTMENT VISIT FOR PROBLEM OF MILD TO MODERATE SEVERITY,940.0,376.0,124.29,940.0,31
HCPCS,99283,99283 EMERGENCY DEPARTMENT VISIT FOR PROBLEM OF MODERATE SEVERITY,2150.0,860.0,217.33,2150.0,31
HCPCS,99284,99284 EMERGENCY DEPARTMENT VISIT FOR PROBLEM OF HIGH SEVERITY,4544.0,1817.6,334.22,4544.0,31
HCPCS,99285,99285 EMERGENCY DEPARTMENT VISIT FOR LIFE THREATENING OR FUNCTIONING SEVERITY,5036.0,2014.4,481.22,5036.0,31
HCPCS,99291,99291 CRITICAL CARE,5159.0,2063.6,661.36,5159.0,31
HCPCS,99292,99292 CRITICAL CARE,408.0,163.2,163.2,408.0,17
HCPCS,99366,99366 MEDICAL TEAM CONFERENCE WITH PATIENT AND/OR FAMILY,116.0,46.4,46.4,116.0,17
HCPCS,99366,TEAM CONF W/PAT BY HC PROF,116.0,46.4,46.4,116.0,34
HCPCS,99366,TEAM CONFERENCE FACE-TO-FACE NONPHYSICIAN,116.0,46.4,46.4,116.0,17
HCPCS,99367,99367 MEDICAL TEAM CONFERENCE WITH PHYSICIAN,116.0,46.4,46.4,116.0,17
HCPCS,99367,TEAM CONF W/O PAT BY PHYS,116.0,46.4,46.4,116.0,34
HCPCS,99367,TEAM CONFERENCE NON-FACE-TO-FACE NONPHYSICIAN,116.0,46.4,46.4,116.0,34
HCPCS,99368,99368 MEDICAL TEAM CONFERENCE WITH NONPHYSICIAN HEALTH CARE PROFESSIONALS. 30,116.0,46.4,46.4,116.0,17
HCPCS,99368,TEAM CONF W/O PAT BY HC PRO,116.0,46.4,46.4,116.0,34
HCPCS,99368,TEAM CONFERENCE NON-FACE-TO-FACE NONPHYSICIAN,116.0,46.4,46.4,116.0,17
HCPCS,99381,99381 INITIAL NEW PATIENT PREVENTIVE MEDICINE EVALUATION (YOUNGER THAN 1 YEAR),86.0,34.4,34.4,97.36,18
HCPCS,99382,99382 INITIAL NEW PATIENT PREVENTIVE MEDICINE EVALUATION (1-4 YEARS),97.0,38.8,38.8,102.19,18
HCPCS,99383,99383 INITIAL NEW PATIENT PREVENTIVE MEDICINE EVALUATION (5-11 YEARS),97.0,38.8,38.8,106.26,18
HCPCS,99384,99384 INITIAL NEW PATIENT PREVENTIVE MEDICINE EVALUATION (12-17 YEARS),111.0,44.4,44.4,119.73,18
HCPCS,99385,99385 INITIAL NEW PATIENT PREVENTIVE MEDICINE EVALUATION (18-39 YEARS),111.0,44.4,44.4,116.32,18
HCPCS,99386,99386 INITIAL NEW PATIENT PREVENTIVE MEDICINE EVALUATION (40-64 YEARS),136.0,54.4,54.4,134.49,18
HCPCS,99387,99387 INITIAL NEW PATIENT PREVENTIVE MEDICINE EVALUATION (65 YEARS OR OLDER),148.0,59.2,59.2,146.02,18
HCPCS,99391,99391 ESTABLISHED PATIENT PERIODIC PREVENTIVE MEDICINE   YOUNGER THAN 1 YEAR,81.0,32.4,32.4,87.39,18
HCPCS,99392,99392 ESTABLISHED PATIENT PERIODIC PREVENTIVE MEDICINE EXAMINATION (1-4 YEARS),86.0,34.4,34.4,93.22,18
HCPCS,99393,99393 ESTABLISHED PATIENT PERIODIC PREVENTIVE MEDICINE EXAMINATION (5-11 YEARS),86.0,34.4,34.4,93.22,18
HCPCS,99394,99394 ESTABLISHED PATIENT PERIODIC PREVENTIVE MEDICINE EXAMINATION (12-17 YEARS),97.0,38.8,38.8,102.12,18
HCPCS,99395,99395 ESTABLISHED PATIENT PERIODIC PREVENTIVE MEDICINE EXAMINATION (18-39 YEARS),97.0,38.8,38.8,105.06,18
HCPCS,99396,99396 ESTABLISHED PATIENT PERIODIC PREVENTIVE MEDICINE EXAMINATION (40-64 YEARS),111.0,44.4,44.4,111.82,18
HCPCS,99397,99397 ESTABLISHED PATIENT PERIODIC PREVENTIVE MEDICINE   65 YEAR OLD OR OLDER,123.0,49.2,49.2,120.29,18
HCPCS,99402,99402 PREVENTIVE MEDICINE COUNSELING,125.0,50.0,50.0,112.5,18
HCPCS,99406,99406 SMOKING AND TOBACCO USE INTENSIVE COUNSELING,67.0,26.8,33.83,84.57,25
HCPCS,99407,99407 SMOKING AND TOBACCO USE INTENSIVE COUNSELING,67.0,26.8,33.83,84.57,25
HCPCS,99464,99464 PHYSICIAN ATTENDANCE AT DELIVERY AND STABILIZATION OF NEWBORN,255.0,102.0,102.0,229.5,17
HCPCS,99465,99465 REVIVING NEWBORN AT DELIVERY,1500.0,600.0,596.74,1500.0,25
HCPCS,99468,99468 INITIAL INPATIENT HOSPITAL CRITICAL CARE OF NEWBORN PER DAY  28 DAYS,2163.0,865.2,865.2,1946.7,14
HCPCS,99471,99471 INITIAL INPATIENT HOSPITAL CRITICAL CARE OF INFANT OR YOUNG CHILD,2163.0,865.2,865.2,1946.7,14
HCPCS,99605,99605 MEDICATION THERAPY MANAGEMENT SERVICES PROVIDED BY A PHARMACIST,58.0,23.2,23.2,52.2,17
HCPCS,99606,99606 MEDICATION THERAPY MANAGEMENT SERVICES PROVIDED,58.0,23.2,23.2,52.2,17
HCPCS,A0225,NEONATAL EMERGENCY TRANSPORT,1170.0,468.0,404.26,1170.0,17
HCPCS,A0425,GROUND MILEAGE,25.0,10.0,13.85,35.33,25
HCPCS,A0425,HC GROUND MILEAGE,24.0,9.6,13.85,35.33,25
HCPCS,A0426,ALS 1,858.0,343.2,311.14,858.0,25
HCPCS,A0427,ALS1-EMERGENCY,990.0,396.0,492.65,1256.75,25
HCPCS,A0428,BLS,699.0,279.6,259.29,699.0,25
HCPCS,A0429,BLS-EMERGENCY,850.0,340.0,414.85,1058.3,25
HCPCS,A0431,ROTARY WING AIR TRANSPORT,11892.0,4756.8,6141.19,15666.3,25
HCPCS,A0433,ALS 2,1254.0,501.6,713.04,1818.98,25
HCPCS,A0434,SPECIALTY CARE TRANSPORT,1321.0,528.4,766.18,2149.7,25
HCPCS,A0888,HC AMBULANCE CHARGE FIRST 25 MILES,1.0,0.4,0.4,1.0,17
HCPCS,A2007,RESTRATA PER SQ CM,3000.0,1200.0,267.41,2700.0,15
HCPCS,A4264,INTRATUBAL OCCLUSION DEVICE,2100.0,840.0,840.0,1890.0,15
HCPCS,A4266,DIAPHRAGM,600.0,240.0,16.8,540.0,17
HCPCS,A4300,CATH IMPL VASC ACCESS PORTAL,706.0,282.4,282.4,635.4,17
HCPCS,A4338,HC CATH INDWELLING LATEX,38.0,15.2,15.2,34.2,17
HCPCS,A4357,BEDSIDE DRAINAGE BAG,25.0,10.0,10.0,22.5,17
HCPCS,A4450,NON-WATERPROOF TAPE,15.0,6.0,6.0,13.5,14
HCPCS,A4561,PESSARY RUBBER ANY TYPE,1500.0,600.0,600.0,1350.0,17
HCPCS,A4562,PESSARY NON RUBBERANY TYPE,1500.0,600.0,600.0,1350.0,17
HCPCS,A4565,SLINGS,22.0,8.8,8.8,22.5,34
HCPCS,A4628,HC CATH SUCTION,12.0,4.8,4.8,10.8,17
HCPCS,A4641,RADIOPHARM DX AGENT NOC,167.0,66.8,66.8,7416.0,30
HCPCS,A4642,HC IN111 SATUMOMAB,129.0,51.6,51.6,116.1,15
HCPCS,A4648,IMPLANTABLE TISSUE MARKER,250.0,100.0,100.0,225.0,14
HCPCS,A4649,SURGICAL SUPPLIES,1591.0,636.4,636.4,1431.9,17
HCPCS,A6010,COLLAGEN BASED WOUND FILLER DRY FORM STERILE PER GRAM OF COLLAGEN,3030.0,1212.0,1212.0,2727.0,17
HCPCS,A6021,COLLAGEN DRESSING <=16 SQ IN,65.0,26.0,26.0,58.5,17
HCPCS,A6024,COLLAGEN DSG WOUND FILLER,21.0,8.4,8.4,18.9,17
HCPCS,A6196,ALGINATE DRESSING <=16 SQ IN,25.0,10.0,10.0,22.5,17
HCPCS,A6197,ALGINATE DRSG >16 <=48 SQ IN,83.0,33.2,33.2,74.7,17
HCPCS,A6199,HC ALGINATE DRESSING WOUND FILLER PER INCH,18.0,7.2,7.2,16.2,17
HCPCS,A6206,CONTACT LAYER <= 16 SQ IN,20.0,8.0,8.0,18.0,17
HCPCS,A6207,CONTACT LAYER >16<= 48 SQ IN,25.0,10.0,10.0,22.5,17
HCPCS,A6209,FOAM DRSG <=16 SQ IN W/O BDR,25.0,10.0,10.0,22.5,17
HCPCS,A6210,FOAM DRG >16<=48 SQ IN W/O B,61.0,24.4,24.4,54.9,17
HCPCS,A6211,FOAM DRG,90.0,36.0,36.0,81.0,17
HCPCS,A6212,DRESSINGS,30.0,12.0,12.0,27.0,17
HCPCS,A6214,FOAM DRG > 48 SQ IN W/BORDER,85.0,34.0,34.0,76.5,17
HCPCS,A6214,"HC FOAM DRSNG >48 SQ"" W/ BRDR",32.0,12.8,12.8,28.8,17
HCPCS,A6222,GAUZE <=16 IN NO W/SAL W/O B,20.0,8.0,8.0,18.0,17
HCPCS,A6236,HYDROCOLLD DRG > 48 IN W/O B,80.0,32.0,32.0,72.0,17
HCPCS,A6242,HYDROGEL DRG <=16 IN W/O BDR,25.0,10.0,10.0,22.5,17
HCPCS,A6251,ABSORPT DRG <=16 SQ IN W/O B,11.0,4.4,4.4,9.9,17
HCPCS,A6252,ABSORPT DRG >16 <=48 W/O BDR,15.0,6.0,6.0,13.5,17
HCPCS,A6258,TRANSPARENT FILM >16<=48 IN,118.0,47.2,47.2,106.2,17
HCPCS,A6261,WOUND FILLER GEL/PASTE /OZ,77.0,30.8,30.8,69.3,17
HCPCS,A6266,IMPREG GAUZE NO H20/SAL/YARD,10.0,4.0,4.0,9.0,17
HCPCS,A6441,BANDAGE,15.0,6.0,6.0,13.5,17
HCPCS,A6445,HC BANDAGE CONFORMING <3 INCHES/YD,5.0,2.0,2.0,4.5,17
HCPCS,A6447,"CONFORM BAND S W >=5""/YD",2.0,0.8,0.8,1.8,17
HCPCS,A6448,HC BANDAGE COMPRESS < 3 INCHES/YD,10.0,4.0,4.0,9.0,17
HCPCS,A6451,BANDAGE,20.0,8.0,8.0,18.0,17
HCPCS,A6452,"HIGH COMPRES BAND W>=3""<5""YD",18.0,7.2,7.2,16.2,34
HCPCS,A6453,"SELF-ADHER BAND W <3""/YD",5.0,2.0,2.0,4.5,17
HCPCS,A6454,"SELF-ADHER BAND W>=3"" <5""/YD",8.0,3.2,3.2,7.2,17
HCPCS,A6455,"SELF-ADHER BAND >=5""/YD",5.0,2.0,2.0,4.5,17
HCPCS,A6457,DRESSING,15.0,6.0,6.0,13.5,17
HCPCS,A6550,NEG PRES WOUND THER DRSG SET,411.0,164.4,164.4,369.9,17
HCPCS,A7040,ONE WAY CHEST DRAIN VALVE,100.0,40.0,40.0,90.0,17
HCPCS,A7501,TRACHEOSTOMA VALVE W DIAPHRA,750.0,300.0,210.0,675.0,15
HCPCS,A7503,HMES FILTER HOLDER OR CAP,180.0,72.0,72.0,162.0,14
HCPCS,A7507,HC LARYNGECTOMY PULMONARY KIT,1143.0,457.2,445.8,1028.7,15
HCPCS,A7507,INTEGRATED FILTER AND HOLDER,360.0,144.0,144.0,324.0,17
HCPCS,A7520,HC TRACH TUBE ADULT CUFFLESS,175.0,70.0,70.0,157.5,17
HCPCS,A7520,HC TUBE TRACH CUFFLESS,350.0,140.0,140.0,315.0,17
HCPCS,A7521,HC TUBE TRACH CUFFED,144.0,57.6,57.6,129.6,34
HCPCS,A7524,TRACHEOSTOMA STENT/STUD/BTTN,237.0,94.8,94.8,213.3,17
HCPCS,A7526,TRACHEOSTOMY TUBE COLLAR,360.0,144.0,144.0,324.0,17
HCPCS,A9270,HC CUSTODIAL CARE,350.0,140.0,8.44,315.0,17
HCPCS,A9500,HC TC99M SESTAMIBI,455.0,182.0,182.0,409.5,15
HCPCS,A9502,HC TC99M TETROFOSMIN,400.0,160.0,160.0,360.0,15
HCPCS,A9503,HC TC99M MEDRONATE,116.0,46.4,46.4,104.4,15
HCPCS,A9505,TL201 THALLIUM,170.0,68.0,68.0,153.0,15
HCPCS,A9507,HC IN111 CAPROMAB,5098.0,2039.2,1730.29,4862.11,22
HCPCS,A9508,HC I131 IODOBENGUATE DX,2475.0,990.0,953.01,2475.0,22
HCPCS,A9509,HC IODINE I-123 SOD IODIDE MIL,1388.0,555.2,555.2,1249.2,15
HCPCS,A9512,HC TC99M PERTECHNETATE,64.0,25.6,25.6,57.6,15
HCPCS,A9513,HC LUTETIUM LU 177 DOTATATE THERAPEUTIC 1 MCI,648.0,259.2,239.4,792.48,30
HCPCS,A9516,HC IODINE I-123 SOD IODIDE MIC,315.0,126.0,126.0,283.5,15
HCPCS,A9517,HC I131 IODIDE CAP RX,61.0,24.4,23.82,61.0,30
HCPCS,A9520,HC TC99 TILMANOCEPT DIAG 0.5MCI,750.0,300.0,300.0,675.0,15
HCPCS,A9521,HC TC99M EXAMETAZIME,3489.0,1395.6,621.0,3489.0,30
HCPCS,A9531,I131 MAX 100UCI,75.0,30.0,30.0,67.5,15
HCPCS,A9537,HC TC99M MEBROFENIN,355.0,142.0,142.0,319.5,15
HCPCS,A9538,HC TC99M PYROPHOSPHATE,45.0,18.0,18.0,40.5,15
HCPCS,A9539,HC TC99M PENTETATE,36.0,14.4,14.4,32.4,15
HCPCS,A9540,HC TC99M MAA,367.0,146.8,146.8,330.3,15
HCPCS,A9541,HC TC99M SULFUR COLLOID,328.0,131.2,131.2,295.2,15
HCPCS,A9542,HC IN111 IBRITUMOMAB DX,4900.0,1960.0,845.9,4410.0,17
HCPCS,A9547,HC IN111 OXYQUINOLINE,1400.0,560.0,266.0,2078.65,30
HCPCS,A9548,HC IN111 PENTETATE,5200.0,2080.0,202.0,4680.0,30
HCPCS,A9551,HC TC99M SUCCIMER,889.0,355.6,515.62,1649.83,22
HCPCS,A9552,HC F18 FDG,1494.0,597.6,597.6,1344.6,15
HCPCS,A9556,GA67 GALLIUM,503.0,201.2,201.2,452.7,15
HCPCS,A9557,HC TC99M BICISATE,1048.0,419.2,401.86,1938.8,30
HCPCS,A9560,TC99M LABELED RBC,312.0,124.8,124.8,280.8,15
HCPCS,A9561,HC TC99M OXIDRONATE,213.0,85.2,85.2,191.7,15
HCPCS,A9562,HC TC99M MERTIATIDE,906.0,362.4,362.4,815.4,15
HCPCS,A9563,HC P32 NA PHOSPHATE,600.0,240.0,189.87,695.6,24
HCPCS,A9566,HC TC99M FANOLESOMAB,37.0,14.8,14.8,33.3,15
HCPCS,A9567,HC TECHNETIUM TC-99M AEROSOL,198.0,79.2,79.2,178.2,15
HCPCS,A9569,HC TECHNETIUM TC-99M AUTO WBC,4151.0,1660.4,621.0,3735.9,30
HCPCS,A9570,HC INDIUM IN-111 AUTO WBC,9007.0,3602.8,1062.33,8106.3,30
HCPCS,A9572,HC INDIUM IN-111 PENTETREOTIDE,9892.0,3956.8,1972.05,8902.8,30
HCPCS,A9575,INJ GADOTERATE MEGLUMI 0.1ML,0.25,0.1,0.1,0.23,16
HCPCS,A9577,INJ MULTIHANCE,4.0,1.6,1.6,3.6,16
HCPCS,A9579,HC ADD'L HIGH DOSE CONTRAST,200.0,80.0,80.0,180.0,16
HCPCS,A9581,GADOXETATE DISODIUM INJ,57.0,22.8,19.15,51.3,15
HCPCS,A9582,IODINE I-123 IOBENGUANE,9402.0,3760.8,2199.3,9402.0,30
HCPCS,A9584,HC IOFLUPANE IV,6576.0,2630.4,1387.74,5918.4,30
HCPCS,A9586,FLORBETAPIR F18,7924.0,3169.6,1825.64,7131.6,24
HCPCS,A9587,GALLIUM GA-68,162.0,64.8,45.06,162.0,30
HCPCS,A9588,FLUCICLOVINE F-18,975.0,390.0,284.53,975.0,30
HCPCS,A9592,COPPER CU 64 DOTATATE DIAG,2295.0,918.0,594.28,2158.58,30
HCPCS,A9593,GALLIUM GA-68 PSMA-11 UCSF,0.25,0.1,0.15,1375.33,30
HCPCS,A9595,POSITRON EMISSION TOMOGRAPHY RADIOPHARMACEUTICAL,1354.0,541.6,346.49,1354.0,30
HCPCS,A9600,HC SR89 STRONTIUM,8000.0,3200.0,16.8,10365.85,30
HCPCS,A9601,F 18 FLORTAUCIPIR (TAUVID),9275.0,3710.0,3710.0,9275.0,24
HCPCS,A9603,PAFOLACIANINE SODIUM 3.2 MG/1.6ML SOLN 1.6 ML BOX,21420.0,8568.0,176.11,19278.0,15
HCPCS,A9604,HC SM 153 LEXIDRONAM,30000.0,12000.0,3159.8,27000.0,30
HCPCS,A9606,XOFIGO RADIAM 223,372.0,148.8,122.93,430.55,30
HCPCS,A9607,RADIOPHARM RX AGENT NOC,563.0,225.2,177.52,639.6,30
HCPCS,A9608,F18 FLOTUFOLASTAT (POSLUMA),9245.0,3698.0,553.31,8320.5,30
HCPCS,A9800,GALLIUM LOCAMETZ 1 MILLICURI,2179.0,871.6,362.5,1965.24,30
HCPCS,B4164,DEXTROSE 20 % SOLN 500 ML FLEX CONT,95.0,38.0,20.06,85.5,17
HCPCS,C1052,HEMOSTATIC AGENT GI TOPIC,100.0,40.0,40.0,90.0,17
HCPCS,C1062,INTRAVERTEBRAL FX AUG IMPL,10000.0,4000.0,4000.0,9000.0,17
HCPCS,C1601,ENDO SINGLE PULMONARY,898.0,359.2,203.67,936.17,24
HCPCS,C1604,STENT COATED/COV W/DEL SYS,62500.0,25000.0,14175.0,65156.25,24
HCPCS,C1605,PMKR DUAL LEADLESS,20000.0,8000.0,4536.0,20850.0,24
HCPCS,C1713,ANCHOR/SCREW BN/BNTIS/BN,283.0,113.2,60.0,9413.1,114
HCPCS,C1713,HC ANCHOR/SCREW BN/BNTIS/BN,8021.0,3208.4,3208.4,7218.9,17
HCPCS,C1713,HC SI JOINT ALLOGRAFT SPACER AND DMB PUTTY,20000.0,8000.0,8000.0,18000.0,17
HCPCS,C1714,CATH TRANS ATHERECTOMY DIR,6484.0,2593.6,2593.6,5835.6,17
HCPCS,C1714,HC CATH TRANS ATHERECTOMY DIR,4668.0,1867.2,1867.2,5916.6,34
HCPCS,C1715,BRACHYTHERAPY NEEDLE,20.0,8.0,8.0,18.0,17
HCPCS,C1716,BRACHYTX NON-STR GOLD-198,1500.0,600.0,513.57,1488.83,28
HCPCS,C1717,BRACHYTX NON-STRHDR IR-192,1726.0,690.4,268.74,1553.4,28
HCPCS,C1719,BRACHYTX NS NON-HDRIR-192,500.0,200.0,60.0,2271.75,28
HCPCS,C1721,AICD DUAL CHAMBER,31827.0,12730.8,12730.8,28644.3,17
HCPCS,C1722,AICD SINGLE CHAMBER,31827.0,12730.8,12730.8,28644.3,17
HCPCS,C1724,CATH TRANS ATHERECROTATION,6180.0,2472.0,2472.0,5562.0,17
HCPCS,C1725,HC CATH TRANSLUMIN NON-LASER,5600.0,2240.0,172.4,5040.0,100
HCPCS,C1726,HC CATH BAL DIL NON-VASCULAR,75.0,30.0,30.0,7416.0,119
HCPCS,C1727,CATH BAL TIS DIS NON-VAS,1305.0,522.0,522.0,1174.5,17
HCPCS,C1728,HC BRACHYTHERAPY BALLOON CATHETER,350.0,140.0,140.0,315.0,17
HCPCS,C1729,CATH DRAINAGE,600.0,240.0,18.0,540.0,34
HCPCS,C1729,HC CATH DRAINAGE,575.0,230.0,6.8,2124.9,153
HCPCS,C1730,CATH EP 19 OR FEW ELECT,1061.0,424.4,424.4,954.9,17
HCPCS,C1731,CATH EP 20 OR MORE ELEC,5014.0,2005.6,2005.6,4512.6,17
HCPCS,C1732,CATH EP DIAG/ABL 3D/VECT,2652.0,1060.8,1060.8,2386.8,17
HCPCS,C1733,CATH EP OTHR THAN COOL-TIP,1545.0,618.0,618.0,1390.5,17
HCPCS,C1734,HC  BONE GRAFT (SUBSTITUTES)/CEMENTS/FILLERS,3889.0,1555.6,1555.6,3500.1,15
HCPCS,C1734,HC BONE GRAFT (SUBSTITUTES)/CEMENTS/FILLERS,35000.0,14000.0,189.6,31500.0,32
HCPCS,C1734,ORTHOPEDIC/DEVICE/DRUG MATRIX,1722.0,688.8,688.8,7200.0,62
HCPCS,C1747,ENDO SINGLE URINARY TRACT,100.0,40.0,22.68,90.0,14
HCPCS,C1748,ENDOSCOPE SINGLE-USE,1442.0,576.8,576.8,1297.8,17
HCPCS,C1750,HC CATH HEMODIALYSISLONG-TERM,1305.0,522.0,90.8,1174.5,29
HCPCS,C1751,HC CATH INF PER/CENT/MIDLINE,2112.0,844.8,6.0,4635.0,136
HCPCS,C1752,HC CATHHEMODIALYSISSHORT-TERM,517.0,206.8,105.6,465.3,34
HCPCS,C1753,CATH INTRAVAS ULTRASOUND,3000.0,1200.0,1200.0,2700.0,17
HCPCS,C1755,HC CATHETER INTRASPINAL,1664.0,665.6,10.0,1497.6,34
HCPCS,C1756,CATH PACING TRANSESOPH,450.0,180.0,180.0,405.0,17
HCPCS,C1757,HC CATH THROMBECTOMY/EMBOLECT,6365.0,2546.0,60.4,8593.2,102
HCPCS,C1758,HC CATHETER URETERAL,280.0,112.0,16.4,252.0,34
HCPCS,C1759,CATH INTRA ECHOCARDIOGRAPHY,4244.0,1697.6,1697.6,3819.6,17
HCPCS,C1760,CLOSURE DEV VASC,1527.0,610.8,610.8,1374.3,15
HCPCS,C1760,HC CLOSURE DEV VASC,15450.0,6180.0,352.8,13905.0,79
HCPCS,C1760,HC CLOSURE DEVICE VASCULAR,517.0,206.8,70.2,465.3,15
HCPCS,C1761,CATH TRANS INTRA LITHO/CORO,9400.0,3760.0,3760.0,8460.0,17
HCPCS,C1762,CONN TISS HUMAN(INC FASCIA),5626.0,2250.4,2250.4,5063.4,15
HCPCS,C1763,HC CONN TISS NON-HUMAN,3465.0,1386.0,1386.0,3118.5,15
HCPCS,C1763,HC CONN TISSUE NON HUMAN,5220.0,2088.0,60.0,14400.0,62
HCPCS,C1764,EVENT RECORDER CARDIAC,13261.0,5304.4,5304.4,11934.9,17
HCPCS,C1765,ADHESION BARRIER,1017.0,406.8,370.2,915.3,15
HCPCS,C1766,INTRO/SHEATHSTRBLENON-PEEL,1339.0,535.6,535.6,1205.1,17
HCPCS,C1767,HC GENERATOR NEURO NON-RECHARG,38943.0,15577.2,15577.2,35048.7,17
HCPCS,C1767,HC GENERATOR NEUROSTIM,22509.0,9003.6,9003.6,20258.1,17
HCPCS,C1768,HC GRAFT VASCULAR,1551.0,620.4,22.0,4600.8,119
HCPCS,C1769,GUIDE WIRE,1018.0,407.2,407.2,916.2,17
HCPCS,C1769,HC GUIDE WIRE,550.0,220.0,27.6,1431.9,96
HCPCS,C1771,REP DEV URINARY W/SLING,2657.0,1062.8,1062.8,2391.3,15
HCPCS,C1772,INFUSION PUMP PROGRAMMABLE,22436.0,8974.4,8974.4,20192.4,17
HCPCS,C1773,HC RET DEV INSERTABLE,823.0,329.2,329.2,13905.0,85
HCPCS,C1773,HC RETRIEVAL DEVICE INSERTABLE,473.0,189.2,189.2,425.7,17
HCPCS,C1776,JOINT DEVICE (IMPLANTABLE),2837.0,1134.8,1134.8,11216.7,32
HCPCS,C1777,LEAD AICD ENDO SINGLE COIL,12731.0,5092.4,5092.4,11457.9,17
HCPCS,C1778,HC LEAD NEUROSTIMULATOR,46996.0,18798.4,2817.6,42296.4,34
HCPCS,C1779,HC LEAD PACEMAKER,4225.0,1690.0,1690.0,3802.5,15
HCPCS,C1779,HC LEAD PMKR TRANSVENOUS VDD,9000.0,3600.0,3600.0,8100.0,17
HCPCS,C1779,HC TRANSVENOUS PACING LEAD VDD,1050.0,420.0,390.0,945.0,15
HCPCS,C1781,HC CRANIAL MESH,847.0,338.8,268.2,762.3,15
HCPCS,C1781,HC MESH,1175.0,470.0,465.0,1057.5,15
HCPCS,C1781,HC MESH (IMPLANTABLE),6000.0,2400.0,523.2,9000.0,49
HCPCS,C1781,HC MESH A,990.0,396.0,354.0,891.0,15
HCPCS,C1781,HC MESH C,1916.0,766.4,766.4,1724.4,15
HCPCS,C1781,HC MESH F,15000.0,6000.0,6000.0,13500.0,17
HCPCS,C1781,MESH (IMPLANTABLE),52.0,20.8,20.8,657.9,29
HCPCS,C1782,MORCELLATOR,1705.0,682.0,682.0,1534.5,17
HCPCS,C1783,HC OCULAR IMP AQUEOUS DRAIN DE,3090.0,1236.0,1236.0,2781.0,15
HCPCS,C1784,HC OCULAR DEV INTRAOP DET RET,1363.0,545.2,545.2,1226.7,15
HCPCS,C1784,HC OCULAR DEVICE A,262.0,104.8,104.8,235.8,14
HCPCS,C1785,PMKR DUAL RATE-RESP,20291.0,8116.4,8116.4,18261.9,17
HCPCS,C1786,PMKR SINGLE RATE-RESP,18241.0,7296.4,7296.4,16416.9,17
HCPCS,C1787,PATIENT PROGR NEUROSTIM,4024.0,1609.6,1609.6,3621.6,17
HCPCS,C1788,PORT INDWELLING IMP,1021.0,408.4,372.6,918.9,15
HCPCS,C1789,HC PROSTHESIS BREAST,2465.0,986.0,986.0,2218.5,15
HCPCS,C1789,HC PROSTHESIS BREAST B,2308.0,923.2,923.2,2077.2,15
HCPCS,C1789,HC PROSTHESIS BREAST C,2379.0,951.6,951.6,2141.1,15
HCPCS,C1813,PROSTHESIS PENILE INFLATAB,22000.0,8800.0,8800.0,19800.0,17
HCPCS,C1814,RETINAL TAMP SILICONE OIL,1522.0,608.8,608.8,1369.8,15
HCPCS,C1815,PROS URINARY SPH IMP,20500.0,8200.0,8200.0,18450.0,17
HCPCS,C1817,HC IMPLANT SEPTAL DEFECT SYSTEM,6662.0,2664.8,2664.8,19096.2,51
HCPCS,C1818,INTEGRATED KERATOPROSTHESIS,6967.0,2786.8,2786.8,6270.3,17
HCPCS,C1820,HC NEURO GENERATOR RECHG BAT SY,2202.0,880.8,880.8,27000.0,32
HCPCS,C1821,DIS DEVICE,1000.0,400.0,360.0,900.0,15
HCPCS,C1825,GENERATOR NEUROSTIM BAROSTIM NEO LEGACY,87500.0,35000.0,35000.0,78750.0,17
HCPCS,C1830,POWER BONE MARROW BX NEEDLE,800.0,320.0,320.0,720.0,17
HCPCS,C1831,PERSONALIZED INTERBODY CAGE,2500.0,1000.0,567.0,2250.0,15
HCPCS,C1874,HC STENT COATED,4485.0,1794.0,80.0,16342.2,80
HCPCS,C1874,HC STENT COATED/COV W/DEL SYS,1030.0,412.0,378.0,5051.7,30
HCPCS,C1875,HC STENT COATED W/O DEL SYS,4644.0,1857.6,1200.0,8100.0,47
HCPCS,C1875,HC STNT COATED W/O DEL SYS,34000.0,13600.0,6000.0,30600.0,51
HCPCS,C1875,HC STNT COATED W/O DEL SYST,25000.0,10000.0,10000.0,22500.0,17
HCPCS,C1876,HC STENT NON-COA/NON-COV W/DEL,27022.0,10808.8,120.0,33461.1,48
HCPCS,C1876,HC STENTNON-COA/NON-COV W/DEL,8847.0,3538.8,434.4,14321.7,79
HCPCS,C1877,HC STENT NON-COAT/COV W/O DEL,35000.0,14000.0,14000.0,31500.0,17
HCPCS,C1877,HC STNT NONCOAT W/O DEL SYS,9000.0,3600.0,1485.2,27000.0,66
HCPCS,C1877,HC STNT NONCOAT W/O DEL SYST,25000.0,10000.0,10000.0,22500.0,17
HCPCS,C1880,VENA CAVA FILTER,4778.0,1911.2,1911.2,4300.2,15
HCPCS,C1881,HC DIALYSIS ACCESS SYSTEM,4000.0,1600.0,1600.0,6480.0,32
HCPCS,C1882,AICD OTHER THAN SING/DUAL,41850.0,16740.0,16740.0,37665.0,17
HCPCS,C1883,ADAPT/EXT PACING/NEURO LEAD,2212.0,884.8,884.8,1990.8,15
HCPCS,C1884,EMBOLIZATION PROTECT SYST,3100.0,1240.0,1240.0,2790.0,17
HCPCS,C1884,HC EMBOLIZATION PROTECT SYST,26552.0,10620.8,60.0,23896.8,77
HCPCS,C1885,CATH TRANSLUMIN ANGIO LASER,4635.0,1854.0,1854.0,4171.5,17
HCPCS,C1886,CATHETER ABLATION,2500.0,1000.0,1000.0,2250.0,15
HCPCS,C1887,HC CATHETER GUIDING,2122.0,848.8,21.2,8100.0,145
HCPCS,C1888,ENDOVAS NON-CARDIAC ABL CATH,2704.0,1081.6,1081.6,2433.6,15
HCPCS,C1889,EDWARDS PASCAL DEVICE,20700.0,8280.0,8280.0,18630.0,17
HCPCS,C1889,HC EMBOLIZATION COILS/PVA/GLUE,4120.0,1648.0,620.4,3708.0,30
HCPCS,C1889,HC EXTERNAL FIXATION -ALL SITES,3702.0,1480.8,1480.8,3331.8,17
HCPCS,C1889,HC EXTERNAL FIXATION ALL SITES,16301.0,6520.4,2097.6,18013.5,102
HCPCS,C1889,HC EXTERNAL FIXATION ALL SITES--K,26665.0,10666.0,10666.0,23998.5,17
HCPCS,C1889,HC EXTERNAL FIXATION ALL SITES-A,316.0,126.4,126.4,284.4,17
HCPCS,C1889,HC IMPLANT ORBITAL,200.0,80.0,80.0,180.0,17
HCPCS,C1889,IMPLANT/INSERT DEVICE NOC,1057.0,422.8,400.0,22500.0,66
HCPCS,C1889,INFLATION DEVICE BALLOON,348.0,139.2,139.2,313.2,17
HCPCS,C1889,PAIN MANAGEMENT CLINICAL TRIAL FOR 0275T,7574.0,3029.6,3029.6,6816.6,17
HCPCS,C1889,PROSTHETIC IMPLANT NOT OTHERWISE SPECIFIED,50213.0,20085.2,3011.2,45191.7,34
HCPCS,C1889,RADIOFREQUENCY ABLATION PROBE,5150.0,2060.0,2060.0,4635.0,17
HCPCS,C1890,NO DEVICE W/DEV-INTENSIVE PX,0.01,0.01,0.01,0.01,23
HCPCS,C1892,HC INTRO/SHEATHFIXEDPEEL-AWAY,955.0,382.0,382.0,859.5,17
HCPCS,C1892,INTRO/SHEATHFIXEDPEEL-AWAY,271.0,108.4,108.4,243.9,17
HCPCS,C1893,INTRO/SHEATH FIXEDNON-PEEL,448.0,179.2,179.2,403.2,17
HCPCS,C1894,HC INTRO/SHEATH NON-LASER,467.0,186.8,48.8,420.3,34
HCPCS,C1894,INTRO/SHEATH NON-LASER,880.0,352.0,352.0,792.0,17
HCPCS,C1895,LEAD AICD ENDO DUAL COIL,18248.0,7299.2,7299.2,16423.2,17
HCPCS,C1896,LEAD AICD NON SING/DUAL,1910.0,764.0,764.0,1719.0,15
HCPCS,C1897,LEAD NEUROSTIM TEST KIT,4911.0,1964.4,1964.4,4419.9,15
HCPCS,C1898,LEAD PMKR OTHER THAN TRANS,1663.0,665.2,665.2,5130.0,32
HCPCS,C1900,LEAD CORONARY VENOUS,11352.0,4540.8,4540.8,10216.8,17
HCPCS,C1982,CATH PRESSUREVALVE-OCCLU,15500.0,6200.0,6200.0,13950.0,17
HCPCS,C2615,SEALANT PULMONARY LIQUID,2382.0,952.8,952.8,2143.8,15
HCPCS,C2616,BRACHYTX NON-STRYTTRIUM-90,44408.0,17763.2,13724.01,44427.53,30
HCPCS,C2617,HC STENT NON-COR TEM W/O DEL,215.0,86.0,6.0,27000.0,61
HCPCS,C2618,HC PROBE CRYOABLATION,3850.0,1540.0,1540.0,5728.5,34
HCPCS,C2621,PMKR OTHER THAN SING/DUAL,13000.0,5200.0,5200.0,27068.4,34
HCPCS,C2622,PROSTHESIS PENILE NON-INF,14000.0,5600.0,5600.0,12600.0,17
HCPCS,C2623,HC CATHETER TRANSLUMINAL ANGIOPLASTY DRUG-COATED NON-LASER,3209.0,1283.6,1283.6,2888.1,17
HCPCS,C2624,HC WIRELESS PRESSURE SENSOR,60000.0,24000.0,24000.0,54000.0,17
HCPCS,C2624,WIRELESS PRESSURE SENSOR,50000.0,20000.0,20000.0,45000.0,17
HCPCS,C2625,STENT NON-COR TEM W/DEL SY,2253.0,901.2,901.2,2027.7,15
HCPCS,C2626,INFUSION PUMP NON-PROGTEMP,15000.0,6000.0,6000.0,13500.0,17
HCPCS,C2627,HC CATH SUPRAPUBIC/CYSTOSCOPIC,60.0,24.0,24.0,270.0,28
HCPCS,C2628,HC CATH OCCLUSION,3447.0,1378.8,1378.8,3102.3,17
HCPCS,C2628,HC CATHETER OCCLUSION,339.0,135.6,135.6,305.1,17
HCPCS,C2629,INTRO/SHEATH LASER,5600.0,2240.0,2240.0,5040.0,17
HCPCS,C2638,HC BRACHYTX STRANDED I-125,100.0,40.0,29.08,99.08,27
HCPCS,C2639,HC BRACHYTX NON-STRANDEDI-125,100.0,40.0,27.56,100.0,27
HCPCS,C2640,HC BRACHYTX STRANDED P-103,220.0,88.0,54.7,220.65,27
HCPCS,C2643,HC BRACHYTX NON-STRANDEDC-131,148.0,59.2,75.79,249.5,27
HCPCS,C5271,HC APP OF LOW COST SKIN SUB GRAFT 100 SQ CM FIRST 25 SQ CM OR LESS,1300.0,520.0,520.0,1300.0,17
HCPCS,C5272,HC APP OF LOW COST SKIN SUBS GRAFT AREA UP 100 SQ CM E ADD 25 SQ CM,900.0,360.0,360.0,810.0,17
HCPCS,C5273,HC SKIN SUBS GRAFT 100 SQCM EA 1% OF BODY AREA OF INFANTS/CHILDREN,4373.0,1749.2,1749.2,4373.0,17
HCPCS,C5274,HC SKIN SUBS GRAFT 100 SQ CM EACH ADD 1% OF AREA OF INFANT/CHILDREN,900.0,360.0,360.0,810.0,17
HCPCS,C5275,HC SKIN SUBS GRAFT 100 SQ CM EACH ADD 1% OF AREA OF INFANT/CHILDREN,1300.0,520.0,520.0,1300.0,17
HCPCS,C5277,HC SKN SUB GRFT F/N/HF/G CHILD 1ST 100 SQ CM,1300.0,520.0,520.0,1300.0,17
HCPCS,C5278,HC SKN SUB GRFT F/N/HF/G CHILD ADD 100 SQ CM,250.0,100.0,100.0,225.0,17
HCPCS,C8900,MRA W/CONT ABD,1932.0,772.8,314.98,1875.0,25
HCPCS,C8901,MRA W/O CONT ABD,1500.0,600.0,215.42,1500.0,25
HCPCS,C8902,MRA W/O FOL W/CONT ABD,1932.0,772.8,314.98,1875.0,25
HCPCS,C8903,MRI W/CONT BREAST  UNI,1500.0,600.0,158.36,1500.0,25
HCPCS,C8905,MRI W/O FOL W/CONT BRST UN,1932.0,772.8,314.98,1875.0,25
HCPCS,C8906,MRI W/CONT BREAST  BI,1932.0,772.8,314.98,1875.0,25
HCPCS,C8908,MRI W/O FOL W/CONT BREAST,1932.0,772.8,314.98,1875.0,25
HCPCS,C8909,MRA W/CONT CHEST,1932.0,772.8,314.98,1875.0,25
HCPCS,C8910,MRA W/O CONT CHEST,1197.0,478.8,215.42,1197.0,25
HCPCS,C8911,MRA W/O FOL W/CONT CHEST,1932.0,772.8,314.98,1875.0,25
HCPCS,C8912,MRA W/CONT LWR EXT,1932.0,772.8,314.98,1875.0,25
HCPCS,C8913,MRA W/O CONT LWR EXT,1500.0,600.0,215.42,1500.0,25
HCPCS,C8914,MRA W/O FOL W/CONT LWR EXT,1932.0,772.8,314.98,1875.0,25
HCPCS,C8918,MRA W/CONT PELVIS,1932.0,772.8,314.98,1875.0,25
HCPCS,C8919,MRA W/O CONT PELVIS,1197.0,478.8,215.42,1197.0,25
HCPCS,C8920,MRA W/O FOL W/CONT PELVIS,1932.0,772.8,314.98,1875.0,25
HCPCS,C8923,2D TTE W OR W/O FOL W/CONCO,1827.0,730.8,707.77,1827.0,25
HCPCS,C8924,2D TTE W OR W/O FOL W/CONFU,940.0,376.0,314.98,940.0,25
HCPCS,C8925,HC 2D TEE W OR W/O FOL W/CONIN,1827.0,730.8,707.77,1827.0,25
HCPCS,C8926,TEE W OR W/O FOL W/CONTCONG,1827.0,730.8,707.77,1827.0,25
HCPCS,C8929,TTE W OR WO FOL WCONDOPPLER,1827.0,730.8,707.77,1827.0,25
HCPCS,C8930,TTE W OR W/O CONTR CONT ECG,1827.0,730.8,707.77,1827.0,25
HCPCS,C8933,MRA W/OANDW/DYE SPINAL CANAL,1932.0,772.8,314.98,1875.0,25
HCPCS,C8934,MRA W/CONT UPPER EXT,1932.0,772.8,314.98,1875.0,25
HCPCS,C8935,MRA W/O CONT UPPER EXT,1500.0,600.0,215.42,1500.0,25
HCPCS,C8936,MRA W/O FOL W/CONT UPR EXT,1932.0,772.8,314.98,1875.0,25
HCPCS,C8937,CAD BREAST MRI,11.0,4.4,4.4,11.0,17
HCPCS,C8957,PROLONGED IV INF REQ PUMP,814.0,325.6,192.04,814.0,25
HCPCS,C9047,CAPLACIZUMAB-YHDP 11 MG KIT 1 EACH BOX,44929.33,17971.732,765.65,40436.4,28
HCPCS,C9248,CLEVIDIPINE 25 MG/50ML EMUL 50 ML VIAL,501.17,200.468,3.05,451.05,16
HCPCS,C9248,CLEVIDIPINE 50 MG/100ML EMUL 100 ML VIAL,1002.34,400.936,3.05,902.11,32
HCPCS,C9254,LACOSAMIDE 200 MG/20ML SOLN 20 ML VIAL,361.65,144.66,0.26,505.08,75
HCPCS,C9257,BEVACIZUMAB 1.25 MG/0.05 ML SOLN 0.05 ML SYRINGE,115.0,46.0,1.79,103.5,24
HCPCS,C9257,BEVACIZUMAB 1.25 MG/0.05ML SOSY 0.05 ML SYRINGE,489.89,195.956,1.79,440.9,48
HCPCS,C9257,BEVACIZUMAB 2.5 MG/0.1ML SOSY 0.1 ML SYRINGE,362.88,145.152,1.79,326.59,24
HCPCS,C9293,GLUCARPIDASE 1000 UNITS SOLR 1 EACH VIAL,217894.32,87157.728,275.66,196104.89,22
HCPCS,C9300,INDIGOTINDISULFONATE 8 MG/ML SOLN 5 ML AMPULE,2208.0,883.2,883.2,1987.2,34
HCPCS,C9352,NEURAGEN NERVE GUIDE PER CM,3330.0,1332.0,1332.0,2997.0,15
HCPCS,C9358,SURGIMEND FETAL,875.0,350.0,350.0,787.5,14
HCPCS,C9360,SURGIMEND NEONATAL,437.0,174.8,174.8,393.3,14
HCPCS,C9362,IMPLNTBON VOID FILLER-STRIP,2900.0,1160.0,1160.0,2610.0,15
HCPCS,C9363,HC SKIN SUBSTITUTE INTEGRA MESHED BILAYER,50.0,20.0,20.0,50.0,15
HCPCS,C9364,PORCINE IMPLANT PERMACOL,50.0,20.0,20.0,45.0,15
HCPCS,C9399,ANTIVENIN LATRODECTUS MACTANS KIT 1 EACH BOX,166.25,66.5,66.5,149.63,16
HCPCS,C9399,DEFIBROTIDE SODIUM 200 MG/2.5ML SOLN 2.5 ML VIAL,6022.8,2409.12,2348.89,5420.52,16
HCPCS,C9399,DINUTUXIMAB 17.5 MG/5ML SOLN 5 ML VIAL,105502.03,42200.812,41145.79,94951.83,16
HCPCS,C9399,IBRUTINIB 140 MG CAPS 90 EACH BOTTLE,651.36,260.544,260.54,586.22,16
HCPCS,C9399,LENALIDOMIDE 25 MG CAPS 21 EACH BOTTLE,4493.42,1797.368,1797.37,4044.08,16
HCPCS,C9399,PAZOPANIB HCL 200 MG TABS 120 EACH BOTTLE,737.55,295.02,295.02,663.8,16
HCPCS,C9399,PEMBROLIZUMAB-BERAHYALUR-PMPH 395-4800 MG 395-4800 MG -UNT/2.4ML SOLN 2.4 ML,60638.04,24255.216,23648.84,54574.24,16
HCPCS,C9399,PEMBROLIZUMAB-BERAHYALUR-PMPH 790-9600 MG 790-9600 MG -UNT/4.8ML SOLN 4.8 ML,121276.09,48510.436,47297.68,109148.48,16
HCPCS,C9399,SODIUM BENZOATE-SODIUM PHENYLACETATE 10-10 % SOLN 50 ML VIAL,183960.0,73584.0,71744.4,165564.0,16
HCPCS,C9399,TRYPAN BLUE 0.15 % SOSY 0.5 ML SYRINGE,1066.46,426.584,426.58,959.81,16
HCPCS,C9488,CONIVAPTAN HCL IN DEXTROSE 20-5 MG/100ML-% SOLN 100 ML PLAS CONT,4679.64,1871.856,48.66,4211.68,23
HCPCS,C9507,COVID-19 CONVALESCENT PLASMA,1876.0,750.4,334.07,1876.0,30
HCPCS,C9600,HC PLACEMENT DES PTCA SINGLE VESSEL,24381.0,9752.4,10422.8,26056.99,25
HCPCS,C9601,92929 INSERTION OF STENTS WITH BALLOON DILATION OF CORONARY ARTERY OR BRANCH,1680.0,672.0,672.0,1680.0,17
HCPCS,C9601,HC DRUG-ELUTING STENTSEACH ADD,1500.0,600.0,600.0,1500.0,17
HCPCS,C9602,PERC D-E COR STENT ATHER S,36950.0,14780.0,16550.92,41377.29,25
HCPCS,C9603,PERC D-E COR STENT ATHER BR,1500.0,600.0,600.0,1500.0,17
HCPCS,C9604,PERC D-E COR REVASC T CABG S,20000.0,8000.0,10422.8,26056.99,25
HCPCS,C9605,PERC D-E COR REVASC T CABG B,1500.0,600.0,600.0,1500.0,17
HCPCS,C9606,HC ACUTE OCCLUSION REVASCULARZATION DEX,24381.0,9752.4,9752.4,21942.9,17
HCPCS,C9607,PERC D-E COR REVASC CHRO SIN,36950.0,14780.0,16550.92,41377.29,25
HCPCS,C9608,PERC D-E COR REVASC CHRO ADD,2000.0,800.0,800.0,2000.0,17
HCPCS,C9726,RXT BREAST APPL PLACE/REMOV,1500.0,600.0,600.0,1350.0,17
HCPCS,C9728,PLACE DEVICE/MARKER NON PRO,3224.0,1289.6,1249.68,3224.0,25
HCPCS,C9758,BLIND INTERATRIAL SHUNT IDE,43751.0,17500.4,15465.54,42994.93,25
HCPCS,C9760,NON-BLIND INTERATRIAL SHUNT,68751.0,27500.4,24302.74,67562.76,24
HCPCS,C9764,HC REVASC INTRAVASC LITHOTRIPSY,25000.0,10000.0,10422.8,26056.99,25
HCPCS,C9765,HC REVASC INTRA LITHOTRIP-STENT,43000.0,17200.0,16550.92,43000.0,25
HCPCS,C9766,HC REVASC INTRA LITHOTRIP-ATHER,43000.0,17200.0,16550.92,43000.0,25
HCPCS,C9767,HC REVASC LITHOTRIP-STENT-ATHER,43000.0,17200.0,16550.92,43000.0,25
HCPCS,C9772,REVASC LITHOTRIP TIBI/PERONE,26205.0,10482.0,10422.8,26205.0,24
HCPCS,C9773,HC REVASC LITHOTR-STENT TIB/PER,43000.0,17200.0,16550.92,43000.0,24
HCPCS,C9774,HC REVASC LITHOTR-ATHER TIB/PER,43000.0,17200.0,16550.92,43000.0,24
HCPCS,C9775,HC REVASC LITH-STEN-ATH TIB/PER,43000.0,17200.0,16550.92,43000.0,24
HCPCS,C9779,ESD ENDOSCOPY OR COLONOSCOPY,8152.0,3260.8,3480.96,8702.39,25
HCPCS,C9797,VASC EMB/OCC W/PRS CATH,44892.0,17956.8,16550.92,44892.0,25
HCPCS,C9901,ENDO DEFECT CLOSURE GI TRACT,26028.0,10411.2,8036.18,26028.0,25
HCPCS,D7140,EXTRACTION ERUPTED TOOTH/EXR,1700.0,680.0,87.06,1700.0,31
HCPCS,D7270,TOOTH REIMPLANTATION,568.0,227.2,329.44,1459.22,25
HCPCS,E0749,HC BONE GROWTH STIMULATOR IMPLANT,17000.0,6800.0,6800.0,15300.0,17
HCPCS,G0008,HC ADMIN INFLUENZA VIRUS VAC,100.0,40.0,42.28,105.69,25
HCPCS,G0009,HC ADMIN PNEUMOCOCCAL VACCINE,100.0,40.0,42.28,105.69,25
HCPCS,G0010,HC ADMIN HEP B VACCINE,100.0,40.0,42.28,105.69,25
HCPCS,G0101,CA SCREENPELVIC/BREAST EXAM,191.0,76.4,72.6,229.3,31
HCPCS,G0103,PSA SCREENING,117.0,46.8,17.9,105.3,30
HCPCS,G0104,HC CA SCREENFLEXI SIGMOIDSCOPE,2000.0,800.0,190.89,2099.06,31
HCPCS,G0105,HC COLORECTAL SCRN HI RISK IND,2080.0,832.0,506.6,2099.06,31
HCPCS,G0108,HC DIAB MANAGE TRN  PER INDIV,130.0,52.0,45.79,117.0,24
HCPCS,G0109,HC DIAB MANAGE TRN IND/GROUP,40.0,16.0,13.09,36.0,24
HCPCS,G0118,GLAUCOMA SCRN HGH RISK DIREC,75.0,30.0,33.72,84.31,25
HCPCS,G0121,HC COLON CA SCRN NOT HI RSK IND,2000.0,800.0,506.6,2099.06,31
HCPCS,G0123,SCREEN CERV/VAG THIN LAYER,100.0,40.0,18.78,92.7,90
HCPCS,G0166,HC EXTRNL COUNTERPULSE PER TX,250.0,100.0,120.12,300.31,25
HCPCS,G0168,WOUND CLOSURE UTILIZING TISSUE ADHESIVE(S) ONLY,33.0,13.2,13.2,33.0,17
HCPCS,G0237,HC THERAPEUTIC PROCD STRG ENDUR,63.0,25.2,26.11,65.28,25
HCPCS,G0239,HC OTH RESP PROC GROUP,75.0,30.0,33.72,84.31,25
HCPCS,G0257,ACUTE DIALY HEMO INPT,1672.0,668.8,619.65,1672.0,25
HCPCS,G0257,CHR DIALY OUT-OF-UNIT HEMO INPT,1672.0,668.8,619.65,1672.0,25
HCPCS,G0259,INJECT FOR SACROILIAC JOINT,250.0,100.0,100.0,225.0,17
HCPCS,G0269,OCCLUSIVE DEVICE IN VEIN ART,700.0,280.0,280.0,700.0,17
HCPCS,G0278,ILIAC ART ANGIOCARDIAC CATH,2500.0,1000.0,1000.0,2250.0,15
HCPCS,G0279,TOMOSYNTHESIS MAMMO,35.0,14.0,10.93,109.8,48
HCPCS,G0283,ELEC STIM OTHER THAN WOUND,29.0,11.6,11.31,90.0,100
HCPCS,G0288,RECON CTA FOR SURG PLAN,1200.0,480.0,480.0,1093.0,17
HCPCS,G0339,ROBOT LIN-RADSURG COM FIRST,1143.0,457.2,457.2,1143.0,17
HCPCS,G0340,ROBT LIN-RADSURG FRACTX 2-5,3800.0,1520.0,1520.0,3420.0,17
HCPCS,G0378,HOSPITAL OBSERVATION PER HR,350.0,140.0,140.0,350.0,17
HCPCS,G0378,HOSPITAL OBSERVATION PER HR ED,350.0,140.0,140.0,350.0,17
HCPCS,G0378,HOSPITAL OBSERVATION PER HR OB,350.0,140.0,140.0,350.0,17
HCPCS,G0379,DIRECT REFER HOSPITAL OBSERV,1100.0,440.0,440.0,1100.0,16
HCPCS,G0380,LEV 1 HOSP TYPE B ED VISIT,491.0,196.4,67.11,491.0,25
HCPCS,G0381,LEV 2 HOSP TYPE B ED VISIT,940.0,376.0,83.87,940.0,25
HCPCS,G0382,LEV 3 HOSP TYPE B ED VISIT,2150.0,860.0,155.19,2150.0,25
HCPCS,G0383,LEV 4 HOSP TYPE B ED VISIT,4544.0,1817.6,238.63,4544.0,25
HCPCS,G0384,LEV 5 HOSP TYPE B ED VISIT,5036.0,2014.4,370.83,5036.0,25
HCPCS,G0390,CHARLIE TRAUMA ACTIVATION WITH CRITICAL CARE,7250.0,2900.0,1038.55,8008.58,31
HCPCS,G0390,HC BRAVO TRAUMA ACTIVATION WITH CRITICAL CARE,11790.0,4716.0,1038.55,11790.0,31
HCPCS,G0390,TRAUMA RESPONS W/HOSP CRITI,15547.0,6218.8,1038.55,15547.0,31
HCPCS,G0399,HOME SLEEP TEST/TYPE 3 PORTA,350.0,140.0,194.95,487.37,25
HCPCS,G0416,HC PROSTATE BIOPSY ANY MTHD,744.0,297.6,282.34,809.07,30
HCPCS,G0433,ELISA HIV-1/HIV-2 SCREEN,46.0,18.4,17.41,46.0,24
HCPCS,G0480,HC DRUG TEST DEF 1-7 CLASSES,172.0,68.8,95.93,286.08,29
HCPCS,G0481,DRUG TEST DEF 8-14 CLASSES,391.0,156.4,136.3,391.48,58
HCPCS,G0482,DRUG TEST DEF 15-21 CLASSES,496.0,198.4,184.24,496.85,29
HCPCS,G0483,DRUG TEST DEF 22+ CLASSES,617.0,246.8,228.9,617.3,29
HCPCS,J0122,ERAVACYCLINE DIHYDROCHLORIDE 100 MG SOLR 1 EACH VIAL,689.54,275.816,1.3,620.59,22
HCPCS,J0129,ABATACEPT 250 MG SOLR 1 EACH VIAL,8085.42,3234.168,44.11,7276.88,30
HCPCS,J0131,ACETAMINOPHEN 10 MG/ML SOLN 100 ML FLEX CONT,48.5,19.4,0.08,202.5,30
HCPCS,J0132,ACETYLCYSTEINE 200 MG/ML SOLN 30 ML VIAL,35.0,14.0,14.0,31.5,85
HCPCS,J0133,ACYCLOVIR 50 MG/ML SOLN 10 ML VIAL,90.0,36.0,0.05,81.0,15
HCPCS,J0133,ACYCLOVIR 50 MG/ML SOLN 20 ML VIAL,210.0,84.0,0.05,189.0,75
HCPCS,J0134,ACETAMINOPHEN 10 MG/ML SOLN 100 ML FLEX CONT,57.5,23.0,0.08,51.75,30
HCPCS,J0136,ACETAMINOPHEN 10 MG/ML SOLN 100 ML FLEX CONT,48.5,19.4,0.07,43.65,15
HCPCS,J0139,ADALIMUMAB 40 MG/0.8ML KIT 1 EACH BOX,5899.53,2359.812,94.47,5309.58,22
HCPCS,J0153,ADENOSINE (DIAGNOSTIC) 3 MG/ML SOLN 30 ML VIAL,1071.16,428.464,0.73,973.73,60
HCPCS,J0153,ADENOSINE 6 MG/2ML SOLN 1 ML,35.0,14.0,0.73,31.5,15
HCPCS,J0153,ADENOSINE 6 MG/2ML SOLN 2 ML VIAL,37.5,15.0,0.73,59.13,60
HCPCS,J0165,EPINEPHRINE 1 MG/ML SOLN 1 ML VIAL,35.0,14.0,14.0,31.5,34
HCPCS,J0165,EPINEPHRINE 30 MG/30ML SOLN 30 ML VIAL,35.0,14.0,14.0,31.5,34
HCPCS,J0165,EPINEPHRINE PF 1 MG/ML SOLN 1 ML AMPULE,35.0,14.0,14.0,31.5,34
HCPCS,J0168,EPINEPHRINE PF 1 MG/10ML SOSY 10 ML SYRINGE,82.45,32.98,32.98,74.21,17
HCPCS,J0171,EPINEPHRINE HCL 50 MCG/ML SOSY 50 ML SYRINGE,97.05,38.82,38.82,87.35,17
HCPCS,J0171,EPINEPHRINE PF 1 MG/10ML SOSY 10 ML SYRINGE,35.0,14.0,14.0,31.5,34
HCPCS,J0174,LECANEMAB-IRMB 200 MG/2ML SOLN 2 ML VIAL,1456.41,582.564,0.99,1310.77,30
HCPCS,J0174,LECANEMAB-IRMB 500 MG/5ML SOLN 5 ML VIAL,3324.43,1329.772,0.99,2991.99,30
HCPCS,J0175,DONANEMAB-AZBT 350 MG/20ML SOLN 20 ML VIAL,3583.69,1433.476,3.14,3225.32,30
HCPCS,J0178,AFLIBERCEPT 2 MG/0.05ML SOLN 0.05 ML VIAL,9789.36,3915.744,771.56,8810.42,30
HCPCS,J0180,AGALSIDASE BETA 35 MG SOLR 1 EACH VIAL,40633.95,16253.58,220.02,36570.56,30
HCPCS,J0180,AGALSIDASE BETA 5 MG SOLR 1 EACH VIAL,5803.85,2321.54,220.02,5223.47,30
HCPCS,J0202,ALEMTUZUMAB 12 MG/1.2ML SOLN 1.2 ML VIAL,149910.98,59964.392,2429.89,134919.88,30
HCPCS,J0206,ALLOPURINOL 500 MG SOLR 1 EACH VIAL,14616.0,5846.4,4.45,18085.29,90
HCPCS,J0207,AMIFOSTINE 500 MG SOLR 1 EACH VIAL,5624.89,2249.956,451.96,5062.4,30
HCPCS,J0211,INJ NITHIODOTE 3MG / 125MG,5.0,2.0,1.76,5.58,30
HCPCS,J0217,VELMANASE ALFA-TYCV 10 MG SOLR 1 EACH VIAL,22784.16,9113.664,378.0,20505.74,30
HCPCS,J0219,AVALGLUCOSIDASE ALFA-NGPT 100 MG SOLR 1 EACH VIAL,10213.35,4085.34,77.59,9192.02,30
HCPCS,J0221,ALGLUCOSIDASE ALFA 50 MG SOLR 1 EACH VIAL,5106.7,2042.68,197.88,4596.03,30
HCPCS,J0222,PATISIRAN SODIUM 10 MG/5ML SOLN 5 ML VIAL,49316.4,19726.56,88.07,44384.76,30
HCPCS,J0223,GIVOSIRAN SODIUM 189 MG/ML SOLN 1 ML VIAL,221225.76,88490.304,115.66,199103.18,24
HCPCS,J0225,VUTRISIRAN SODIUM 25 MG/0.5ML SOSY 0.5 ML SYRINGE,601529.04,240611.616,3723.75,541376.14,30
HCPCS,J0248,REMDESIVIR 100 MG SOLR 1 EACH VIAL,3571.51,1428.604,5.39,3214.36,30
HCPCS,J0256,ALPHA1-PROTEINASE INHIBITOR 1000 MG SOLR 1 EACH VIAL,35.0,14.0,4.82,31.5,30
HCPCS,J0256,ALPHA1-PROTEINASE INHIBITOR 1000 MG/20ML SOLN 1 EACH VIAL,35.0,14.0,4.82,31.5,30
HCPCS,J0270,ALPROSTADIL 500 MCG/ML SOLN 1 ML AMPULE,934.77,373.908,0.35,841.3,34
HCPCS,J0278,AMIKACIN 250 MG/ML SOLN 2 ML,40.2,16.08,0.82,36.18,15
HCPCS,J0278,AMIKACIN 400 MCG/ 0.1ML SOLN 1 SYRINGE,35.0,14.0,14.0,31.5,17
HCPCS,J0278,AMIKACIN 500 MG/2ML SOLN 2 ML VIAL,45.0,18.0,0.82,40.5,30
HCPCS,J0278,AMIKACIN SULFATE 1 GM/4ML SOLN 4 ML VIAL,96.0,38.4,0.82,86.4,15
HCPCS,J0280,AMINOPHYLLINE 25 MG/ML SOLN 20 ML VIAL,84.9,33.96,33.96,76.5,34
HCPCS,J0280,HC AMINOPHYLLINE 25MG/ML,150.0,60.0,13.44,135.0,15
HCPCS,J0281,AMINOCAPROIC ACID 250 MG/ML SOLN 20 ML VIAL,61.6,24.64,24.64,58.59,51
HCPCS,J0282,AMIODARONE 150 MG/3ML SOLN 3 ML VIAL,35.0,14.0,0.56,31.5,105
HCPCS,J0282,AMIODARONE HCL 450 MG/9ML SOLN 9 ML VIAL,53.37,21.348,0.56,48.08,45
HCPCS,J0283,AMIODARONE 1.8 MG/ML SOLN 200 ML PLAS CONT,277.0,110.8,2.67,249.3,23
HCPCS,J0283,AMIODARONE 150 MG SOLN 100 ML PLAS CONT,208.0,83.2,2.67,187.2,23
HCPCS,J0285,AMPHOTERICIN B 0.5 MG/ML SOLN 12.5 ML,35.0,14.0,14.0,31.5,17
HCPCS,J0285,AMPHOTERICIN B 5 MCG/0.1 ML INJECTION 5 MCG SYRINGE,225.0,90.0,56.43,202.5,15
HCPCS,J0285,AMPHOTERICIN B 50 MG SOLR 1 EACH VIAL,300.0,120.0,120.0,270.0,17
HCPCS,J0289,AMPHOTERICIN B LIPOSOMAL 50 MG SUSR 1 EACH VIAL,1757.06,702.824,21.48,1581.35,120
HCPCS,J0290,AMPICILLIN 1 G SOLR 1 EACH VIAL,35.0,14.0,14.0,38.88,170
HCPCS,J0290,AMPICILLIN 125 MG SOLR 1 EACH VIAL,35.0,14.0,14.0,31.5,17
HCPCS,J0290,AMPICILLIN 2 G SOLR 1 EACH VIAL,42.3,16.92,16.92,75.39,102
HCPCS,J0290,AMPICILLIN 250 MG SOLR 1 EACH VIAL,35.0,14.0,0.72,31.5,75
HCPCS,J0290,AMPICILLIN 500 MG SOLR 1 EACH VIAL,35.0,14.0,14.0,31.5,85
HCPCS,J0290,AMPICILLIN SODIUM 10 G SOLR 1 EACH VIAL,495.76,198.304,198.3,446.18,17
HCPCS,J0295,AMPICILLIN-SULBACTAM 1.5 (1-0.5) G SOLR 1 EACH VIAL,38.68,15.472,1.81,34.81,105
HCPCS,J0295,AMPICILLIN-SULBACTAM 3 (2-1) G SOLR 1 EACH VIAL,90.0,36.0,1.81,81.0,195
HCPCS,J0300,AMOBARBITAL 500 MG SOLR 1 EACH VIAL,3694.57,1477.828,1477.83,3325.11,17
HCPCS,J0330,SUCCINYLCHOLINE 20 MG/ML SOLN 10 ML SYRINGE,46.0,18.4,1.2,41.4,15
HCPCS,J0330,SUCCINYLCHOLINE 20 MG/ML SOLN 10 ML VIAL,115.1,46.04,1.2,107.91,60
HCPCS,J0330,SUCCINYLCHOLINE 20 MG/ML SOLN 5 ML SYRINGE,44.0,17.6,1.2,39.6,15
HCPCS,J0330,SUCCINYLCHOLINE 20 MG/ML SOLN 5 ML VIAL,37.5,15.0,1.2,33.75,15
HCPCS,J0348,ANIDULAFUNGIN 100 MG SOLR 1 EACH VIAL,1053.72,421.488,0.68,948.35,15
HCPCS,J0360,HYDRALAZINE 20 MG/ML SOLN 1 ML VIAL,35.0,14.0,14.0,31.5,85
HCPCS,J0391,ARTESUNATE 110 MG SOLR 1 EACH VIAL,27107.64,10843.056,40.75,24396.88,30
HCPCS,J0456,AZITHROMYCIN 500 MG SOLR 1 EACH VIAL,55.0,22.0,14.0,77.85,136
HCPCS,J0457,AZTREONAM 1 G SOLR 1 EACH VIAL,216.48,86.592,86.59,194.83,34
HCPCS,J0457,AZTREONAM 2 G SOLR 1 EACH VIAL,343.2,137.28,137.28,308.88,34
HCPCS,J0461,ATROPINE SULFATE 0.25 MG/5ML SOSY 5 ML SYRINGE,39.38,15.752,15.75,35.44,17
HCPCS,J0461,ATROPINE SULFATE 0.4 MG/ML SOLN 1 ML VIAL,35.0,14.0,14.0,31.5,34
HCPCS,J0461,ATROPINE SULFATE 1 MG/10ML SOSY 10 ML SYRINGE,62.5,25.0,25.0,61.83,34
HCPCS,J0461,ATROPINE SULFATE 8 MG/20ML SOLN 20 ML VIAL,210.6,84.24,84.24,379.06,153
HCPCS,J0470,DIMERCAPROL 100 MG/ML SOLN 3 ML AMPULE,885.63,354.252,354.25,797.07,17
HCPCS,J0475,BACLOFEN 10 MG/20ML SOLN 20 ML VIAL,1421.77,568.708,118.0,1279.59,30
HCPCS,J0475,BACLOFEN 10000 MCG/20ML SOSY 20 ML SYRINGE,1527.48,610.992,118.0,1374.73,30
HCPCS,J0475,BACLOFEN 20 MG/20ML SOLN 20 ML VIAL,2596.1,1038.44,118.0,2336.49,30
HCPCS,J0475,BACLOFEN 20000 MCG/20ML SOSY 20 ML SYRINGE,2789.39,1115.756,118.0,2510.45,30
HCPCS,J0475,BACLOFEN 40 MG/20ML SOLN 20 ML VIAL,5192.21,2076.884,118.0,4672.99,60
HCPCS,J0475,BACLOFEN 40000 MCG/20ML SOSY 20 ML SYRINGE,5584.66,2233.864,118.0,5026.19,30
HCPCS,J0476,BACLOFEN 50 MCG/ML SOSY 1 ML SYRINGE,529.0,211.6,64.94,476.1,15
HCPCS,J0480,BASILIXIMAB 10 MG SOLR 1 EACH VIAL,17857.39,7142.956,3152.03,16071.65,30
HCPCS,J0480,BASILIXIMAB 20 MG SOLR 1 EACH VIAL,23437.76,9375.104,3152.03,21093.98,30
HCPCS,J0485,BELATACEPT 250 MG SOLR 1 EACH VIAL,4888.21,1955.284,3.5,4399.39,30
HCPCS,J0490,BELIMUMAB 120 MG SOLR 1 EACH VIAL,3328.42,1331.368,53.74,2995.58,30
HCPCS,J0490,BELIMUMAB 400 MG SOLR 1 EACH VIAL,11093.88,4437.552,53.74,9984.49,30
HCPCS,J0491,ANIFROLUMAB-FNIA 300 MG/2ML SOLN 2 ML VIAL,27832.14,11132.856,15.23,25048.93,30
HCPCS,J0500,DICYCLOMINE 10 MG/ML SOLN 2 ML AMPULE,252.18,100.872,100.87,226.96,17
HCPCS,J0500,DICYCLOMINE 10 MG/ML SOLN 2 ML VIAL,73.8,29.52,29.52,109.69,68
HCPCS,J0500,DICYCLOMINE 20 MG TABS 1 EACH,3.0,1.2,1.2,2.7,17
HCPCS,J0500,DICYCLOMINE 20 MG TABS 100 EACH BOX,3.0,1.2,1.2,2.7,17
HCPCS,J0515,BENZTROPINE MESYLATE 1 MG/ML SOLN 2 ML VIAL,270.0,108.0,108.0,264.38,68
HCPCS,J0517,BENRALIZUMAB 30 MG/ML SOSY 1 ML SYRINGE,30353.23,12141.292,152.06,27317.91,30
HCPCS,J0558,PENICILLIN G BENZATHINE AND PROC 1200000 UNIT/2ML SUSP 2 ML SYRINGE,1342.01,536.804,14.37,1207.81,30
HCPCS,J0561,PENICILLIN G BENZATHINE 1200000 UNIT/2ML SUSY 2 ML SYRINGE,2240.79,896.316,9.61,2016.72,60
HCPCS,J0561,PENICILLIN G BENZATHINE 2400000 UNIT/4ML SUSY 4 ML SYRINGE,4192.47,1676.988,9.61,3773.24,60
HCPCS,J0561,PENICILLIN G BENZATHINE 600000 UNIT/ML SUSY 1 ML SYRINGE,1293.8,517.52,9.61,1164.42,30
HCPCS,J0565,BEZLOTOXUMAB 1000 MG/40ML SOLN 40 ML VIAL,19152.0,7660.8,34.2,17236.8,30
HCPCS,J0572,BUPRENORPHINE-NALOXONE 2-0.5 MG SUBL 1 EACH,23.75,9.5,1.87,21.38,17
HCPCS,J0572,BUPRENORPHINE-NALOXONE 2-0.5 MG SUBL 30 EACH BOTTLE,29.11,11.644,1.87,26.2,34
HCPCS,J0572,BUPRENORPHINE-NALOXONE 2-0.5 MG SUBL 50 EACH BOX,23.75,9.5,1.87,21.38,17
HCPCS,J0574,BUPRENORPHINE HCL-NALOXONE HCL 8-2 MG SUBL 1 EACH,42.28,16.912,1.96,38.05,34
HCPCS,J0574,BUPRENORPHINE HCL-NALOXONE HCL 8-2 MG SUBL 30 EACH BOTTLE,10.0,4.0,1.96,50.2,17
HCPCS,J0574,BUPRENORPHINE HCL-NALOXONE HCL 8-2 MG SUBL 50 EACH BOX,42.28,16.912,1.96,38.05,34
HCPCS,J0574,BUPRENORPHINE-NALOXONE 8-2 MG FILM 30 EACH BOX,53.88,21.552,1.96,48.49,17
HCPCS,J0583,BIVALIRUDIN TRIFLUOROACETATE 250 MG SOLR 1 EACH VIAL,386.4,154.56,0.22,4298.88,120
HCPCS,J0585,BOTULINUM TOXIN TYPE A 100 UNITS SOLR 1 EACH VIAL,3281.04,1312.416,6.4,2952.94,30
HCPCS,J0585,ONABOTULINUMTOXINA (COSMETIC) 100 UNITS SOLR 1 EACH VIAL,3306.24,1322.496,6.4,2975.62,30
HCPCS,J0585,ONABOTULINUMTOXINA 200 UNITS SOLR 1 EACH VIAL,6562.08,2624.832,6.4,5905.87,30
HCPCS,J0586,ABOBOTULINUMTOXINA 300 UNITS SOLR 1 EACH VIAL,2663.64,1065.456,8.75,2397.28,30
HCPCS,J0586,ABOBOTULINUMTOXINA 500 UNITS SOLR 1 EACH VIAL,4437.72,1775.088,8.75,3993.95,30
HCPCS,J0587,BOTULINUM TOXIN TYPE B 5000 UNIT/ML SOLN 1 ML VIAL,1752.83,701.132,12.65,1577.55,30
HCPCS,J0587,RIMABOTULINUMTOXINB 2500 UNIT/0.5ML SOLN 0.5 ML VIAL,1752.83,701.132,12.65,1577.55,30
HCPCS,J0592,BUPRENORPHINE 0.3 MG/ML SOLN 1 ML VIAL,81.72,32.688,5.42,73.55,15
HCPCS,J0594,BUSULFAN 6 MG/ML SOLN 10 ML VIAL,690.0,276.0,0.88,621.0,30
HCPCS,J0595,BUTORPHANOL 1 MG/ML SOLN 1 ML VIAL,50.7,20.28,8.36,45.63,30
HCPCS,J0595,BUTORPHANOL 10 MG/ML SOLN 2.5 ML BOTTLE,443.07,177.228,177.23,398.76,17
HCPCS,J0595,BUTORPHANOL 2 MG/ML SOLN 1 ML VIAL,35.0,14.0,14.0,31.5,34
HCPCS,J0597,C1 ESTERASE INHIBITOR (HUMAN) 500 UNITS KIT 1 EACH BOX,22390.03,8956.012,74.63,20151.03,30
HCPCS,J0601,DIALYSIS MEDICATION,0.01,0.01,0.01,0.01,30
HCPCS,J0602,DIA SEVELAMER  CARBONATE (RENVELA) POWDER 800 MG PACKETS,0.02,0.01,0.01,0.02,15
HCPCS,J0602,DIA SEVELAMER CARBONATE (RENVELA) POWDER 2400MG PACKETS,0.01,0.01,0.01,0.01,30
HCPCS,J0604,CINACALCET 30 MG TABS 1 EACH,132.49,52.996,0.01,119.24,21
HCPCS,J0604,CINACALCET 30 MG TABS 30 EACH BOTTLE,153.28,61.312,0.01,137.95,63
HCPCS,J0604,CINACALCET 30 MG TABS 30 EACH BOX,132.49,52.996,0.01,119.24,21
HCPCS,J0604,CINACALCET 60 MG TABS 30 EACH BOTTLE,306.55,122.62,0.01,290.41,84
HCPCS,J0604,CINACALCET 90 MG TABS 30 EACH BOTTLE,445.3,178.12,0.01,400.77,21
HCPCS,J0604,DIALYSIS MEDICATION,4.0,1.6,0.01,3.6,69
HCPCS,J0605,DIA SUCROFERRIC OXYHYDROXIDE (VELPHORO) 2500MG TABS,0.01,0.01,0.01,0.01,23
HCPCS,J0606,ETELCALCETIDE HCL 10 MG/2ML SOLN 2 ML VIAL,569.8,227.92,5.27,512.83,30
HCPCS,J0606,ETELCALCETIDE HCL 2.5 MG/0.5ML SOLN 0.5 ML VIAL,569.81,227.924,5.27,512.87,30
HCPCS,J0606,ETELCALCETIDE HCL 5 MG/ML SOLN 1 ML VIAL,569.8,227.92,5.27,512.83,30
HCPCS,J0607,DIA LANTHANUM CARBONATE 1000MG TAB AND POWDER,0.01,0.01,0.01,0.01,23
HCPCS,J0607,DIA LANTHANUM CARBONATE 500MG TAB AND POWDER,0.02,0.01,0.01,0.02,15
HCPCS,J0607,DIA LANTHANUM CARBONATE 750MG TAB AND POWDER,0.01,0.01,0.01,0.01,23
HCPCS,J0609,DIA FERRIC CITRATE (AURYXIA) 210MG TAB,0.06,0.024,0.02,0.06,15
HCPCS,J0612,CALCIUM GLUCONATE 10 % SOLN 10 ML VIAL,35.0,14.0,14.0,31.5,51
HCPCS,J0612,CALCIUM GLUCONATE 10 % SOLN 100 ML VIAL,35.0,14.0,14.0,31.5,17
HCPCS,J0612,CALCIUM GLUCONATE 10 % SOLN 50 ML VIAL,35.0,14.0,14.0,131.18,51
HCPCS,J0612,CALCIUM GLUCONATE 2-0.675 GM/100ML-% SOLN 100 ML FLEX CONT,237.0,94.8,94.8,213.3,102
HCPCS,J0613,CALCIUM GLUCONATE 2-0.675 GM/100ML-% SOLN 100 ML FLEX CONT,237.0,94.8,94.8,213.3,17
HCPCS,J0615,DIA CALCIUM ACETATE 667MG CAPS,0.02,0.01,0.01,0.02,15
HCPCS,J0630,CALCITONIN 200 UNIT/ML SOLN 2 ML VIAL,5040.0,2016.0,800.0,4536.0,23
HCPCS,J0636,CALCITRIOL 1 MCG/ML SOLN 1 ML AMPULE,46.88,18.752,1.31,42.19,15
HCPCS,J0636,CALCITRIOL 1 MCG/ML SOLN 1 ML VIAL,59.7,23.88,1.31,53.73,15
HCPCS,J0637,CASPOFUNGIN 50 MG SOLR 1 EACH VIAL,1864.15,745.66,4.6,1677.74,15
HCPCS,J0637,CASPOFUNGIN 70 MG SOLR 1 EACH VIAL,1932.0,772.8,4.6,1738.8,30
HCPCS,J0640,LEUCOVORIN 100 MG SOLR 1 EACH VIAL,120.0,48.0,4.19,108.0,45
HCPCS,J0640,LEUCOVORIN 350 MG SOLR 1 EACH VIAL,115.0,46.0,4.19,347.76,60
HCPCS,J0640,LEUCOVORIN 5 MG TABS 1 EACH,16.25,6.5,6.5,14.63,17
HCPCS,J0640,LEUCOVORIN 5 MG TABS 100 EACH BOTTLE,10.13,4.052,4.0,9.12,34
HCPCS,J0640,LEUCOVORIN 5 MG TABS 30 EACH BOTTLE,10.0,4.0,4.0,9.0,17
HCPCS,J0640,LEUCOVORIN 5 MG TABS 50 EACH BOX,16.25,6.5,6.5,14.63,17
HCPCS,J0640,LEUCOVORIN 50 MG SOLR 1 EACH VIAL,115.0,46.0,46.0,103.5,34
HCPCS,J0640,LEUCOVORIN 500 MG SOLR 1 EACH VIAL,475.78,190.312,4.19,428.2,15
HCPCS,J0640,LEUCOVORIN CALCIUM 200 MG SOLR 1 EACH VIAL,144.0,57.6,4.19,129.6,30
HCPCS,J0641,LEVOLEUCOVORIN CALCIUM 50 MG SOLR 1 EACH VIAL,1006.85,402.74,0.08,906.17,15
HCPCS,J0650,LEVOTHYROXINE SODIUM 100 MCG SOLR 1 EACH VIAL,664.38,265.752,265.75,597.94,17
HCPCS,J0650,LEVOTHYROXINE SODIUM 500 MCG SOLR 1 EACH VIAL,2660.66,1064.264,1064.26,2394.59,34
HCPCS,J0651,LEVOTHYROXINE SODIUM 100 MCG/5ML SOLN 5 ML VIAL,489.58,195.832,3.93,440.62,30
HCPCS,J0665,BUPIVACAINE 0.25 % SOLN 50 ML VIAL,35.0,14.0,14.0,31.5,17
HCPCS,J0665,BUPIVACAINE 0.5 % SOLN 10 ML VIAL,35.0,14.0,14.0,31.5,136
HCPCS,J0665,BUPIVACAINE 0.5 % SOLN 30 ML VIAL,35.0,14.0,14.0,31.5,136
HCPCS,J0665,BUPIVACAINE 0.5 % SOLN 50 ML VIAL,35.0,14.0,14.0,31.5,17
HCPCS,J0665,BUPIVACAINE 0.75% IN DEXTROSE 8.25% (INTRATHECAL) 0.75-8.25 % SOLN 2 ML AMPULE,47.3,18.92,14.0,42.57,85
HCPCS,J0665,BUPIVACAINE HCL (PF) 0.75 % SOLN 10 ML VIAL,35.0,14.0,14.0,31.5,102
HCPCS,J0665,BUPIVACAINE HCL (PF) 0.75 % SOLN 30 ML VIAL,35.0,14.0,14.0,31.5,119
HCPCS,J0665,BUPIVACAINE HCL 0.25 % SOLN 10 ML VIAL,35.0,14.0,14.0,31.5,119
HCPCS,J0665,BUPIVACAINE HCL 0.25 % SOLN 30 ML VIAL,35.0,14.0,14.0,31.5,85
HCPCS,J0666,BUPIVACAINE LIPOSOME 1.3 % SUSP 20 ML VIAL,1155.38,462.152,1.1,1039.84,42
HCPCS,J0690,CEFAZOLIN 1 G SOLR 1 EACH VIAL,35.0,14.0,14.0,33.75,102
HCPCS,J0690,CEFAZOLIN 10 G SOLR 1 EACH VIAL,66.3,26.52,26.52,59.67,17
HCPCS,J0690,CEFAZOLIN SODIUM INJECTION,13.0,5.2,1.04,11.7,15
HCPCS,J0690,CEFAZOLIN SODIUM-DEXTROSE 2-3 GM-%(50ML) SOLR 1 EACH FLEX CONT,93.6,37.44,37.44,84.24,17
HCPCS,J0690,DIALYSIS MEDICATION,13.0,5.2,1.04,11.7,15
HCPCS,J0692,CEFEPIME 1 G SOLR 1 EACH VIAL,35.0,14.0,1.59,91.5,90
HCPCS,J0692,CEFEPIME 2 G SOLR 1 EACH VIAL,35.0,14.0,1.59,181.62,60
HCPCS,J0692,CEFEPIME HCL FOR INJECTION,24.0,9.6,1.59,21.6,15
HCPCS,J0692,DIALYSIS MEDICATION,25.0,10.0,1.59,22.5,15
HCPCS,J0694,CEFOXITIN 1 G SOLR 1 EACH VIAL,36.0,14.4,14.4,53.73,102
HCPCS,J0694,CEFOXITIN 2 G SOLR 1 EACH VIAL,60.0,24.0,24.0,107.73,34
HCPCS,J0694,CEFOXITIN SODIUM 10 G SOLR 1 EACH VIAL,300.0,120.0,120.0,270.0,17
HCPCS,J0695,CEFTOLOZANE-TAZOBACTAM 1.5 (1-0.5) G SOLR 1 EACH VIAL,962.47,384.988,4.38,866.22,30
HCPCS,J0696,CEFTRIAXONE 1 G SOLR 1 EACH VIAL,35.0,14.0,14.0,31.5,34
HCPCS,J0696,CEFTRIAXONE 10 G SOLR 1 EACH VIAL,103.9,41.56,41.56,93.51,17
HCPCS,J0696,CEFTRIAXONE 2 G SOLR 1 EACH VIAL,35.0,14.0,14.0,31.5,51
HCPCS,J0696,CEFTRIAXONE 250 MG SOLR 1 EACH VIAL,35.0,14.0,14.0,31.5,34
HCPCS,J0696,CEFTRIAXONE 500 MG SOLR 1 EACH VIAL,35.0,14.0,14.0,120.98,85
HCPCS,J0697,CEFUROXIME 750 MG SOLR 1 EACH VIAL,35.0,14.0,2.41,31.5,15
HCPCS,J0697,CEFUROXIME SODIUM 1.5 G SOLR 1 EACH VIAL,35.08,14.032,14.03,31.57,17
HCPCS,J0699,CEFIDEROCOL SULFATE TOSYLATE 1 G SOLR 1 EACH VIAL,1362.38,544.952,1.98,1226.15,60
HCPCS,J0701,CEFEPIME 2 GM/100ML SOLN 100 ML PLAS CONT,255.5,102.2,7.85,229.95,15
HCPCS,J0702,BETAMETHASONE ACETATE-BETAMETHASONE SODIUM PHOSPHATE 6  3-3  MG/ML SUSP 5 ML,132.08,52.832,38.4,118.87,51
HCPCS,J0706,CAFFEINE CITRATE 20 MG/ML SOLN 0.1 ML ORAL SYRINGE,7.6,3.04,3.04,6.84,17
HCPCS,J0706,CAFFEINE CITRATE 20 MG/ML SOLN 0.2 ML ORAL SYRINGE,15.21,6.084,6.08,13.69,17
HCPCS,J0706,CAFFEINE CITRATE 20 MG/ML SOLN 0.25 ML ORAL SYRINGE,19.01,7.604,7.6,17.11,17
HCPCS,J0706,CAFFEINE CITRATE 20 MG/ML SOLN 0.3 ML ORAL SYRINGE,22.81,9.124,9.12,20.53,17
HCPCS,J0706,CAFFEINE CITRATE 20 MG/ML SOLN 0.35 ML ORAL SYRINGE,26.61,10.644,10.64,23.95,17
HCPCS,J0706,CAFFEINE CITRATE 20 MG/ML SOLN 0.4 ML ORAL SYRINGE,30.42,12.168,12.17,27.38,17
HCPCS,J0706,CAFFEINE CITRATE 20 MG/ML SOLN 0.45 ML ORAL SYRINGE,34.22,13.688,13.69,30.8,17
HCPCS,J0706,CAFFEINE CITRATE 20 MG/ML SOLN 0.5 ML ORAL SYRINGE,38.02,15.208,15.21,34.22,17
HCPCS,J0706,CAFFEINE CITRATE 20 MG/ML SOLN 1 ML,76.04,30.416,7.36,68.44,34
HCPCS,J0706,CAFFEINE CITRATE 20 MG/ML SOLN 3 ML VIAL,72.0,28.8,28.8,64.8,17
HCPCS,J0706,CAFFEINE CITRATE 60 MG/3ML SOLN 3 ML VIAL,66.0,26.4,24.0,108.0,68
HCPCS,J0712,CEFTAROLINE 400 MG SOLR 1 EACH VIAL,1289.01,515.604,3.66,1160.11,30
HCPCS,J0712,CEFTAROLINE 600 MG SOLR 1 EACH VIAL,1289.01,515.604,3.66,1160.11,30
HCPCS,J0713,CEFTAZIDIME 1 G SOLR 1 EACH VIAL,35.0,14.0,2.04,31.5,15
HCPCS,J0713,CEFTAZIDIME 2 G SOLR 1 EACH VIAL,60.0,24.0,2.04,54.0,15
HCPCS,J0713,CEFTAZIDIME 2.25 MG/0.1 ML SUSP 10 ML SYRINGE,35.0,14.0,2.04,31.5,15
HCPCS,J0713,CEFTAZIDIME 6 G SOLR 1 EACH VIAL,175.0,70.0,70.0,157.5,17
HCPCS,J0714,CEFTAZIDIME-AVIBACTAM 2.5 (2-0.5) G SOLR 1 EACH VIAL,2292.81,917.124,71.82,2063.53,30
HCPCS,J0720,CHLORAMPHENICOL 1 G SOLR 1 EACH VIAL,291.9,116.76,50.26,262.71,24
HCPCS,J0725,CHORIONIC GONADOTROPIN 10000 UNITS SOLR 1 EACH VIAL,1791.79,716.716,716.72,1612.61,17
HCPCS,J0735,CLONIDINE HCL (ANALGESIA) 100 MCG/ML SOLN 10 ML VIAL,37.8,15.12,14.0,34.02,30
HCPCS,J0736,CLINDAMYCIN 300 MG/50ML SOLN 50 ML FLEX CONT,49.25,19.7,19.7,44.33,34
HCPCS,J0736,CLINDAMYCIN 600 MG/4ML SOLN 4 ML VIAL,35.0,14.0,14.0,31.5,51
HCPCS,J0736,CLINDAMYCIN 600 MG/50ML SOLN 50 ML FLEX CONT,64.0,25.6,25.6,66.83,68
HCPCS,J0736,CLINDAMYCIN 9 GM/60ML SOLN 60 ML VIAL,138.0,55.2,55.2,124.2,17
HCPCS,J0736,CLINDAMYCIN 900 MG/50ML SOLN 50 ML FLEX CONT,78.25,31.3,31.3,81.45,51
HCPCS,J0736,CLINDAMYCIN PHOSPHATE 300 MG/2ML SOLN 2 ML VIAL,35.0,14.0,14.0,31.5,34
HCPCS,J0736,CLINDAMYCIN PHOSPHATE 900 MG/6ML SOLN 6 ML VIAL,35.0,14.0,14.0,31.5,17
HCPCS,J0740,CIDOFOVIR 75 MG/ML SOLN 5 ML VIAL,3729.6,1491.84,301.1,4484.82,60
HCPCS,J0742,IMIPENEM-CILASTATIN-RELEBACTAM 1.25 G SOLR 1 EACH VIAL,1745.09,698.036,2.05,1570.58,17
HCPCS,J0743,IMIPENEM-CILASTATIN 500 MG SOLR 1 EACH VIAL,179.88,71.952,13.33,161.91,60
HCPCS,J0744,CIPROFLOXACIN 200 MG/100ML SOLN 100 ML FLEX CONT,35.0,14.0,3.77,31.5,45
HCPCS,J0744,CIPROFLOXACIN 400 MG/200ML SOLN 200 ML FLEX CONT,42.0,16.8,3.77,43.2,75
HCPCS,J0750,EMTRICITABINE-TENOFOVIR DF 200-300 MG TABS 1 EACH,11.68,4.672,0.45,10.51,30
HCPCS,J0750,EMTRICITABINE-TENOFOVIR DF 200-300 MG TABS 30 EACH BOTTLE,350.04,140.016,0.45,331.61,90
HCPCS,J0750,EMTRICITABINE-TENOFOVIR DF 200-300 MG TABS 30 EACH BOX,11.68,4.672,0.45,10.51,60
HCPCS,J0751,EMTRICITABINE-TENOFOVIR AF 200-25 MG TABS 30 EACH BOX,405.22,162.088,66.07,364.7,30
HCPCS,J0770,COLISTIMETHATE SODIUM (CBA) 150 MG SOLR 1 EACH VIAL,168.0,67.2,67.2,151.2,17
HCPCS,J0775,COLLAGENASE CLOSTRID HISTOLYT 0.9 MG SOLR 1 EACH VIAL,37221.58,14888.632,73.02,33499.42,30
HCPCS,J0780,PROCHLORPERAZINE EDISYLATE 10 MG/2ML SOLN 2 ML VIAL,35.0,14.0,14.0,49.95,204
HCPCS,J0791,CRIZANLIZUMAB-TMCA 100 MG/10ML SOLN 10 ML VIAL,12362.83,4945.132,122.16,11126.55,30
HCPCS,J0800,CORTICOTROPIN 80 UNIT/ML GEL 5 ML VIAL,23518.15,9407.26,9172.08,21166.34,14
HCPCS,J0834,COSYNTROPIN 0.25 MG SOLR 1 EACH VIAL,588.32,235.328,32.98,529.49,45
HCPCS,J0840,CROTALIDAE POLYVALENT IMMUNE FAB SOLR 1 EACH VIAL,16117.92,6447.168,1828.72,14506.13,60
HCPCS,J0841,CROTALIDAE EQUINE IMMUNE FAB SOLR 1 EACH VIAL,6652.8,2661.12,989.52,5987.52,30
HCPCS,J0850,CYTOMEGALOVIRUS IMMUNE GLOB 50 MG/ML SOLN 50 ML VIAL,9120.09,3648.036,1233.6,8208.08,60
HCPCS,J0870,IMETELSTAT SODIUM 188 MG SOLR 1 EACH VIAL,53644.75,21457.9,41.0,48280.28,30
HCPCS,J0870,IMETELSTAT SODIUM 47 MG SOLR 1 EACH VIAL,13411.19,5364.476,41.0,12070.07,30
HCPCS,J0875,DALBAVANCIN HCL 500 MG SOLR 1 EACH VIAL,8966.83,3586.732,14.3,8070.15,30
HCPCS,J0878,DAPTOMYCIN 500 MG SOLR 1 EACH VIAL,180.0,72.0,0.04,162.0,15
HCPCS,J0879,DIFELIKEFALIN ACETATE 65 MCG/1.3ML SOLN 1.3 ML VIAL,828.0,331.2,0.08,745.2,46
HCPCS,J0882,DARBEPOETIN ALFA 10 MCG/0.4ML SOSY 0.4 ML SYRINGE,427.25,170.9,3.18,384.53,34
HCPCS,J0882,DARBEPOETIN ALFA 100 MCG/0.5ML SOSY 0.5 ML SYRINGE,3900.96,1560.384,3.18,3510.86,34
HCPCS,J0882,DARBEPOETIN ALFA 150 MCG/0.3ML SOSY 0.3 ML SYRINGE,5851.44,2340.576,3.18,5266.3,34
HCPCS,J0882,DARBEPOETIN ALFA 200 MCG/0.4ML SOSY 0.4 ML SYRINGE,7801.92,3120.768,3.18,7021.73,17
HCPCS,J0882,DARBEPOETIN ALFA 25 MCG/0.42ML SOSY 0.42 ML SYRINGE,1068.12,427.248,3.18,961.31,34
HCPCS,J0882,DARBEPOETIN ALFA 25 MCG/ML SOLN 1 ML VIAL,1068.12,427.248,3.18,961.31,17
HCPCS,J0882,DARBEPOETIN ALFA 300 MCG/0.6ML SOSY 0.6 ML SYRINGE,11702.88,4681.152,3.18,10532.59,17
HCPCS,J0882,DARBEPOETIN ALFA 40 MCG/0.4ML SOSY 0.4 ML SYRINGE,1708.99,683.596,3.18,1538.09,34
HCPCS,J0882,DARBEPOETIN ALFA 40 MCG/ML SOLN 1 ML VIAL,1708.99,683.596,3.18,1538.09,17
HCPCS,J0882,DARBEPOETIN ALFA 500 MCG/ML SOSY 1 ML SYRINGE,19504.8,7801.92,3.18,17554.32,17
HCPCS,J0882,DARBEPOETIN ALFA 60 MCG/0.3ML SOSY 0.3 ML SYRINGE,2340.58,936.232,3.18,2106.52,34
HCPCS,J0882,DARBEPOETIN ALFA 60 MCG/ML SOLN 1 ML VIAL,2340.58,936.232,3.18,2106.52,17
HCPCS,J0882,DARBEPOETIN ALFA ESRD USE,31.0,12.4,3.18,27.9,51
HCPCS,J0882,DIALYSIS MEDICATION,31.0,12.4,3.18,27.9,119
HCPCS,J0883,ARGATROBAN 250 MG/2.5ML SOLN 2.5 ML VIAL,1782.96,713.184,0.78,1604.66,30
HCPCS,J0883,ARGATROBAN 50 MG/50ML SOLN 50 ML VIAL,664.93,265.972,0.78,983.66,120
HCPCS,J0883,ARGATROBAN 50-0.9 MG/50ML-% SOLN 50 ML VIAL,1076.4,430.56,0.78,983.66,60
HCPCS,J0894,DECITABINE 50 MG SOLR 1 EACH VIAL,8194.2,3277.68,1.59,7374.78,75
HCPCS,J0895,DEFEROXAMINE 2 G SOLR 1 EACH VIAL,247.2,98.88,11.71,222.48,60
HCPCS,J0895,DEFEROXAMINE 500 MG SOLR 1 EACH VIAL,77.7,31.08,11.71,79.7,60
HCPCS,J0896,LUSPATERCEPT-AAMT 25 MG SOLR 1 EACH VIAL,21144.82,8457.928,40.97,19030.34,24
HCPCS,J0896,LUSPATERCEPT-AAMT 75 MG SOLR 1 EACH VIAL,63434.24,25373.696,40.97,57090.82,24
HCPCS,J0897,DENOSUMAB 120 MG/1.7ML SOLN 1.7 ML VIAL,17386.7,6954.68,16.43,15648.03,60
HCPCS,J0897,DENOSUMAB 60 MG/ML SOSY 1 ML SYRINGE,9452.18,3780.872,16.43,8506.96,60
HCPCS,J1010,METHYLPREDNISOLONE ACETATE 20 MG/ML SUSP 5 ML VIAL,213.35,85.34,0.11,192.02,23
HCPCS,J1010,METHYLPREDNISOLONE ACETATE 40 MG/ML SUSP 1 ML VIAL,35.0,14.0,0.11,31.5,92
HCPCS,J1010,METHYLPREDNISOLONE ACETATE 80 MG/ML SUSP 1 ML VIAL,118.35,47.34,0.11,106.52,92
HCPCS,J1010,METHYLPREDNISOLONE ACETATE 80 MG/ML SUSP 5 ML VIAL,118.43,47.372,0.11,106.59,23
HCPCS,J1050,MEDROXYPROGESTERONE 150 MG/ML SUSP 1 ML VIAL,150.0,60.0,60.0,404.67,170
HCPCS,J1071,TESTOSTERONE CYPIONATE 200 MG/ML SOLN 1 ML VIAL,35.0,14.0,14.0,32.12,68
HCPCS,J1071,TESTOSTERONE CYPIONATE 200 MG/ML SOLN 10 ML VIAL,35.0,14.0,14.0,31.5,17
HCPCS,J1096,DEXAMETHASONE 0.4 MG INST 1 EACH BOX,3225.6,1290.24,110.1,2903.04,21
HCPCS,J1096,DEXAMETHASONE 0.4 MG INST 10 EACH BOX,3225.6,1290.24,110.1,2903.04,21
HCPCS,J1097,PHENYLEPHRINE-KETOROLAC 1-0.3 % SOLN 4 ML VIAL,2378.88,951.552,99.75,2140.99,84
HCPCS,J1100,DEXAMETHASONE 10 MG/ML SOLN 1 ML VIAL,35.0,14.0,0.12,31.5,30
HCPCS,J1100,DEXAMETHASONE 360 MCG/0.36 ML SUSP 1 SYRINGE SYRINGE,3.0,1.2,1.2,2.7,17
HCPCS,J1100,DEXAMETHASONE 4 MG/ML SOLN 1 ML,35.0,14.0,14.0,31.5,17
HCPCS,J1100,DEXAMETHASONE 4 MG/ML SOLN 1 ML VIAL,35.0,14.0,0.12,31.5,90
HCPCS,J1100,DEXAMETHASONE 400 MCG/0.1 ML SUSP 1 SYRINGE SYRINGE,3.0,1.2,1.2,2.7,17
HCPCS,J1100,DEXAMETHASONE SOD PHOSPHATE PF 10 MG/ML SOLN 1 ML VIAL,35.0,14.0,0.12,40.5,90
HCPCS,J1100,DEXAMETHASONE SODIUM PHOSPHATE 100 MG/10ML SOLN 10 ML VIAL,35.0,14.0,14.0,83.66,34
HCPCS,J1100,DEXAMETHASONE SODIUM PHOSPHATE 120 MG/30ML SOLN 30 ML VIAL,278.4,111.36,25.2,250.56,51
HCPCS,J1100,DEXAMETHASONE SODIUM PHOSPHATE 20 MG/5ML SOLN 5 ML VIAL,41.45,16.58,0.12,37.31,15
HCPCS,J1110,DIHYDROERGOTAMINE 1 MG/ML SOLN 1 ML AMPULE,315.0,126.0,78.0,283.5,30
HCPCS,J1120,ACETAZOLAMIDE 500 MG SOLR 1 EACH VIAL,196.9,78.76,78.76,237.38,68
HCPCS,J1160,DIGOXIN 0.1 MG/ML SOLN 1 ML AMPULE,760.27,304.108,304.11,684.24,17
HCPCS,J1160,DIGOXIN 0.1 MG/ML SOLN 1 ML VIAL,790.61,316.244,316.24,711.55,17
HCPCS,J1160,DIGOXIN 0.25 MG/ML SOLN 2 ML AMPULE,35.0,14.0,14.0,33.64,34
HCPCS,J1162,DIGOXIN IMMUNE FAB 40 MG SOLR 1 EACH VIAL,25068.96,10027.584,2808.96,22562.06,30
HCPCS,J1165,PHENYTOIN 50 MG/ML SOLN 2 ML VIAL,35.0,14.0,14.0,31.5,34
HCPCS,J1165,PHENYTOIN 50 MG/ML SOLN 5 ML VIAL,35.0,14.0,14.0,31.5,85
HCPCS,J1170,HYDROMORPHONE 0.2 MG/ML SOLN 30 ML SYRINGE,35.0,14.0,14.0,31.5,17
HCPCS,J1171,HYDROMORPHONE 1 MG/ML SOLN 0.5 ML SYRINGE,35.0,14.0,0.09,81.0,84
HCPCS,J1171,HYDROMORPHONE 1 MG/ML SOLN 1 ML CRTRDG-NDL,35.0,14.0,0.09,31.5,42
HCPCS,J1171,HYDROMORPHONE 1 MG/ML SOLN 1 ML SYRINGE,35.0,14.0,0.09,32.4,84
HCPCS,J1171,HYDROMORPHONE 2 MG/ML SOLN 1 ML CRTRDG-NDL,96.0,38.4,0.09,86.4,46
HCPCS,J1171,HYDROMORPHONE 2 MG/ML SOLN 1 ML VIAL,121.24,48.496,0.09,109.12,92
HCPCS,J1171,HYDROMORPHONE 4 MG/ML SOLN 1 ML CRTRDG-NDL,45.0,18.0,0.09,40.5,23
HCPCS,J1171,HYDROMORPHONE HCL PF 1 MG/ML SOLN 1 ML VIAL,12.95,5.18,0.09,11.66,42
HCPCS,J1171,HYDROMORPHONE HCL PF 10 MG/ML SOLN 1 ML AMPULE,35.0,14.0,0.09,31.5,21
HCPCS,J1171,HYDROMORPHONE HCL PF 10 MG/ML SOLN 1 ML VIAL,35.0,14.0,0.09,31.5,21
HCPCS,J1171,HYDROMORPHONE HCL PF 10 MG/ML SOLN 5 ML AMPULE,43.08,17.232,0.09,38.77,21
HCPCS,J1171,HYDROMORPHONE HCL PF 10 MG/ML SOLN 5 ML VIAL,100.08,40.032,0.09,122.7,63
HCPCS,J1171,HYDROMORPHONE HCL PF 10 MG/ML SOLN 50 ML VIAL,938.63,375.452,0.09,1223.99,63
HCPCS,J1171,HYDROMORPHONE HCL PF 2 MG/ML SOLN 1 ML VIAL,35.0,14.0,0.09,31.5,23
HCPCS,J1190,DEXRAZOXANE HCL 250 MG SOLR 1 EACH VIAL,1271.21,508.484,34.02,1362.52,60
HCPCS,J1190,DEXRAZOXANE HCL 500 MG SOLR 1 EACH VIAL,2202.48,880.992,34.02,1982.23,30
HCPCS,J1200,DIPHENHYDRAMINE 50 MG/ML SOLN 1 ML VIAL,35.0,14.0,14.0,31.5,136
HCPCS,J1200,DIPHENHYDRAMINE 50 MG/ML SOLN 10 ML VIAL,35.0,14.0,14.0,31.5,17
HCPCS,J1205,CHLOROTHIAZIDE 28 MG/ML SOLN 1 ML,2182.4,872.96,51.29,1964.16,15
HCPCS,J1205,CHLOROTHIAZIDE 500 MG SOLR 1 EACH VIAL,920.0,368.0,51.29,1478.97,60
HCPCS,J1212,DIMETHYL SULFOXIDE 50 % SOLN 50 ML VIAL,3677.94,1471.176,545.82,3310.15,30
HCPCS,J1230,METHADONE 10 MG/ML SOLN 0.1 ML SYRINGE,35.0,14.0,14.0,31.5,17
HCPCS,J1230,METHADONE 10 MG/ML SOLN 0.2 ML SYRINGE,35.0,14.0,14.0,31.5,17
HCPCS,J1230,METHADONE 10 MG/ML SOLN 0.25 ML SYRINGE,35.24,14.096,14.1,31.72,17
HCPCS,J1230,METHADONE 10 MG/ML SOLN 0.5 ML SYRINGE,70.47,28.188,28.19,63.42,17
HCPCS,J1230,METHADONE 10 MG/ML SOLN 1.5 ML SYRINGE,211.42,84.568,84.57,190.28,17
HCPCS,J1230,METHADONE 10 MG/ML SOLN 2 ML SYRINGE,281.89,112.756,112.76,253.7,17
HCPCS,J1230,METHADONE 10 MG/ML SOLN 20 ML VIAL,2367.88,947.152,947.15,2131.09,17
HCPCS,J1240,DIMENHYDRINATE 50 MG/ML SOLN 1 ML VIAL,78.84,31.536,7.98,70.96,15
HCPCS,J1250,DOBUTAMINE 1-5 MG/ML-% SOLN 250 ML FLEX CONT,132.5,53.0,53.0,119.25,17
HCPCS,J1250,DOBUTAMINE 2-5 MG/ML-% SOLN 250 ML FLEX CONT,235.0,94.0,94.0,216.0,51
HCPCS,J1250,DOBUTAMINE 250 MG/20ML SOLN 20 ML VIAL,45.7,18.28,9.2,50.13,90
HCPCS,J1265,DOPAMINE 1.6-5 MG/ML-% SOLN 250 ML FLEX CONT,95.0,38.0,1.08,85.5,30
HCPCS,J1265,DOPAMINE 1.6-5 MG/ML-% SOLN 250 ML PLAS CONT,85.0,34.0,1.08,76.5,15
HCPCS,J1265,DOPAMINE 40 MG/ML SOLN 10 ML VIAL,46.85,18.74,1.08,42.17,15
HCPCS,J1265,DOPAMINE 40 MG/ML SOLN 5 ML VIAL,35.0,14.0,1.08,31.5,15
HCPCS,J1270,DOXERCALCIFEROL 4 MCG/2ML SOLN 2 ML VIAL,35.0,14.0,14.0,37.57,51
HCPCS,J1271,DOXYCYCLINE 100 MG SOLR 1 EACH VIAL,157.98,63.192,35.22,142.18,51
HCPCS,J1299,ECULIZUMAB 300 MG/30ML SOLN 30 ML VIAL,32875.92,13150.368,33.91,29588.33,30
HCPCS,J1303,RAVULIZUMAB-CWVZ 1100 MG/11ML SOLN 11 ML VIAL,123730.67,49492.268,182.9,111357.6,30
HCPCS,J1303,RAVULIZUMAB-CWVZ 300 MG/3ML SOLN 3 ML VIAL,33744.73,13497.892,182.9,30370.26,30
HCPCS,J1304,TOFERSEN 100 MG/15ML SOLN 15 ML VIAL,76086.86,30434.744,128.07,68478.17,30
HCPCS,J1306,INCLISIRAN 284 MG/1.5ML SOSY 1.5 ML SYRINGE,18082.18,7232.872,10.69,16273.96,30
HCPCS,J1308,FAMOTIDINE (PF) 20 MG/2ML SOLN 2 ML VIAL,35.0,14.0,14.0,31.5,102
HCPCS,J1308,FAMOTIDINE 20 MG/2ML SOLN 2 ML VIAL,35.0,14.0,14.0,31.5,34
HCPCS,J1308,FAMOTIDINE 20-0.9 MG/50ML-% SOLN 50 ML PLAS CONT,35.0,14.0,14.0,31.5,17
HCPCS,J1325,EPOPROSTENOL 0.5 MG SOLR 1 EACH VIAL,112.15,44.86,21.06,126.45,30
HCPCS,J1325,EPOPROSTENOL 1.5 MG SOLR 1 EACH VIAL,281.05,112.42,21.06,252.95,30
HCPCS,J1325,EPOPROSTENOL SODIUM 10 MCG/ML SOLR 1 EACH VIAL,165.8,66.32,21.06,149.22,15
HCPCS,J1326,ZOLBETUXIMAB-CLZB 100 MG SOLR 1 EACH VIAL,8064.0,3225.6,24.96,7257.6,30
HCPCS,J1326,ZOLBETUXIMAB-CLZB 300 MG SOLR 1 EACH VIAL,24192.0,9676.8,24.96,21772.8,30
HCPCS,J1327,EPTIFIBATIDE 20 MG/10ML SOLN 10 ML VIAL,270.0,108.0,2.99,776.41,44
HCPCS,J1327,EPTIFIBATIDE 75 MG/100ML SOLN 100 ML VIAL,2156.48,862.592,2.99,2218.48,110
HCPCS,J1335,ERTAPENEM 1 G SOLR 1 EACH VIAL,360.0,144.0,12.82,689.56,105
HCPCS,J1364,ERYTHROMYCIN 500 MG SOLR 1 EACH VIAL,1090.4,436.16,84.01,981.36,15
HCPCS,J1380,ESTRADIOL VALERATE 20 MG/ML OIL 5 ML VIAL,112.24,44.896,33.38,101.02,34
HCPCS,J1380,ESTRADIOL VALERATE 40 MG/ML OIL 5 ML VIAL,83.69,33.476,33.48,75.32,17
HCPCS,J1410,CONJUGATED ESTROGENS 25 MG SOLR 1 EACH VIAL,2136.56,854.624,252.77,1922.9,30
HCPCS,J1430,ETHANOLAMINE 5 % SOLN 2 ML AMPULE,2188.4,875.36,373.44,1969.56,30
HCPCS,J1437,FERRIC DERISOMALTOSE(ONE DOSE) 1000 MG/10ML SOLN 10 ML VIAL,18407.0,7362.8,20.09,16566.3,30
HCPCS,J1438,ETANERCEPT 25 MG SOLR 1 EACH BOX,4135.09,1654.036,814.5,3721.58,23
HCPCS,J1438,ETANERCEPT 50 MG/ML SOSY 1 ML SYRINGE,10278.58,4111.432,814.5,9250.72,23
HCPCS,J1439,FERRIC CARBOXYMALTOSE 750 MG/15ML SOLN 15 ML VIAL,8117.61,3247.044,1.11,7305.85,30
HCPCS,J1440,FECAL MICROBIOTA LIVE-JSLM 150 ML SUSP 150 ML BOX,46730.88,18692.352,54.0,42057.79,30
HCPCS,J1442,FILGRASTIM 300 MCG/ML SOLN 1 ML VIAL,1737.88,695.152,1.0,1564.09,30
HCPCS,J1442,FILGRASTIM 480 MCG/1.6ML SOLN 1.6 ML VIAL,2526.7,1010.68,1.0,2274.03,30
HCPCS,J1447,TBO-FILGRASTIM 300 MCG/0.5ML SOSY 0.5 ML SYRINGE,1379.22,551.688,0.28,1488.41,90
HCPCS,J1447,TBO-FILGRASTIM 480 MCG/0.8ML SOSY 0.8 ML SYRINGE,2404.58,961.832,0.28,2164.12,90
HCPCS,J1448,TRILACICLIB 300 MG SOLR 1 EACH VIAL,8129.69,3251.876,4.57,7316.72,30
HCPCS,J1450,FLUCONAZOLE 200-0.9 MG/100ML-% SOLN 100 ML FLEX CONT,35.0,14.0,14.0,31.5,17
HCPCS,J1450,FLUCONAZOLE 400-0.9 MG/200ML-% SOLN 200 ML FLEX CONT,84.0,33.6,33.6,75.6,17
HCPCS,J1450,FLUCONAZOLE 400-0.9 MG/200ML-% SOLN 200 ML PLAS CONT,125.0,50.0,50.0,112.5,17
HCPCS,J1450,FLUCONAZOLE IN SODIUM CHLORIDE 200-0.9 MG/100ML-% SOLN 100 ML FLEX CONT,54.0,21.6,21.6,48.6,17
HCPCS,J1450,FLUCONAZOLE SOLN 100 ML FLEX CONT,35.0,14.0,14.0,31.5,17
HCPCS,J1450,FLUCONAZOLE SOLN 200 ML FLEX CONT,35.0,14.0,14.0,31.5,17
HCPCS,J1451,FOMEPIZOLE 1.5 GM/1.5ML SOLN 1.5 ML VIAL,8727.31,3490.924,6.28,7854.58,30
HCPCS,J1453,FOSAPREPITANT 150 MG SOLR 1 EACH VIAL,1477.75,591.1,0.13,1494.54,45
HCPCS,J1455,FOSCARNET SODIUM 6000 MG/250ML SOLN 250 ML GLASS CONT,2144.1,857.64,38.33,1929.69,46
HCPCS,J1459,IMMUNE GLOBULIN 10 GM/100ML SOLN 100 ML VIAL,9959.88,3983.952,48.88,8963.89,30
HCPCS,J1459,IMMUNE GLOBULIN 40 GM/400ML SOLN 400 ML VIAL,39839.52,15935.808,48.88,35855.57,30
HCPCS,J1459,IMMUNE GLOBULIN 5 GM/50ML SOLN 50 ML VIAL,4979.94,1991.976,48.88,4481.95,30
HCPCS,J1557,IMMUNE GLOBULIN (HUMAN) 20 GM/200ML SOLN 200 ML VIAL,19919.76,7967.904,58.47,17927.78,30
HCPCS,J1559,HIZENTRA 1 GM/5ML SOLN 5 ML VIAL,1370.25,548.1,13.14,1233.23,30
HCPCS,J1559,HIZENTRA 2 GM/10ML SOLN 10 ML VIAL,2502.15,1000.86,13.14,2251.94,30
HCPCS,J1559,HIZENTRA 20% 4 GM/20ML SOLN 20 ML VIAL,5004.3,2001.72,13.14,4503.87,30
HCPCS,J1561,GAMUNEX-C 1 GM/10ML SOLN 10 ML VIAL,845.66,338.264,48.48,761.09,30
HCPCS,J1561,GAMUNEX-C 10 GM/100ML SOLN 100 ML VIAL,7721.28,3088.512,48.48,6949.15,30
HCPCS,J1561,GAMUNEX-C 20 GM/200ML SOLN 200 ML VIAL,15442.56,6177.024,48.48,13898.3,30
HCPCS,J1561,GAMUNEX-C 40 GM/400ML SOLN 400 ML VIAL,30885.12,12354.048,48.48,27796.61,30
HCPCS,J1561,GAMUNEX-C 5 GM/50ML SOLN 50 ML VIAL,3860.64,1544.256,48.48,3474.58,30
HCPCS,J1566,GAMMAGARD S/D LESS IGA 10 G SOLR 1 EACH VIAL,11472.05,4588.82,61.9,10324.85,30
HCPCS,J1566,GAMMAGARD S/D LESS IGA 5 G SOLR 1 EACH VIAL,5736.02,2294.408,61.9,5162.42,30
HCPCS,J1569,IMMUNE GLOBULIN 1 GM/10ML SOLN 10 ML VIAL,963.84,385.536,45.31,867.46,30
HCPCS,J1569,IMMUNE GLOBULIN 10 GM/100ML SOLN 100 ML GLASS CONT,8800.26,3520.104,45.31,7920.23,30
HCPCS,J1569,IMMUNE GLOBULIN 20 GM/200ML SOLN 200 ML GLASS CONT,17600.52,7040.208,45.31,15840.47,30
HCPCS,J1569,IMMUNE GLOBULIN 5 GM/50ML SOLN 50 ML VIAL,4400.13,1760.052,45.31,3960.12,30
HCPCS,J1570,GANCICLOVIR 500 MG SOLR 1 EACH VIAL,536.93,214.772,51.4,483.24,75
HCPCS,J1571,HC HEPAGAM B IM INJECTION,147.0,58.8,58.8,166.6,30
HCPCS,J1571,HEPATITIS B IMMUNE GLOBULIN 312 UNIT/ML SOLN 5 ML VIAL,3203.79,1281.516,64.68,2883.41,30
HCPCS,J1572,FLEBOGAMMA 10 GM/100ML SOLN 100 ML VIAL,5336.52,2134.608,38.12,4802.87,23
HCPCS,J1572,FLEBOGAMMA 20 GM/200ML SOLN 200 ML VIAL,10673.04,4269.216,38.12,9605.74,23
HCPCS,J1572,FLEBOGAMMA 5 GM/50ML SOLN 50 ML VIAL,2668.26,1067.304,38.12,2401.43,23
HCPCS,J1580,GENTAMICIN (PF) 10 MG/ML SOLN 2 ML VIAL,37.02,14.808,14.8,33.32,34
HCPCS,J1580,GENTAMICIN 0.8-0.9 MG/ML-% SOLN 100 ML FLEX CONT,35.0,14.0,14.0,31.5,17
HCPCS,J1580,GENTAMICIN 1-0.9 MG/ML-% SOLN 100 ML FLEX CONT,35.0,14.0,14.0,31.5,17
HCPCS,J1580,GENTAMICIN 1.2-0.9 MG/ML-% SOLN 100 ML FLEX CONT,35.0,14.0,14.0,31.5,17
HCPCS,J1580,GENTAMICIN 40 MG/ML SOLN 2 ML VIAL,35.0,14.0,14.0,31.5,68
HCPCS,J1580,GENTAMICIN 40 MG/ML SOLN 20 ML VIAL,199.9,79.96,79.96,179.91,17
HCPCS,J1595,GLATIRAMER ACETATE 20 MG/ML SOSY 1 ML SYRINGE,1308.98,523.592,47.77,1178.08,23
HCPCS,J1596,GLYCOPYRROLATE 0.2 MG/ML SOLN 1 ML VIAL,42.28,16.912,0.6,38.05,92
HCPCS,J1596,GLYCOPYRROLATE 0.4 MG/2ML SOLN 2 ML VIAL,35.0,14.0,0.6,31.5,92
HCPCS,J1596,GLYCOPYRROLATE 0.4 MG/2ML SOSY 2 ML SYRINGE,35.0,14.0,0.6,31.5,115
HCPCS,J1596,GLYCOPYRROLATE 1 MG/5ML SOLN 5 ML SYRINGE,35.0,14.0,0.6,31.5,23
HCPCS,J1596,GLYCOPYRROLATE 1 MG/5ML SOLN 5 ML VIAL,48.0,19.2,0.6,201.49,299
HCPCS,J1596,GLYCOPYRROLATE 1 MG/5ML SOSY 5 ML SYRINGE,120.0,48.0,0.6,108.0,23
HCPCS,J1597,INJ GLYCOPYRROLATE GLYRX-PF,2.0,0.8,0.8,2.0,15
HCPCS,J1602,GOLIMUMAB 50 MG/4ML SOLN 4 ML VIAL,10075.93,4030.372,10.86,9068.34,30
HCPCS,J1610,GLUCAGON 1 MG SOLR 1 EACH BOX,1545.6,618.24,154.44,1528.65,60
HCPCS,J1611,GLUCAGON 1 MG SOLR 1 EACH VIAL,1394.79,557.916,115.27,1255.33,180
HCPCS,J1628,GUSELKUMAB 100 MG/ML SOAJ 1 ML PEN,73414.87,29365.948,64.68,66073.38,30
HCPCS,J1628,GUSELKUMAB 100 MG/ML SOSY 1 ML SYRINGE,73414.87,29365.948,64.68,66073.38,30
HCPCS,J1628,GUSELKUMAB 200 MG/2ML SOSY 2 ML SYRINGE,73414.87,29365.948,64.68,66073.38,30
HCPCS,J1630,HALOPERIDOL LACTATE 5 MG/ML SOLN 1 ML VIAL,35.0,14.0,14.0,31.5,68
HCPCS,J1630,HALOPERIDOL LACTATE 5 MG/ML SOLN 10 ML VIAL,35.0,14.0,14.0,31.5,34
HCPCS,J1631,HALOPERIDOL DECANOATE 100 MG/ML SOLN 1 ML VIAL,60.0,24.0,5.72,54.0,75
HCPCS,J1631,HALOPERIDOL DECANOATE 100 MG/ML SOLN 5 ML VIAL,77.22,30.888,5.72,69.5,30
HCPCS,J1631,HALOPERIDOL DECANOATE 50 MG/ML SOLN 1 ML VIAL,66.0,26.4,26.4,59.4,17
HCPCS,J1640,HEMIN 350 MG SOLR 1 EACH VIAL,57592.88,23037.152,21.12,51833.59,30
HCPCS,J1642,HEPARIN IN 0.45NS 0.5 UNIT/ML SYRINGE 1 VIAL,35.0,14.0,14.0,31.5,17
HCPCS,J1642,HEPARIN INFUSION 4 UNITS/ML IN 0.9% NACL 4-0.9 UNIT/ML-% SOLN 1000 ML BAG,35.0,14.0,0.03,31.5,15
HCPCS,J1642,HEPARIN NA (PORK) LOCK FLSH PF 10 UNIT/ML SOLN 3 ML SYRINGE,35.0,14.0,14.0,31.5,17
HCPCS,J1642,HEPARIN NA (PORK) LOCK FLSH PF 10 UNIT/ML SOLN 5 ML SYRINGE,35.0,14.0,14.0,31.5,17
HCPCS,J1642,HEPARIN PF 100 UNIT/ML SOLN 5 ML SYRINGE,35.0,14.0,14.0,31.5,34
HCPCS,J1644,HEPARIN (PORCINE) 100 UNITS/ML IN DEXTROSE 5 % 250 ML 100 UNIT/ML SOLN 250 ML,100.0,40.0,25.5,90.0,85
HCPCS,J1644,HEPARIN (PORCINE) 100 UNITS/ML IN NACL 0.45% 250 ML 100 UNIT/ML SOLN 250 ML,65.0,26.0,26.0,88.88,68
HCPCS,J1644,HEPARIN (PORCINE) 100 UNITS/ML IN NORMAL SALINE 250 ML 100 UNIT/ML SOLN 250 ML,35.0,14.0,14.0,31.5,17
HCPCS,J1644,HEPARIN (PORCINE) 1000 UNIT/ML SOLN 10 ML VIAL,43.6,17.44,14.0,40.91,119
HCPCS,J1644,HEPARIN (PORCINE) 1000 UNIT/ML SOLN 30 ML VIAL,42.75,17.1,17.1,38.48,51
HCPCS,J1644,HEPARIN (PORCINE) 20000 UNIT/ML SOLN 1 ML VIAL,80.28,32.112,32.11,72.25,34
HCPCS,J1644,HEPARIN (PORCINE) 5000 UNIT/ML SOLN 1 ML VIAL,35.0,14.0,14.0,31.5,68
HCPCS,J1644,HEPARIN (PORCINE) IN NACL 1000-0.9 UT/500ML-% SOLN 500 ML FLEX CONT,35.0,14.0,0.27,40.5,120
HCPCS,J1645,DALTEPARIN SODIUM 10000 UNIT/ML SOSY 1 ML SYRINGE,1742.91,697.164,21.5,1568.62,15
HCPCS,J1645,DALTEPARIN SODIUM 5000 UNIT/0.2ML SOSY 0.2 ML SYRINGE,871.45,348.58,21.5,784.31,15
HCPCS,J1650,ENOXAPARIN 300 MG/3ML SOLN 3 ML VIAL,388.7,155.48,0.77,349.83,45
HCPCS,J1650,ENOXAPARIN SODIUM 100 MG/ML SOSY 1 ML SYRINGE,139.71,55.884,0.77,125.74,75
HCPCS,J1650,ENOXAPARIN SODIUM 120 MG/0.8ML SOSY 0.8 ML SYRINGE,66.54,26.616,0.77,97.2,45
HCPCS,J1650,ENOXAPARIN SODIUM 150 MG/ML SOSY 1 ML SYRINGE,83.75,33.5,0.77,188.67,60
HCPCS,J1650,ENOXAPARIN SODIUM 30 MG/0.3ML SOSY 0.3 ML SYRINGE,35.82,14.328,0.77,32.24,60
HCPCS,J1650,ENOXAPARIN SODIUM 40 MG/0.4ML SOSY 0.4 ML SYRINGE,47.64,19.056,0.77,42.88,90
HCPCS,J1650,ENOXAPARIN SODIUM 60 MG/0.6ML SOSY 0.6 ML SYRINGE,83.87,33.548,0.77,75.48,105
HCPCS,J1650,ENOXAPARIN SODIUM 80 MG/0.8ML SOSY 0.8 ML SYRINGE,95.4,38.16,0.77,100.58,90
HCPCS,J1652,FONDAPARINUX 2.5 MG/0.5ML SOLN 0.5 ML SYRINGE,273.26,109.304,0.94,245.93,15
HCPCS,J1652,FONDAPARINUX SODIUM 10 MG/0.8ML SOLN 0.8 ML SYRINGE,400.89,160.356,0.94,562.21,75
HCPCS,J1652,FONDAPARINUX SODIUM 5 MG/0.4ML SOLN 0.4 ML SYRINGE,591.61,236.644,0.94,532.45,15
HCPCS,J1652,FONDAPARINUX SODIUM 7.5 MG/0.6ML SOLN 0.6 ML SYRINGE,624.68,249.872,0.94,562.21,60
HCPCS,J1670,TETANUS IMMUNE GLOBULIN 250 UNIT/ML SOSY 1 ML SYRINGE,2360.37,944.148,438.63,2124.33,30
HCPCS,J1670,TETANUS IMMUNE GLOBULIN INJ,1200.0,480.0,438.63,1482.5,30
HCPCS,J1720,HYDROCORTISONE SOD SUC (PF) 100 MG SOLR 1 EACH VIAL,151.6,60.64,27.7,136.44,45
HCPCS,J1720,HYDROCORTISONE SOD SUC (PF) 250 MG SOLR 1 EACH VIAL,307.25,122.9,27.7,276.53,15
HCPCS,J1720,HYDROCORTISONE SOD SUC (PF) 500 MG SOLR 1 EACH VIAL,555.08,222.032,222.03,499.57,17
HCPCS,J1726,HYDROXYPROGESTERONE CAPROATE 275 MG/1.1ML SOAJ 1.1 ML SYRINGE,4047.12,1618.848,20.06,3642.41,14
HCPCS,J1729,HYDROXYPROGESTERONE CAPROATE 250 MG/ML OIL 1 ML VIAL,3583.4,1433.36,18.08,3225.06,15
HCPCS,J1740,IBANDRONATE SODIUM 3 MG/3ML SOLN 3 ML SYRINGE,2121.84,848.736,37.19,1909.66,15
HCPCS,J1742,IBUTILIDE FUMARATE 1 MG/10ML SOLN 10 ML VIAL,2821.56,1128.624,172.31,2539.4,90
HCPCS,J1743,IDURSULFASE 6 MG/3ML SOLN 3 ML VIAL,16278.7,6511.48,529.7,14650.83,30
HCPCS,J1745,INFLIXIMAB 100 MG SOLR 1 EACH VIAL,5885.8,2354.32,31.09,5297.22,60
HCPCS,J1750,IRON DEXTRAN COMPLEX 50 MG/ML SOLN 2 ML VIAL,55.93,22.372,11.54,50.89,30
HCPCS,J1756,IRON SUCROSE 20 MG/ML SOLN 10 ML VIAL,358.48,143.392,0.3,322.63,30
HCPCS,J1756,IRON SUCROSE 20 MG/ML SOLN 2.5 ML VIAL,358.57,143.428,0.3,322.71,15
HCPCS,J1756,IRON SUCROSE 20 MG/ML SOLN 5 ML VIAL,220.8,88.32,0.3,322.67,30
HCPCS,J1786,IMIGLUCERASE 400 UNITS SOLR 1 EACH VIAL,8827.39,3530.956,41.62,7944.65,30
HCPCS,J1790,DROPERIDOL 2.5 MG/ML SOLN 2 ML VIAL,63.78,25.512,23.23,57.42,68
HCPCS,J1800,PROPRANOLOL 1 MG/ML SOLN 1 ML VIAL,48.0,19.2,19.2,61.99,68
HCPCS,J1805,ESMOLOL 10 MG/ML SOLN 50 ML SYRINGE,155.0,62.0,62.0,139.5,17
HCPCS,J1805,ESMOLOL 2500 MG/250ML SOLN 250 ML FLEX CONT,512.9,205.16,205.16,1907.01,85
HCPCS,J1805,ESMOLOL HCL 100 MG/10ML SOLN 10 ML VIAL,72.95,29.18,17.5,96.98,85
HCPCS,J1808,FOLIC ACID 5 MG/ML SOLN 10 ML VIAL,35.0,14.0,14.0,31.5,34
HCPCS,J1815,INSULIN GLARGINE 100 UNIT/ML SOLN 10 ML VIAL,354.71,141.884,141.88,563.45,34
HCPCS,J1815,INSULIN LISPRO (DILUTED) 10 UNITS/ML SOLN 10 ML VIAL,169.75,67.9,67.9,152.78,17
HCPCS,J1815,INSULIN LISPRO PROTAMINE-INSULIN LISPRO (75-25) 100 UNIT/ML SUSP 10 ML VIAL,471.45,188.58,188.58,424.31,17
HCPCS,J1815,INSULIN NPH 100 UNIT/ML SUSP 10 ML VIAL,267.65,107.06,107.06,260.28,34
HCPCS,J1815,INSULIN NPH 100 UNIT/ML SUSP 3 ML VIAL,267.65,107.06,107.06,240.89,17
HCPCS,J1815,INSULIN NPH-INSULIN REGULAR (70-30) 100 UNIT/ML SUSP 10 ML VIAL,267.65,107.06,107.06,240.89,17
HCPCS,J1815,INSULIN NPH-INSULIN REGULAR (70-30) 100 UNIT/ML SUSP 3 ML VIAL,80.3,32.12,32.12,72.27,17
HCPCS,J1815,INSULIN REGULAR (HUMAN) 100-0.9 UT/100ML-% SOLN 100 ML FLEX CONT,210.0,84.0,0.3,189.0,15
HCPCS,J1815,INSULIN REGULAR 1 UNIT/ML SOLN 3 ML VIAL,267.65,107.06,107.06,240.89,17
HCPCS,J1817,INSULIN ASPART 100 UNIT/ML SOLN 10 ML VIAL,399.33,159.732,159.73,359.4,34
HCPCS,J1817,INSULIN ASPART PROTAMINE-INSULIN ASPART (70-30) 100 UNIT/ML SUSP 10 ML VIAL,399.33,159.732,159.73,359.4,34
HCPCS,J1817,INSULIN LISPRO 1 UNIT/ML SOLN 3 ML VIAL,119.51,47.804,47.8,107.56,17
HCPCS,J1817,INSULIN LISPRO 100 UNIT/ML SOLN 10 ML VIAL,150.0,60.0,60.0,329.88,34
HCPCS,J1817,INSULIN REGULAR 100 UNIT/ML SOLN 10 ML VIAL,289.2,115.68,115.68,260.28,17
HCPCS,J1817,INSULIN REGULAR 100 UNIT/ML SOLN 3 ML VIAL,267.65,107.06,107.06,240.89,17
HCPCS,J1823,INEBILIZUMAB-CDON 100 MG/10ML SOLN 10 ML VIAL,235617.48,94246.992,411.29,212055.73,30
HCPCS,J1830,INTERFERON BETA-1B 0.3 MG KIT 1 EACH BOX,3758.13,1503.252,682.14,3382.32,15
HCPCS,J1833,ISAVUCONAZONIUM SULFATE 372 MG SOLR 1 EACH VIAL,2177.0,870.8,0.65,1959.3,30
HCPCS,J1836,METRONIDAZOLE 500 MG/100ML SOLN 100 ML FLEX CONT,35.0,14.0,14.0,31.5,68
HCPCS,J1885,KETOROLAC 15 MG/ML SOLN 1 ML VIAL,35.0,14.0,0.39,31.5,126
HCPCS,J1885,KETOROLAC 30 MG/ML SOLN 1 ML VIAL,35.0,14.0,0.39,35.28,168
HCPCS,J1885,KETOROLAC 60 MG/2ML SOLN 2 ML VIAL,49.2,19.68,0.39,44.28,147
HCPCS,J1920,LABETALOL 5 MG/ML SOLN 20 ML VIAL,35.0,14.0,14.0,61.92,170
HCPCS,J1920,LABETALOL 5 MG/ML SOLN 4 ML CARTRIDGE,96.0,38.4,38.4,86.4,34
HCPCS,J1930,LANREOTIDE ACETATE 120 MG/0.5ML SOLN 0.5 ML SYRINGE,46116.0,18446.4,26.06,45105.98,60
HCPCS,J1930,LANREOTIDE ACETATE 60 MG/0.2ML SOLN 0.2 ML SYRINGE,31913.28,12765.312,26.06,28721.95,30
HCPCS,J1930,LANREOTIDE ACETATE 90 MG/0.3ML SOLN 0.3 ML SYRINGE,42497.28,16998.912,26.06,38247.55,30
HCPCS,J1931,LARONIDASE 2.9 MG/5ML SOLN 5 ML VIAL,5835.9,2334.36,37.78,5252.31,30
HCPCS,J1938,FUROSEMIDE 10 MG/ML SOLN 10 ML VIAL,35.0,14.0,14.0,31.5,85
HCPCS,J1938,FUROSEMIDE 10 MG/ML SOLN 2 ML VIAL,35.0,14.0,14.0,31.5,102
HCPCS,J1938,FUROSEMIDE 10 MG/ML SOLN 4 ML VIAL,35.0,14.0,14.0,31.5,85
HCPCS,J1939,BUMETANIDE 0.25 MG/ML SOLN 10 ML VIAL,35.0,14.0,0.59,31.5,207
HCPCS,J1939,BUMETANIDE 0.25 MG/ML SOLN 4 ML VIAL,35.0,14.0,0.59,31.5,184
HCPCS,J1950,LEUPROLIDE 11.25 MG KIT 1 EACH BOX,27232.97,10893.188,1005.12,24509.67,30
HCPCS,J1950,LEUPROLIDE 3.75 MG KIT 1 EACH BOX,9077.59,3631.036,1005.12,8169.83,30
HCPCS,J1950,LEUPROLIDE ACETATE (PED) 11.25 MG KIT 1 EACH BOX,19825.76,7930.304,1005.12,17843.18,30
HCPCS,J1950,LEUPROLIDE ACETATE (PED) 7.5 MG KIT 1 EACH BOX,10920.42,4368.168,1005.12,9828.38,30
HCPCS,J1950,LEUPROLIDE ACETATE (PED)(3MON) 11.25 MG KIT 1 EACH BOX,59477.46,23790.984,1005.12,53529.71,30
HCPCS,J1950,LEUPROLIDE ACETATE (PED)(6MON) 45 MG KIT 1 EACH BOX,131016.82,52406.728,1005.12,117915.14,30
HCPCS,J1951,LEUPROLIDE ACETATE (PED)(6MON) 45 MG KIT 1 EACH BOX,145228.69,58091.476,120.41,130705.82,90
HCPCS,J1953,LEVETIRACETAM 500 MG/5ML SOLN 5 ML VIAL,35.0,14.0,0.05,31.5,45
HCPCS,J1953,LEVETIRACETAM IN NACL 1000 MG/100ML SOLN 100 ML FLEX CONT,180.0,72.0,0.05,267.75,30
HCPCS,J1953,LEVETIRACETAM IN NACL 1500 MG/100ML SOLN 100 ML FLEX CONT,91.0,36.4,0.05,216.0,60
HCPCS,J1953,LEVETIRACETAM IN NACL 500 MG/100ML SOLN 100 ML FLEX CONT,111.0,44.4,0.05,99.9,60
HCPCS,J1955,LEVOCARNITINE 200 MG/ML SOLN 5 ML VIAL,233.25,93.3,9.7,209.93,51
HCPCS,J1956,CALCIUM GLUCONATE 2 G/250 ML NS 2 G/250 ML SOLN 250 ML FLEX CONT,47.5,19.0,19.0,42.75,17
HCPCS,J1956,LEVOFLOXACIN 25 MG/ML SOLN 20 ML VIAL,220.0,88.0,88.0,198.0,17
HCPCS,J1956,LEVOFLOXACIN IN D5W 250 MG/50ML SOLN 50 ML FLEX CONT,36.0,14.4,3.3,32.4,90
HCPCS,J1956,LEVOFLOXACIN IN D5W 500 MG/100ML SOLN 100 ML FLEX CONT,35.0,14.0,3.3,32.85,90
HCPCS,J1956,LEVOFLOXACIN IN D5W 750 MG/150ML SOLN 150 ML FLEX CONT,35.0,14.0,3.3,59.4,90
HCPCS,J2001,LIDOCAINE HCL (PF) 4 % SOLN 5 ML AMPULE,35.0,14.0,14.0,31.5,14
HCPCS,J2002,LIDOCAINE 4-5 MG/ML-% SOLN 250 ML FLEX CONT,47.5,19.0,0.01,42.75,17
HCPCS,J2002,LIDOCAINE 4-5 MG/ML-% SOLN 500 ML FLEX CONT,55.0,22.0,0.01,49.5,34
HCPCS,J2002,LIDOCAINE 8-5 MG/ML-% SOLN 250 ML FLEX CONT,52.5,21.0,0.01,47.25,17
HCPCS,J2020,LINEZOLID 2 MG/ML SOLN 100 ML FLEX CONT,957.72,383.088,4.64,861.95,15
HCPCS,J2020,LINEZOLID 600 MG/300ML SOLN 300 ML FLEX CONT,114.0,45.6,4.64,322.92,120
HCPCS,J2060,LORAZEPAM 2 MG/ML SOLN 1 ML CRTRDG-NDL,48.0,19.2,19.2,43.2,34
HCPCS,J2060,LORAZEPAM 2 MG/ML SOLN 1 ML SYRINGE,35.0,14.0,14.0,31.5,17
HCPCS,J2060,LORAZEPAM 2 MG/ML SOLN 1 ML VIAL,35.0,14.0,14.0,31.5,153
HCPCS,J2060,LORAZEPAM 2 MG/ML SOLN 10 ML VIAL,35.0,14.0,14.0,31.5,51
HCPCS,J2060,LORAZEPAM 4 MG/ML SOLN 1 ML VIAL,35.0,14.0,14.0,31.5,17
HCPCS,J2060,LORAZEPAM 4 MG/ML SOLN 10 ML VIAL,104.9,41.96,41.96,94.41,17
HCPCS,J2151,MANNITOL 25 % SOLN 50 ML VIAL,36.25,14.5,14.5,48.83,68
HCPCS,J2175,MEPERIDINE 25 MG/ML SOLN 1 ML SYRINGE,132.0,52.8,52.8,118.8,34
HCPCS,J2175,MEPERIDINE 25 MG/ML SOLN 1 ML VIAL,35.0,14.0,14.0,31.5,34
HCPCS,J2182,MEPOLIZUMAB 100 MG SOLR 1 EACH VIAL,18521.41,7408.564,31.27,16669.27,30
HCPCS,J2182,MEPOLIZUMAB 100 MG/ML SOSY 1 ML SYRINGE,20114.56,8045.824,31.27,18103.1,30
HCPCS,J2185,MEROPENEM 1 G SOLR 1 EACH VIAL,35.4,14.16,0.55,31.86,30
HCPCS,J2185,MEROPENEM 2 G SOLR 1 EACH VIAL,187.54,75.016,0.55,177.66,30
HCPCS,J2185,MEROPENEM 500 MG SOLR 1 EACH VIAL,35.0,14.0,14.0,31.5,34
HCPCS,J2186,MEROPENEM-VABORBACTAM 2 (1-1) G SOLR 1 EACH VIAL,1265.09,506.036,1.68,1138.58,30
HCPCS,J2210,METHYLERGONOVINE 0.2 MG/ML SOLN 1 ML VIAL,187.68,75.072,75.07,168.91,34
HCPCS,J2212,METHYLNALTREXONE BROMIDE 12 MG/0.6ML SOSY 0.6 ML SYRINGE,1030.87,412.348,1.89,927.78,15
HCPCS,J2248,MICAFUNGIN 100 MG SOLR 1 EACH VIAL,430.56,172.224,0.34,387.5,45
HCPCS,J2248,MICAFUNGIN 50 MG SOLR 1 EACH VIAL,144.0,57.6,0.34,129.6,15
HCPCS,J2250,MIDAZOLAM 1MG/1ML IN NORMAL SALINE BAG 100 ML FLEX CONT,110.5,44.2,44.2,178.2,34
HCPCS,J2250,MIDAZOLAM 1MG/1ML IN NORMAL SALINE BAG 250 ML FLEX CONT,455.4,182.16,182.16,409.86,17
HCPCS,J2250,MIDAZOLAM 25 MG/5ML SOLN 5 ML VIAL,42.6,17.04,0.2,38.34,15
HCPCS,J2250,MIDAZOLAM 50 MG/50 ML SOLN 50 ML BAG,225.5,90.2,0.2,202.95,15
HCPCS,J2250,MIDAZOLAM 50 MG/50 ML SOLN 50 ML SYRINGE,66.0,26.4,0.2,59.4,15
HCPCS,J2250,MIDAZOLAM HCL (PF) 10 MG/2ML SOLN 2 ML VIAL,35.0,14.0,0.2,31.5,30
HCPCS,J2250,MIDAZOLAM HCL (PF) 5 MG/ML SOLN 1 ML VIAL,35.0,14.0,0.2,31.5,15
HCPCS,J2250,MIDAZOLAM HCL 2 MG/2ML SOLN 2 ML VIAL,35.0,14.0,0.2,31.5,105
HCPCS,J2250,MIDAZOLAM HCL 5 MG/ML SOLN 1 ML VIAL,35.0,14.0,0.2,31.5,75
HCPCS,J2250,MIDAZOLAM HCL 50 MG/10ML SOLN 10 ML VIAL,207.6,83.04,0.2,186.84,120
HCPCS,J2251,MIDAZOLAM HCL-SODIUM CHLORIDE 100-0.9 MG/100ML-% SOLN 100 ML FLEX CONT,162.0,64.8,64.8,145.8,17
HCPCS,J2260,MILRINONE 10 MG/10ML SOLN 10 ML VIAL,37.5,15.0,15.0,38.84,51
HCPCS,J2260,MILRINONE LACTATE IN DEXTROSE 20-5 MG/100ML-% SOLN 100 ML FLEX CONT,91.0,36.4,1.89,181.8,105
HCPCS,J2270,MORPHINE 1 MG/ML SOLN 30 ML SYRINGE,71.4,28.56,20.4,86.81,51
HCPCS,J2270,MORPHINE SULFATE (PF) 10 MG/ML SOLN 1 ML CARTRIDGE,35.0,14.0,14.0,31.5,34
HCPCS,J2270,MORPHINE SULFATE (PF) 4 MG/ML SOLN 1 ML CARTRIDGE,35.0,14.0,2.83,31.5,30
HCPCS,J2270,MORPHINE SULFATE (PF) 4 MG/ML SOLN 1 ML VIAL,35.0,14.0,2.83,31.5,30
HCPCS,J2270,MORPHINE SULFATE 1 MG/ML SOLN 2 ML SYRINGE,35.0,14.0,2.83,41.22,45
HCPCS,J2270,MORPHINE SULFATE 2 MG/ML SOLN 1 ML CARTRIDGE,60.0,24.0,2.83,54.0,30
HCPCS,J2270,MORPHINE SULFATE 2 MG/ML SOLN 1 ML SYRINGE,35.0,14.0,2.83,31.5,60
HCPCS,J2270,MORPHINE SULFATE 2 MG/ML SOLN 1 ML VIAL,35.0,14.0,2.83,31.5,30
HCPCS,J2270,MORPHINE SULFATE 50 MG/ML SOLN 20 ML VIAL,93.4,37.36,37.36,84.06,17
HCPCS,J2270,MORPHINE SULFATE 50 MG/ML SOLN 50 ML VIAL,1200.83,480.332,79.3,1080.75,34
HCPCS,J2272,MORPHINE SULFATE (PF) 10 MG/ML SOLN 1 ML VIAL,35.0,14.0,14.0,31.5,34
HCPCS,J2272,MORPHINE SULFATE (PF) 4 MG/ML SOLN 1 ML VIAL,35.0,14.0,11.38,31.5,30
HCPCS,J2274,MORPHINE (PF) 1 MG/ML SOLN 10 ML AMPULE,35.0,14.0,14.0,31.5,30
HCPCS,J2274,MORPHINE (PF) 1 MG/ML SOLN 10 ML VIAL,35.0,14.0,14.0,31.5,15
HCPCS,J2274,MORPHINE SULF MICROINFUSION PF 200 MG/20ML (10 MG/ML) SOLN 20 ML AMPULE,1148.16,459.264,15.67,1033.34,15
HCPCS,J2274,MORPHINE SULF MICROINFUSION PF 200 MG/20ML (10 MG/ML) SOLN 20 ML VIAL,1252.49,500.996,15.67,1127.24,15
HCPCS,J2274,MORPHINE SULF MICROINFUSION PF 500 MG/20ML (25 MG/ML) SOLN 20 ML AMPULE,1952.15,780.86,15.67,1756.94,15
HCPCS,J2274,MORPHINE SULF MICROINFUSION PF 500 MG/20ML (25 MG/ML) SOLN 20 ML VIAL,2129.71,851.884,15.67,1916.74,15
HCPCS,J2275,MORPHINE 1 MG/ML SOLN 30 ML SYRINGE,35.0,14.0,14.0,55.08,34
HCPCS,J2277,MOTIXAFORTIDE ACETATE 62 MG SOLR 1 EACH VIAL,31222.8,12489.12,21.41,28100.52,30
HCPCS,J2280,MOXIFLOXACIN 400 MG/250ML SOLN 250 ML FLEX CONT,275.0,110.0,11.71,247.5,15
HCPCS,J2290,NAFCILLIN 1 G SOLR 1 EACH VIAL,66.0,26.4,26.4,59.4,17
HCPCS,J2290,NAFCILLIN 10 G SOLR 1 EACH VIAL,800.4,320.16,220.8,720.36,51
HCPCS,J2290,NAFCILLIN 2 G SOLR 1 EACH VIAL,132.0,52.8,24.68,156.01,85
HCPCS,J2300,NALBUPHINE 10 MG/ML SOLN 1 ML AMPULE,37.15,14.86,4.81,33.44,45
HCPCS,J2300,NALBUPHINE 10 MG/ML SOLN 10 ML VIAL,329.5,131.8,4.81,296.55,30
HCPCS,J2300,NALBUPHINE 20 MG/ML SOLN 1 ML AMPULE,64.39,25.756,4.81,57.95,15
HCPCS,J2305,NITROGLYCERIN 200-5 MCG/ML-% SOLN 250 ML GLASS CONT,135.0,54.0,54.0,121.5,17
HCPCS,J2305,NITROGLYCERIN 5 MG/ML SOLN 10 ML VIAL,93.3,37.32,37.32,83.97,17
HCPCS,J2312,NALOXONE 0.4 MG/ML SOLN 1 ML VIAL,76.18,30.472,14.0,106.76,136
HCPCS,J2312,NALOXONE 2 MG/2ML SOSY 2 ML SYRINGE,188.1,75.24,0.1,178.2,60
HCPCS,J2312,NALOXONE HCL 4 MG/10ML SOLN 10 ML VIAL,460.0,184.0,132.0,589.91,119
HCPCS,J2315,NALTREXONE 380 MG SUSR 1 EACH VIAL,9030.46,3612.184,3.3,8127.41,30
HCPCS,J2323,NATALIZUMAB 300 MG/15ML CONC 15 ML VIAL,44751.23,17900.492,24.0,40276.11,30
HCPCS,J2326,NUSINERSEN 12 MG/5ML SOLN 5 ML VIAL,737346.75,294938.7,1000.0,663612.08,30
HCPCS,J2327,RISANKIZUMAB-RZAA 600 MG/10ML SOLN 10 ML VIAL,53585.36,21434.144,15.52,48226.82,30
HCPCS,J2329,UBLITUXIMAB-XIIY 150 MG/6ML SOLN 6 ML VIAL,55994.4,22397.76,62.84,50394.96,30
HCPCS,J2350,OCRELIZUMAB 300 MG/10ML SOLN 10 ML VIAL,109440.03,43776.012,59.41,98496.03,30
HCPCS,J2351,OCRELIZUMAB-HYALURONIDASE-OCSQ 920-23000 MG-UT/23ML SOLN 23 ML VIAL,218880.05,87552.02,35.0,196992.05,30
HCPCS,J2353,OCTREOTIDE 10 MG KIT 1 EACH BOX,17758.1,7103.24,168.02,15982.29,30
HCPCS,J2353,OCTREOTIDE 20 MG KIT 1 EACH BOX,23266.15,9306.46,168.02,20939.54,30
HCPCS,J2353,OCTREOTIDE 30 MG KIT 1 EACH BOX,34839.29,13935.716,168.02,31355.36,30
HCPCS,J2354,OCTREOTIDE 50 MCG/ML SOLN 1 ML VIAL,35.0,14.0,14.0,31.5,17
HCPCS,J2354,OCTREOTIDE ACETATE 100 MCG/ML SOLN 1 ML VIAL,59.64,23.856,0.79,53.68,60
HCPCS,J2354,OCTREOTIDE ACETATE 500 MCG/ML SOLN 1 ML VIAL,210.0,84.0,0.79,189.0,15
HCPCS,J2356,TEZEPELUMAB-EKKO 210 MG/1.91ML SOAJ 1.91 ML PEN,23562.84,9425.136,16.62,21206.56,30
HCPCS,J2356,TEZEPELUMAB-EKKO 210 MG/1.91ML SOSY 1.91 ML SYRINGE,22019.55,8807.82,16.62,19817.6,30
HCPCS,J2357,OMALIZUMAB 150 MG SOLR 1 EACH VIAL,7830.94,3132.376,42.99,7047.85,24
HCPCS,J2357,OMALIZUMAB 150 MG/ML SOAJ 1 ML PEN,7830.94,3132.376,42.99,7047.85,24
HCPCS,J2357,OMALIZUMAB 150 MG/ML SOSY 1 ML SYRINGE,3915.47,1566.188,42.99,3523.92,48
HCPCS,J2357,OMALIZUMAB 300 MG/2  ML SOSY 2 ML SYRINGE,15661.97,6264.788,42.99,14095.77,24
HCPCS,J2357,OMALIZUMAB 75 MG/0.5ML SOSY 0.5 ML SYRINGE,3915.49,1566.196,42.99,3523.94,48
HCPCS,J2370,PHENYLEPHRINE 10 MG/ML SOLN 1 ML VIAL,35.0,14.0,14.0,31.5,153
HCPCS,J2370,PHENYLEPHRINE 10 MG/ML SOLN 5 ML VIAL,54.0,21.6,21.6,123.75,51
HCPCS,J2370,PHENYLEPHRINE 1000 MCG/10 ML SOLN 1 SYRINGE,35.0,14.0,14.0,31.5,17
HCPCS,J2371,PHENYLEPHRINE HCL-NACL 0.1 MG/ML SOSY 10 ML SYRINGE,54.25,21.7,21.7,48.83,17
HCPCS,J2400,CHLOROPROCAINE HCL (PF) 3 % SOLN 20 ML VIAL,134.3,53.72,53.72,120.87,34
HCPCS,J2401,CHLOROPROCAINE HCL (PF) 2 % SOLN 20 ML VIAL,36.45,14.58,0.05,32.81,15
HCPCS,J2401,CHLOROPROCAINE HCL (PF) 3 % SOLN 20 ML VIAL,134.3,53.72,53.72,120.87,34
HCPCS,J2404,NICARDIPINE 2.5 MG/ML SOLN 10 ML VIAL,184.45,73.78,50.96,166.01,102
HCPCS,J2404,NICARDIPINE 20-0.86 MG/200ML-% SOLN 200 ML FLEX CONT,300.0,120.0,120.0,270.0,17
HCPCS,J2404,NICARDIPINE 20-0.9 MG/200ML-% SOLN 200 ML FLEX CONT,448.96,179.584,179.58,404.06,34
HCPCS,J2404,NICARDIPINE 40-0.83 MG/200ML-% SOLN 200 ML FLEX CONT,441.6,176.64,176.64,397.44,34
HCPCS,J2405,ONDANSETRON 4 MG/2ML SOLN 2 ML VIAL,35.0,14.0,14.0,31.5,153
HCPCS,J2405,ONDANSETRON 40 MG/20ML SOLN 20 ML VIAL,35.0,14.0,1.07,31.5,90
HCPCS,J2407,ORITAVANCIN DIPHOSPHATE 400 MG SOLR 1 EACH VIAL,6025.99,2410.396,23.2,5423.39,30
HCPCS,J2425,PALIFERMIN 6.25 MG SOLR 1 EACH VIAL,15755.28,6302.112,16.34,14179.75,30
HCPCS,J2426,PALIPERIDONE PALMITATE ER 117 MG/0.75ML SUSY 0.75 ML SYRINGE,9210.01,3684.004,8.98,8289.01,30
HCPCS,J2430,PAMIDRONATE 30 MG/10ML SOLN 10 ML VIAL,162.0,64.8,64.8,145.8,17
HCPCS,J2430,PAMIDRONATE 90 MG/10ML SOLN 10 ML VIAL,224.9,89.96,12.53,505.22,30
HCPCS,J2440,PAPAVERINE 30 MG/ML SOLN 2 ML VIAL,248.46,99.384,90.0,223.61,102
HCPCS,J2469,PALONOSETRON 0.25 MG/5ML SOLN 5 ML VIAL,108.0,43.2,0.44,1406.57,45
HCPCS,J2469,PALONOSETRON 0.25 MG/5ML SOSY 5 ML SYRINGE,300.0,120.0,0.44,270.0,15
HCPCS,J2470,INJ PANTOPRAZOLE SODIUM 40MG,5.0,2.0,2.0,4.5,15
HCPCS,J2471,PANTOPRAZOLE 40 MG SOLR 1 EACH VIAL,35.0,14.0,8.62,38.25,135
HCPCS,J2501,PARICALCITOL 2 MCG/ML SOLN 1 ML VIAL,36.36,14.544,14.54,32.72,17
HCPCS,J2501,PARICALCITOL 5 MCG/ML SOLN 1 ML VIAL,90.9,36.36,1.24,81.81,15
HCPCS,J2501,PARICALCITOL 5 MCG/ML SOLN 2 ML VIAL,181.8,72.72,1.24,163.62,15
HCPCS,J2502,PASIREOTIDE PAMOATE 10 MG SRER 1 EACH VIAL,109664.86,43865.944,268.8,98698.37,30
HCPCS,J2502,PASIREOTIDE PAMOATE 20 MG SRER 1 EACH VIAL,109664.86,43865.944,268.8,98698.37,30
HCPCS,J2502,PASIREOTIDE PAMOATE 30 MG SRER 1 EACH VIAL,109664.86,43865.944,268.8,98698.37,30
HCPCS,J2502,PASIREOTIDE PAMOATE 40 MG SRER 1 EACH VIAL,109664.86,43865.944,268.8,98698.37,30
HCPCS,J2506,PEGFILGRASTIM (INF DEV) 6 MG/0.6ML SOSY 0.6 ML SYRINGE,32346.68,12938.672,20.58,29112.01,30
HCPCS,J2506,PEGFILGRASTIM 6 MG/0.6ML SOSY 0.6 ML SYRINGE,32346.68,12938.672,20.58,29112.01,30
HCPCS,J2510,PENICILLIN G PROCAINE 600000 UNIT/ML SUSP 1 ML SYRINGE,275.71,110.284,29.13,248.14,23
HCPCS,J2510,PENICILLIN G PROCAINE 600000 UNIT/ML SUSP 2 ML SYRINGE,426.41,170.564,29.13,383.77,23
HCPCS,J2515,PENTOBARBITAL 50 MG/ML SOLN 1 ML SYRINGE,35.0,14.0,21.0,69.98,24
HCPCS,J2515,PENTOBARBITAL 50 MG/ML SOLN 20 ML VIAL,6098.4,2439.36,27.99,5488.56,24
HCPCS,J2515,PENTOBARBITAL 50 MG/ML SOLN 50 ML VIAL,7660.8,3064.32,27.99,6894.72,24
HCPCS,J2540,PENICILLIN G POTASSIUM 20000000 UNITS SOLR 1 EACH VIAL,312.5,125.0,119.4,281.25,68
HCPCS,J2540,PENICILLIN G POTASSIUM 40000 UNIT/ML SOLN 50 ML PLAS CONT,62.0,24.8,24.8,55.8,17
HCPCS,J2540,PENICILLIN G POTASSIUM 5000000 UNITS SOLR 1 EACH VIAL,76.33,30.532,30.53,68.7,17
HCPCS,J2540,PENICILLIN G POTASSIUM 60000 UNIT/ML SOLN 50 ML PLAS CONT,64.25,25.7,25.7,57.83,17
HCPCS,J2543,PIPERACILLIN-TAZOBACTAM 2.25 (2-0.25) G SOLR 1 EACH VIAL,61.54,24.616,24.62,55.39,17
HCPCS,J2543,PIPERACILLIN-TAZOBACTAM 3-0.375 GM/50ML SOLN 50 ML PLAS CONT,121.75,48.7,48.7,109.58,34
HCPCS,J2543,PIPERACILLIN-TAZOBACTAM 3.375 (3-0.375) G SOLR 1 EACH VIAL,35.63,14.252,14.0,83.09,187
HCPCS,J2543,PIPERACILLIN-TAZOBACTAM 4.5 (4-0.5) G SOLR 1 EACH VIAL,108.5,43.4,14.4,123.98,306
HCPCS,J2545,PENTAMIDINE 300 MG SOLR 1 EACH VIAL,517.5,207.0,56.65,829.12,63
HCPCS,J2550,PROMETHAZINE 25 MG/ML SOLN 1 ML AMPULE,35.0,14.0,14.0,31.5,102
HCPCS,J2550,PROMETHAZINE 25 MG/ML SOLN 1 ML VIAL,35.0,14.0,14.0,31.5,68
HCPCS,J2560,PHENOBARBITAL 130 MG/ML SOLN 1 ML VIAL,276.0,110.4,39.22,305.8,60
HCPCS,J2560,PHENOBARBITAL 65 MG/ML SOLN 1 ML VIAL,130.9,52.36,39.22,117.81,45
HCPCS,J2562,PLERIXAFOR 24 MG/1.2ML SOLN 1.2 ML VIAL,50239.06,20095.624,25.33,45215.15,60
HCPCS,J2590,OXYTOCIN 10 UNIT/ML SOLN 1 ML VIAL,35.0,14.0,14.0,31.5,51
HCPCS,J2590,OXYTOCIN 10 UNIT/ML SOLN 10 ML VIAL,35.0,14.0,14.0,31.5,17
HCPCS,J2590,OXYTOCIN 10 UNIT/ML SOLN 30 ML VIAL,35.0,14.0,14.0,31.5,34
HCPCS,J2597,DESMOPRESSIN 4 MCG/ML SOLN 1 ML,364.63,145.852,4.75,328.17,23
HCPCS,J2597,DESMOPRESSIN 4 MCG/ML SOLN 10 ML VIAL,1771.92,708.768,4.75,2381.4,69
HCPCS,J2597,DESMOPRESSIN ACETATE PF 4 MCG/ML SOLN 1 ML AMPULE,228.0,91.2,4.75,205.2,92
HCPCS,J2598,VASOPRESSIN 20 UNIT/ML SOLN 1 ML VIAL,157.66,63.064,14.0,266.71,187
HCPCS,J2599,VASOPRESSIN 20 UNIT/ML SOLN 1 ML VIAL,75.0,30.0,30.0,67.5,17
HCPCS,J2601,VASOPRESSIN 40-0.9 UT/100ML-% SOLN 100 ML FLEX CONT,828.0,331.2,2.01,745.2,30
HCPCS,J2601,VASOPRESSIN 40-0.9 UT/100ML-% SOLN 100 ML GLASS CONT,717.6,287.04,2.01,645.84,30
HCPCS,J2675,PROGESTERONE 50 MG/ML OIL 10 ML VIAL,35.0,14.0,14.0,31.5,17
HCPCS,J2680,FLUPHENAZINE DECANOATE 25 MG/ML SOLN 5 ML VIAL,90.0,36.0,18.72,81.0,51
HCPCS,J2690,PROCAINAMIDE 100 MG/ML SOLN 10 ML VIAL,2262.23,904.892,183.04,2036.05,90
HCPCS,J2690,PROCAINAMIDE 500 MG/ML SOLN 2 ML VIAL,3024.0,1209.6,183.04,2721.6,30
HCPCS,J2700,OXACILLIN 1 G SOLR 1 EACH VIAL,72.5,29.0,1.03,65.25,15
HCPCS,J2700,OXACILLIN 2 G SOLR 1 EACH VIAL,141.38,56.552,1.03,127.24,30
HCPCS,J2700,OXACILLIN SODIUM 10 G SOLR 1 EACH VIAL,634.8,253.92,1.03,571.32,15
HCPCS,J2704,PROPOFOL 10 MG/ML EMUL 100 ML GLASS CONT,180.0,72.0,72.0,162.0,34
HCPCS,J2704,PROPOFOL 10 MG/ML EMUL 100 ML VIAL,175.5,70.2,51.8,157.95,34
HCPCS,J2704,PROPOFOL 10 MG/ML EMUL 20 ML VIAL,35.0,14.0,14.0,31.5,34
HCPCS,J2704,PROPOFOL 10 MG/ML EMUL 50 ML VIAL,90.0,36.0,36.0,81.0,34
HCPCS,J2704,PROPOFOL INFUSION 20 ML VIAL,35.0,14.0,14.0,31.5,34
HCPCS,J2704,PROPOFOL INFUSION 50 ML VIAL,64.75,25.9,25.9,58.28,17
HCPCS,J2704,PROPOFOL IV PUSH 10 MG/ML EMUL 100 ML GLASS CONT,72.0,28.8,28.8,64.8,17
HCPCS,J2704,PROPOFOL IV PUSH 10 MG/ML EMUL 20 ML VIAL,36.0,14.4,14.4,32.4,34
HCPCS,J2710,NEOSTIGMINE METHYLSULFATE 10 MG/10ML SOLN 10 ML VIAL,54.0,21.6,16.8,151.2,136
HCPCS,J2720,PROTAMINE 10 MG/ML SOLN 25 ML VIAL,317.5,127.0,127.0,285.75,17
HCPCS,J2720,PROTAMINE 10 MG/ML SOLN 5 ML VIAL,92.88,37.152,37.15,83.59,34
HCPCS,J2724,PROTEIN C CONCENTRATE (HUMAN) 1000 UNITS SOLR 1 EACH VIAL,35.0,14.0,13.5,37.6,30
HCPCS,J2730,PRALIDOXIME 1 G SOLR 1 EACH VIAL,478.58,191.432,191.43,430.72,34
HCPCS,J2760,PHENTOLAMINE 5 MG SOLR 1 EACH VIAL,2469.41,987.764,406.47,2222.47,90
HCPCS,J2765,METOCLOPRAMIDE 5 MG/ML SOLN 2 ML VIAL,35.0,14.0,1.42,31.5,90
HCPCS,J2777,FARICIMAB-SVOA 6 MG/0.05ML SOSY 0.05 ML SYRINGE,12124.01,4849.604,32.85,10911.61,24
HCPCS,J2778,RANIBIZUMAB 0.5 MG/0.05ML SOLN 0.05 ML VIAL,10237.5,4095.0,86.38,9213.75,30
HCPCS,J2783,RASBURICASE 1.5 MG SOLR 1 EACH VIAL,5635.04,2254.016,241.18,5071.54,30
HCPCS,J2783,RASBURICASE 7.5 MG SOLR 1 EACH VIAL,28175.15,11270.06,241.18,25357.64,30
HCPCS,J2785,REGADENOSON 0.4 MG/5ML SOLN 5 ML SYRINGE,1422.83,569.132,3.93,1280.55,60
HCPCS,J2785,REGADENOSON PER 0.1MG,39.0,15.6,3.93,35.1,15
HCPCS,J2786,RESLIZUMAB 100 MG/10ML SOLN 10 ML VIAL,5725.44,2290.176,10.56,5152.9,30
HCPCS,J2790,RHO D IMMUNE GLOBULIN 1500 UNITS SOSY 1 EACH SYRINGE,678.96,271.584,119.79,611.06,15
HCPCS,J2791,RHO D IMMUNE GLOBULIN 1500 UNIT/2ML SOSY 2 ML SYRINGE,976.81,390.724,6.32,879.13,15
HCPCS,J2792,RHO D IMMUNE GLOBULIN 1500 UNIT/1.3ML SOLN 1.3 ML VIAL,2720.76,1088.304,24.88,2448.68,30
HCPCS,J2792,RHO D IMMUNE GLOBULIN 15000 UNIT/13ML SOLN 13 ML VIAL,27376.82,10950.728,24.88,24639.14,30
HCPCS,J2794,RISPERIDONE MICROSPHERES ER 25 MG SRER 1 EACH VIAL,3349.84,1339.936,7.62,3014.86,30
HCPCS,J2794,RISPERIDONE MICROSPHERES ER 37.5 MG SRER 1 EACH VIAL,5024.92,2009.968,7.62,4522.43,60
HCPCS,J2794,RISPERIDONE MICROSPHERES ER 50 MG SRER 1 EACH VIAL,6700.13,2680.052,7.62,6030.12,30
HCPCS,J2795,ROPIVACAINE 10 MG/ML SOLN 10 ML VIAL,102.15,40.86,40.86,91.94,17
HCPCS,J2795,ROPIVACAINE 10 MG/ML SOLN 20 ML VIAL,102.15,40.86,14.4,91.94,34
HCPCS,J2795,ROPIVACAINE 2 MG/ML SOLN 10 ML VIAL,35.0,14.0,14.0,31.5,34
HCPCS,J2795,ROPIVACAINE 2 MG/ML SOLN 20 ML VIAL,66.2,26.48,14.0,59.67,85
HCPCS,J2795,ROPIVACAINE 5 MG/ML SOLN 100 ML VIAL,54.75,21.9,21.9,49.28,17
HCPCS,J2795,ROPIVACAINE 5 MG/ML SOLN 20 ML VIAL,74.33,29.732,29.73,66.9,17
HCPCS,J2795,ROPIVACAINE 5 MG/ML SOLN 200 ML VIAL,54.75,21.9,21.9,49.28,34
HCPCS,J2795,ROPIVACAINE 5 MG/ML SOLN 30 ML VIAL,67.73,27.092,14.0,60.96,68
HCPCS,J2795,ROPIVACAINE 7.5 MG/ML SOLN 20 ML AMPULE,113.4,45.36,45.36,102.06,17
HCPCS,J2795,ROPIVACAINE 7.5 MG/ML SOLN 20 ML VIAL,129.3,51.72,51.72,145.8,51
HCPCS,J2800,METHOCARBAMOL 1000 MG/10ML SOLN 10 ML VIAL,35.0,14.0,6.23,75.6,165
HCPCS,J2802,ROMIPLOSTIM 125 MCG SOLR 1 EACH VIAL,6937.73,2775.092,8.18,6243.96,30
HCPCS,J2802,ROMIPLOSTIM 250 MCG SOLR 1 EACH VIAL,13875.2,5550.08,8.18,12487.68,30
HCPCS,J2802,ROMIPLOSTIM 500 MCG SOLR 1 EACH VIAL,27750.32,11100.128,8.18,24975.29,30
HCPCS,J2804,RIFAMPIN 600 MG SOLR 1 EACH VIAL,985.64,394.256,0.18,887.08,30
HCPCS,J2805,SINCALIDE 5 MCG SOLR 1 EACH VIAL,754.2,301.68,274.08,678.78,80
HCPCS,J2820,SARGRAMOSTIM 250 MCG SOLR 1 EACH VIAL,1736.75,694.7,47.52,1563.08,30
HCPCS,J2840,SEBELIPASE ALFA 20 MG/10ML SOLN 10 ML VIAL,51458.4,20583.36,508.46,46312.56,24
HCPCS,J2850,SECRETIN 16 MCG SOLR 1 EACH VIAL,2142.0,856.8,24.9,1927.8,30
HCPCS,J2860,SILTUXIMAB 100 MG SOLR 1 EACH VIAL,5913.22,2365.288,82.37,7449.09,60
HCPCS,J2860,SILTUXIMAB 400 MG SOLR 1 EACH VIAL,33107.17,13242.868,82.37,29796.45,60
HCPCS,J2865,SULFAMETHOXAZOLE-TRIMETHOPRIM 400-80 MG/5ML SOLN 10 ML VIAL,76.05,30.42,0.07,68.45,75
HCPCS,J2865,SULFAMETHOXAZOLE-TRIMETHOPRIM 400-80 MG/5ML SOLN 30 ML VIAL,225.75,90.3,0.07,205.2,45
HCPCS,J2916,FERRIC GLUCONATE 12.5 MG/ML SOLN 5 ML VIAL,190.8,76.32,76.32,171.72,51
HCPCS,J2919,METHYLPREDNISOLONE NA SUC (PF) 1000 MG SOLR 1 EACH VIAL,380.42,152.168,0.11,342.38,23
HCPCS,J2919,METHYLPREDNISOLONE NA SUC (PF) 125 MG SOLR 1 EACH VIAL,62.51,25.004,0.11,56.26,46
HCPCS,J2919,METHYLPREDNISOLONE NA SUC (PF) 40 MG SOLR 1 EACH VIAL,38.8,15.52,0.11,34.93,46
HCPCS,J2919,METHYLPREDNISOLONE SODIUM SUCCINATE 1000 MG SOLR 1 EACH VIAL,195.0,78.0,0.11,237.51,92
HCPCS,J2919,METHYLPREDNISOLONE SODIUM SUCCINATE 500 MG SOLR 1 EACH VIAL,138.7,55.48,0.11,131.13,69
HCPCS,J2997,ALTEPLASE 100 MG SOLR 1 EACH VIAL,44353.81,17741.524,65.31,39918.43,30
HCPCS,J2997,ALTEPLASE 2 MG SOLR 1 EACH VIAL,1073.27,429.308,65.31,965.94,30
HCPCS,J2997,ALTEPLASE 50 MCG/0.1 ML SOLN 1 EACH,35.0,14.0,14.0,236.13,30
HCPCS,J2997,ALTEPLASE 50 MG SOLR 1 EACH VIAL,22176.92,8870.768,65.31,19959.23,30
HCPCS,J3000,STREPTOMYCIN 1 G SOLR 1 EACH VIAL,431.25,172.5,47.7,388.13,15
HCPCS,J3010,FENTANYL 0.05 MG/ML SOLN 2 ML VIAL,35.0,14.0,1.43,31.5,15
HCPCS,J3010,FENTANYL 20 MCG/ML SOLN 50 ML SYRINGE,100.0,40.0,1.43,90.0,15
HCPCS,J3010,FENTANYL 25 MCG/ML 50 ML SYRINGE,100.0,40.0,40.0,90.0,34
HCPCS,J3010,FENTANYL 5 MCG/ML SOLN 2 ML SYRINGE,35.0,14.0,1.43,31.5,30
HCPCS,J3010,FENTANYL CITRATE (PF) 50 MCG/ML SOLN 10 ML VIAL,60.8,24.32,1.43,54.72,15
HCPCS,J3010,FENTANYL CITRATE (PF) 50 MCG/ML SOLN 2 ML AMPULE,35.0,14.0,1.43,31.5,15
HCPCS,J3010,FENTANYL CITRATE (PF) 50 MCG/ML SOLN 2 ML VIAL,35.0,14.0,1.43,31.5,90
HCPCS,J3010,FENTANYL CITRATE (PF) 50 MCG/ML SOLN 20 ML VIAL,51.0,20.4,1.43,59.4,45
HCPCS,J3010,FENTANYL CITRATE (PF) 50 MCG/ML SOLN 5 ML AMPULE,35.0,14.0,1.43,31.5,15
HCPCS,J3010,FENTANYL CITRATE (PF) 50 MCG/ML SOLN 5 ML VIAL,35.0,14.0,1.43,31.5,90
HCPCS,J3010,FENTANYL CITRATE (PF) 50 MCG/ML SOLN 50 ML VIAL,150.0,60.0,1.43,252.23,30
HCPCS,J3030,SUMATRIPTAN SUCCINATE 6 MG/0.5ML SOLN 0.5 ML VIAL,306.25,122.5,26.4,351.9,102
HCPCS,J3055,TALQUETAMAB-TGVS 3 MG/1.5ML SOLN 1.5 ML VIAL,4367.08,1746.832,58.28,3930.37,30
HCPCS,J3055,TALQUETAMAB-TGVS 40 MG/ML SOLN 1 ML VIAL,58227.29,23290.916,58.28,52404.56,30
HCPCS,J3060,TALIGLUCERASE ALFA 200 UNITS SOLR 1 EACH VIAL,4756.71,1902.684,41.11,4281.04,30
HCPCS,J3095,TELAVANCIN HCL 750 MG SOLR 1 EACH VIAL,3533.78,1413.512,7.11,3180.4,30
HCPCS,J3101,TENECTEPLASE 25 MG KIT 1 EACH VIAL,43072.76,17229.104,94.73,38765.48,30
HCPCS,J3101,TENECTEPLASE 50 MG KIT 1 EACH BOX,41818.18,16727.272,94.73,37636.36,30
HCPCS,J3101,TENECTEPLASE 50 MG KIT 1 EACH VIAL,43072.76,17229.104,94.73,38765.48,30
HCPCS,J3105,TERBUTALINE 1 MG/ML SOLN 1 ML VIAL,35.0,14.0,14.0,106.38,85
HCPCS,J3111,ROMOSOZUMAB-AQQG 105 MG/1.17ML SOSY 1.17 ML SYRINGE,6624.87,2649.948,8.34,5962.38,30
HCPCS,J3230,CHLORPROMAZINE 25 MG/ML SOLN 1 ML AMPULE,173.35,69.34,69.33,156.02,68
HCPCS,J3230,CHLORPROMAZINE 25 MG/ML SOLN 1 ML VIAL,149.76,59.904,59.9,134.78,68
HCPCS,J3230,CHLORPROMAZINE HCL 50 MG/2ML SOLN 2 ML AMPULE,198.61,79.444,79.44,178.75,34
HCPCS,J3230,CHLORPROMAZINE HCL 50 MG/2ML SOLN 2 ML VIAL,171.6,68.64,68.64,154.44,17
HCPCS,J3240,THYROTROPIN ALFA 0.9 MG SOLR 1 EACH VIAL,10395.36,4158.144,1427.47,9355.82,30
HCPCS,J3241,TEPROTUMUMAB-TRBW 500 MG SOLR 1 EACH VIAL,90815.51,36326.204,357.51,81733.96,30
HCPCS,J3243,TIGECYCLINE 50 MG SOLR 1 EACH VIAL,719.9,287.96,0.49,775.01,75
HCPCS,J3245,TILDRAKIZUMAB-ASMN 100 MG/ML SOSY 1 ML SYRINGE,90525.67,36210.268,127.45,81473.1,30
HCPCS,J3247,SECUKINUMAB 125 MG/5ML SOLN 5 ML VIAL,11091.32,4436.528,15.85,9982.19,30
HCPCS,J3250,TRIMETHOBENZAMIDE 100 MG/ML SOLN 2 ML VIAL,364.77,145.908,145.91,328.29,17
HCPCS,J3260,TOBRAMYCIN 1.2 G SOLR 1 EACH VIAL,1006.25,402.5,3.08,905.63,150
HCPCS,J3260,TOBRAMYCIN 1.2 GM/30ML SOLN 30 ML VIAL,128.7,51.48,51.48,118.8,34
HCPCS,J3260,TOBRAMYCIN 40 MG/ML NEBU 2 ML VIAL,4.65,1.86,1.86,4.19,17
HCPCS,J3260,TOBRAMYCIN 80 MG/2ML SOLN 2 ML VIAL,35.0,14.0,14.0,31.5,102
HCPCS,J3262,TOCILIZUMAB 200 MG/10ML SOLN 10 ML VIAL,6692.66,2677.064,5.71,6023.39,30
HCPCS,J3262,TOCILIZUMAB 400 MG/20ML SOLN 20 ML VIAL,13385.32,5354.128,5.71,12046.79,30
HCPCS,J3262,TOCILIZUMAB 80 MG/4ML SOLN 4 ML VIAL,2677.05,1070.82,5.71,2409.35,30
HCPCS,J3285,TREPROSTINIL 20 MG/20ML SOLN 20 ML VIAL,6096.64,2438.656,54.71,5775.77,90
HCPCS,J3285,TREPROSTINIL 200 MG/20ML SOLN 20 ML VIAL,64175.33,25670.132,54.71,57757.8,30
HCPCS,J3300,TRIAMCINOLONE ACETONIDE 40 MG/ML SUSP 1 ML VIAL,3648.96,1459.584,3.44,4281.98,48
HCPCS,J3301,TRIAMCINOLONE ACETONIDE 10 MG/ML SUSP 5 ML VIAL,35.0,14.0,14.0,31.5,34
HCPCS,J3301,TRIAMCINOLONE ACETONIDE 40 MG/ML SUSP 1 ML VIAL,56.15,22.46,14.0,50.54,102
HCPCS,J3301,TRIAMCINOLONE ACETONIDE 40 MG/ML SUSP 10 ML VIAL,38.85,15.54,15.54,34.97,17
HCPCS,J3301,TRIAMCINOLONE ACETONIDE 40 MG/ML SUSP 5 ML VIAL,52.02,20.808,20.81,46.82,17
HCPCS,J3315,TRIPTORELIN PAMOATE 11.25 MG SUSR 1 EACH VIAL,14506.8,5802.72,448.7,13056.12,60
HCPCS,J3316,TRIPTORELIN PAMOATE ER (CPP) 22.5 MG SRER 1 EACH VIAL,115751.66,46300.664,2624.0,104176.49,30
HCPCS,J3357,USTEKINUMAB 45 MG/0.5ML SOSY 0.5 ML SYRINGE,77134.85,30853.94,160.56,69421.37,23
HCPCS,J3357,USTEKINUMAB 90 MG/ML SOSY 1 ML SYRINGE,154269.53,61707.812,160.56,138842.58,23
HCPCS,J3358,USTEKINUMAB 130 MG/26ML SOLN 26 ML VIAL,11217.24,4486.896,11.47,10095.52,30
HCPCS,J3360,DIAZEPAM 5 MG/ML SOLN 2 ML CRTRDG-NDL,240.0,96.0,96.0,216.0,34
HCPCS,J3370,VANCOMYCIN 1 MG/0.1 ML SOLN 0.1 ML SYRINGE,64.5,25.8,25.8,58.05,14
HCPCS,J3370,VANCOMYCIN 100 MG/ML SOLR 100 ML BOTTLE,9.19,3.676,3.68,8.27,14
HCPCS,J3370,VANCOMYCIN 25 MG/ML SUSP 5 ML ORAL SYRINGE,18.35,7.34,7.34,16.52,17
HCPCS,J3370,VANCOMYCIN HCL 750 MG SOLR 1 EACH VIAL,59.01,23.604,23.6,53.11,14
HCPCS,J3371,VANCOMYCIN HCL 1.5 G SOLR 1 EACH VIAL,144.72,57.888,57.89,130.25,14
HCPCS,J3373,VANCOMYCIN 1-5 GM/200ML-% SOLN 200 ML PLAS CONT,162.0,64.8,0.04,145.8,15
HCPCS,J3373,VANCOMYCIN 1.25-0.9 GM/250ML-% SOLN 250 ML FLEX CONT,122.5,49.0,49.0,110.25,17
HCPCS,J3373,VANCOMYCIN 500 MG SOLR 1 EACH VIAL,35.0,14.0,0.04,44.07,60
HCPCS,J3373,VANCOMYCIN HCL 1 G SOLR 1 EACH VIAL,97.69,39.076,0.04,87.93,120
HCPCS,J3373,VANCOMYCIN HCL 10 G SOLR 1 EACH VIAL,1199.13,479.652,0.04,1079.22,30
HCPCS,J3373,VANCOMYCIN HCL 5 G SOLR 1 EACH VIAL,498.23,199.292,0.04,448.41,15
HCPCS,J3374,VANCOMYCIN HCL 1.25 G SOLR 1 EACH VIAL,120.6,48.24,0.16,108.54,75
HCPCS,J3374,VANCOMYCIN HCL 1.5 G SOLR 1 EACH VIAL,146.12,58.448,0.16,131.51,30
HCPCS,J3375,VANCOMYCIN 1000 MG/200ML SOLN 200 ML FLEX CONT,96.0,38.4,0.18,86.4,30
HCPCS,J3380,VEDOLIZUMAB 300 MG SOLR 1 EACH VIAL,50947.85,20379.14,21.31,45853.07,30
HCPCS,J3385,VELAGLUCERASE ALFA 400 UNITS SOLR 1 EACH VIAL,7585.24,3034.096,374.75,6826.72,30
HCPCS,J3396,VERTEPORFIN 15 MG SOLR 1 EACH VIAL,8616.93,3446.772,10.26,7755.24,30
HCPCS,J3410,HYDROXYZINE 25 MG/ML SOLN 1 ML VIAL,183.42,73.368,19.89,165.08,15
HCPCS,J3410,HYDROXYZINE 50 MG/ML SOLN 1 ML VIAL,202.26,80.904,19.89,182.03,30
HCPCS,J3410,HYDROXYZINE 50 MG/ML SOLN 2 ML VIAL,278.52,111.408,19.89,250.67,15
HCPCS,J3411,THIAMINE 100 MG/ML SOLN 2 ML VIAL,35.0,14.0,14.0,31.5,153
HCPCS,J3415,PYRIDOXINE 100 MG/ML SOLN 1 ML VIAL,65.19,26.076,26.08,58.67,17
HCPCS,J3420,CYANOCOBALAMIN 1000 MCG/ML SOLN 1 ML VIAL,35.0,14.0,14.0,39.33,153
HCPCS,J3425,HYDROXOCOBALAMIN ACETATE 1000 MCG/ML SOLN 30 ML VIAL,191.25,76.5,0.01,172.13,23
HCPCS,J3430,PHYTONADIONE 1 MG/0.5ML SOLN 0.5 ML AMPULE,35.0,14.0,3.55,31.5,30
HCPCS,J3430,PHYTONADIONE 1 MG/0.5ML SOLN 0.5 ML SYRINGE,148.38,59.352,3.55,133.54,15
HCPCS,J3430,PHYTONADIONE 1 MG/0.5ML SOLN 0.5 ML VIAL,36.0,14.4,3.55,32.4,30
HCPCS,J3430,PHYTONADIONE 10 MG/ML SOLN 1 ML AMPULE,35.0,14.0,3.55,66.11,79
HCPCS,J3430,VITAMIN K1 1 MG/0.5ML SOLN 0.5 ML AMPULE,35.0,14.0,14.0,31.5,17
HCPCS,J3465,VORICONAZOLE 100 MCG/0.1 ML SOLN 100 MCG SYRINGE,391.64,156.656,156.66,352.48,17
HCPCS,J3465,VORICONAZOLE 200 MG SOLR 1 EACH VIAL,361.8,144.72,1.0,631.68,105
HCPCS,J3470,HYALURONIDASE BOVINE 150 UNIT/ML SOLN 1 ML VIAL,334.8,133.92,41.89,301.32,15
HCPCS,J3473,HYALURONIDASE HUMAN 150 UNIT/ML SOLN 1 ML VIAL,334.8,133.92,133.92,301.32,34
HCPCS,J3475,MAGNESIUM SULFATE 2 GM/50ML SOLN 50 ML FLEX CONT,97.25,38.9,16.3,87.53,153
HCPCS,J3475,MAGNESIUM SULFATE 20 GM/500ML  NOT FOR ELECTR 20 GM/500ML SOLN 500 ML,92.5,37.0,37.0,83.25,17
HCPCS,J3475,MAGNESIUM SULFATE 20 GM/500ML NOT ELECTROLYTE REPLACEMENT  20 GM/500ML  500 ML,37.5,15.0,15.0,33.75,17
HCPCS,J3475,MAGNESIUM SULFATE 4 GM/100ML SOLN 100 ML FLEX CONT,54.5,21.8,14.0,49.05,204
HCPCS,J3475,MAGNESIUM SULFATE 40 GM/1000ML SOLN 1000 ML FLEX CONT,50.0,20.0,20.0,45.0,17
HCPCS,J3475,MAGNESIUM SULFATE 50 % SOLN 10 ML VIAL,35.0,14.0,0.62,31.5,15
HCPCS,J3475,MAGNESIUM SULFATE 50 % SOLN 2 ML VIAL,35.0,14.0,0.62,31.5,60
HCPCS,J3475,MAGNESIUM SULFATE 50 % SOLN 20 ML VIAL,35.0,14.0,0.62,31.5,60
HCPCS,J3475,MAGNESIUM SULFATE 50 % SOLN 50 ML VIAL,35.0,14.0,0.62,31.5,15
HCPCS,J3480,0.45 % NACL WITH KCL 20 MEQ 20-0.45 MEQ/L-% SOLN 1000 ML FLEX CONT,30.0,12.0,12.0,27.0,17
HCPCS,J3480,0.9 % NACL WITH KCL 20 MEQ 20-0.9 MEQ/L-% SOLN 1000 ML FLEX CONT,65.0,26.0,26.0,58.5,17
HCPCS,J3480,0.9 % NACL WITH KCL 40 MEQ 40-0.9 MEQ/L-% SOLN 1000 ML FLEX CONT,20.0,8.0,8.0,18.0,17
HCPCS,J3480,DEXTROSE 5 % WITH KCL 20 MEQ 20 MEQ/L SOLN 1000 ML FLEX CONT,60.0,24.0,24.0,54.0,17
HCPCS,J3480,POTASSIUM CHLORIDE 10 MEQ/100ML SOLN 100 ML FLEX CONT,240.0,96.0,96.0,216.0,34
HCPCS,J3480,POTASSIUM CHLORIDE 10 MEQ/100ML SOLN 100 ML PLAS CONT,23.5,9.4,9.4,21.15,17
HCPCS,J3480,POTASSIUM CHLORIDE 10 MEQ/50ML SOLN 50 ML,77.5,31.0,31.0,69.75,17
HCPCS,J3480,POTASSIUM CHLORIDE 2 MEQ/ML SOLN 10 ML VIAL,35.0,14.0,14.0,31.5,17
HCPCS,J3480,POTASSIUM CHLORIDE 2 MEQ/ML SOLN 20 ML VIAL,35.0,14.0,14.0,31.5,34
HCPCS,J3480,POTASSIUM CHLORIDE 2 MEQ/ML SOLN 30 ML VIAL,35.0,14.0,14.0,31.5,17
HCPCS,J3480,POTASSIUM CHLORIDE 20 MEQ/50ML SOLN 50 ML FLEX CONT,31.5,12.6,12.6,135.0,51
HCPCS,J3480,POTASSIUM CHLORIDE 20 MEQ/50ML SOLN 50 ML PLAS CONT,22.75,9.1,9.1,20.48,17
HCPCS,J3480,POTASSIUM CHLORIDE 30 MEQ/100ML SOLN 100 ML,45.5,18.2,18.2,40.95,17
HCPCS,J3480,POTASSIUM CHLORIDE 40 MEQ/100ML SOLN 100 ML FLEX CONT,35.0,14.0,14.0,31.5,17
HCPCS,J3480,POTASSIUM CHLORIDE 40 MEQ/100ML SOLN 100 ML PLAS CONT,35.0,14.0,14.0,31.5,17
HCPCS,J3485,ZIDOVUDINE 10 MG/ML SOLN 20 ML VIAL,175.1,70.04,1.51,157.59,24
HCPCS,J3486,ZIPRASIDONE 20 MG SOLR 1 EACH VIAL,196.74,78.696,8.88,177.07,30
HCPCS,J3489,ZOLEDRONIC ACID 4 MG/100ML SOLN 100 ML PLAS CONT,993.6,397.44,6.58,894.24,15
HCPCS,J3489,ZOLEDRONIC ACID 4 MG/5ML CONC 5 ML VIAL,3520.82,1408.328,6.58,3168.74,30
HCPCS,J3489,ZOLEDRONIC ACID 5 MG/100ML SOLN 100 ML BAG,1932.0,772.8,6.58,1738.8,15
HCPCS,J3489,ZOLEDRONIC ACID 5 MG/100ML SOLN 100 ML BOTTLE,828.0,331.2,6.58,745.2,15
HCPCS,J3489,ZOLEDRONIC ACID 5 MG/100ML SOLN 100 ML FLEX CONT,1932.0,772.8,6.58,1738.8,15
HCPCS,J3489,ZOLEDRONIC ACID 5 MG/100ML SOLN 100 ML VIAL,1656.0,662.4,6.58,3796.63,30
HCPCS,J3490,ANAKINRA 100 MG/0.67ML SOSY 0.67 ML SYRINGE,1244.39,497.756,497.76,1119.95,34
HCPCS,J3490,ANGIOTENSIN II ACETATE 2.5 MG/ML SOLN 1 ML VIAL,9570.96,3828.384,0.5,8613.86,15
HCPCS,J3490,ANTIVENIN MICRURUS FULVIUS SOLR 1 EACH VIAL,46591.69,18636.676,0.5,41932.52,15
HCPCS,J3490,FLUMAZENIL 0.5 MG/5ML SOLN 5 ML VIAL,39.0,15.6,15.6,40.08,102
HCPCS,J3490,FLUMAZENIL 1 MG/10ML SOLN 10 ML VIAL,96.0,38.4,32.5,387.01,85
HCPCS,J3490,IDARUCIZUMAB 2.5 GM/50ML SOLN 50 ML VIAL,31226.5,12490.6,0.5,28103.85,15
HCPCS,J3490,ISAVUCONAZONIUM SULFATE 186 MG CAPS 14 EACH BOX,638.93,255.572,255.57,575.04,17
HCPCS,J3490,LETROZOLE 2.5 MG TABS 1 EACH,90.26,36.104,0.5,81.23,15
HCPCS,J3490,LETROZOLE 2.5 MG TABS 30 EACH BOTTLE,90.58,36.232,0.5,81.52,15
HCPCS,J3490,LETROZOLE 2.5 MG TABS 50 EACH BOX,90.26,36.104,0.5,81.23,15
HCPCS,J3490,LIRAGLUTIDE 18 MG/3ML SOL PEN-INJ 3 ML PEN,54.35,21.74,21.74,48.92,17
HCPCS,J3490,NITRIC OXIDE PER HOUR,372.0,148.8,148.8,334.8,17
HCPCS,J3490,SODIUM HYALURONATE 10 MG/ML SOLN 0.85 ML SYRINGE,788.03,315.212,315.21,1218.94,51
HCPCS,J3490,SUGAMMADEX SODIUM 500 MG/5ML SOLN 5 ML VIAL,1376.41,550.564,550.56,1238.77,34
HCPCS,J3490,TADALAFIL (PAH) 20 MG TABS 60 EACH BOTTLE,383.64,153.456,0.5,345.28,15
HCPCS,J3490,TERLIPRESSIN 0.85 MG SOLR 1 EACH VIAL,5276.88,2110.752,0.5,4749.19,15
HCPCS,J7030,SODIUM CHLORIDE 0.9 % SOLN 100 ML FLEX CONT,43.5,17.4,8.0,39.15,51
HCPCS,J7030,SODIUM CHLORIDE 0.9 % SOLN 50 ML FLEX CONT,20.0,8.0,8.0,18.0,34
HCPCS,J7040,SODIUM CHLORIDE 0.9 % SOLN 500 ML FLEX CONT,20.0,8.0,8.0,18.0,34
HCPCS,J7042,DEXTROSE 5 % AND 0.9 % NACL 5-0.9 % SOLN 1000 ML FLEX CONT,35.0,14.0,8.0,31.5,34
HCPCS,J7042,DEXTROSE 5 % AND 0.9 % NACL 5-0.9 % SOLN 500 ML FLEX CONT,27.5,11.0,11.0,29.25,34
HCPCS,J7050,SODIUM CHLORIDE 0.9 % SOLN 250 ML FLEX CONT,20.0,8.0,8.0,18.0,17
HCPCS,J7060,DEXTROSE 5 % SOLN 100 ML FLEX CONT,20.0,8.0,8.0,18.0,51
HCPCS,J7060,DEXTROSE 5 % SOLN 25 ML FLEX CONT,20.0,8.0,8.0,18.0,17
HCPCS,J7060,DEXTROSE 5 % SOLN 250 ML FLEX CONT,20.0,8.0,8.0,18.0,17
HCPCS,J7060,DEXTROSE 5 % SOLN 50 ML FLEX CONT,20.0,8.0,8.0,18.0,34
HCPCS,J7060,DEXTROSE 5 % SOLN 500 ML FLEX CONT,20.0,8.0,8.0,18.0,17
HCPCS,J7070,DEXTROSE 5 % SOLN 1000 ML FLEX CONT,20.0,8.0,8.0,18.0,34
HCPCS,J7120,LACTATED RINGERS SOLN 1000 ML FLEX CONT,20.0,8.0,8.0,18.0,34
HCPCS,J7120,LACTATED RINGERS SOLN 250 ML FLEX CONT,27.5,11.0,11.0,24.75,17
HCPCS,J7120,LACTATED RINGERS SOLN 500 ML FLEX CONT,20.0,8.0,8.0,18.0,17
HCPCS,J7168,PROTHROMBIN COMPLEX CONC HUMAN 1000 UNITS KIT 1 EACH BOX,35.0,14.0,2.14,31.5,30
HCPCS,J7168,PROTHROMBIN COMPLEX CONC HUMAN 500 UNITS KIT 1 EACH BOX,35.0,14.0,2.14,31.5,30
HCPCS,J7171,ADAMTS13 RECOMBINANT-KRHN 1500 UNITS KIT 1 EACH BOX,35.0,14.0,14.0,88.98,30
HCPCS,J7171,ADAMTS13 RECOMBINANT-KRHN 500 UNITS KIT 1 EACH BOX,35.0,14.0,14.0,88.98,30
HCPCS,J7185,ANTIHEM FACT (BDD-RFVIIIMOR) 2000 UNITS KIT 1 EACH BOX,35.0,14.0,1.49,31.5,30
HCPCS,J7187,ANTIHEMOPHILIC FACTOR-VWF 250-600 UNITS SOLR 1 EACH VIAL,35.0,14.0,1.27,31.5,30
HCPCS,J7187,ANTIHEMOPHILIC FACTOR-VWF 500-1200 UNITS SOLR 1 EACH VIAL,35.0,14.0,1.27,31.5,30
HCPCS,J7189,COAGULATION FACTOR VIIA RECOMB 1 MG SOLR 1 EACH VIAL,35.0,14.0,2.26,31.5,30
HCPCS,J7189,COAGULATION FACTOR VIIA RECOMB 5 MG SOLR 1 EACH VIAL,35.0,14.0,2.26,31.5,30
HCPCS,J7192,ANTIHEM FACTOR RECOMB (RFVIII) 1000 UNITS KIT 1 EACH BOX,35.0,14.0,1.32,31.5,30
HCPCS,J7192,ANTIHEM FACTOR RECOMB (RFVIII) 1241-1800 UNITS SOLR 1 EACH VIAL,35.0,14.0,1.32,31.5,30
HCPCS,J7192,ANTIHEMOPHIL FACTOR (RAHF-PFM) 1000 UNITS SOLR 1 EACH VIAL,11.75,4.7,1.32,10.58,30
HCPCS,J7192,ANTIHEMOPHIL FACTOR (RAHF-PFM) 1500 UNITS SOLR 1 EACH VIAL,11.75,4.7,1.32,10.58,30
HCPCS,J7192,ANTIHEMOPHIL FACTOR (RAHF-PFM) 250 UNITS SOLR 1 EACH VIAL,35.0,14.0,1.32,31.5,30
HCPCS,J7192,ANTIHEMOPHIL FACTOR (RAHF-PFM) 500 UNITS SOLR 1 EACH VIAL,35.0,14.0,1.32,31.5,30
HCPCS,J7192,ANTIHEMOPHILIC FACTOR (RECOMB) 220-400 UNITS SOLR 1 EACH VIAL,35.0,14.0,1.32,31.5,30
HCPCS,J7192,ANTIHEMOPHILIC FACTOR (RECOMB) 401-800 UNITS SOLR 1 EACH VIAL,35.0,14.0,1.32,31.5,30
HCPCS,J7192,ANTIHEMOPHILIC FACTOR (RECOMB) 801-1240 UNITS SOLR 1 EACH VIAL,35.0,14.0,1.32,31.5,30
HCPCS,J7193,COAGULATION FACTOR IX 1000 UNITS SOLR 1 EACH VIAL,35.0,14.0,1.25,31.5,30
HCPCS,J7195,COAGULATION FACTOR IX (RECOMB) 1000 UNITS KIT 1 EACH BOX,35.0,14.0,1.67,31.5,30
HCPCS,J7195,COAGULATION FACTOR IX (RECOMB) 250 UNITS KIT 1 EACH VIAL,35.0,14.0,1.67,31.5,30
HCPCS,J7195,COAGULATION FACTOR IX (RECOMB) 500 UNITS KIT 1 EACH VIAL,35.0,14.0,1.67,31.5,30
HCPCS,J7197,ANTITHROMBIN III (HUMAN) 500 UNITS SOLR 1 EACH VIAL,35.0,14.0,3.73,31.5,60
HCPCS,J7198,ANTIINHIBITOR COAGULANT CMPLX 1000 UNITS SOLR 1 EACH VIAL,35.0,14.0,2.07,31.5,30
HCPCS,J7198,ANTIINHIBITOR COAGULANT CMPLX 2500 UNITS SOLR 1 EACH VIAL,35.0,14.0,2.07,31.5,30
HCPCS,J7200,COAGULATION FACTOR IX (RECOMB) 2000 UNITS SOLR 1 EACH VIAL,35.0,14.0,1.69,31.5,22
HCPCS,J7200,COAGULATION FACTOR IX (RECOMB) 250 UNITS SOLR 1 EACH VIAL,35.0,14.0,1.69,31.5,22
HCPCS,J7200,COAGULATION FACTOR IX (RECOMB) 500 UNITS SOLR 1 EACH VIAL,35.0,14.0,1.69,31.5,22
HCPCS,J7296,LEVONORGESTREL 19.5 MG IUD 1 EACH BOX,6413.11,2565.244,824.0,5771.8,15
HCPCS,J7298,LEVONORGESTREL 20 MCG/DAY IUD 1 EACH BOX,6413.11,2565.244,778.09,5771.8,15
HCPCS,J7300,INTRAUT COPPER CONTRACEPTIVE,891.0,356.4,356.4,891.0,15
HCPCS,J7300,PARAGARD INTRAUTERINE COPPER IUD 1 EACH BOX,4457.88,1783.152,709.44,4012.09,15
HCPCS,J7301,LEVONORGESTREL 13.5 MG IUD 1 EACH BOX,5339.96,2135.984,624.3,4805.96,21
HCPCS,J7307,ETONOGESTREL 68 MG IMPL 1 EACH BOX,6427.81,2571.124,740.66,5785.03,15
HCPCS,J7312,DEXAMETHASONE 0.7 MG IMPL 1 EACH BOX,6919.92,2767.968,176.53,6227.93,30
HCPCS,J7315,MITOMYCIN 0.25 MG/ML INJECTION 0.25 MG,336.0,134.4,134.4,336.0,15
HCPCS,J7321,SODIUM HYALURONATE 20 MG/2ML SOLN 2 ML VIAL,1048.8,419.52,92.98,943.92,15
HCPCS,J7325,HYLAN G-F 20 48 MG/6ML SOSY 6 ML SYRINGE,6902.86,2761.144,7.95,6212.57,30
HCPCS,J7330,AUTOLOGOUS CULTURED CHONDROCYTES IMPLANT,84000.0,33600.0,33600.0,75600.0,17
HCPCS,J7336,CAPSAICIN 8 % KIT 1 PATCH BOX,4578.55,1831.42,2.71,4120.7,30
HCPCS,J7336,CAPSAICIN 8 % KIT 2 PATCH BOX,4578.5,1831.4,2.71,4120.65,30
HCPCS,J7336,CAPSAICIN 8 % KIT 4 PATCH BOX,4578.53,1831.412,2.71,4120.68,30
HCPCS,J7342,CIPROFLOXACIN HCL 0.2 % SOLN 1 EACH PLAS CONT,60.8,24.32,24.32,60.8,21
HCPCS,J7500,AZATHIOPRINE 50 MG TABS 1 EACH,4.23,1.692,0.08,3.81,15
HCPCS,J7500,AZATHIOPRINE 50 MG TABS 100 EACH BOX,4.23,1.692,0.08,3.81,15
HCPCS,J7502,CYCLOSPORINE 100 MG CAPS 30 EACH BOTTLE,88.29,35.316,2.65,79.46,15
HCPCS,J7502,CYCLOSPORINE 100 MG/ML SOLN 50 ML BOTTLE,4210.92,1684.368,2.65,3789.83,45
HCPCS,J7502,CYCLOSPORINE MODIFIED 100 MG CAPS 1 EACH,15.0,6.0,2.65,63.63,30
HCPCS,J7502,CYCLOSPORINE MODIFIED 100 MG CAPS 30 EACH BOX,44.08,17.632,2.65,63.5,45
HCPCS,J7503,TACROLIMUS ER 0.75 MG TB24 100 EACH BOTTLE,32.15,12.86,12.86,28.94,17
HCPCS,J7503,TACROLIMUS ER 0.75 MG TB24 30 EACH BOTTLE,32.15,12.86,12.86,28.94,17
HCPCS,J7503,TACROLIMUS ER 1 MG TB24 100 EACH BOTTLE,42.87,17.148,17.15,38.58,17
HCPCS,J7503,TACROLIMUS ER 1 MG TB24 30 EACH BOTTLE,42.87,17.148,17.15,38.58,17
HCPCS,J7503,TACROLIMUS ER 4 MG TB24 100 EACH BOTTLE,171.47,68.588,68.59,154.32,17
HCPCS,J7504,LYMPHOCYTEANTI-THYMO IMM GLOB (EQUINE) 50 MG/ML SOLN 5 ML AMPULE,26784.49,10713.796,1331.76,24106.04,60
HCPCS,J7507,TACROLIMUS 0.5 MG CAPS 1 EACH,11.15,4.46,0.22,10.04,30
HCPCS,J7507,TACROLIMUS 0.5 MG CAPS 100 EACH BOX,11.15,4.46,0.22,10.04,30
HCPCS,J7507,TACROLIMUS 0.5 MG/ML SOLN 300 ML BOTTLE,22.3,8.92,8.92,20.07,17
HCPCS,J7507,TACROLIMUS 1 MG CAPS 1 EACH,22.3,8.92,0.22,20.07,30
HCPCS,J7507,TACROLIMUS 1 MG CAPS 100 EACH BOX,22.3,8.92,0.22,20.07,30
HCPCS,J7507,TACROLIMUS 1 MG/ML SOLN 300 ML BOTTLE,11.15,4.46,4.46,10.04,17
HCPCS,J7507,TACROLIMUS 5 MG CAPS 1 EACH,111.49,44.596,0.22,100.34,30
HCPCS,J7507,TACROLIMUS 5 MG CAPS 100 EACH BOTTLE,111.49,44.596,0.22,100.34,15
HCPCS,J7507,TACROLIMUS 5 MG CAPS 100 EACH BOX,111.49,44.596,0.22,100.34,30
HCPCS,J7509,METHYLPREDNISOLONE 16 MG TABS 50 EACH BOTTLE,17.71,7.084,6.21,15.94,34
HCPCS,J7509,METHYLPREDNISOLONE 4 MG TABS 100 EACH BOTTLE,7.15,2.86,2.86,6.44,17
HCPCS,J7510,PREDNISOLONE 15 MG/5ML SOLN 480 ML BOTTLE,2903.04,1161.216,1161.22,2612.74,17
HCPCS,J7511,ANTITHYMOCYTE GLOBULIN (RABBIT) 25 MG SOLR 1 EACH VIAL,5783.19,2313.276,703.26,5204.87,30
HCPCS,J7512,PREDNISONE 1 MG TABS 100 EACH BOTTLE,3.17,1.268,0.01,2.85,45
HCPCS,J7512,PREDNISONE 1 MG TABS 100 EACH BOX,3.0,1.2,0.01,2.7,15
HCPCS,J7512,PREDNISONE 10 MG TABS 1 EACH,3.0,1.2,0.01,2.7,15
HCPCS,J7512,PREDNISONE 10 MG TABS 100 EACH BOTTLE,3.0,1.2,0.01,2.7,30
HCPCS,J7512,PREDNISONE 10 MG TABS 100 EACH BOX,3.0,1.2,0.01,2.7,15
HCPCS,J7512,PREDNISONE 2.5 MG TABS 100 EACH BOTTLE,3.0,1.2,0.01,2.7,15
HCPCS,J7512,PREDNISONE 2.5 MG TABS 100 EACH BOX,3.0,1.2,0.01,2.7,15
HCPCS,J7512,PREDNISONE 20 MG TABS 1 EACH,3.0,1.2,0.01,2.7,15
HCPCS,J7512,PREDNISONE 20 MG TABS 100 EACH BOX,3.0,1.2,0.01,2.7,30
HCPCS,J7512,PREDNISONE 5 MG TABS 1 EACH,3.0,1.2,0.01,2.7,15
HCPCS,J7512,PREDNISONE 5 MG TABS 100 EACH BOX,3.0,1.2,0.01,2.7,30
HCPCS,J7512,PREDNISONE 5 MG/ML CONC 30 ML BOTTLE,52.0,20.8,0.01,46.8,15
HCPCS,J7512,PREDNISONE 5 MG/ML CONC 4 ML ORAL SYRINGE,52.0,20.8,0.01,46.8,15
HCPCS,J7512,PREDNISONE 50 MG TABS 1 EACH,3.0,1.2,0.01,2.7,15
HCPCS,J7512,PREDNISONE 50 MG TABS 100 EACH BOTTLE,3.0,1.2,0.01,2.7,30
HCPCS,J7512,PREDNISONE 50 MG TABS 100 EACH BOX,3.0,1.2,0.01,2.7,30
HCPCS,J7515,CYCLOSPORINE 25 MG CAPS 1 EACH,28.75,11.5,11.5,25.88,17
HCPCS,J7515,CYCLOSPORINE 25 MG CAPS 30 EACH BOTTLE,22.12,8.848,8.85,19.91,17
HCPCS,J7515,CYCLOSPORINE 25 MG CAPS 30 EACH BOX,27.45,10.98,10.98,25.87,34
HCPCS,J7515,CYCLOSPORINE MODIFIED 25 MG CAPS 1 EACH,17.8,7.12,1.04,16.02,45
HCPCS,J7515,CYCLOSPORINE MODIFIED 25 MG CAPS 30 EACH BOX,17.66,7.064,1.04,15.89,75
HCPCS,J7516,CYCLOSPORINE 50 MG/ML SOLN 5 ML AMPULE,392.89,157.156,94.35,353.6,15
HCPCS,J7517,MYCOPHENOLATE 200 MG/ML SUSR 1.25 ML ORAL SYRINGE,56.62,22.648,0.21,50.96,15
HCPCS,J7517,MYCOPHENOLATE 200 MG/ML SUSR 160 ML BOTTLE,56.62,22.648,0.21,50.96,30
HCPCS,J7517,MYCOPHENOLATE 200 MG/ML SUSR 2.5 ML ORAL SYRINGE,56.62,22.648,0.21,50.96,15
HCPCS,J7517,MYCOPHENOLATE 200 MG/ML SUSR 3.75 ML ORAL SYRINGE,56.62,22.648,0.21,50.96,15
HCPCS,J7517,MYCOPHENOLATE 200 MG/ML SUSR 5 ML ORAL SYRINGE,56.62,22.648,0.21,50.96,15
HCPCS,J7517,MYCOPHENOLATE 200 MG/ML SUSR 6.25 ML ORAL SYRINGE,56.62,22.648,0.21,50.96,15
HCPCS,J7517,MYCOPHENOLATE 200 MG/ML SUSR 7.5 ML ORAL SYRINGE,56.62,22.648,0.21,50.96,15
HCPCS,J7517,MYCOPHENOLATE 250 MG CAPS 1 EACH,19.82,7.928,0.21,17.84,60
HCPCS,J7517,MYCOPHENOLATE 250 MG CAPS 100 EACH BOTTLE,19.97,7.988,0.21,17.97,15
HCPCS,J7517,MYCOPHENOLATE 250 MG CAPS 100 EACH BOX,19.82,7.928,0.21,17.84,30
HCPCS,J7517,MYCOPHENOLATE 250 MG CAPS 50 EACH BOX,3.74,1.496,0.21,3.37,15
HCPCS,J7517,MYCOPHENOLATE 500 MG TABS 1 EACH,7.82,3.128,0.21,35.67,30
HCPCS,J7517,MYCOPHENOLATE 500 MG TABS 100 EACH BOX,7.82,3.128,0.21,35.67,30
HCPCS,J7518,MYCOPHENOLATE 180 MG TBEC 120 EACH BOTTLE,22.84,9.136,0.44,20.57,30
HCPCS,J7518,MYCOPHENOLATE 360 MG TBEC 1 EACH,50.0,20.0,0.44,45.0,15
HCPCS,J7518,MYCOPHENOLATE 360 MG TBEC 120 EACH BOTTLE,89.5,35.8,0.44,80.55,30
HCPCS,J7518,MYCOPHENOLATE 360 MG TBEC 30 EACH BOX,50.0,20.0,0.44,45.0,15
HCPCS,J7520,SIROLIMUS 0.5 MG TABS 100 EACH BOTTLE,43.27,17.308,1.13,38.94,30
HCPCS,J7520,SIROLIMUS 1 MG TABS 1 EACH,175.43,70.172,1.13,157.89,15
HCPCS,J7520,SIROLIMUS 1 MG TABS 100 EACH BOX,206.24,82.496,1.13,185.62,15
HCPCS,J7520,SIROLIMUS 1 MG TABS 30 EACH BOX,175.43,70.172,1.13,157.89,15
HCPCS,J7520,SIROLIMUS 1 MG/ML SOLN 60 ML BOTTLE,7957.91,3183.164,3183.16,7162.12,17
HCPCS,J7525,TACROLIMUS 5 MG/ML SOLN 1 ML AMPULE,1407.76,563.104,166.33,1266.98,30
HCPCS,J7527,EVEROLIMUS 0.5 MG TABS 60 EACH BOX,131.58,52.632,1.78,118.42,30
HCPCS,J7527,EVEROLIMUS 0.75 MG TABS 60 EACH BOX,197.38,78.952,1.78,177.64,15
HCPCS,J7605,ARFORMOTEROL 15 MCG/2ML NEBU 2 ML PLAS CONT,101.8,40.72,0.92,106.37,45
HCPCS,J7606,FORMOTEROL 20 MCG/2ML NEBU 2 ML PLAS CONT,126.65,50.66,1.7,113.99,17
HCPCS,J7608,ACETYLCYSTEINE 10 % SOLN 10 ML GLASS CONT,20.74,8.296,4.85,18.67,15
HCPCS,J7608,ACETYLCYSTEINE 10 % SOLN 30 ML GLASS CONT,8.05,3.22,3.22,8.05,15
HCPCS,J7608,ACETYLCYSTEINE 10 % SOLN 4 ML GLASS CONT,43.68,17.472,4.85,39.31,60
HCPCS,J7608,ACETYLCYSTEINE 20 % SOLN 10 ML VIAL,103.7,41.48,4.85,93.33,15
HCPCS,J7608,ACETYLCYSTEINE 20 % SOLN 30 ML VIAL,177.9,71.16,4.85,160.11,30
HCPCS,J7608,ACETYLCYSTEINE 20 % SOLN 4 ML VIAL,95.82,38.328,4.85,86.24,60
HCPCS,J7611,ALBUTEROL 0.5 % NEBU 0.5 ML PLAS CONT,3.0,1.2,0.16,2.7,17
HCPCS,J7611,ALBUTEROL 0.5 % NEBU 20 ML BOTTLE,3.0,1.2,0.16,2.7,17
HCPCS,J7611,ALBUTEROL 0.5 % NEBU 20 ML VIAL,3.0,1.2,0.16,2.7,17
HCPCS,J7611,ALBUTEROL 0.5 % NEBU 5 ML PLAS CONT,6.0,2.4,0.16,5.4,17
HCPCS,J7612,LEVALBUTEROL 0.63 MG/3ML NEBU 3 ML PLAS CONT,32.16,12.864,0.33,28.94,15
HCPCS,J7612,LEVALBUTEROL 1.25 MG/3ML NEBU 3 ML PLAS CONT,32.16,12.864,0.33,28.94,15
HCPCS,J7613,ALBUTEROL (2.5 MG/3ML) 0.083% NEBU 3 ML PLAS CONT,3.0,1.2,0.04,5.99,136
HCPCS,J7613,ALBUTEROL 0.63 MG/3ML NEBU 3 ML PLAS CONT,8.3,3.32,0.04,7.47,17
HCPCS,J7613,ALBUTEROL 1.25 MG/3ML NEBU 3 ML PLAS CONT,7.97,3.188,0.04,7.47,68
HCPCS,J7614,LEVALBUTEROL 0.63 MG/3ML NEBU 3 ML PLAS CONT,32.19,12.876,0.05,30.19,60
HCPCS,J7614,LEVALBUTEROL 1.25 MG/3ML NEBU 3 ML BOX,10.01,4.004,0.05,9.01,15
HCPCS,J7614,LEVALBUTEROL 1.25 MG/3ML NEBU 3 ML PLAS CONT,33.54,13.416,0.05,30.19,45
HCPCS,J7620,IPRATROPIUM-ALBUTEROL 0.5-2.5 (3) MG/3ML SOLN 3 ML PLAS CONT,10.52,4.208,0.19,10.36,120
HCPCS,J7626,BUDESONIDE 0.25 MG/2 ML SUSP 2 ML PLAS CONT,61.54,24.616,1.09,55.39,17
HCPCS,J7626,BUDESONIDE 0.25 MG/2ML SUSP 2 ML PLAS CONT,52.29,20.916,1.09,47.06,102
HCPCS,J7626,BUDESONIDE 0.5 MG/2ML SUSP 2 ML PLAS CONT,56.0,22.4,1.09,50.4,85
HCPCS,J7626,BUDESONIDE 1 MG/2ML SUSP 2 ML PLAS CONT,60.0,24.0,1.09,110.79,102
HCPCS,J7631,CROMOLYN 20 MG/2ML NEBU 2 ML PLAS CONT,33.99,13.596,0.55,30.59,17
HCPCS,J7639,DORNASE ALPHA 2.5 MG/2.5ML SOLN 2.5 ML PLAS CONT,760.61,304.244,39.28,684.55,34
HCPCS,J7644,IPRATROPIUM 0.02 % SOLN 2.5 ML PLAS CONT,6.6,2.64,0.35,7.92,102
HCPCS,J7674,METHACHOLINE 100 MG SOLR 1 EACH VIAL,502.32,200.928,200.93,452.09,17
HCPCS,J7682,TOBRAMYCIN (PF) 300 MG/5ML NEBU 5 ML PLAS CONT,852.45,340.98,15.68,767.21,15
HCPCS,J7682,TOBRAMYCIN 300 MG/4ML NEBU 4 ML PLAS CONT,573.16,229.264,15.68,548.77,30
HCPCS,J8499,BOSENTAN 62.5 MG TABS 30 EACH BOX,1271.09,508.436,8.74,1143.98,14
HCPCS,J8499,IVABRADINE 5 MG TABS 60 EACH BOTTLE,62.6,25.04,8.74,56.34,17
HCPCS,J8499,LEDIPASVIR-SOFOSBUVIR 90-400 MG TABS 28 EACH BOTTLE,5670.0,2268.0,8.74,5103.0,14
HCPCS,J8501,APREPITANT 40 MG CAPS 1 EACH BOX,505.72,202.288,3.55,455.15,30
HCPCS,J8501,APREPITANT 40 MG CAPS 5 EACH BOX,505.71,202.284,3.55,455.14,15
HCPCS,J8501,APREPITANT 80 AND 125 MG MISC 3 EACH DISP PACK,1424.82,569.928,3.55,1282.34,15
HCPCS,J8501,APREPITANT 80 MG CAPS 6 EACH BOX,937.3,374.92,374.92,843.57,34
HCPCS,J8510,BUSULFAN 2 MG TABS 25 EACH BOTTLE,1657.99,663.196,10.12,1492.19,30
HCPCS,J8522,CAPECITABINE 150 MG TABS 60 EACH BOTTLE,81.35,32.54,0.04,73.22,30
HCPCS,J8522,CAPECITABINE 500 MG TABS 120 EACH BOTTLE,195.6,78.24,0.04,176.04,30
HCPCS,J8522,CAPECITABINE 500 MG TABS 20 EACH BOX,75.0,30.0,0.04,67.5,30
HCPCS,J8530,CYCLOPHOSPHAMIDE 25 MG CAPS 100 EACH BOTTLE,46.0,18.4,18.4,42.13,34
HCPCS,J8530,CYCLOPHOSPHAMIDE 50 MG CAPS 100 EACH BOTTLE,82.47,32.988,32.99,79.88,34
HCPCS,J8540,DEXAMETHASONE 0.5 MG TABS 100 EACH BOTTLE,3.0,1.2,1.2,2.7,17
HCPCS,J8540,DEXAMETHASONE 0.5 MG TABS 100 EACH BOX,3.0,1.2,1.2,2.7,17
HCPCS,J8540,DEXAMETHASONE 0.75 MG TABS 100 EACH BOX,3.0,1.2,1.2,2.7,17
HCPCS,J8540,DEXAMETHASONE 1 MG TABS 100 EACH BOTTLE,3.0,1.2,1.2,2.7,17
HCPCS,J8540,DEXAMETHASONE 1 MG TABS 100 EACH BOX,3.0,1.2,1.2,2.7,17
HCPCS,J8540,DEXAMETHASONE 1 MG/ML CONC 30 ML BOTTLE,160.8,64.32,64.32,144.72,17
HCPCS,J8540,DEXAMETHASONE 1 MG/ML CONC 4 ML ORAL SYRINGE,21.44,8.576,8.58,19.3,17
HCPCS,J8540,DEXAMETHASONE 2 MG TABS 1 EACH,4.3,1.72,1.72,3.87,17
HCPCS,J8540,DEXAMETHASONE 2 MG TABS 100 EACH BOTTLE,3.0,1.2,1.2,2.7,17
HCPCS,J8540,DEXAMETHASONE 2 MG TABS 100 EACH BOX,3.71,1.484,1.48,3.87,34
HCPCS,J8540,DEXAMETHASONE 4 MG TABS 1 EACH,6.03,2.412,2.41,5.43,34
HCPCS,J8540,DEXAMETHASONE 4 MG TABS 100 EACH BOTTLE,5.95,2.38,2.38,5.36,17
HCPCS,J8540,DEXAMETHASONE 4 MG TABS 100 EACH BOX,6.03,2.412,2.41,5.43,51
HCPCS,J8560,ETOPOSIDE 50 MG CAPS 20 EACH BOX,477.77,191.108,77.46,429.99,28
HCPCS,J8600,MELPHALAN 2 MG TABS 50 EACH BOTTLE,61.06,24.424,8.24,54.95,17
HCPCS,J8610,METHOTREXATE 2.5 MG TABS 50 EACH BOX,17.82,7.128,7.13,16.04,17
HCPCS,J8670,ROLAPITANT 2 X 90 MG TBPK 2 EACH DISP PACK,1829.31,731.724,1.65,1646.38,30
HCPCS,J8700,TEMOZOLOMIDE 100 MG CAPS 5 EACH BOTTLE,1323.7,529.48,0.59,1191.33,15
HCPCS,J8700,TEMOZOLOMIDE 20 MG CAPS 14 EACH BOTTLE,287.77,115.108,0.59,258.99,45
HCPCS,J8700,TEMOZOLOMIDE 20 MG CAPS 5 EACH BOTTLE,287.81,115.124,0.59,259.03,30
HCPCS,J8700,TEMOZOLOMIDE 250 MG CAPS 5 EACH BOTTLE,3022.32,1208.928,0.59,2720.09,30
HCPCS,J8700,TEMOZOLOMIDE 5 MG CAPS 14 EACH BOTTLE,70.76,28.304,0.59,63.68,15
HCPCS,J8700,TEMOZOLOMIDE 5 MG CAPS 5 EACH BOTTLE,71.43,28.572,0.59,64.29,45
HCPCS,J8705,TOPOTECAN HCL 0.25 MG CAPS 10 EACH BOTTLE,669.99,267.996,124.83,602.99,22
HCPCS,J8705,TOPOTECAN HCL 1 MG CAPS 10 EACH BOTTLE,2446.89,978.756,124.83,2202.2,22
HCPCS,J8999,ABIRATERONE 250 MG TABS 1 EACH,30.0,12.0,12.0,27.0,14
HCPCS,J8999,ABIRATERONE 250 MG TABS 30 EACH BOX,30.0,12.0,12.0,72.0,28
HCPCS,J8999,ERLOTINIB 100 MG TABS 30 EACH BOTTLE,1374.85,549.94,549.94,1237.37,17
HCPCS,J8999,LOMUSTINE 10 MG CAPS 5 EACH BOTTLE,670.62,268.248,268.25,603.56,14
HCPCS,J8999,LOMUSTINE 100 MG CAPS 5 EACH BOTTLE,6760.95,2704.38,2636.77,6084.86,14
HCPCS,J8999,LOMUSTINE 40 MG CAPS 5 EACH BOTTLE,2449.17,979.668,979.67,2204.25,14
HCPCS,J8999,MIDOSTAURIN 25 MG CAPS 112 EACH BOX,1202.9,481.16,481.16,1082.61,14
HCPCS,J8999,MIDOSTAURIN 25 MG CAPS 56 EACH BOX,1202.9,481.16,481.16,1082.61,14
HCPCS,J9000,DOXORUBICIN 2 MG/ML SOLN 100 ML VIAL,840.0,336.0,3.93,756.0,60
HCPCS,J9000,DOXORUBICIN 2 MG/ML SOLN 25 ML VIAL,147.38,58.952,3.93,132.64,15
HCPCS,J9000,DOXORUBICIN 50 MG SOLR 1 EACH VIAL,1451.94,580.776,3.93,1306.75,45
HCPCS,J9011,DATOPOTAMAB DERUXTECAN-DLNK 100 MG SOLR 1 EACH VIAL,25143.26,10057.304,51.56,22628.93,28
HCPCS,J9015,ALDESLEUKIN 22000000 UNITS SOLR 1 EACH VIAL,27979.39,11191.756,2778.24,25181.45,30
HCPCS,J9017,ARSENIC TRIOXIDE 10 MG/10ML SOLN 10 ML VIAL,3373.45,1349.38,4.82,3036.11,23
HCPCS,J9017,ARSENIC TRIOXIDE 12 MG/6ML SOLN 6 ML VIAL,2974.65,1189.86,4.82,2677.19,69
HCPCS,J9021,ASPARAGINASE ERWINIA CHRY-RYWN 10 MG/0.5ML SOLN 0.5 ML VIAL,26762.4,10704.96,42.12,24086.16,30
HCPCS,J9022,ATEZOLIZUMAB 1200 MG/20ML SOLN 20 ML VIAL,60162.73,24065.092,73.27,54146.46,30
HCPCS,J9022,ATEZOLIZUMAB 840 MG/14ML SOLN 14 ML VIAL,42113.97,16845.588,73.27,37902.57,30
HCPCS,J9023,AVELUMAB 200 MG/10ML SOLN 10 ML VIAL,11558.97,4623.588,72.19,10403.07,30
HCPCS,J9024,ATEZOLIZUMAB-HYALURONIDASE-TQJS 1875-30000 MG-UT/15ML SOLN 15 ML VIAL,60162.67,24065.068,23.4,54146.4,30
HCPCS,J9025,AZACITIDINE 100 MG SUSR 1 EACH VIAL,2594.0,1037.6,0.74,2334.6,30
HCPCS,J9026,TARLATAMAB-DLLE 1 MG SOLR 1 EACH VIAL,7560.0,3024.0,1170.0,6804.0,30
HCPCS,J9026,TARLATAMAB-DLLE 10 MG SOLR 1 EACH VIAL,75600.0,30240.0,1170.0,68040.0,30
HCPCS,J9027,CLOFARABINE 1 MG/ML SOLN 20 ML VIAL,10488.0,4195.2,4.19,17708.1,120
HCPCS,J9030,BCG LIVE 50 MG SUSR 1 EACH VIAL,1004.46,401.784,3.26,904.01,22
HCPCS,J9032,BELINOSTAT 500 MG SOLR 1 EACH VIAL,12943.9,5177.56,31.44,11649.51,30
HCPCS,J9035,BEVACIZUMAB 100 MG/4ML SOLN 4 ML VIAL,4399.13,1759.652,73.2,3959.22,60
HCPCS,J9035,BEVACIZUMAB 400 MG/16ML SOLN 16 ML VIAL,17596.44,7038.576,73.2,15836.8,60
HCPCS,J9036,BENDAMUSTINE HCL 100 MG/4ML SOLN 4 ML VIAL,16499.62,6599.848,12.28,14849.66,60
HCPCS,J9037,BELANTAMAB MAFODOTIN-BLMF 100 MG SOLR 1 EACH VIAL,44485.39,17794.156,17349.3,40036.85,14
HCPCS,J9038,AXATILIMAB-CSFR 22 MG/0.44ML SOLN 0.44 ML VIAL,59099.04,23639.616,40.95,53189.14,30
HCPCS,J9038,AXATILIMAB-CSFR 9 MG/0.18ML SOLN 0.18 ML VIAL,24176.88,9670.752,40.95,21759.19,30
HCPCS,J9039,BLINATUMOMAB 35 MCG SOLR 1 EACH VIAL,28006.1,11202.44,91.46,25205.49,30
HCPCS,J9040,BLEOMYCIN 15 UNITS SOLR 1 EACH VIAL,302.75,121.1,27.98,272.48,15
HCPCS,J9040,BLEOMYCIN 30 UNITS SOLR 1 EACH VIAL,585.67,234.268,27.98,527.1,30
HCPCS,J9041,BORTEZOMIB 3.5 MG SOLR 1 EACH VIAL,8079.12,3231.648,3.63,7271.21,90
HCPCS,J9042,BRENTUXIMAB VEDOTIN 50 MG SOLR 1 EACH VIAL,66377.6,26551.04,121.5,59739.84,30
HCPCS,J9043,CABAZITAXEL 60 MG/1.5ML SOLN 6 ML VIAL,71298.61,28519.444,152.78,64168.75,30
HCPCS,J9045,CARBOPLATIN 450 MG/45ML SOLN 45 ML VIAL,256.5,102.6,3.21,350.94,45
HCPCS,J9045,CARBOPLATIN 50 MG/5ML SOLN 15 ML VIAL,126.0,50.4,3.21,113.4,15
HCPCS,J9045,CARBOPLATIN 50 MG/5ML SOLN 5 ML VIAL,115.0,46.0,3.21,103.5,15
HCPCS,J9045,CARBOPLATIN 600 MG/60ML SOLN 60 ML VIAL,301.2,120.48,3.21,387.18,60
HCPCS,J9047,CARFILZOMIB 10 MG SOLR 1 EACH VIAL,2971.25,1188.5,30.66,2674.13,30
HCPCS,J9047,CARFILZOMIB 30 MG SOLR 1 EACH VIAL,8913.74,3565.496,30.66,8022.37,30
HCPCS,J9047,CARFILZOMIB 60 MG SOLR 1 EACH VIAL,17827.45,7130.98,30.66,16044.71,30
HCPCS,J9050,CARMUSTINE 100 MG SOLR 1 EACH VIAL,2721.6,1088.64,145.6,3402.0,60
HCPCS,J9055,CETUXIMAB 100 MG/50ML SOLN 50 ML VIAL,5094.25,2037.7,53.73,4584.83,30
HCPCS,J9055,CETUXIMAB 200 MG/100ML SOLN 100 ML VIAL,10188.5,4075.4,53.73,9169.65,30
HCPCS,J9057,COPANLISIB HCL 60 MG SOLR 1 EACH VIAL,26478.14,10591.256,73.18,23830.33,21
HCPCS,J9060,CISPLATIN 100 MG/100ML SOLN 100 ML VIAL,216.5,86.6,2.98,222.3,30
HCPCS,J9060,CISPLATIN 200 MG/200ML SOLN 200 ML VIAL,494.0,197.6,2.98,444.6,15
HCPCS,J9060,CISPLATIN 50 MG/50ML SOLN 50 ML VIAL,121.0,48.4,2.98,108.9,15
HCPCS,J9061,AMIVANTAMAB-VMJW 350 MG/7ML SOLN 7 ML VIAL,19185.68,7674.272,17.27,17267.11,30
HCPCS,J9063,MIRVETUXIMAB SORAVTANSINE-GYNX 100 MG/20ML SOLN 20 ML VIAL,34183.04,13673.216,57.1,30764.74,30
HCPCS,J9065,CLADRIBINE 10 MG/10ML SOLN 10 ML VIAL,1500.0,600.0,10.31,2349.0,90
HCPCS,J9071,CYCLOPHOSPHAMIDE 1 GM/5ML SOLN 5 ML VIAL,1500.0,600.0,0.63,1350.0,30
HCPCS,J9075,CYCLOPHOSPHAMIDE 1 G SOLR 1 EACH VIAL,2366.2,946.48,0.48,2129.58,30
HCPCS,J9075,CYCLOPHOSPHAMIDE 2 G SOLR 1 EACH VIAL,7383.6,2953.44,0.48,6645.24,60
HCPCS,J9075,CYCLOPHOSPHAMIDE 500 MG SOLR 1 EACH VIAL,2021.7,808.68,0.48,1819.53,30
HCPCS,J9100,CYTARABINE (PF) 100 MG/ML SOLN 20 ML VIAL,125.4,50.16,1.08,112.86,60
HCPCS,J9100,CYTARABINE (PF) 20 MG/ML SOLN 5 ML VIAL,115.0,46.0,1.08,103.5,15
HCPCS,J9100,CYTARABINE (PF) 20 MG/ML SOLN 50 ML VIAL,115.0,46.0,1.08,103.5,15
HCPCS,J9118,CALASPARGASE PEGOL-MKNL 3750 UNIT/5ML SOLN 5 ML VIAL,150000.65,60000.26,64.97,135000.59,22
HCPCS,J9119,CEMIPLIMAB-RWLC 350 MG/7ML SOLN 7 ML VIAL,57126.64,22850.656,24.96,51413.98,30
HCPCS,J9120,DACTINOMYCIN 0.5 MG SOLR 1 EACH VIAL,7654.87,3061.948,289.0,6889.38,60
HCPCS,J9130,DACARBAZINE 100 MG SOLR 1 EACH VIAL,115.0,46.0,4.49,103.5,15
HCPCS,J9130,DACARBAZINE 200 MG SOLR 1 EACH VIAL,115.0,46.0,4.49,103.5,45
HCPCS,J9144,DARATUMUMAB-HYALURONIDASE-FIHJ 1800-30000 MG-UT/15ML SOLN 15 ML VIAL,53282.19,21312.876,40.4,47953.97,30
HCPCS,J9145,DARATUMUMAB 100 MG/5ML SOLN 5 ML VIAL,4281.5,1712.6,44.41,3853.35,30
HCPCS,J9145,DARATUMUMAB 400 MG/20ML SOLN 20 ML VIAL,17125.71,6850.284,44.41,15413.14,60
HCPCS,J9150,DAUNORUBICIN HCL 20 MG/4ML SOLN 4 ML VIAL,804.86,321.944,20.95,724.37,69
HCPCS,J9153,DAUNORUBICIN-CYTARABINE LIPO 44-100 MG SUSR 1 EACH VIAL,55339.2,22135.68,174.16,49805.28,30
HCPCS,J9155,DEGARELIX ACETATE 120 MG/VIAL SOLR 1 EACH VIAL,3840.94,1536.376,4.41,3456.85,30
HCPCS,J9155,DEGARELIX ACETATE 80 MG SOLR 1 EACH VIAL,2461.79,984.716,4.41,2215.61,30
HCPCS,J9171,DOCETAXEL 160 MG/16ML SOLN 16 ML VIAL,3300.0,1320.0,0.78,2970.0,15
HCPCS,J9171,DOCETAXEL 20 MG/2ML SOLN 2 ML VIAL,418.7,167.48,0.78,376.83,15
HCPCS,J9171,DOCETAXEL 20 MG/ML CONC 1 ML VIAL,601.68,240.672,0.78,541.51,15
HCPCS,J9171,DOCETAXEL 80 MG/4ML CONC 4 ML VIAL,2401.2,960.48,0.78,2161.08,15
HCPCS,J9171,DOCETAXEL 80 MG/8ML SOLN 8 ML VIAL,6983.57,2793.428,0.78,6285.21,45
HCPCS,J9173,DURVALUMAB 120 MG/2.4ML SOLN 2.4 ML VIAL,5324.72,2129.888,67.3,4792.25,30
HCPCS,J9173,DURVALUMAB 500 MG/10ML SOLN 10 ML VIAL,22186.25,8874.5,67.3,19967.63,30
HCPCS,J9176,ELOTUZUMAB 300 MG SOLR 1 EACH VIAL,11932.66,4773.064,5.68,10739.39,30
HCPCS,J9176,ELOTUZUMAB 400 MG SOLR 1 EACH VIAL,15910.06,6364.024,5.68,14319.05,30
HCPCS,J9177,ENFORTUMAB VEDOTIN-EJFV 20 MG SOLR 1 EACH VIAL,14157.36,5662.944,25.32,12741.62,30
HCPCS,J9177,ENFORTUMAB VEDOTIN-EJFV 30 MG SOLR 1 EACH VIAL,21236.04,8494.416,25.32,19112.44,30
HCPCS,J9178,EPIRUBICIN 200 MG/100ML SOLN 100 ML VIAL,1405.0,562.0,2.74,1264.5,15
HCPCS,J9178,EPIRUBICIN 50 MG/25ML SOLN 25 ML VIAL,288.5,115.4,2.74,259.65,15
HCPCS,J9179,ERIBULIN MESYLATE 1 MG/2ML SOLN 2 ML VIAL,7106.4,2842.56,85.0,6395.76,30
HCPCS,J9181,ETOPOSIDE 1 GM/50ML SOLN 50 ML VIAL,568.5,227.4,1.22,511.65,30
HCPCS,J9181,ETOPOSIDE 100 MG/5ML SOLN 5 ML VIAL,115.0,46.0,1.22,103.5,45
HCPCS,J9181,ETOPOSIDE 500 MG/25ML SOLN 25 ML VIAL,373.13,149.252,1.22,335.82,15
HCPCS,J9181,ETOPOSIDE PHOSPHATE 100 MG SOLR 1 EACH VIAL,940.33,376.132,1.22,846.3,15
HCPCS,J9185,FLUDARABINE 50 MG SOLR 1 EACH VIAL,607.2,242.88,75.95,546.48,46
HCPCS,J9185,FLUDARABINE 50 MG/2ML SOLN 2 ML VIAL,1500.8,600.32,75.95,1350.72,23
HCPCS,J9190,FLUOROURACIL 1 GM/20ML SOLN 20 ML VIAL,143.5,57.4,2.59,129.15,15
HCPCS,J9190,FLUOROURACIL 2.5 GM/50ML SOLN 50 ML VIAL,115.0,46.0,2.59,103.5,15
HCPCS,J9190,FLUOROURACIL 5 GM/100ML SOLN 100 ML VIAL,176.0,70.4,2.59,309.6,60
HCPCS,J9190,FLUOROURACIL 500 MG/10ML SOLN 10 ML VIAL,115.0,46.0,2.59,103.5,45
HCPCS,J9201,GEMCITABINE 1 G SOLR 1 EACH VIAL,297.9,119.16,4.07,268.11,15
HCPCS,J9201,GEMCITABINE HCL 1 GM/26.3ML SOLN 26.3 ML VIAL,271.81,108.724,4.07,244.63,15
HCPCS,J9201,GEMCITABINE HCL 2 GM/52.6ML SOLN 52.6 ML VIAL,481.29,192.516,4.07,433.16,15
HCPCS,J9202,GOSERELIN 10.8 MG IMPL 1 EACH BOX,16193.06,6477.224,528.48,14573.75,24
HCPCS,J9202,GOSERELIN 3.6 MG IMPL 1 EACH SYRINGE,5942.24,2376.896,528.48,5348.02,24
HCPCS,J9203,GEMTUZUMAB OZOGAMICIN 4.5 MG SOLR 1 EACH VIAL,52927.81,21171.124,195.01,47635.03,30
HCPCS,J9204,MOGAMULIZUMAB-KPKC 20 MG/5ML SOLN 5 ML VIAL,24585.33,9834.132,181.92,22126.8,30
HCPCS,J9205,IRINOTECAN HCL LIPOSOME 43 MG/10ML SUSP 10 ML VIAL,16852.56,6741.024,36.17,15167.3,30
HCPCS,J9206,IRINOTECAN 500 MG/25ML SOLN 25 ML VIAL,1000.5,400.2,2.28,900.45,15
HCPCS,J9206,IRINOTECAN HCL 100 MG/5ML SOLN 5 ML VIAL,115.0,46.0,2.28,162.32,30
HCPCS,J9206,IRINOTECAN HCL 40 MG/2ML SOLN 2 ML VIAL,115.0,46.0,2.28,103.5,15
HCPCS,J9207,IXABEPILONE 15 MG SOLR 1 EACH VIAL,10153.37,4061.348,71.93,9138.03,30
HCPCS,J9207,IXABEPILONE 45 MG SOLR 1 EACH VIAL,30460.16,12184.064,71.93,27414.14,30
HCPCS,J9208,IFOSFAMIDE 1 G SOLR 1 EACH VIAL,348.3,139.32,32.76,313.47,15
HCPCS,J9208,IFOSFAMIDE 3 G SOLR 1 EACH VIAL,593.63,237.452,32.76,534.27,15
HCPCS,J9208,IFOSFAMIDE 3 GM/60ML SOLN 60 ML VIAL,645.3,258.12,32.76,580.77,15
HCPCS,J9209,MESNA 100 MG/ML SOLN 10 ML VIAL,150.0,60.0,2.42,135.0,30
HCPCS,J9210,EMAPALUMAB-LZSG 50 MG/10ML SOLN 10 ML VIAL,93517.2,37406.88,303.93,84165.48,30
HCPCS,J9211,IDARUBICIN HCL 10 MG/10ML SOLN 10 ML VIAL,803.3,321.32,47.67,722.97,15
HCPCS,J9211,IDARUBICIN HCL 5 MG/5ML SOLN 5 ML VIAL,323.4,129.36,47.67,291.06,15
HCPCS,J9215,INTERFERON ALFA-N3 5000000 UNIT/ML SOLN 1 ML VIAL,3036.14,1214.456,31.8,2732.53,15
HCPCS,J9216,INTERFERON GAMMA-1B 100 MCG/0.5ML SOLN 0.5 ML VIAL,28424.44,11369.776,8222.78,25582.0,21
HCPCS,J9217,LEUPROLIDE 22.5 MG KIT 1 EACH BOX,6829.54,2731.816,164.75,29206.77,90
HCPCS,J9217,LEUPROLIDE 30 MG KIT 1 EACH BOX,43269.41,17307.764,164.75,38942.47,30
HCPCS,J9217,LEUPROLIDE 45 MG KIT 1 EACH BOX,13659.07,5463.628,164.75,12293.16,30
HCPCS,J9217,LEUPROLIDE 7.5 MG KIT 1 EACH BOX,10817.39,4326.956,164.75,9735.65,30
HCPCS,J9217,LEUPROLIDE ACETATE (4 MONTH) 30 MG KIT 1 EACH BOX,9106.06,3642.424,164.75,8195.45,30
HCPCS,J9217,LEUPROLIDE ACETATE (6 MONTH) 45 MG KIT 1 EACH BOX,64905.08,25962.032,164.75,58414.57,30
HCPCS,J9217,LEUPROLIDE ACETATE 7.5 MG KIT 1 EACH BOX,2276.53,910.612,168.61,2048.88,30
HCPCS,J9218,LEUPROLIDE ACETATE 1 MG/0.2ML KIT 1 EACH BOX,3742.2,1496.88,66.85,3367.98,15
HCPCS,J9223,LURBINECTEDIN 4 MG SOLR 1 EACH VIAL,41580.0,16632.0,159.19,37422.0,30
HCPCS,J9227,ISATUXIMAB-IRFC 100 MG/5ML SOLN 5 ML VIAL,5114.0,2045.6,62.4,4602.6,30
HCPCS,J9227,ISATUXIMAB-IRFC 500 MG/25ML SOLN 25 ML VIAL,25570.37,10228.148,62.4,23013.33,30
HCPCS,J9228,IPILIMUMAB 200 MG/40ML SOLN 40 ML VIAL,186194.06,74477.624,129.77,167574.65,30
HCPCS,J9228,IPILIMUMAB 50 MG/10ML SOLN 10 ML VIAL,46548.6,18619.44,129.77,41893.74,30
HCPCS,J9229,INOTUZUMAB OZOGAMICIN 0.9 MG SOLR 1 EACH VIAL,122947.1,49178.84,1994.66,110652.39,30
HCPCS,J9245,MELPHALAN 50 MG SOLR 1 EACH VIAL,12632.13,5052.852,95.9,11368.92,120
HCPCS,J9247,MELPHALAN FLUFENAMIDE 20 MG SOLR 1 EACH VIAL,47880.0,19152.0,19152.0,43092.0,14
HCPCS,J9260,METHOTREXATE (PF) 50 MG/2ML SOLN 2 ML VIAL,115.0,46.0,3.67,103.5,15
HCPCS,J9260,METHOTREXATE 1 G SOLR 1 EACH VIAL,351.07,140.428,3.67,315.96,15
HCPCS,J9260,METHOTREXATE SODIUM (PF) 100 MG/4ML SOLN 10 ML VIAL,115.0,46.0,3.67,103.5,15
HCPCS,J9260,METHOTREXATE SODIUM (PF) 100 MG/4ML SOLN 40 ML VIAL,231.4,92.56,3.67,208.26,30
HCPCS,J9260,METHOTREXATE SODIUM 50 MG/2ML SOLN 2 ML VIAL,115.0,46.0,3.67,103.5,15
HCPCS,J9261,NELARABINE 5 MG/ML SOLN 50 ML VIAL,3960.0,1584.0,67.18,4364.1,120
HCPCS,J9263,OXALIPLATIN 100 MG/20ML SOLN 20 ML VIAL,2121.9,848.76,0.1,1909.71,45
HCPCS,J9263,OXALIPLATIN 50 MG/10ML SOLN 10 ML VIAL,300.0,120.0,0.1,954.86,45
HCPCS,J9264,PACLITAXEL-PROTEIN BOUND 100 MG SUSR 1 EACH VIAL,7963.49,3185.396,10.54,7167.14,30
HCPCS,J9266,PEGASPARGASE 750 UNIT/ML SOLN 5 ML VIAL,138527.09,55410.836,12928.48,124674.38,30
HCPCS,J9267,PACLITAXEL 300 MG/50ML CONC 50 ML VIAL,360.0,144.0,0.18,540.0,45
HCPCS,J9267,PACLITAXEL 6 MG/ML CONC 16.7 ML VIAL,199.98,79.992,0.18,179.98,15
HCPCS,J9268,PENTOSTATIN 10 MG SOLR 1 EACH VIAL,15395.02,6158.008,1940.21,13855.52,30
HCPCS,J9269,TAGRAXOFUSP-ERZS 1000 MCG/ML SOLN 1 ML VIAL,170133.52,68053.408,245.08,153120.17,30
HCPCS,J9271,PEMBROLIZUMAB 100 MG/4ML SOLN 4 ML VIAL,30319.04,12127.616,42.06,27287.14,60
HCPCS,J9272,DOSTARLIMAB-GXLY 500 MG/10ML SOLN 10 ML VIAL,61845.25,24738.1,204.05,55660.73,30
HCPCS,J9273,TISOTUMAB VEDOTIN-TFTV 40 MG SOLR 1 EACH VIAL,37300.03,14920.012,146.74,33570.03,30
HCPCS,J9274,TEBENTAFUSP-TEBN 100 MCG/0.5ML SOLN 0.5 ML VIAL,108410.4,43364.16,182.34,97569.36,30
HCPCS,J9280,MITOMYCIN 10 MG SOLR 10 ML VIAL,7783.2,3113.28,20.35,7004.88,30
HCPCS,J9280,MITOMYCIN 20 MG SOLR 1 EACH VIAL,2570.4,1028.16,20.35,2675.56,90
HCPCS,J9280,MITOMYCIN 40 MG SOLR 1 EACH VIAL,5945.69,2378.276,20.35,5351.12,60
HCPCS,J9280,MITOMYCIN 5 MG SOLR 1 EACH VIAL,1253.32,501.328,20.35,1127.99,30
HCPCS,J9286,GLOFITAMAB-GXBM 10 MG/10ML SOLN 10 ML VIAL,55459.87,22183.948,2299.27,49913.88,30
HCPCS,J9286,GLOFITAMAB-GXBM 2.5 MG/2.5ML SOLN 2.5 ML VIAL,13864.87,5545.948,2299.27,12478.38,30
HCPCS,J9289,NIVOLUMAB-HYALURONIDASE-NVHY 600-10000 MG-UT/5ML SOLN 5 ML VIAL,40833.79,16333.516,20.24,36750.41,30
HCPCS,J9293,MITOXANTRONE HCL 20 MG/10ML CONC 10 ML VIAL,2445.95,978.38,23.88,2201.36,60
HCPCS,J9293,MITOXANTRONE HCL 25 MG/12.5ML CONC 12.5 ML VIAL,1190.65,476.26,23.88,1071.59,30
HCPCS,J9298,NIVOLUMAB-RELATLIMAB-RMBW 240-80 MG/20ML SOLN 20 ML VIAL,79281.3,31712.52,163.49,71353.17,30
HCPCS,J9299,NIVOLUMAB 100 MG/10ML SOLN 10 ML VIAL,18634.37,7453.748,23.72,16770.93,30
HCPCS,J9299,NIVOLUMAB 240 MG/24ML SOLN 24 ML VIAL,44722.71,17889.084,23.72,40250.44,30
HCPCS,J9299,NIVOLUMAB 40 MG/4ML SOLN 4 ML VIAL,7453.84,2981.536,23.72,6708.46,30
HCPCS,J9301,OBINUTUZUMAB 1000 MG/40ML SOLN 40 ML VIAL,52165.66,20866.264,53.74,46949.09,30
HCPCS,J9302,OFATUMUMAB 100 MG/5ML CONC 5 ML VIAL,3330.49,1332.196,49.97,2997.44,30
HCPCS,J9303,PANITUMUMAB 100 MG/5ML SOLN 5 ML VIAL,9130.72,3652.288,104.62,8217.65,30
HCPCS,J9303,PANITUMUMAB 400 MG/20ML SOLN 20 ML VIAL,36522.86,14609.144,104.62,32870.57,30
HCPCS,J9305,PEMETREXED 500 MG SOLR 1 EACH VIAL,20376.72,8150.688,3.77,18339.05,60
HCPCS,J9305,PEMETREXED DISODIUM 100 MG SOLR 1 EACH VIAL,4075.34,1630.136,3.77,3667.81,30
HCPCS,J9306,PERTUZUMAB 420 MG/14ML SOLN 14 ML VIAL,34718.99,13887.596,10.18,31247.09,30
HCPCS,J9307,PRALATREXATE 20 MG/ML SOLN 1 ML VIAL,34209.08,13683.632,216.16,30788.17,30
HCPCS,J9307,PRALATREXATE 40 MG/2ML SOLN 2 ML VIAL,68418.21,27367.284,216.16,61576.39,30
HCPCS,J9308,RAMUCIRUMAB 100 MG/10ML SOLN 10 ML VIAL,8408.62,3363.448,51.45,7567.76,30
HCPCS,J9308,RAMUCIRUMAB 500 MG/50ML SOLN 50 ML VIAL,42043.08,16817.232,51.45,37838.77,30
HCPCS,J9309,POLATUZUMAB VEDOTIN-PIIQ 140 MG SOLR 1 EACH VIAL,99429.58,39771.832,102.86,89486.62,30
HCPCS,J9309,POLATUZUMAB VEDOTIN-PIIQ 30 MG SOLR 1 EACH VIAL,21306.39,8522.556,102.86,19175.75,30
HCPCS,J9311,RITUXIMAB-HYALURONIDASE HUMAN 1400-23400 MG -UT/11.7ML SOLN 11.7 ML VIAL,33145.96,13258.384,36.69,29831.36,30
HCPCS,J9312,RITUXIMAB 100 MG/10ML SOLN 10 ML VIAL,518.61,207.444,75.22,466.75,30
HCPCS,J9312,RITUXIMAB 500 MG/50ML SOLN 50 ML VIAL,25930.66,10372.264,75.22,23337.59,30
HCPCS,J9316,PERTUZUMAB-TRASTUZUMAB-HYALURONIDASE-ZZXF 60-60-2000 MG-MG-U/ML SOLN 10 ML VIAL,48861.79,19544.716,62.1,43975.61,30
HCPCS,J9316,PERTUZUMAB-TRASTUZUMAB-HYALURONIDASE-ZZXF 80-40-2000 MG-MG-U/ML SOLN 15 ML VIAL,73295.52,29318.208,62.1,65965.97,30
HCPCS,J9317,SACITUZUMAB GOVITECAN-HZIY 180 MG SOLR 1 EACH VIAL,13178.42,5271.368,26.83,11860.58,30
HCPCS,J9319,INJECTION ROMIDEPSIN LYOPHILIZED 0.1 MG,84.0,33.6,28.52,84.0,30
HCPCS,J9319,ROMIDEPSIN 10 MG SOLR 1 EACH VIAL,16121.2,6448.48,28.52,14509.08,30
HCPCS,J9320,STREPTOZOCIN 1 G SOLR 1 EACH VIAL,1927.77,771.108,381.29,1734.99,21
HCPCS,J9321,EPCORITAMAB-BYSP 4 MG SOLN 0.8 ML VIAL,282.41,112.964,46.37,254.17,30
HCPCS,J9321,EPCORITAMAB-BYSP 48 MG/0.8ML SOLN 0.8 ML VIAL,84722.19,33888.876,46.37,76249.97,30
HCPCS,J9325,TALIMOGENE LAHERPAREPVEC 1000000 UNIT/ML SUSP 1 ML VIAL,385.66,154.264,44.73,347.09,30
HCPCS,J9325,TALIMOGENE LAHERPAREPVEC 100000000 UNIT/ML SUSP 1 ML VIAL,35208.39,14083.356,44.73,31687.55,30
HCPCS,J9328,TEMOZOLOMIDE 100 MG SOLR 1 EACH VIAL,5055.67,2022.268,7.31,4550.1,30
HCPCS,J9330,TEMSIROLIMUS 25 MG/ML SOLN 1 ML VIAL,10585.72,4234.288,26.71,9527.15,30
HCPCS,J9332,EFGARTIGIMOD ALFA-FCAB 400 MG/20ML SOLN 20 ML VIAL,31823.57,12729.428,27.31,28641.21,30
HCPCS,J9342,THIOTEPA 100 MG SOLR 1 EACH VIAL,9072.0,3628.8,10.54,8164.8,30
HCPCS,J9342,THIOTEPA 15 MG SOLR 1 EACH VIAL,3780.0,1512.0,10.54,3402.0,30
HCPCS,J9347,TREMELIMUMAB-ACTL 25 MG/1.25ML SOLN 1.25 ML VIAL,17817.16,7126.864,117.0,16035.44,30
HCPCS,J9347,TREMELIMUMAB-ACTL 300 MG/15ML SOLN 15 ML VIAL,213805.81,85522.324,117.0,192425.23,30
HCPCS,J9348,NAXITAMAB-GQGK 40 MG/10ML SOLN 10 ML VIAL,131372.14,52548.856,488.83,118234.93,24
HCPCS,J9349,TAFASITAMAB-CXIX 200 MG SOLR 1 EACH VIAL,7176.96,2870.784,11.52,6459.26,30
HCPCS,J9350,MOSUNETUZUMAB-AXGB 1 MG/ML SOLN 1 ML VIAL,3253.15,1301.26,542.67,2927.84,30
HCPCS,J9350,MOSUNETUZUMAB-AXGB 30 MG/30ML SOLN 30 ML VIAL,97596.58,39038.632,542.67,87836.92,30
HCPCS,J9351,TOPOTECAN 4 MG SOLR 1 EACH VIAL,1647.95,659.18,3.3,1483.16,15
HCPCS,J9351,TOPOTECAN HCL 4 MG/4ML SOLN 4 ML VIAL,2388.56,955.424,3.3,2149.7,45
HCPCS,J9352,TRABECTEDIN 1 MG SOLR 1 EACH VIAL,18594.28,7437.712,264.38,16734.85,24
HCPCS,J9353,MARGETUXIMAB-CMKB 250 MG/10ML SOLN 10 ML VIAL,15865.63,6346.252,39.87,14279.07,60
HCPCS,J9354,ADO-TRASTUZUMAB EMTANSINE 100 MG SOLR 1 EACH VIAL,20912.05,8364.82,27.02,18820.85,30
HCPCS,J9354,ADO-TRASTUZUMAB EMTANSINE 160 MG SOLR 1 EACH VIAL,33459.26,13383.704,27.02,30113.33,30
HCPCS,J9355,TRASTUZUMAB 150 MG SOLR 1 EACH VIAL,7854.42,3141.768,75.03,7068.98,30
HCPCS,J9356,TRASTUZUMAB-HYALURONIDASE-OYSK 600-10000 MG-UNT/5ML SOLN 5 ML VIAL,23563.22,9425.288,61.44,21206.9,30
HCPCS,J9357,VALRUBICIN 40 MG/ML SOLN 5 ML VIAL,40853.52,16341.408,1051.72,36768.17,30
HCPCS,J9358,FAM-TRASTUZUMAB DERUXTEC-NXKI 100 MG SOLR 1 EACH VIAL,16333.59,6533.436,22.04,14700.23,30
HCPCS,J9359,LONCASTUXIMAB TESIRINE-LPYL 10 MG SOLR 1 EACH VIAL,146310.02,58524.008,153.86,131679.02,30
HCPCS,J9360,VINBLASTINE 1 MG/ML SOLN 10 ML VIAL,322.55,129.02,6.89,290.3,15
HCPCS,J9370,VINCRISTINE 1 MG/ML SOLN 1 ML VIAL,223.7,89.48,10.69,201.33,15
HCPCS,J9370,VINCRISTINE 1 MG/ML SOLN 2 ML VIAL,115.0,46.0,10.69,103.5,15
HCPCS,J9380,TECLISTAMAB-CQYV 153 MG/1.7ML SOLN 1.7 ML VIAL,52655.65,21062.26,27.88,47390.09,30
HCPCS,J9380,TECLISTAMAB-CQYV 30 MG/3ML SOLN 3 ML VIAL,10324.6,4129.84,27.88,9292.14,30
HCPCS,J9390,VINORELBINE 10 MG/ML SOLN 1 ML VIAL,150.0,60.0,9.98,135.0,15
HCPCS,J9390,VINORELBINE TARTRATE 50 MG/5ML SOLN 5 ML VIAL,540.0,216.0,9.98,486.0,15
HCPCS,J9395,FULVESTRANT 250 MG/5ML SOSY 5 ML SYRINGE,5017.34,2006.936,6.86,4816.6,115
HCPCS,J9400,ZIV-AFLIBERCEPT 100 MG/4ML SOLN 4 ML VIAL,8832.0,3532.8,7.88,7948.8,30
HCPCS,J9400,ZIV-AFLIBERCEPT 200 MG/8ML SOLN 8 ML VIAL,17664.0,7065.6,7.88,15897.6,30
HCPCS,J9600,PORFIMER 75 MG SOLR 1 EACH VIAL,117547.92,47019.168,19609.92,105793.13,24
HCPCS,J9999,SORAFENIB 200 MG TABS 120 EACH BOTTLE,586.8,234.72,234.72,528.12,14
HCPCS,L0113,HC CRANIAL CERVICAL TORTICOLLIS,750.0,300.0,210.0,880.95,15
HCPCS,L0120,HC CERV FLEXIBLE NON-ADJUSTABLE,75.0,30.0,26.26,86.43,14
HCPCS,L0130,HC FLEX THERMOPLASTIC COLLAR MO,489.0,195.6,53.4,624.93,15
HCPCS,L0150,HC CERV SEMI-RIG ADJ MOLDED CHN,309.0,123.6,109.28,359.6,14
HCPCS,L0170,HC CERVICAL COLLAR MOLDED TO PT,1200.0,480.0,480.0,2166.63,15
HCPCS,L0172,HC CERV COL THERMPLAS FOAM 2 PI,377.0,150.8,133.5,439.3,14
HCPCS,L0174,HC CERV COL FOAM 2 PIECE W THOR,677.0,270.8,166.2,789.18,15
HCPCS,L0190,HC CERV COLLAR SUPP ADJ CERV BA,1387.0,554.8,490.98,1615.65,15
HCPCS,L0200,CERV COL SUPP ADJ BAR AND THOR,1100.0,440.0,420.0,1483.55,15
HCPCS,L0462,TLSO 3MOD SACRO-SCAP PRE,3311.0,1324.4,1172.1,3857.0,15
HCPCS,L0464,HC TLSO 4MOD SACRO-SCAP PRE,3302.0,1320.8,1395.37,4591.6,15
HCPCS,L0472,HC TLSO RIGID FRAME HYPEREX PRE,1051.0,420.4,390.6,1322.9,15
HCPCS,L0480,HC TLSO RIGID PLASTIC CUSTOM FA,3000.0,1200.0,1243.13,4090.68,15
HCPCS,L0484,TLSO RIGID PLASTIC CUST FAB,4221.0,1688.4,1661.61,5467.8,15
HCPCS,L0486,TLSO RIGIDLINED CUST FAB TWO,4200.0,1680.0,1646.03,5416.5,15
HCPCS,L0621,HC SIO FLEX PELVISACRAL PREFAB,180.0,72.0,72.0,162.0,14
HCPCS,L0622,HC SIO FLEX PELVISACRAL CUSTOM,584.0,233.6,110.4,746.9,15
HCPCS,L0625,HC LO FLEXIBL L1-BELOW L5 PRE,112.0,44.8,44.8,100.8,14
HCPCS,L0626,HC LO FLEX W/O RIGID STAYS PRE,190.0,76.0,73.18,240.8,14
HCPCS,L0627,HC LO SAGITT RIGID PANEL PREFAB,969.0,387.6,341.4,1269.83,15
HCPCS,L0630,HC LSO POST RIGID PANEL PRE,391.0,156.4,152.01,500.18,14
HCPCS,L0635,HC LSO SAGIT RIGID PANEL PREFAB,2500.0,1000.0,998.22,3284.75,15
HCPCS,L0636,HC LSO SAGITTAL RIGID PANEL CUS,3900.0,1560.0,1472.93,4846.93,15
HCPCS,L0637,HC LSO SAG-CORONAL PANEL PREFAB,3285.0,1314.0,1277.96,4205.25,15
HCPCS,L0638,HC LSO SAG-CORONAL PANEL CUSTOM,3498.0,1399.2,1238.11,4074.18,15
HCPCS,L0639,HC LSO S/C SHELL/PANEL PREFAB,2300.0,920.0,1140.0,4205.25,15
HCPCS,L0700,HC CTLSO A-P-L CONTROL MOLDED,5352.0,2140.8,2021.12,6650.78,15
HCPCS,L0710,CTLSO A-P-L CONTROL W/ INTER,6232.0,2492.8,2206.19,7259.75,17
HCPCS,L0810,HALO CERVICAL INTO JCKT VEST,6621.0,2648.4,2343.74,7712.48,17
HCPCS,L0820,HALO CERVICAL INTO BODY JACK,4500.0,1800.0,1895.99,6239.03,15
HCPCS,L0859,HC MRI COMPATIBLE SYSTEM,3004.0,1201.6,1063.54,3499.73,15
HCPCS,L0861,HALO REPL LINER/INTERFACE,572.0,228.8,103.2,665.8,15
HCPCS,L0984,HC PROTECTIVE BODY SOCK EACH,100.0,40.0,53.01,174.43,14
HCPCS,L0999,ADD TO SPINAL ORTHOSIS NOS,266.0,106.4,106.4,266.0,14
HCPCS,L1210,HC LATERAL THORACIC EXTENSION,588.0,235.2,112.8,751.7,15
HCPCS,L1240,HC LUMBAR DEROTATION PAD,120.0,48.0,85.41,281.03,14
HCPCS,L1260,HC ANTERIOR THORACIC DEROTATION,244.0,97.6,86.42,284.43,14
HCPCS,L1290,HC LATERAL TROCHANTERIC PAD,225.0,90.0,87.24,287.08,14
HCPCS,L1300,BODY JACKET MOLD TO PATIENT,3900.0,1560.0,1458.32,4798.83,15
HCPCS,L1310,POST-OPERATIVE BODY JACKET,3800.0,1520.0,1500.61,4937.98,15
HCPCS,L1499,SPINAL ORTHOSIS NOS,107.0,42.8,22.47,96.3,18
HCPCS,L1600,HC ABDUCT HIP FLEX FREJKA W CVR,318.0,127.2,112.5,370.2,18
HCPCS,L1620,HC HO ABDUCTION HIP JOINTS PAVLIK HARNESS PREFAB,357.0,142.8,126.21,415.33,18
HCPCS,L1640,HC PELV BAND/SPREAD BAR THIGH,1000.0,400.0,360.0,1325.6,19
HCPCS,L1685,POST-OP HIP ABDUCT CUSTOM FA,3200.0,1280.0,1296.09,4264.98,19
HCPCS,L1686,HC MED/SURG PROSTHETIC/ORTHOTIC DEVICES,1965.0,786.0,388.7,2861.25,19
HCPCS,L1810,HC KO ELASTIC WITH JOINTS,322.0,128.8,113.65,373.98,18
HCPCS,L1812,KO ELASTIC W/JOINTS PRE OTS,230.0,92.0,92.0,207.0,14
HCPCS,L1820,HC KO ELAS W/ CONDYLE PADS AND JO,320.0,128.0,113.2,372.48,14
HCPCS,L1830,HC KO IMMOBILIZER CANVAS LONGIT,204.0,81.6,81.6,183.6,14
HCPCS,L1830,KO IMMOB CANVAS LONG PRE OTS,204.0,81.6,81.6,183.6,14
HCPCS,L1831,KNEE ORTH POS LOCKING JOINT,735.0,294.0,201.0,909.1,15
HCPCS,L1832,HC KO ADJ JNT POS RIGID SUPPORT,1916.0,766.4,707.69,2328.78,15
HCPCS,L1833,KO ADJ JNT POS R SUP PRE OTS,1519.0,607.6,123.5,1367.1,15
HCPCS,L1834,KO W/0 JOINT RIGID MOLDED TO,1300.0,520.0,540.0,2739.78,15
HCPCS,L1836,HC RIGID KO WO JOINTS,250.0,100.0,100.0,225.0,14
HCPCS,L1840,KO DEROT ANT CRUCIATE CUSTOM,2300.0,920.0,875.19,2879.98,15
HCPCS,L1843,HC BLEDSOE BRACE RTANDLT LOWER EXT,1300.0,520.0,540.0,2771.65,15
HCPCS,L1843,KO SINGLE UPRIGHT PRE CST,1500.0,600.0,660.0,2771.65,15
HCPCS,L1844,HC KO W/ADJ JT ROT CNTRL MOLDED,3900.0,1560.0,1459.49,4802.68,15
HCPCS,L1845,KO DOUBLE UPRIGHT PRE CST,2300.0,920.0,941.0,2893.35,15
HCPCS,L1846,HC KO W ADJ FLEX/EXT ROTAT MOLD,1500.0,600.0,660.0,3671.15,15
HCPCS,L1900,HC AFO SPRNG WIR DRSFLX CALF BD,620.0,248.0,132.0,868.93,15
HCPCS,L1902,HC AFO ANKLE GAUNTLET,203.0,81.2,71.71,235.98,14
HCPCS,L1904,HC AFO MOLDED ANKLE GAUNTLET,900.0,360.0,300.0,1350.9,15
HCPCS,L1906,HC AFO MULTILIGAMENTUS ANKLE SU,303.0,121.2,119.96,394.8,14
HCPCS,L1907,AFO SUPRAMALLEOLAR CUSTOM,1100.0,440.0,420.0,1738.18,15
HCPCS,L1910,HC AFO SING BAR CLASP ATTACH SH,601.0,240.4,120.6,768.25,15
HCPCS,L1920,HC AFO SING UPRIGHT W/ ADJUST S,785.0,314.0,231.0,1004.33,15
HCPCS,L1930,HC AFO PLASTIC,443.0,177.2,25.8,679.6,15
HCPCS,L1932,HC AFO RIG ANT TIB PREFAB TCF/=,1300.0,520.0,540.0,2756.55,15
HCPCS,L1940,HC AFO MOLDED TO PATIENT PLASTI,1055.0,422.0,393.0,1535.83,15
HCPCS,L1945,HC AFO MOLDED PLAS RIG ANT TIB,1800.0,720.0,840.0,2820.38,15
HCPCS,L1950,HC AFO SPIRAL MOLDED TO PT PLAS,1837.0,734.8,650.26,2139.8,15
HCPCS,L1951,HC AFO SPIRAL PREFABRICATED,1300.0,520.0,540.0,2594.28,15
HCPCS,L1960,HC AFO POS SOLID ANK PLASTIC MO,1368.0,547.2,483.9,1592.38,15
HCPCS,L1970,HC AFO PLASTIC MOLDED W/ANKLE J,2022.0,808.8,879.12,2355.25,15
HCPCS,L1971,HC AFO W/ANKLE JOINT PREFAB,1200.0,480.0,440.0,1447.93,15
HCPCS,L1980,HC AFO SING SOLID STIRRUP CALF,824.0,329.6,254.4,1054.33,15
HCPCS,L1990,HC AFO DOUB SOLID STIRRUP CALF,1000.0,400.0,360.0,1354.65,15
HCPCS,L2000,HC KAFO SING FRE STIRR THI/CALF,2277.0,910.8,885.49,2913.85,15
HCPCS,L2005,HC KAFO SNG/DBL MECHANICAL ACT,9888.0,3955.2,3846.68,12658.1,17
HCPCS,L2010,HC KAFO SNG SOLID STIRRUP W/O J,1300.0,520.0,540.0,2656.25,15
HCPCS,L2020,HC KAFO DBL SOLID STIRRUP BAND/,2600.0,1040.0,1019.38,3354.43,15
HCPCS,L2030,HC KAFO DBL SOLID STIRRUP W/O J,2274.0,909.6,884.41,2910.28,15
HCPCS,L2034,KAFO PLA SIN UP W/WO K/A CUS,4500.0,1800.0,1927.51,6342.83,15
HCPCS,L2035,HC KAFO PLASTIC PEDIATRIC SIZE,400.0,160.0,162.62,535.15,14
HCPCS,L2036,HC KAFO PLAS DOUB FREE KNEE MOL,4164.0,1665.6,1619.73,5329.98,15
HCPCS,L2037,KAFO PLAS SING FREE KNEE MOL,3800.0,1520.0,1492.68,4911.9,15
HCPCS,L2038,HC KAFO W/O JOINT MULTI-AXIS AN,3000.0,1200.0,1248.19,4107.35,15
HCPCS,L2040,HC HKAFO TORSION BIL ROT STRAPS,400.0,160.0,159.44,524.63,14
HCPCS,L2050,HC HKAFO TORSION CABLE HIP PELV,1100.0,440.0,420.0,1397.18,15
HCPCS,L2060,HC HKAFO TORSION BALL BEARING J,900.0,360.0,300.0,1793.2,15
HCPCS,L2070,HC HKAFO TORSION UNILAT ROT STR,400.0,160.0,156.54,515.13,14
HCPCS,L2080,HC HKAFO UNILAT TORSION CABLE,859.0,343.6,275.4,1098.63,15
HCPCS,L2090,HC HKAFO UNILAT TORSION BALL BR,1000.0,400.0,360.0,1354.08,15
HCPCS,L2108,HC AFO TIB FX CAST PLASTER MOLD,2138.0,855.2,932.78,3069.45,15
HCPCS,L2112,HC AFO TIBIAL FRACTURE SOFT,1139.0,455.6,442.9,1457.45,15
HCPCS,L2114,HC AFO TIB FX SEMI-RIGID,890.0,356.0,294.0,1667.48,15
HCPCS,L2116,HC AFO TIBIAL FRACTURE RIGID,1200.0,480.0,480.0,2196.9,15
HCPCS,L2126,HC KAFO FEM FX CAST THERMOPLAS,3000.0,1200.0,1187.88,3908.95,15
HCPCS,L2128,HC KAFO FEM FX CAST MOLDED TO P,3800.0,1520.0,1497.0,4926.1,15
HCPCS,L2132,HC KAFO FEMORAL FX CAST SOFT,1800.0,720.0,704.25,2317.45,15
HCPCS,L2134,HC KAFO FEM FX CAST SEMI-RIGID,1300.0,520.0,540.0,2778.53,15
HCPCS,L2136,HC KAFO FEMORAL FX CAST RIGID,2500.0,1000.0,1032.44,3397.38,15
HCPCS,L2180,PLAS SHOE INSERT W ANK JOINT,265.0,106.0,102.24,336.45,14
HCPCS,L2182,DROP LOCK KNEE,206.0,82.4,80.02,263.33,14
HCPCS,L2184,LIMITED MOTION KNEE JOINT,370.0,148.0,144.2,474.5,14
HCPCS,L2186,HC ADJ MOTION KNEE JNT LERMAN T,400.0,160.0,159.79,525.78,14
HCPCS,L2188,QUADRILATERAL BRIM,897.0,358.8,298.2,1147.18,15
HCPCS,L2190,WAIST BELT,250.0,100.0,90.55,297.95,14
HCPCS,L2192,PELVIC BAND AND BELT THIGH FLA,880.0,352.0,288.0,1024.33,15
HCPCS,L2200,LIMITED ANKLE MOTION EA JNT,118.0,47.2,41.51,136.58,14
HCPCS,L2210,DORSIFLEXION ASSIST EACH JOI,173.0,69.2,67.36,221.6,14
HCPCS,L2220,HC DORSI AND PLANTAR FLEX ASS/RES,199.0,79.6,77.34,254.48,14
HCPCS,L2230,SPLIT FLAT CALIPER STIRR AND P,173.0,69.2,66.99,220.43,14
HCPCS,L2232,HC ROCKER BOTTOM CONTACT AFO,190.0,76.0,90.69,298.45,14
HCPCS,L2240,ROUND CALIPER AND PLATE ATTA,150.0,60.0,73.01,240.28,14
HCPCS,L2250,FOOT PLATE MOLDED STIRRUP AT,798.0,319.2,238.8,1020.78,15
HCPCS,L2260,REINFORCED SOLID STIRRUP,450.0,180.0,30.0,575.88,15
HCPCS,L2265,LONG TONGUE STIRRUP,265.0,106.0,102.81,338.33,14
HCPCS,L2270,VARUS/VALGUS STRAP PADDED/LI,133.0,53.2,46.89,154.28,14
HCPCS,L2275,PLASTIC MOD LOW EXT PAD/LINE,300.0,120.0,114.08,375.4,14
HCPCS,L2280,MOLDED INNER BOOT,1197.0,478.8,478.2,1394.58,15
HCPCS,L2300,ABDUCTION BAR JOINTED ADJUST,600.0,240.0,120.0,787.23,15
HCPCS,L2310,ABDUCTION BAR-STRAIGHT,306.0,122.4,107.4,353.43,14
HCPCS,L2320,HC NON-MOLDED LACER,500.0,200.0,60.0,591.1,15
HCPCS,L2330,HC LACER MOLDED TO PATIENT MODE,970.0,388.0,342.0,1128.03,15
HCPCS,L2335,ANTERIOR SWING BAND,500.0,200.0,60.0,663.58,15
HCPCS,L2340,PRE-TIBIAL SHELL MOLDED TO P,800.0,320.0,240.0,1565.9,15
HCPCS,L2350,PROSTHETIC TYPE SOCKET MOLDE,1300.0,520.0,540.0,2559.8,15
HCPCS,L2360,EXTENDED STEEL SHANK,115.0,46.0,45.17,148.63,14
HCPCS,L2370,PATTEN BOTTOM,577.0,230.8,106.2,737.45,15
HCPCS,L2375,TORSION ANK AND HALF SOLID STI,254.0,101.6,98.64,324.6,14
HCPCS,L2380,HC TORSION STRAIGHT KNEE JOINT,306.0,122.4,107.48,353.68,14
HCPCS,L2385,HC STRAIGHT KNEE JOINT HEAVY DU,301.0,120.4,116.94,384.8,14
HCPCS,L2387,HC ADD LE POLY KNEE CUSTOM KAFO,400.0,160.0,158.7,522.2,14
HCPCS,L2390,OFFSET KNEE JOINT EACH,250.0,100.0,95.57,314.48,14
HCPCS,L2395,HC OFFSET KNEE JOINT HEAVY DUTY,350.0,140.0,145.91,480.13,14
HCPCS,L2397,SUSPENSION SLEEVE LOWER EXT,265.0,106.0,102.32,336.7,14
HCPCS,L2405,KNEE JOINT DROP LOCK EA JNT,230.0,92.0,81.85,269.35,14
HCPCS,L2415,KNEE JOINT CAM LOCK EACH JOI,300.0,120.0,114.04,375.25,14
HCPCS,L2425,HC KNEE DISC/DIAL LOCK/ADJ FLEX,381.0,152.4,134.55,442.8,14
HCPCS,L2430,KNEE JNT RATCHET LOCK EA JNT,381.0,152.4,134.55,442.8,14
HCPCS,L2492,KNEE LIFT LOOP DROP LOCK RIN,229.0,91.6,89.02,292.95,14
HCPCS,L2500,THI/GLUT/ISCHIA WGT BEARING,708.0,283.2,184.8,906.3,15
HCPCS,L2510,TH/WGHT BEAR QUAD-LAT BRIM M,1900.0,760.0,737.4,2426.5,15
HCPCS,L2520,HC TH/WGHT BEAR QUAD-LAT BRIM C,1000.0,400.0,360.0,1323.45,15
HCPCS,L2525,TH/WGHT BEAR NAR M-L BRIM MO,3500.0,1400.0,1379.8,4540.43,15
HCPCS,L2526,HC TH/WGHT BEAR NAR M-L BRIM CU,1300.0,520.0,540.0,2447.33,15
HCPCS,L2530,THIGH/WGHT BEAR LACER NON-MO,500.0,200.0,60.0,674.98,15
HCPCS,L2540,THIGH/WGHT BEAR LACER MOLDED,700.0,280.0,180.0,1214.58,15
HCPCS,L2550,THIGH/WGHT BEAR HIGH ROLL CU,645.0,258.0,147.0,825.1,15
HCPCS,L2570,HC HIP CLEVIS TYPE 2 POSIT JNT,1100.0,440.0,420.0,1824.45,15
HCPCS,L2580,PELVIC CONTROL PELVIC SLING,1100.0,440.0,420.0,1729.48,15
HCPCS,L2600,HC HIP CLEVIS/THRUST BEARING FR,500.0,200.0,60.0,590.03,15
HCPCS,L2610,HC HIP CLEVIS/THRUST BEARING LO,545.0,218.0,87.0,697.68,15
HCPCS,L2620,HC PELVIC CONTROL HIP HEAVY DUT,601.0,240.4,120.6,768.13,15
HCPCS,L2622,HC HIP JOINT ADJUSTABLE FLEXION,750.0,300.0,210.0,880.98,15
HCPCS,L2624,HC HIP ADJ FLEX EXT ABDUCT CONT,1028.0,411.2,363.96,1197.65,15
HCPCS,L2627,PLASTIC MOLD RECIPRO HIP AND C,3800.0,1520.0,1499.49,4934.3,15
HCPCS,L2628,METAL FRAME RECIPRO HIP AND CA,4200.0,1680.0,1761.42,5796.2,15
HCPCS,L2630,HC PELVIC CONTROL BAND AND BELT U,610.0,244.0,126.0,711.38,15
HCPCS,L2640,HC PELVIC CONTROL BAND AND BELT B,755.0,302.0,213.0,965.43,15
HCPCS,L2650,HC PELV AND THOR CONTROL GLUTEAL,276.0,110.4,104.77,344.75,14
HCPCS,L2660,THORACIC CONTROL THORACIC BA,400.0,160.0,162.72,535.43,14
HCPCS,L2670,THORAC CONT PARASPINAL UPRIG,400.0,160.0,148.92,490.05,14
HCPCS,L2680,THORAC CONT LAT SUPPORT UPRI,300.0,120.0,136.62,449.55,14
HCPCS,L2750,PLATING CHROME/NICKEL PR BAR,150.0,60.0,72.97,240.13,14
HCPCS,L2755,HC CARBON GRAPHITE LAMINATION,350.0,140.0,122.68,403.73,14
HCPCS,L2760,HC EXTENSION PER EXTENSION PER,115.0,46.0,53.05,174.55,14
HCPCS,L2768,HC ORTHO SIDEBAR DISCONNECT,315.0,126.0,122.33,402.5,14
HCPCS,L2780,HC NON-CORROSIVE FINISH,125.0,50.0,62.75,206.48,14
HCPCS,L2785,DROP LOCK RETAINER EACH,95.0,38.0,36.89,121.4,14
HCPCS,L2795,KNEE CONTROL FULL KNEECAP,191.0,76.4,74.18,244.13,14
HCPCS,L2800,HC KNEE CAP MEDIAL OR LATERAL P,240.0,96.0,93.12,306.43,14
HCPCS,L2810,KNEE CONTROL CONDYLAR PAD,176.0,70.4,68.19,224.38,14
HCPCS,L2820,SOFT INTERFACE BELOW KNEE SE,130.0,52.0,75.82,249.48,14
HCPCS,L2830,SOFT INTERFACE ABOVE KNEE SE,220.0,88.0,85.26,280.53,14
HCPCS,L2840,TIBIAL LENGTH SOCK FX OR EQU,125.0,50.0,47.58,156.6,14
HCPCS,L2850,FEMORAL LGTH SOCK FX OR EQUA,150.0,60.0,54.05,177.88,14
HCPCS,L2999,LOWER EXTREMITY ORTHOSIS NOS,1200.0,480.0,190.05,1080.0,15
HCPCS,L3020,HC FOOT LONGITUD/METATARSAL SUP,500.0,200.0,60.0,612.88,15
HCPCS,L3150,HC DENIS BROWN BAR W/O SHOES,100.0,40.0,76.42,250.0,14
HCPCS,L3170,FOOT PLAS HEEL STABI PRE OTS,125.0,50.0,47.77,157.18,14
HCPCS,L3208,SURGICAL BOOT EACH INFANT,125.0,50.0,50.0,112.5,14
HCPCS,L3221,ORTHOPEDIC MENS SHOES DPTH I,30.0,12.0,12.0,30.0,14
HCPCS,L3224,WOMAN'S SHOE OXFORD BRACE,132.0,52.8,51.34,168.93,14
HCPCS,L3225,MAN'S SHOE OXFORD BRACE,152.0,60.8,59.06,194.33,14
HCPCS,L3260,AMBULATORY SURGICAL BOOT EAC,56.0,22.4,22.4,50.4,14
HCPCS,L3265,PLASTAZOTE SANDAL EACH,20.0,8.0,8.0,20.0,14
HCPCS,L3300,HC SHO LIFT TAPER TO METATARSAL,139.0,55.6,48.94,161.03,14
HCPCS,L3310,HC SHOE LIFT ELEV HEEL/SOLE NEO,130.0,52.0,76.42,251.45,14
HCPCS,L3332,SHOE LIFTS TAPERED TO ONE-HA,196.0,78.4,69.24,227.85,14
HCPCS,L3340,HC DARCO OTHO/HEEL WEDGE,206.0,82.4,80.02,263.33,14
HCPCS,L3350,SHOE HEEL WEDGE,61.0,24.4,21.47,70.65,14
HCPCS,L3649,ORTHOPEDIC SHOE MODIFICA NOS,20.0,8.0,8.0,19.95,14
HCPCS,L3650,HC SHLDER FIG 8 ABDUCT RESTRAIN,145.0,58.0,51.14,168.28,14
HCPCS,L3650,HC SHOULDER ORTHOSIS ABDUCTION RESTRAINER PREFAB OTS,145.0,58.0,51.14,168.28,14
HCPCS,L3660,HC ABDUCT RESTRAINER CANVAS AND WEB,225.0,90.0,87.8,288.93,14
HCPCS,L3670,HC ACROMIO/CLAVICULAR CANVASANDWE,277.0,110.8,122.39,402.7,14
HCPCS,L3671,HC SO CAP DESIGN W/O JNTS CF,1300.0,520.0,540.0,2533.1,15
HCPCS,L3674,HC SO AIRPLANE W/WO JOINT CF,2500.0,1000.0,1009.85,3323.08,15
HCPCS,L3675,HC CANVAS VEST SO,424.0,169.6,14.4,493.35,15
HCPCS,L3702,HC EO W/O JOINTS CF,529.0,211.6,77.4,811.8,15
HCPCS,L3760,EO ADJ JT PREFAB CUSTOM FIT,1000.0,400.0,360.0,1405.88,15
HCPCS,L3761,EO ADJ LOCK JOINT PREFAB OT,966.0,386.4,339.6,1405.88,15
HCPCS,L3762,HC RIGID EO WO JOINTS,260.0,104.0,91.87,302.33,14
HCPCS,L3763,HC EWHO RIGID W/O JNTS CF,1916.0,766.4,678.29,2232.03,15
HCPCS,L3765,EWHFO RIGIS W/O JNTS CUST FAB FIT/ADJ,1600.0,640.0,928.0,3604.75,17
HCPCS,L3766,HC EWHFO W/JOINT(S) CF,3000.0,1200.0,1160.03,3817.23,15
HCPCS,L3807,HC WHFONO JOINT PREFABRICATED,729.0,291.6,197.4,729.0,15
HCPCS,L3808,HC WHFO RIGID W/O JOINTS,974.0,389.6,285.36,974.0,15
HCPCS,L3809,WHFO W/O JOINTS PRE OTS,604.0,241.6,122.4,702.98,15
HCPCS,L3905,HC WHO W/NONTORSION JNT(S) CF,1800.0,720.0,840.0,2788.03,15
HCPCS,L3906,HC WHO W/O JOINTS CF,814.0,325.6,248.4,1185.95,15
HCPCS,L3908,HC WRIST COCK-UP NON-MOLDED,175.0,70.0,51.19,175.0,14
HCPCS,L3912,HC FLEX GLOVE W/ELASTIC FINGER,232.0,92.8,82.11,270.18,14
HCPCS,L3913,HC HFO W/O JOINTS CF,654.0,261.6,152.4,761.45,15
HCPCS,L3917,HC PREFAB METACARPL FX ORTHOSIS,190.0,76.0,90.25,296.98,14
HCPCS,L3919,HC HO W/O JOINTS CF,523.0,209.2,73.8,761.45,15
HCPCS,L3921,HC HFO W/JOINT(S) CF,865.0,346.0,274.4,902.95,15
HCPCS,L3923,HC HFO W/O JOINTS PF,254.0,101.6,74.31,254.0,14
HCPCS,L3925,HC FO PIP/DIP WITH JOINT/SPRING,128.0,51.2,45.14,148.48,14
HCPCS,L3927,HC FO PIP/DIP W/O JOINT/SPRING,84.0,33.6,29.9,98.35,14
HCPCS,L3929,HC HFO NONTORSION JOINT PREFAB,163.0,65.2,71.92,236.68,14
HCPCS,L3930,HFO NONTORSION JOINT PREFAB OFF SHELF,193.0,77.2,72.64,236.68,17
HCPCS,L3933,HC FO W/O JOINTS CF,515.0,206.0,69.0,599.8,15
HCPCS,L3956,HC ADD JOINT UPPER EXT ORTHOSIS,100.0,40.0,40.0,90.0,14
HCPCS,L3960,HC SEWHO AIRPLAN DESIG ABDU POS,1800.0,720.0,704.21,2317.28,15
HCPCS,L3961,HC SEWHO CAP DESIGN W/O JNTS CF,4000.0,1600.0,1435.38,4723.33,15
HCPCS,L3980,HC UPP EXT FX ORTHOSIS HUMERAL,597.0,238.8,118.2,869.08,15
HCPCS,L3980,UP EXT FX ORTHOS HUMERAL NOS,832.0,332.8,259.2,869.08,15
HCPCS,L3984,HC UPPER EXT FX ORTHOSIS WRIST,984.0,393.6,348.29,1146.1,15
HCPCS,L3999,UPPER LIMB ORTHOSIS NOS,1200.0,480.0,46.2,1080.0,15
HCPCS,L4002,REPLACE STRAP ANY ORTHOSIS,83.0,33.2,33.2,83.0,14
HCPCS,L4205,ORTHO DVC REPAIR PER 15 MIN,50.0,20.0,33.53,74.88,14
HCPCS,L4210,ORTH DEV REPAIR/REPL MINOR P,103.0,41.2,22.05,92.7,14
HCPCS,L4350,HC ANKLE CONTROL ORTHOSI PREFAB,207.0,82.8,91.8,302.08,14
HCPCS,L4360,HC PNEUMATI WALKING BOOT PREFAB,726.0,290.4,195.6,845.15,15
HCPCS,L4361,PNEUMA/VAC WALK BOOT PRE OTS,580.0,232.0,108.0,845.15,15
HCPCS,L4370,PNEUM FULL LEG SPLNT PRE OTS,438.0,175.2,22.8,542.35,15
HCPCS,L4386,HC NON-PNEUM WALK BOOT PREFAB,421.0,168.4,12.6,489.73,15
HCPCS,L4387,NON-PNEUM WALK BOOT PRE OTS,336.0,134.4,150.33,489.73,14
HCPCS,L4396,HC STATIC AFO,445.0,178.0,27.0,518.53,15
HCPCS,L4397,STATIC OR DYNAMI AFO PRE OTS,445.0,178.0,27.0,518.53,15
HCPCS,L4398,HC FOOT DROP SPLINT RECUMBENT,164.0,65.6,72.51,238.63,14
HCPCS,L5000,SHO INSERT W ARCH TOE FILLER,890.0,356.0,294.0,1619.75,15
HCPCS,L5400,POSTOP DRESS AND 1 CAST CHG BK,3000.0,1200.0,1266.63,4168.05,15
HCPCS,L5420,POSTOP DSG AND 1 CAST CHG AK/D,3400.0,1360.0,1552.22,5107.8,15
HCPCS,L5450,HC BK POST OP RIGID DRESSING NON WEIGHT BEARING,1000.0,400.0,360.0,1252.98,15
HCPCS,L5450,POSTOP APP NON-WGT BEAR DSG,399.0,159.6,311.22,997.5,14
HCPCS,L5460,POSTOP APP NON-WGT BEAR DSG,890.0,356.0,294.0,1669.38,15
HCPCS,L5673,SOCKET INSERT W LOCK MECH,1200.0,480.0,480.0,2176.28,15
HCPCS,L5694,AK PELVIC CONTROL BELT PAD/L,544.0,217.6,86.4,555.25,15
HCPCS,L5700,HC REPLACE SOCKET BELOW KNEE,5246.0,2098.4,2907.6,8769.25,15
HCPCS,L5783,ADDTION TO LOWER EXTREMITY,7720.0,3088.0,2412.74,7875.18,17
HCPCS,L5976,ENERGY STORING FOOT,1300.0,520.0,520.87,1714.03,15
HCPCS,L6611,ADDITIONAL SWITCH EXT POWER,1030.0,412.0,378.0,1274.25,15
HCPCS,L8042,HC ORBITAL PROSTHESIS,3000.0,1200.0,1560.0,7500.0,15
HCPCS,L8420,HC SOCK PRO MULT PLY BELOW KNEE,66.0,26.4,28.63,76.68,14
HCPCS,L8440,HC SHRINKER BELOW KNEE,138.0,55.2,48.76,160.45,14
HCPCS,L8460,HC SHRINKER ABOVE KNEE,192.0,76.8,67.86,223.33,14
HCPCS,L8465,HC SHRINKER UPPER LIMB,171.0,68.4,60.49,199.05,14
HCPCS,L8500,ARTIFICIAL LARYNX,7500.0,3000.0,613.82,6750.0,17
HCPCS,L8500,HC ARTIFICIAL LARYNX,1700.0,680.0,613.82,2019.88,15
HCPCS,L8501,TRACHEOSTOMY SPEAKING VALVE,385.0,154.0,136.33,448.55,14
HCPCS,L8501,VALVE,300.0,120.0,136.33,448.55,14
HCPCS,L8509,HC PROSTH VOICE INDWELLING,950.0,380.0,102.73,855.0,30
HCPCS,L8509,TRACH-ESOPH VOICE PROS MD IN,265.0,106.0,102.73,1241.1,29
HCPCS,L8511,HC INDWELLING TRACH,193.0,77.2,68.41,225.13,14
HCPCS,L8514,REPL TRACH PUNCTURE DILATOR,515.0,206.0,69.0,463.5,15
HCPCS,L8600,IMPLANT BREAST SILICONE/EQ,3191.0,1276.4,1276.4,2871.9,15
HCPCS,L8603,COLLAGEN IMP URINARY 2.5 ML,1100.0,440.0,420.0,990.0,15
HCPCS,L8604,HC DEFLUX BIOIMPLANT,6070.0,2428.0,2428.0,5463.0,17
HCPCS,L8606,SYNTHETIC IMPLNT URINARY 1ML,1300.0,520.0,520.0,1170.0,15
HCPCS,L8610,OCULAR IMPLANT,1200.0,480.0,480.0,1080.0,15
HCPCS,L8612,AQUEOUS SHUNT PROSTHESIS,1978.0,791.2,791.2,1780.2,17
HCPCS,L8613,OSSICULAR IMPLANT,1042.0,416.8,385.2,937.8,15
HCPCS,L8614,COCHLEAR DEVICE,51370.0,20548.0,18934.12,46233.0,23
HCPCS,L8630,IMPLANT,3000.0,1200.0,1200.0,2700.0,15
HCPCS,L8641,IMPLANT,3000.0,1200.0,1200.0,2700.0,15
HCPCS,L8641,METATARSAL JOINT IMPLANT,4900.0,1960.0,1960.0,4410.0,15
HCPCS,L8642,IMPLANT,3000.0,1200.0,1200.0,2700.0,15
HCPCS,L8658,IMPLANT,3000.0,1200.0,1200.0,2700.0,15
HCPCS,L8670,VASCULAR GRAFT SYNTHETIC,3968.0,1587.2,1587.2,3571.2,15
HCPCS,L8689,CHARGE,3000.0,1200.0,1560.0,5338.78,15
HCPCS,L8690,AUD OSSEO DEV INT/EXT COMP,88550.0,35420.0,35420.0,79695.0,17
HCPCS,L8693,AUD OSSEO DEV ABUTMENT,4029.0,1611.6,1426.21,4693.18,15
HCPCS,L8699,DUCT OCCLUDER,4390.0,1756.0,1756.0,3951.0,15
HCPCS,L8699,HC INTRSCT PROPEL DRG-ELTING SINUS IMPLANT,2524.0,1009.6,1009.6,2271.6,15
HCPCS,L8699,HC LINX REFLUX MANAGEMENT SYSTEM,10000.0,4000.0,4000.0,9000.0,17
HCPCS,L8699,HC PECTUS IMPLANT,14939.0,5975.6,5975.6,15205.5,34
HCPCS,L8699,HC TESTICULAR PROSTHESIS EACH,3000.0,1200.0,1200.0,2700.0,15
HCPCS,L8699,PROSTHETIC IMPLANT NOT OTHERWISE SPECIFIED,13653.0,5461.2,1763.2,20700.0,117
HCPCS,M0201,COVID-19 VACCINE HOME ADMIN,89.0,35.6,32.57,89.0,25
HCPCS,M0224,PEMIVIBART INFUSION VACCINE ADMINISTRATION CODE,1126.0,450.4,398.12,1106.78,31
HCPCS,M0249,INTRAVENOUS INFUSION TOCILIZUMAB FOR HOSPITALIZED ADULTS,1126.0,450.4,398.12,1106.78,31
HCPCS,M0250,2ND DOSE IINTRAVENOUS INFUSION TOCILIZUMAB FOR HOSPITALIZED ADULTS AND PEDIATR,1126.0,450.4,398.12,1106.78,31
HCPCS,P3000,SCREEN PAP BY TECH W MD SUPV,40.0,16.0,16.58,46.35,30
HCPCS,P9010,WHOLE BLOOD FOR TRANSFUSION,458.0,183.2,176.7,474.6,120
HCPCS,P9011,BLOOD SPLIT UNIT,377.0,150.8,111.29,389.6,30
HCPCS,P9012,CRYOPRECIPITATE EACH UNIT,200.0,80.0,49.89,200.0,30
HCPCS,P9016,RBC LEUKOCYTES REDUCED,481.0,192.4,105.0,481.0,60
HCPCS,P9017,HC DOUBLE FRESH FROZEN PLASMA,200.0,80.0,66.16,214.95,30
HCPCS,P9019,PLATELETS EACH UNIT,182.0,72.8,53.17,163.8,30
HCPCS,P9021,RED BLOOD CELLS UNIT,350.0,140.0,105.0,376.43,120
HCPCS,P9022,WASHED RED BLOOD CELLS UNIT,970.0,388.0,105.0,970.0,60
HCPCS,P9032,PLATELETS IRRADIATED,362.0,144.8,106.57,982.43,30
HCPCS,P9035,PLATELET PHERES LEUKOREDUCED,1242.0,496.8,382.33,1278.98,30
HCPCS,P9037,HC IRRADIATED APHER PLATELET,1576.0,630.4,530.33,1701.53,30
HCPCS,P9038,RBC IRRADIATED,400.0,160.0,105.0,400.0,60
HCPCS,P9039,RBC DEGLYCEROLIZED,1115.0,446.0,105.0,1115.0,30
HCPCS,P9040,RBC LEUKOREDUCED IRRADIATED,665.0,266.0,105.0,665.0,60
HCPCS,P9041,ALBUMIN HUMAN 5 % SOLN 50 ML VIAL,197.75,79.1,10.62,177.98,56
HCPCS,P9041,ALBUMIN HUMAN 5 % SOLN 500 ML BAG,510.6,204.24,10.62,459.54,28
HCPCS,P9041,ALBUMIN HUMAN 5 % SOLN 500 ML VIAL,517.5,207.0,10.62,689.31,84
HCPCS,P9044,CRYOPRECIPITATEREDUCEDPLASMA,168.0,67.2,97.44,330.13,30
HCPCS,P9045,ALBUMIN HUMAN 5 % SOLN 250 ML FLEX CONT,347.5,139.0,41.9,312.75,60
HCPCS,P9045,ALBUMIN HUMAN 5 % SOLN 250 ML VIAL,496.8,198.72,41.9,447.12,90
HCPCS,P9047,ALBUMIN HUMAN 25 % SOLN 100 ML VIAL,529.92,211.968,53.08,894.24,112
HCPCS,P9047,ALBUMIN HUMAN 25 % SOLN 50 ML VIAL,496.8,198.72,53.08,447.12,168
HCPCS,P9050,GRANULOCYTES PHERESIS UNIT,1400.0,560.0,297.4,1400.0,23
HCPCS,P9051,BLOOD L/R CMV-NEG,520.0,208.0,135.17,468.0,30
HCPCS,P9052,PLATELETS HLA-M L/R UNIT,2000.0,800.0,297.4,1989.65,30
HCPCS,P9054,BLOOD L/R FROZ/DEGLY/WASH,704.0,281.6,190.29,704.0,30
HCPCS,P9058,HC RED BLOOD CELLS LEUKOCYTES REDUCED CMV-NEG IRRADIATED EACH UNIT,500.0,200.0,174.92,623.5,30
HCPCS,P9059,HC FRESH FROZEN PLASMA,182.0,72.8,55.81,184.43,30
HCPCS,P9073,PLATELETS PHERESIS PATH REDU,1400.0,560.0,607.43,1518.58,24
HCPCS,P9612,CATHETERIZE FOR URINE SPEC,25.0,10.0,3.6,25.0,24
HCPCS,Q0091,OBTAINING SCREEN PAP SMEAR,63.0,25.2,19.23,65.28,31
HCPCS,Q0138,FERUMOXYTOL 510 MG/17ML SOLN 17 ML VIAL,6015.81,2406.324,0.32,5414.23,60
HCPCS,Q0162,ONDANSETRON 4 MG TABS 1 EACH,3.71,1.484,1.48,107.75,34
HCPCS,Q0162,ONDANSETRON 4 MG TABS 100 EACH BOX,119.72,47.888,47.89,107.75,17
HCPCS,Q0162,ONDANSETRON 4 MG TABS 50 EACH BOX,3.71,1.484,1.48,3.34,17
HCPCS,Q0162,ONDANSETRON 4 MG TBDP 1 EACH,115.57,46.228,46.23,104.01,17
HCPCS,Q0162,ONDANSETRON 4 MG TBDP 30 EACH BOX,115.57,46.228,44.57,104.01,51
HCPCS,Q0162,ONDANSETRON 8 MG TABS 1 EACH,4.72,1.888,1.89,5.18,34
HCPCS,Q0162,ONDANSETRON 8 MG TABS 30 EACH BOTTLE,178.38,71.352,71.35,160.54,17
HCPCS,Q0162,ONDANSETRON 8 MG TABS 50 EACH BOX,4.72,1.888,1.89,4.25,17
HCPCS,Q0162,ONDANSETRON 8 MG TBDP 1 EACH,192.49,76.996,77.0,173.24,17
HCPCS,Q0162,ONDANSETRON 8 MG TBDP 10 EACH BOX,192.49,76.996,77.0,173.24,17
HCPCS,Q0162,ONDANSETRON 8 MG TBDP 30 EACH BOX,192.5,77.0,74.26,173.25,51
HCPCS,Q0163,DIPHENHYDRAMINE 25 MG TABS 1 EACH,3.0,1.2,1.2,2.7,17
HCPCS,Q0163,DIPHENHYDRAMINE 25 MG TABS 100 EACH BOX,3.0,1.2,1.2,2.7,17
HCPCS,Q0164,PROCHLORPERAZINE 10 MG TABS 1 EACH,8.85,3.54,3.54,7.97,17
HCPCS,Q0164,PROCHLORPERAZINE 10 MG TABS 50 EACH BOX,8.87,3.548,3.55,7.98,17
HCPCS,Q0164,PROCHLORPERAZINE 5 MG TABS 1 EACH,8.05,3.22,3.08,7.25,34
HCPCS,Q0164,PROCHLORPERAZINE 5 MG TABS 100 EACH BOTTLE,3.0,1.2,1.2,2.7,17
HCPCS,Q0164,PROCHLORPERAZINE 5 MG TABS 50 EACH BOX,8.06,3.224,3.08,7.25,34
HCPCS,Q0167,DRONABINOL 10 MG CAPS 60 EACH BOTTLE,124.44,49.776,49.78,112.0,17
HCPCS,Q0167,DRONABINOL 2.5 MG CAPS 1 EACH,42.46,16.984,16.98,38.21,17
HCPCS,Q0167,DRONABINOL 2.5 MG CAPS 100 EACH BOX,50.98,20.392,20.39,45.88,17
HCPCS,Q0167,DRONABINOL 2.5 MG CAPS 60 EACH BOTTLE,32.56,13.024,4.95,53.06,51
HCPCS,Q0167,DRONABINOL 5 MG CAPS 1 EACH,85.91,34.364,34.36,77.32,17
HCPCS,Q0167,DRONABINOL 5 MG CAPS 30 EACH BOX,61.32,24.528,24.53,92.84,34
HCPCS,Q0167,DRONABINOL 5 MG CAPS 60 EACH BOTTLE,67.73,27.092,7.45,60.96,34
HCPCS,Q0169,PROMETHAZINE 25 MG TABS 1 EACH,3.0,1.2,1.2,2.7,17
HCPCS,Q0169,PROMETHAZINE 25 MG TABS 100 EACH BOX,3.0,1.2,1.2,4.28,51
HCPCS,Q0224,PEMIVIBART 500 MG/4ML SOLN 4 ML VIAL,32004.05,12801.62,6781.01,32004.05,30
HCPCS,Q0245,ETESEVIMAB 700 MG/20ML SOLN 20 ML VIAL,35.0,14.0,12.97,31.5,14
HCPCS,Q0477,PWR MODULE PT CABLE LVAD RPL,1300.0,520.0,92.83,2401.35,17
HCPCS,Q0478,ADAPTER POWER COMBO VENTRICULAR ASSIST DVC (VAD),450.0,180.0,172.84,568.75,17
HCPCS,Q0479,HC HMII POWER MODULE,29000.0,11600.0,11359.9,37087.6,17
HCPCS,Q0481,MICROPRCSR CU ELEC VAD REP,38609.0,15443.6,13667.26,44974.2,17
HCPCS,Q0484,MONITOR ELEC OR COMB VAD REP,8804.0,3521.6,3424.69,11269.48,17
HCPCS,Q0486,MON CABLE ELEC/PNEUM VAD REP,1600.0,640.0,275.19,1440.0,15
HCPCS,Q0491,EMR PWR SOURCE COMBO VAD REP,2673.0,1069.2,1039.63,3421.08,15
HCPCS,Q0493,EMR PWR CBL COMBO VAD REP,675.0,270.0,165.0,784.63,15
HCPCS,Q0495,CHARGER ELEC/COMBO VAD REP,11099.0,4439.6,3928.84,12928.45,17
HCPCS,Q0496,BATTERY REPLACEMENT,2669.0,1067.6,1361.4,4640.25,15
HCPCS,Q0497,BAT CLPS ELEC/COMB VAD REP,1200.0,480.0,440.31,1448.85,15
HCPCS,Q0498,HOLSTER ELEC/COMBO VAD REP,1365.0,546.0,483.12,1589.75,15
HCPCS,Q0499,HC VAD BELT/VEST ELEC/COMBO,600.0,240.0,120.0,580.6,29
HCPCS,Q0501,SHWR COV ELEC/COMBO VAD REP,1278.0,511.2,480.34,1580.63,15
HCPCS,Q0503,BATTERY PNEUM VAD REPLACEMNT,3000.0,1200.0,1223.09,4024.73,15
HCPCS,Q0506,BATTERY LITHIUM-ION FOR USE WITH ELECTRIC OR ELECTRIC/PNEUMATIC,2456.0,982.4,803.36,2643.6,17
HCPCS,Q0508,VAD,515.0,206.0,206.0,1800.0,34
HCPCS,Q0509,MIS SUP/AC IMP VAD NOPAY MED,500.0,200.0,200.0,450.0,17
HCPCS,Q2009,FOSPHENYTOIN 100 MG PE/2ML SOLN 2 ML VIAL,35.0,14.0,1.47,218.34,110
HCPCS,Q2009,FOSPHENYTOIN 500 MG PE/10ML SOLN 10 ML VIAL,129.0,51.6,1.47,602.62,176
HCPCS,Q2036,FLULAVAL VACC 3 YRS AND > IM,40.0,16.0,7.2,40.0,24
HCPCS,Q2037,FLUVIRIN VACC 3 YRS AND > IM,74.0,29.6,12.69,74.0,24
HCPCS,Q2038,FLUZONE VACC 3 YRS AND > IM,78.0,31.2,14.04,78.0,24
HCPCS,Q2039,INFLUENZA VIRUS VACCINE NOS,60.0,24.0,10.8,60.0,23
HCPCS,Q2041,AXICABTAGENE CILOLEUCEL 200000000 CELLS SUSP 1 EACH PACKAGE,2538043.2,1015217.28,90000.0,2284238.88,28
HCPCS,Q2042,TISAGENLECLEUCEL 250000000 CELLS SUSP 1 EACH FLEX CONT,2991408.0,1196563.2,90000.0,2692267.2,28
HCPCS,Q2042,TISAGENLECLEUCEL 600000000 CELLS SUSP 1 EACH FLEX CONT,2464191.7,985676.68,90000.0,2217772.53,28
HCPCS,Q2043,SIPULEUCEL-T 50000000 CELLS SUSP 250 ML FLEX CONT,345565.8,138226.32,50583.0,311009.22,30
HCPCS,Q2050,DOXORUBICIN HCL LIPOSOMAL 2 MG/ML SUSP 10 ML VIAL,3744.22,1497.688,92.74,3369.8,90
HCPCS,Q2050,DOXORUBICIN HCL LIPOSOMAL 2 MG/ML SUSP 25 ML VIAL,9295.68,3718.272,92.74,8366.11,30
HCPCS,Q2053,BREXUCABTAGENE AUTOLEUCEL 200000000 CELLS SUSP 1 EACH FLEX CONT,2328480.0,931392.0,90000.0,2095632.0,28
HCPCS,Q2054,LISOCABTAGENE MARALEUCEL 70000000 CELLS/ML SUSP 1 EACH BOX,2678005.85,1071202.34,531980.55,2410205.27,28
HCPCS,Q2055,IDECABTAGENE VICLEUCEL 460000000 CELLS SUSP 1 EACH FLEX CONT,2662694.75,1065077.9,544161.8,2396425.28,28
HCPCS,Q2056,CILTACABTAGENE AUTOLEUCEL 100000000 CELLS SUSP 1 EACH FLEX CONT,2798764.5,1119505.8,565868.95,2518888.05,28
HCPCS,Q4037,CAST SUP SHRT LEG PLASTER,45.0,18.0,14.0,52.3,24
HCPCS,Q4038,CAST SUP SHRT LEG FIBERGLASS,100.0,40.0,30.0,131.2,24
HCPCS,Q4049,FINGER SPLINT STATIC,10.0,4.0,2.09,9.0,24
HCPCS,Q4081,DIALYSIS MEDICATION,1.0,0.4,0.4,0.9,85
HCPCS,Q4081,EPOETIN ALFA 10000 UNIT/ML SOLN 1 ML VIAL,1475.22,590.088,1.11,1327.7,30
HCPCS,Q4081,EPOETIN ALFA 10000 UNIT/ML SOLN 2 ML VIAL,2693.88,1077.552,1.11,2424.49,15
HCPCS,Q4081,EPOETIN ALFA 2000 UNIT/ML SOLN 1 ML VIAL,320.76,128.304,1.11,288.68,15
HCPCS,Q4081,EPOETIN ALFA 20000 UNIT/ML SOLN 1 ML VIAL,2693.88,1077.552,1.11,2424.49,60
HCPCS,Q4081,EPOETIN ALFA 3000 UNIT/ML SOLN 1 ML VIAL,442.6,177.04,1.11,398.34,15
HCPCS,Q4081,EPOETIN ALFA 4000 UNIT/ML SOLN 1 ML VIAL,590.09,236.036,1.11,531.08,15
HCPCS,Q4081,EPOETIN ALFA 40000 UNIT/ML SOLN 1 ML VIAL,5387.76,2155.104,1.11,4848.98,30
HCPCS,Q4100,SKIN SUBSTITUTE NOS,250.0,100.0,3.2,2700.0,42
HCPCS,Q4101,APLIGRAF,95.0,38.0,38.0,85.5,15
HCPCS,Q4102,OASIS WOUND MATRIX,44.0,17.6,15.44,39.6,15
HCPCS,Q4103,OASIS BURN MATRIX,24.0,9.6,9.6,21.6,15
HCPCS,Q4104,INTEGRA BMWD,160.0,64.0,64.0,144.0,14
HCPCS,Q4105,INTEGRA DRT OR OMNIGRAFT,160.0,64.0,35.02,144.0,15
HCPCS,Q4106,DERMAGRAFT,100.0,40.0,40.0,90.0,15
HCPCS,Q4108,INTEGRA MATRIX,160.0,64.0,64.0,144.0,14
HCPCS,Q4110,PRIMATRIX,430.0,172.0,18.0,387.0,15
HCPCS,Q4112,CYMETRA INJECTABLE,1054.0,421.6,421.6,1054.0,15
HCPCS,Q4114,INTEGRA FLOWABLE WOUND MATRI,1800.0,720.0,720.0,1800.0,15
HCPCS,Q4116,ALLODERM,80.0,32.0,32.0,72.0,14
HCPCS,Q4118,HC MATRISTEM MICROMATRIX,20.0,8.0,3.3,18.0,15
HCPCS,Q4122,DERMACELL AWM POROUS SQ CM,100.0,40.0,40.0,90.0,14
HCPCS,Q4124,OASIS TRI-LAYER WOUND MATRIX,60.0,24.0,3.24,54.0,15
HCPCS,Q4125,ARTHROFLEX,100.0,40.0,40.0,90.0,14
HCPCS,Q4130,TISSUE MATRIX,100.0,40.0,40.0,90.0,14
HCPCS,Q4132,HC GRAFIX CORE PER SQ CM,1350.0,540.0,138.71,1215.0,15
HCPCS,Q4133,GRAFIX STRAVIX PRIME PL SQCM,2200.0,880.0,180.36,1980.0,15
HCPCS,Q4140,BIODFENCE 1CM,100.0,40.0,40.0,90.0,17
HCPCS,Q4158,KERECIS OMEGA3 PER SQ CM,254.0,101.6,101.6,228.6,14
HCPCS,Q4166,CYTAL PER SQUARE CENTIMETER,80.0,32.0,25.96,72.0,15
HCPCS,Q4171,INTERFYL 1 MG,2414.0,965.6,13.12,2172.6,30
HCPCS,Q4181,AMNIO WOUND PER SQUARE CM,100.0,40.0,40.0,90.0,17
HCPCS,Q4186,EPIFIX 1 SQ CM,560.0,224.0,196.52,504.0,15
HCPCS,Q4187,EPICORD 1 SQ CM,800.0,320.0,240.0,720.0,15
HCPCS,Q4193,COLL-E-DERM 1 SQ CM,2290.0,916.0,916.0,2061.0,15
HCPCS,Q4196,PURAPLY AM 1 SQ CM,100.0,40.0,40.0,90.0,17
HCPCS,Q5099,USTEKINUMAB-STBA 130 MG/26ML SOLN 26 ML VIAL,1676.31,670.524,2.32,1508.68,23
HCPCS,Q5099,USTEKINUMAB-STBA 90 MG/ML SOSY 1 ML SYRINGE,21049.22,8419.688,2.32,18944.3,23
HCPCS,Q5100,USTEKINUMAB-KFCE 130 MG/26ML SOLN 26 ML VIAL,2207.94,883.176,3.06,1987.15,30
HCPCS,Q5100,USTEKINUMAB-KFCE 90 MG/ML SOSY 1 ML SYRINGE,15119.92,6047.968,3.06,13607.93,30
HCPCS,Q5101,FILGRASTIM-SNDZ 300 MCG/0.5ML SOSY 0.5 ML SYRINGE,1514.46,605.784,0.27,1363.01,30
HCPCS,Q5101,FILGRASTIM-SNDZ 480 MCG/0.8ML SOSY 0.8 ML SYRINGE,2212.48,884.992,0.27,1991.23,30
HCPCS,Q5103,INFLIXIMAB-DYYB 100 MG SOLR 1 EACH VIAL,4769.27,1907.708,11.9,4292.34,30
HCPCS,Q5104,INFLIXIMAB-ABDA 100 MG SOLR 1 EACH VIAL,3797.09,1518.836,24.97,3417.38,30
HCPCS,Q5105,EPOETIN ALFA-EPBX 10000 UNIT/ML SOLN 1 ML VIAL,623.83,249.532,0.77,561.45,46
HCPCS,Q5105,EPOETIN ALFA-EPBX 2000 UNIT/ML SOLN 1 ML VIAL,135.62,54.248,0.77,122.06,23
HCPCS,Q5105,EPOETIN ALFA-EPBX 20000 UNIT/ML SOLN 1 ML VIAL,1247.7,499.08,0.77,1122.93,46
HCPCS,Q5105,EPOETIN ALFA-EPBX 3000 UNIT/ML SOLN 1 ML VIAL,203.43,81.372,0.77,183.09,23
HCPCS,Q5105,EPOETIN ALFA-EPBX 4000 UNIT/ML SOLN 1 ML VIAL,271.23,108.492,0.77,244.11,23
HCPCS,Q5105,EPOETIN ALFA-EPBX 40000 UNIT/ML SOLN 1 ML VIAL,2278.33,911.332,0.77,2050.51,46
HCPCS,Q5107,BEVACIZUMAB-AWWB 100 MG/4ML SOLN 4 ML VIAL,3851.49,1540.596,22.03,3466.34,30
HCPCS,Q5107,BEVACIZUMAB-AWWB 400 MG/16ML SOLN 16 ML VIAL,15405.73,6162.292,22.03,13865.16,30
HCPCS,Q5108,PEGFILGRASTIM-JMDB 6 MG/0.6ML SOSY 0.6 ML SYRINGE,10521.0,4208.4,99.13,9468.9,30
HCPCS,Q5110,FILGRASTIM-AAFI 300 MCG/0.5ML SOSY 0.5 ML SYRINGE,1208.88,483.552,0.23,1087.99,60
HCPCS,Q5110,FILGRASTIM-AAFI 480 MCG/0.8ML SOSY 0.8 ML SYRINGE,1934.21,773.684,0.23,1740.79,60
HCPCS,Q5110,FILGRASTIM-AAFI 480 MCG/1.6ML SOLN 1.6 ML VIAL,1934.21,773.684,0.23,1740.79,60
HCPCS,Q5111,PEGFILGRASTIM-CBQV ONBODY 6 MG/0.6ML SOSY 0.6 ML SYRINGE,21042.0,8416.8,106.33,18937.8,30
HCPCS,Q5111,PEGFILGRASTIM-CBQV SYRINGE/SHOT 6 MG/0.6ML SOSY 0.6 ML SYRINGE,21042.0,8416.8,106.33,18937.8,30
HCPCS,Q5113,TRASTUZUMAB-PKRB 150 MG SOLR 1 EACH VIAL,5497.38,2198.952,37.66,4947.64,24
HCPCS,Q5113,TRASTUZUMAB-PKRB 420 MG SOLR 1 EACH VIAL,15392.66,6157.064,37.66,13853.39,48
HCPCS,Q5114,TRASTUZUMAB-DKST 150 MG SOLR 1 EACH VIAL,4740.16,1896.064,40.29,4266.14,60
HCPCS,Q5114,TRASTUZUMAB-DKST 420 MG SOLR 1 EACH VIAL,13230.25,5292.1,40.29,11907.23,60
HCPCS,Q5115,RITUXIMAB-ABBS 100 MG/10ML SOLN 10 ML VIAL,466.74,186.696,27.99,420.07,30
HCPCS,Q5115,RITUXIMAB-ABBS 500 MG/50ML SOLN 50 ML VIAL,23337.18,9334.872,27.99,21003.46,30
HCPCS,Q5116,TRASTUZUMAB-QYYP 150 MG SOLR 1 EACH VIAL,6103.94,2441.576,11.32,5493.55,30
HCPCS,Q5116,TRASTUZUMAB-QYYP 420 MG SOLR 1 EACH VIAL,17091.06,6836.424,11.32,15381.95,30
HCPCS,Q5117,TRASTUZUMAB-ANNS 150 MG SOLR 1 EACH VIAL,6854.74,2741.896,8.11,6169.27,30
HCPCS,Q5117,TRASTUZUMAB-ANNS 420 MG SOLR 1 EACH VIAL,19193.24,7677.296,8.11,17273.92,30
HCPCS,Q5118,BEVACIZUMAB-BVZR 100 MG/4ML SOLN 4 ML VIAL,3385.97,1354.388,17.51,3047.37,30
HCPCS,Q5118,BEVACIZUMAB-BVZR 400 MG/16ML SOLN 16 ML VIAL,13543.87,5417.548,17.51,12189.48,30
HCPCS,Q5119,RITUXIMAB-PVVR 100 MG/10ML SOLN 10 ML VIAL,3956.74,1582.696,22.85,3561.07,30
HCPCS,Q5119,RITUXIMAB-PVVR 500 MG/50ML SOLN 50 ML VIAL,19783.68,7913.472,22.85,17805.31,30
HCPCS,Q5120,PEGFILGRASTIM-BMEZ 6 MG/0.6ML SOSY 0.6 ML SYRINGE,19784.69,7913.876,25.45,17806.22,30
HCPCS,Q5121,INFLIXIMAB-AXXQ 100 MG SOLR 1 EACH VIAL,2520.0,1008.0,20.39,2268.0,30
HCPCS,Q5122,PEGFILGRASTIM-APGF 6 MG/0.6ML SOSY 0.6 ML SYRINGE,19782.0,7912.8,64.73,17803.8,30
HCPCS,Q5130,PEGFILGRASTIM-PBBK 6 MG/0.6ML SOSY 0.6 ML SYRINGE,12600.0,5040.0,137.97,11340.0,30
HCPCS,Q5133,TOCILIZUMAB-BAVI 200 MG/10ML SOLN 10 ML VIAL,5594.4,2237.76,4.33,5034.96,30
HCPCS,Q5133,TOCILIZUMAB-BAVI 400 MG/20ML SOLN 20 ML VIAL,11188.8,4475.52,4.33,10069.92,30
HCPCS,Q5133,TOCILIZUMAB-BAVI 80 MG/4ML SOLN 4 ML VIAL,2237.76,895.104,4.33,2013.98,30
HCPCS,Q5135,TOCILIZUMAB-AAZG 200 MG/10ML SOLN 10 ML VIAL,4935.17,1974.068,4.23,4441.65,30
HCPCS,Q5135,TOCILIZUMAB-AAZG 400 MG/20ML SOLN 20 ML VIAL,9870.34,3948.136,4.23,8883.31,30
HCPCS,Q5135,TOCILIZUMAB-AAZG 80 MG/4ML SOLN 4 ML VIAL,2162.09,864.836,4.23,1945.88,30
HCPCS,Q5136,DENOSUMAB-BBDZ 120 MG/1.7ML SOLN 1.7 ML VIAL,16169.62,6467.848,20.85,14552.66,24
HCPCS,Q5136,DENOSUMAB-BBDZ 60 MG/ML SOSY 1 ML SYRINGE,8084.83,3233.932,20.85,7276.35,24
HCPCS,Q5157,DENOSUMAB-BMWO 60 MG/ML SOSY 1 ML SYRINGE,8979.56,3591.824,28.13,8081.6,28
HCPCS,Q5158,DENOSUMAB-BNHT 120 MG/1.7ML SOLN 1.7 ML VIAL,16865.1,6746.04,28.72,15178.59,28
HCPCS,Q5158,DENOSUMAB-BNHT 120 MG/1.7ML SOSY 1.7 ML SYRINGE,16865.1,6746.04,28.72,15178.59,28
HCPCS,Q5158,DENOSUMAB-BNHT 60 MG/ML SOSY 1 ML SYRINGE,9168.6,3667.44,28.72,8251.74,28
HCPCS,Q9950,HC INJECTION SULFUR HEXAFLUORIDE LIPID MICROSPHERES PER ML,55.0,22.0,22.0,49.5,15
HCPCS,Q9951,LOCM >= 400 MG/ML IODINE1ML,6.0,2.4,2.4,5.4,16
HCPCS,Q9953,INJ FE-BASED MR CONTRAST1ML,2.0,0.8,0.8,2.0,15
HCPCS,Q9955,INJ PERFLEXANE LIP MICROSML,975.0,390.0,390.0,877.5,16
HCPCS,Q9957,INJ PERFLUTREN LIP MICROSML,480.0,192.0,192.0,432.0,16
HCPCS,Q9958,DIATRIZOATE MEGLUMINE 30 % SOLN 100 ML GLASS CONT,185.0,74.0,74.0,166.5,16
HCPCS,Q9958,HOCM <=149 MG/ML IODINE 1ML,3.0,1.2,1.2,2.7,16
HCPCS,Q9959,HOCM 150-199MG/ML IODINE1ML,3.0,1.2,1.2,2.7,16
HCPCS,Q9960,HC HOC 200-249  MG/ML IODINE CONCENTRATION PER ML,3.0,1.2,1.2,2.7,16
HCPCS,Q9961,HC HOC 250-299 MG/ML IODINE CONCENTRATION PER ML,3.0,1.2,1.2,2.7,16
HCPCS,Q9963,DIATRIZOATE MEGLUMINE-SODIUM 66-10 % SOLN 30 ML BOTTLE,123.75,49.5,19.98,111.38,32
HCPCS,Q9963,HOCM 350-399MG/ML IODINE1ML,150.0,60.0,60.0,135.0,17
HCPCS,Q9965,LOCM 100-199MG/ML IODINE1ML,2.0,0.8,0.8,1.8,16
HCPCS,Q9966,IOHEXOL 240 MG/ML SOLN 50 ML BOTTLE,235.0,94.0,94.0,211.5,16
HCPCS,Q9966,LOCM 200-299MG/ML IODINE1ML,2.0,0.8,0.8,1.8,16
HCPCS,Q9967,IOHEXOL 300 MG/ML SOLN 10 ML VIAL,1109.52,443.808,443.81,998.57,16
HCPCS,Q9967,IOHEXOL 300 MG/ML SOLN 100 ML BOTTLE,272.25,108.9,108.9,245.03,16
HCPCS,Q9967,IOHEXOL 300 MG/ML SOLN 30 ML VIAL,382.95,153.18,153.18,344.66,16
HCPCS,Q9967,IOHEXOL 300 MG/ML SOLN 50 ML BOTTLE,278.0,111.2,111.2,250.2,16
HCPCS,Q9967,IOVERSOL 74 % SOLN 50 ML VIAL,114.0,45.6,45.6,102.6,16
HCPCS,Q9967,LOCM 300-399MG/ML IODINE1ML,2.0,0.8,0.8,1.8,16
HCPCS,Q9968,METHYLENE BLUE (ANTIDOTE) 1 % SOLN 10 ML VIAL,1150.0,460.0,0.26,1035.0,60
HCPCS,Q9968,METHYLENE BLUE 50 MG/10ML SOLN 10 ML AMPULE,1293.84,517.536,0.26,1164.46,60
HCPCS,Q9996,USTEKINUMAB-TTWE 90 MG/ML SOSY 1 ML SYRINGE,21049.22,8419.688,35.96,18944.3,15
HCPCS,Q9997,USTEKINUMAB-TTWE 130 MG/26ML SOLN 26 ML VIAL,5543.97,2217.588,6.6,4989.57,22
HCPCS,Q9998,USTEKINUMAB-AEKN 130 MG/26ML SOLN 26 ML VIAL,7055.96,2822.384,10.72,6350.36,24
HCPCS,Q9998,USTEKINUMAB-AEKN 90 MG/ML SOSY 1 ML SYRINGE,21049.22,8419.688,10.72,18944.3,24
HCPCS,Q9999,USTEKINUMAB-AAUZ 130 MG/26ML SOLN 26 ML VIAL,8495.98,3398.392,10.11,7646.38,22
HCPCS,Q9999,USTEKINUMAB-AAUZ 90 MG/ML SOSY 1 ML SYRINGE,18242.62,7297.048,10.11,16418.36,22
HCPCS,S0028,FAMOTIDINE 200 MG/20ML SOLN 20 ML VIAL,54.0,21.6,21.36,48.6,34
HCPCS,S0080,PENTAMIDINE 300 MG SOLR 1 EACH VIAL,539.3,215.72,129.55,829.11,75
HCPCS,S0145,PEGINTERFERON ALFA-2A 180 MCG/ML SOLN 1 ML VIAL,5611.62,2244.648,1476.4,5050.46,15
HCPCS,S0315,DISEASE MANAGEMENT PROGRAM INIT,50.0,20.0,20.0,45.0,17
HCPCS,S0317,DISEASE MANAGEMENT PROGRAM PER DIEM,10.0,4.0,4.0,9.0,17
HCPCS,S1040,CRANIAL REMOLDING ORTHOTIC PEDIATRIC,3300.0,1320.0,1320.0,2970.0,15
HCPCS,S2095,TRANSCATH EMBOLIZ MICROSPHER,44408.0,17763.2,4093.0,39967.2,17
HCPCS,S2900,HC PERC. ROBOT ASSISTED PROCEDURE,9968.0,3987.2,3987.2,8971.2,17
HCPCS,S5185,MEDICATION REMINDER SERVICE NONFACE-TO-FACE PER MONTH,6.0,2.4,2.4,5.4,17
HCPCS,S9445,PATIENT TEACHING 30 MINUTES,69.0,27.6,27.6,62.1,17
HCPCS,S9470,NUTRITIONAL CONSULT 15 MIN IND,51.0,20.4,20.4,45.9,17
HCPCS,S9470,NUTRITIONAL CONSULT 30 MIN IND,108.0,43.2,43.2,97.2,17
HCPCS,S9470,NUTRITIONAL CONSULT 45 MIN IND,110.0,44.0,44.0,99.0,17
HCPCS,S9470,NUTRITIONAL CONSULT 60 MIN IND,110.0,44.0,44.0,99.0,17
HCPCS,S9470,PAV NUTRITIONAL CON IND 15 MIN,51.0,20.4,20.4,45.9,17
HCPCS,S9470,PAV NUTRITIONAL CON IND 30 MIN,110.0,44.0,44.0,99.0,17
HCPCS,S9470,PAV NUTRITIONAL CON IND 45 MIN,110.0,44.0,44.0,99.0,17
HCPCS,S9470,PAV NUTRITIONAL CON IND 60 MIN,110.0,44.0,44.0,99.0,17
HCPCS,U0002,COVID-19 LAB TEST NON-CDC,128.0,51.2,47.57,128.28,30
HCPCS,V2630,ANTER CHAMBER INTRAOCUL LENS,690.0,276.0,174.0,621.0,15
HCPCS,V2632,POST CHMBR INTRAOCULAR LENS,325.0,130.0,130.0,292.5,14
HCPCS,V2785,CORNEAL TISSUE PROCESSING,9821.0,3928.4,2227.4,9821.0,22
HCPCS,V2787,HC PREMIUM LENS TORIC,500.0,200.0,60.0,450.0,15
HCPCS,V2788,HC PREMIUM LENS  VIVITY,1000.0,400.0,360.0,900.0,15
HCPCS,V2788,HC PREMIUM LENS PANOPTIX,1000.0,400.0,360.0,900.0,15
HCPCS,V2790,AMNIOTIC MEMBRANE,2800.0,1120.0,789.6,2880.0,60
HCPCS,V5010,ASSESSMENT FOR HEARING AID,100.0,40.0,40.0,367.2,18
HCPCS,V5010,HC ASSESSMENT FOR HEARING AID,113.0,45.2,45.2,367.2,18
HCPCS,V5011,HC HEARING AID FITTING/CHECKING,138.0,55.2,55.2,918.0,18
HCPCS,V5020,HC CONFORMITY EVALUATION,179.0,71.6,71.6,413.1,18
HCPCS,V5090,HEARING AID DISPENSING FEE,445.0,178.0,178.0,400.5,17
HCPCS,V5110,HEARING AID DISPENSING FEE,600.0,240.0,240.0,540.0,15
HCPCS,V5160,DISPENSING FEE BINAURAL,432.0,172.8,172.8,388.8,15
HCPCS,V5241,DISPENSING FEE MONAURAL,300.0,120.0,120.0,270.0,15
HCPCS,V5264,EAR MOLD/INSERT,125.0,50.0,50.0,112.5,17
HCPCS,V5362,HC SPEECH SCREENING,190.0,76.0,76.0,182.0,17
HCPCS,V5362,SPEECH SCREENING,190.0,76.0,76.0,182.0,17
HCPCS,V5363,LANGUAGE SCREENING,190.0,76.0,76.0,182.0,34
HCPCS,V5364,DYSPHAGIA SCREENING,190.0,76.0,76.0,182.0,34
