code_type,code,description,gross_charge,discounted_cash,min_negotiated,max_negotiated,payer_entries
APC,2042,"Endo, single, pulmonary",,,,,0
APC,5012,Clinic Visits and Related Services,,,,,0
APC,5021,Level 1 Type A ED Visits,,,,,0
APC,5022,Level 2 Type A ED Visits,,,,,0
APC,5023,Level 3 Type A ED Visits,,,,,0
APC,5024,Level 4 Type A ED Visits,,,,,0
APC,5025,Level 5 Type A ED Visits,,,,,0
APC,5051,Level 1 Skin Procedures,,,,,0
APC,5052,Level 2 Skin Procedures,,,,,0
APC,5053,Level 3 Skin Procedures,,,,,0
APC,5054,Level 4 Skin Procedures,,,,,0
APC,5055,Level 5 Skin Procedures,,,,,0
APC,5071,Level 1 Excision/ Biopsy/ Incision and Drainage,,,,,0
APC,5072,Level 2 Excision/ Biopsy/ Incision and Drainage,,,,,0
APC,5073,Level 3 Excision/ Biopsy/ Incision and Drainage,,,,,0
APC,5091,Level 1 Breast/Lymphatic Surgery and Related Procedures,,,,,0
APC,5092,Level 2 Breast/Lymphatic Surgery and Related Procedures,,,,,0
APC,5093,Level 3 Breast/Lymphatic Surgery and Related Procedures,,,,,0
APC,5094,Level 4 Breast/Lymphatic Surgery and Related Procedures,,,,,0
APC,5101,Level 1 Strapping and Cast Application,,,,,0
APC,5102,Level 2 Strapping and Cast Application,,,,,0
APC,5111,Level 1 Musculoskeletal Procedures,,,,,0
APC,5112,Level 2 Musculoskeletal Procedures,,,,,0
APC,5113,Level 3 Musculoskeletal Procedures,,,,,0
APC,5114,Level 4 Musculoskeletal Procedures,,,,,0
APC,5115,Level 5 Musculoskeletal Procedures,,,,,0
APC,5116,Level 6 Musculoskeletal Procedures,,,,,0
APC,5151,Level 1 Airway Endoscopy,,,,,0
APC,5152,Level 2 Airway Endoscopy,,,,,0
APC,5153,Level 3 Airway Endoscopy,,,,,0
APC,5154,Level 4 Airway Endoscopy,,,,,0
APC,5155,Level 5 Airway Endoscopy,,,,,0
APC,5161,Level 1 ENT Procedures,,,,,0
APC,5162,Level 2 ENT Procedures,,,,,0
APC,5163,Level 3 ENT Procedures,,,,,0
APC,5164,Level 4 ENT Procedures,,,,,0
APC,5165,Level 5 ENT Procedures,,,,,0
APC,5181,Level 1 Vascular Procedures,,,,,0
APC,5182,Level 2 Vascular Procedures,,,,,0
APC,5183,Level 3 Vascular Procedures,,,,,0
APC,5184,Level 4 Vascular Procedures,,,,,0
APC,5191,Level 1 Endovascular Procedures,,,,,0
APC,5192,Level 2 Endovascular Procedures,,,,,0
APC,5193,Level 3 Endovascular Procedures,,,,,0
APC,5194,Level 4 Endovascular Procedures,,,,,0
APC,5241,Level 1 Blood Product Exchange and Related Services,,,,,0
APC,5301,Level 1 Upper GI Procedures,,,,,0
APC,5302,Level 2 Upper GI Procedures,,,,,0
APC,5303,Level 3 Upper GI Procedures,,,,,0
APC,5311,Level 1 Lower GI Procedures,,,,,0
APC,5312,Level 2 Lower GI Procedures,,,,,0
APC,5313,Level 3 Lower GI Procedures,,,,,0
APC,5331,Complex GI Procedures,,,,,0
APC,5341,Level 1 Abdominal/Peritoneal/Biliary and Related Procedures,,,,,0
APC,5342,Level 2 Abdominal/Peritoneal/Biliary and Related Procedures,,,,,0
APC,5361,Level 1 Laparoscopy and Related Services,,,,,0
APC,5362,Level 2 Laparoscopy and Related Services,,,,,0
APC,5371,Level 1 Urology and Related Services,,,,,0
APC,5372,Level 2 Urology and Related Services,,,,,0
APC,5373,Level 3 Urology and Related Services,,,,,0
APC,5374,Level 4 Urology and Related Services,,,,,0
APC,5375,Level 5 Urology and Related Services,,,,,0
APC,5376,Level 6 Urology and Related Services,,,,,0
APC,5377,Level 7 Urology and Related Services,,,,,0
APC,5378,Level 8 Urology and Related Services,,,,,0
APC,5401,Dialysis,,,,,0
APC,5411,Level 1 Gynecologic Procedures,,,,,0
APC,5412,Level 2 Gynecologic Procedures,,,,,0
APC,5413,Level 3 Gynecologic Procedures,,,,,0
APC,5414,Level 4 Gynecologic Procedures,,,,,0
APC,5415,Level 5 Gynecologic Procedures,,,,,0
APC,5416,Level 6 Gynecologic Procedures,,,,,0
APC,5431,Level 1 Nerve Procedures,,,,,0
APC,5432,Level 2 Nerve Procedures,,,,,0
APC,5441,Level 1 Nerve Injections,,,,,0
APC,5442,Level 2 Nerve Injections,,,,,0
APC,5443,Level 3 Nerve Injections,,,,,0
APC,5461,Level 1 Neurostimulator and Related Procedures,,,,,0
APC,5462,Level 2 Neurostimulator and Related Procedures,,,,,0
APC,5464,Level 4 Neurostimulator and Related Procedures,,,,,0
APC,5481,Laser Eye Procedures,,,,,0
APC,5501,"Level 1 Extraocular, Repair, and Plastic Eye Procedures",,,,,0
APC,5521,Level 1 Imaging without Contrast,,,,,0
APC,5522,Level 2 Imaging without Contrast,,,,,0
APC,5523,Level 3 Imaging without Contrast,,,,,0
APC,5524,Level 4 Imaging without Contrast,,,,,0
APC,5571,Level 1 Imaging with Contrast,,,,,0
APC,5572,Level 2 Imaging with Contrast,,,,,0
APC,5573,Level 3 Imaging with Contrast,,,,,0
APC,5591,Level 1 Nuclear Medicine and Related Services,,,,,0
APC,5592,Level 2 Nuclear Medicine and Related Services,,,,,0
APC,5593,Level 3 Nuclear Medicine and Related Services,,,,,0
APC,5594,Level 4 Nuclear Medicine and Related Services,,,,,0
APC,5611,Level 1 Therapeutic Radiation Treatment Preparation,,,,,0
APC,5612,Level 2 Therapeutic Radiation Treatment Preparation,,,,,0
APC,5613,Level 3 Therapeutic Radiation Treatment Preparation,,,,,0
APC,5622,Level 2 Radiation Therapy,,,,,0
APC,5623,Level 3 Radiation Therapy,,,,,0
APC,5626,Level 6 Radiation Therapy,,,,,0
APC,5671,Level 1 Pathology,,,,,0
APC,5672,Level 2 Pathology,,,,,0
APC,5673,Level 3 Pathology,,,,,0
APC,5674,Level 4 Pathology,,,,,0
APC,5691,Level 1 Drug Administration,,,,,0
APC,5692,Level 2 Drug Administration,,,,,0
APC,5693,Level 3 Drug Administration,,,,,0
APC,5694,Level 4 Drug Administration,,,,,0
APC,5721,Level 1 Diagnostic Tests and Related Services,,,,,0
APC,5722,Level 2 Diagnostic Tests and Related Services,,,,,0
APC,5723,Level 3 Diagnostic Tests and Related Services,,,,,0
APC,5724,Level 4 Diagnostic Tests and Related Services,,,,,0
APC,5731,Level 1 Minor Procedures,,,,,0
APC,5732,Level 2 Minor Procedures,,,,,0
APC,5733,Level 3 Minor Procedures,,,,,0
APC,5734,Level 4 Minor Procedures,,,,,0
APC,5735,Level 5 Minor Procedures,,,,,0
APC,5743,Level 3 Electronic Analysis of Devices,,,,,0
APC,5771,Cardiac Rehabilitation,,,,,0
APC,5781,Resuscitation and Cardioversion,,,,,0
APC,5791,Pulmonary Treatment,,,,,0
APC,5822,Level 2 Health and Behavior Services,,,,,0
APC,5823,Level 3 Health and Behavior Services,,,,,0
APC,9512,RBC leukocytes reduced,,,,,0
APC,9513,"Plasma, frz between 8-24hour",,,,,0
APC,N700,Non-OPPS Clinic Services,,,,,0
APC,N800,Clinical Diagnostic Lab Services,,,,,0
APC,N801,Therapy Services,,,,,0
APC,N804,Mammography Services,,,,,0
APC,N805,Durable Medical Equipment,,,,,0
APC,N809,Other Medicine,,,,,0
APC,N811,"Observation, Other",,,,,0
APC,N900,Non-covered Services,,,,,0
APC,N902,Packaged Services,,,,,0
APC,N905,Not Recognized by OPPS,,,,,0
CDM,1110001,HC MED/SURG/GYN PRIVATE,1200.0,1200.0,,,0
CDM,1210001,HC MED/SURG GYN-SEMI-PRIV,2006.25,2006.25,,,0
CDM,1210002,HC MED/SURG/GYN INTERMED SEMI-PRIV,2133.7,2133.7,,,0
CDM,1219901,HC LOWER LEVEL OF CARE,350.0,350.0,,,0
CDM,1220001,HC OB SEMI-PRIVATE ROOM,2474.59,2474.59,,,0
CDM,1230001,GENERAL PEDS ROOM DAILY,2744.37,2744.37,,,0
CDM,1240001,PSYCH ROOM DAILY,2435.41,2435.41,,,0
CDM,1249901,HC PSYCH LOWER OF CARE,500.0,500.0,,,0
CDM,1260001,HC  SEMI-PRIV DETOX,565.0,565.0,,,0
CDM,1280001,HC REHAB SEMI-PRIV,1882.02,1882.02,,,0
CDM,1289901,HC LOWER LEVEL CARE REHAB (R/C 16),402.71,402.71,,,0
CDM,1709901,HC NICU LOWER LEVEL OF CARE,900.0,900.0,,,0
CDM,1710001,HC NEWBORN 1 ROOM DAILY,647.84,647.84,,,0
CDM,1720001,HC NEWBORN 2 ROOM DAILY,2649.7,2649.7,,,0
CDM,1730001,HC NEWBORN 3 ROOM DAILY,3156.48,3156.48,,,0
CDM,1740001,HC NEWBORN 4 ROOM DAILY,3553.17,3553.17,,,0
CDM,2000001,ICU ROOM,4399.59,4399.59,,,0
CDM,2010001,ICU SURG ROOM DAILY,4399.59,4399.59,,,0
CDM,2070001,HC ICU/BURN CARE ROOM DLY,9770.24,9770.24,,,0
CDM,2070002,HC BURN INTERMED ROOM DLY,7128.47,7128.47,,,0
CDM,2100001,ICU CARD ROOM DAILY,4399.59,4399.59,,,0
CDM,22100001,HC ADMISSION CHARGE,398.21,398.21,,,0
CDM,26000001,HC HYDRATION IV INFUSION 1ST HOUR,528.43,528.43,,,0
CDM,26000002,HC HYDRATION IV INFUSION EACH ADDL HOUR,198.16,198.16,,,0
CDM,26000003,HC IV INFUSION DRUG THERAPY 1ST HOUR,1188.97,1188.97,,,0
CDM,26000004,HC INFUSION DRUG THERAPY EA ADDL HOUR,264.22,264.22,,,0
CDM,26000005,"HC IV INFUSION, ADDL SEQ UP TO 1 HOUR",462.38,462.38,,,0
CDM,26000006,"HC IV INFUSION, CONCURRENT",264.22,264.22,,,0
CDM,26000007,"HC THER/PROPH/DIAG INJ, SC/IM",70.47,70.47,,,0
CDM,26000008,"HC THER/PROPH/DIAG INJ, IV PUSH",660.54,660.54,,,0
CDM,26000009,"HC TX/PRO/DX INJ EA ADDL SEQ, NEW",264.22,264.22,,,0
CDM,26000010,"HC TX/PRO/DX INJ EA ADDL SEQ, SAME",66.05,66.05,,,0
CDM,26000011,HC SPINE/BRAIN PUMP REFILL PHYS,164.0,164.0,,,0
CDM,26000012,HC IRRIGATION OF IMPLANTED VAD,198.16,198.16,,,0
CDM,26000052,HC APPLICATION OF ON-BODY INJECTOR FOR TIMED SUBQ INJECTION,264.22,264.22,,,0
CDM,26000053,"DEAC 04/16/2021 HC IV INFUSION, BAMLANIVIMAB XXXX, INCLUDES INFUSION AND POST ADMINISTRATION",309.6,309.6,,,0
CDM,26000054,"DEAC 4/1/2025 HC IV INFUSION, CASIRIVIMAB & IMDEVIMAB, INCL INFUSION & POST ADM MONITOR",450.0,450.0,,,0
CDM,26000055,"DEAC 4/1/2025 HC IV INFUSION, BAMLANIVIMAB AND ETESEVIMAB, INCLUDES INFUSION AND POST ADMIN MONITORING",450.0,450.0,,,0
CDM,26000056,"DEAC 4/1/2025 HC IV INFUS/SUBSQ INJ, CASIRIVIMAB & IMDEVIMAB W/POST ADM MONITOR, REPEAT DOSES",450.0,450.0,,,0
CDM,30000001,HC ROUTINE VENIPUNCTURE,12.0,12.0,,,0
CDM,30000004,HC METABOLIC PANEL TOTAL CA,12.0,12.0,,,0
CDM,30000005,HC COMPREHENSIVE METABOLIC PANEL,10.56,10.56,,,0
CDM,30000006,HC RENAL FUNCTION PANEL,24.0,24.0,,,0
CDM,30000007,HC HEPATIC FUNCTION PANEL,12.0,12.0,,,0
CDM,30000008,HC GH SUPPRESSION PANEL,268.5,268.5,,,0
CDM,30000009,HC CARNITINE QUAN EA,650.0,650.0,,,0
CDM,30000010,HC CHLORIDE; OTHER,20.93,20.93,,,0
CDM,30000011,HC VERY LONG FATTY ACID CHAINS,251.22,251.22,,,0
CDM,30000012,HC ASSAY OF IGE,31.4,31.4,,,0
CDM,30000013,HC INSULIN; TOTAL,25.0,25.0,,,0
CDM,30000014,HC TESTOSTERONE; TOTAL,25.81,25.81,,,0
CDM,30000015,HC T3; REVERSE,60.0,60.0,,,0
CDM,30000016,HC FETAL HGB SCREENING TEST,66.5,66.5,,,0
CDM,30000017,HC SICKLING OF RBC REDUCTION,20.93,20.93,,,0
CDM,30000018,HC ALLERG SP IGE; QUAN OR SEMIQUAN,15.0,15.0,,,0
CDM,30000019,HC AB ID; LEUKOCYTE AB,83.74,83.74,,,0
CDM,30000020,HC COLD AGGLUTININ; SCREEN,27.22,27.22,,,0
CDM,30000021,HC COLD AGGLUTININ; TITER,57.0,57.0,,,0
CDM,30000022,HC ID; GEL QUAL; EA AB/AG,39.77,39.77,,,0
CDM,30000023,HC LYMPHOCYTE MITOGEN RESPONSE,161.19,161.19,,,0
CDM,30000024,HC NITROBLUE TETRAZOLIUM DYE TEST,104.67,104.67,,,0
CDM,30000025,HC AB; HEMOPHILUS INFLUENZA,98.39,98.39,,,0
CDM,30000026,HC AB; HIV-2,40.5,40.5,,,0
CDM,30000027,HC RBC AB ELUTION EA,41.87,41.87,,,0
CDM,30000028,HC AB ID RBC EA PANEL EA TECHN,72.0,72.0,,,0
CDM,30000029,HC COOMBS; DIRECT,16.5,16.5,,,0
CDM,30000030,HC COOMBS TEST INDIRECT TITER,57.0,57.0,,,0
CDM,30000031,HC BLOOD TYPING; ABO,8.38,8.38,,,0
CDM,30000032,HC BLOOD TYPING; RH D,8.38,8.38,,,0
CDM,30000033,HC BLOOD TYPE ANTIGEN DONOR EA,33.0,33.0,,,0
CDM,30000034,HC BLD TYPE; RBC AG NOT ABO/RHD,33.0,33.0,,,0
CDM,30000035,HC BLD TYPE; RH PHENOTYPE,62.8,62.8,,,0
CDM,30000036,HC COMPATIBILITY TEST ANTIGLOB,8.0,8.0,,,0
CDM,30000037,HC COMPATIBILITY TEST ELECTRIC,12.56,12.56,,,0
CDM,30000038,HC IRRADIATE BLD PRODUCT EA UNIT,160.0,160.0,,,0
CDM,30000039,HC VOL REDUCTION OF BLOOD/PROD,40.0,40.0,,,0
CDM,30000040,HC POOL PLATELETS OR BLD PRODUCT,41.87,41.87,,,0
CDM,30000041,HC PRETREAT RBC; ENZYMES,0.01,0.01,,,0
CDM,30000042,HC SPLIT BLD PRODUCT EA UNIT,125.0,125.0,,,0
CDM,30000045,HC DIFF CELL COUNT NOT BLOOD,30.0,30.0,,,0
CDM,30000046,HC SEMEN ANAL STRICT CRITERIA,60.71,60.71,,,0
CDM,30000047,HC LEUKOREDUCTION,115.14,115.14,,,0
CDM,30000048,HC TRICH. VAGINALIS AMP PROBE,94.2,94.2,,,0
CDM,30000049,HC NFCT DS CHRNC HCV 6 ASSAYS (153),320.29,320.29,,,0
CDM,30000101,HC COMPATIBILITY TEST INCUBATE,30.0,30.0,,,0
CDM,30000102,HC PRETREAT RBC; CHEM OR DRUGS,64.9,64.9,,,0
CDM,30000103,HC SERUM PRETX; RC ABSORPT,51.0,51.0,,,0
CDM,30000105,HC FECAL LEUKO CNT QUAL/SEMIQUAN,9.0,9.0,,,0
CDM,30000106,HC EXAM SYNOVIAL FLUID CRYSTALS,29.0,29.0,,,0
CDM,30000108,HC AUTOLOG BLOOD OP SALVAGE,1099.06,1099.06,,,0
CDM,30000109,HC MEAT FIBERS FECES,1.0,1.0,,,0
CDM,30000125,HC BLD TYPE; AG SCRN W PT SERUM,25.12,25.12,,,0
CDM,30000128,HC FETAL SCREEN,88.5,88.5,,,0
CDM,30000130,HC SERUM PRETX; DILUTION,0.01,0.01,,,0
CDM,30000131,HC SERUM PRETX; INHIBITOR INCUBATE,64.9,64.9,,,0
CDM,30000150,HC SEMEN; MOTILITY & COUNT,29.31,29.31,,,0
CDM,30000151,HC SEMEN ANAL VOL/COUNT/MOT,70.0,70.0,,,0
CDM,30000152,HC SEMEN ANAL SPERM DETECTION,29.31,29.31,,,0
CDM,30000154,HC RETROGRADE EJACULATION ANAL,29.31,29.31,,,0
CDM,30000161,HC LAB ONE-WAY ALLOW PRORATED TRIP,10.0,10.0,,,0
CDM,30000163,HC IMMUMOASSAY QUANT NOS NONAB (70),146.54,146.54,,,0
CDM,30000164,"HC IMMUNOASSAY, NOS PART OF PANEL",5.0,5.0,,,0
CDM,30000165,HC IMMUMOASSAY QUANT NOS NONAB (25),52.33,52.33,,,0
CDM,30000166,HC IMMUMOASSAY QUANT NOS NONAB (35),73.27,73.27,,,0
CDM,30000167,HC IMMUMOASSAY QUANT NOS NONAB (40),83.74,83.74,,,0
CDM,30000168,HC IMMUMOASSAY QUANT NOS NONAB (90),150.0,150.0,,,0
CDM,30000169,HC IMMUMOASSAY QUANT NOS NONAB (100),209.35,209.35,,,0
CDM,30000170,HC IMMUMOASSAY QUANT NOS NONAB (115),203.0,203.0,,,0
CDM,30000171,HC IMMUMOASSAY QUANT NOS NONAB (190),397.75,397.75,,,0
CDM,30000172,HC IMMUMOASSAY QUANT NOS NONAB (550),1151.39,1151.39,,,0
CDM,30000173,HC IMMUMOASSAY QUANT NOS NONAB (980),2051.57,2051.57,,,0
CDM,30000174,HC IMMUMOASSAY QUANT NOS NONAB (170),285.0,285.0,,,0
CDM,30000175,HC IMMUMOASSAY QUANT NOS NONAB (65),136.07,136.07,,,0
CDM,30000176,HC IMMUMOASSAY QUANT NOS NONAB (45),94.2,94.2,,,0
CDM,30000177,HC UNLISTED HEMAT/COAG  PROC (255),533.83,533.83,,,0
CDM,30000178,HC UNLISTED TRANSFUSION MED  PROC (425),889.71,889.71,,,0
CDM,30000179,HC IMMUMOASSAY QUANT NOS NONAB (240),405.0,405.0,,,0
CDM,30000180,HC IMMUMOASSAY QUANT NOS NONAB (130),272.15,272.15,,,0
CDM,30000184,HC IMMUMOASSAY QUANT NOS NONAB,397.75,397.75,,,0
CDM,30001856,"HC IAD BY NUCLEIC ACID (DNA OR RNA); BORRELIA MIYAMOTOI, APT (41)",85.83,85.83,,,0
CDM,30001858,"HC IMMUNOASSAY, NOT OTHERWISE SPECIFIED(12)",25.12,25.12,,,0
CDM,30001859,"HC IMMUNOASSAY, NOT OTHERWISE SPECIFIED(32)",66.99,66.99,,,0
CDM,30001860,HC IMMUNOASSAY QUANT NOS NONAB (184),385.19,385.19,,,0
CDM,30001861,"HC H.PYLORI + CLARITHRO RESIST, PCR, F",96.3,96.3,,,0
CDM,30060007,HC FACTOR XIII QUEST,125.61,125.61,,,0
CDM,30060011,"HC LYME(B.BURGDORFERI)PCR,CSF QST",251.22,251.22,,,0
CDM,30070003,HC POCT ASSAY PH BODY FLUID NOS,16.75,16.75,,,0
CDM,30070004,HC POCT URINE HCG VISUAL COLOR,20.93,20.93,,,0
CDM,30070006,HC POCT SMEAR - INFECTIOUS WET MOUNT,16.75,16.75,,,0
CDM,30070007,HC POCT GLUCOSE; BLOOD REAGENT STRIP,8.38,8.38,,,0
CDM,30070008,HC POCT FERN TEST,20.93,20.93,,,0
CDM,30100000,HC LAB CHEMISTRY,2.09,2.09,,,0
CDM,30100001,HC ELECTROLYTE PANEL,20.0,20.0,,,0
CDM,30100002,HC LIPID PANEL,13.39,13.39,,,0
CDM,30100003,HC AMIKACIN,44.0,44.0,,,0
CDM,30100005,"HC BENZODIAZEPINES, 1-12",62.8,62.8,,,0
CDM,30100006,HC CARBAMAZEPINE; TOTAL,55.0,55.0,,,0
CDM,30100007,HC CARBAMAZEPINE; FREE,31.4,31.4,,,0
CDM,30100008,HC CYCLOSPORINE,41.87,41.87,,,0
CDM,30100010,HC DIGOXIN QUANTITATIVE,31.4,31.4,,,0
CDM,30100011,HC DIPROPYLACETIC ACID,25.0,25.0,,,0
CDM,30100012,HC GENTAMICIN,44.0,44.0,,,0
CDM,30100013,HC HALOPERIDOL ASSAY,62.8,62.8,,,0
CDM,30100015,HC LIDOCAINE,66.0,66.0,,,0
CDM,30100016,HC LITHIUM,31.4,31.4,,,0
CDM,30100018,HC PHENOBARBITAL,55.0,55.0,,,0
CDM,30100019,HC PHENYTOIN; TOTAL,55.0,55.0,,,0
CDM,30100020,HC PHENYTOIN; FREE,99.0,99.0,,,0
CDM,30100021,HC PRIMIDONE,62.8,62.8,,,0
CDM,30100022,HC PROCAINAMIDE W METABOLITES,37.5,37.5,,,0
CDM,30100023,HC QUINIDINE,31.4,31.4,,,0
CDM,30100024,HC ASSAY OF SIROLIMUS,62.8,62.8,,,0
CDM,30100026,HC TACROLIMUS,62.8,62.8,,,0
CDM,30100027,HC THEOPHYLLINE,31.4,31.4,,,0
CDM,30100028,HC TOBRAMYCIN,31.4,31.4,,,0
CDM,30100029,HC TOPIRAMATE,54.0,54.0,,,0
CDM,30100030,HC VANCOMYCIN,31.4,31.4,,,0
CDM,30100031,HC DABIGATRAN ASSAY,41.87,41.87,,,0
CDM,30100032,HC ACETAZOLAMIDE (DIAMOX),52.33,52.33,,,0
CDM,30100033,HC BUPROPION,62.8,62.8,,,0
CDM,30100035,HC ATAZANAVIR LEVEL SERUM,198.87,198.87,,,0
CDM,30100036,"HC ITRACONAZOLE, HPLC",69.09,69.09,,,0
CDM,30100037,"HC KALETRA, QUANTITATION",334.95,334.95,,,0
CDM,30100039,HC AUTOM URINE DIP W MICRO,18.84,18.84,,,0
CDM,30100040,HC N-AUTOM URINALYS WO MICRO,8.38,8.38,,,0
CDM,30100041,HC AUTOM URINALYSIS WO MICRO,6.0,6.0,,,0
CDM,30100042,HC URINALYSIS; QUAL NOT IA,46.5,46.5,,,0
CDM,30100043,HC URINALYSIS - MICRO ONLY,10.46,10.46,,,0
CDM,30100045,HC QUANT SERUM ACETONES/KETONES,37.0,37.0,,,0
CDM,30100046,HC ACETYLCHOLINESTERASE,62.8,62.8,,,0
CDM,30100047,HC ACYLCARNITINES; QUAN,60.0,60.0,,,0
CDM,30100048,HC ACTH,59.0,59.0,,,0
CDM,30100049,HC ASSAY OF SERUM ALBUMIN,4.19,4.19,,,0
CDM,30100050,HC ALBUMIN; QUAN,37.75,37.75,,,0
CDM,30100051,HC ALBUMIN; URINE QUANT,31.4,31.4,,,0
CDM,30100053,HC ALDOSTERONE,25.0,25.0,,,0
CDM,30100054,HC ALPHA-FETOPROTEIN SERUM,55.0,55.0,,,0
CDM,30100055,HC ALPHA-FETOPROTEIN AMNIOTIC,51.0,51.0,,,0
CDM,30100056,HC AMINO ACIDS; MULTI QUAL EA,62.8,62.8,,,0
CDM,30100057,HC AMINO ACIDS 6/>  QUAN EA,0.01,0.01,,,0
CDM,30100058,HC AMMONIA,41.87,41.87,,,0
CDM,30100059,HC AMYLASE,27.5,27.5,,,0
CDM,30100060,HC ASCORBIC ACID BLOOD,47.5,47.5,,,0
CDM,30100061,HC BARBITURATES,52.33,52.33,,,0
CDM,30100062,HC BETA-2 MICROGLOBULIN,46.0,46.0,,,0
CDM,30100063,HC TOTAL BILIRUBIN,4.0,4.0,,,0
CDM,30100064,HC DIRECT BILIRUBIN,20.5,20.5,,,0
CDM,30100065,HC OCCULT BLOOD FECES,13.0,13.0,,,0
CDM,30100066,HC OCCULT BLD FHG QUAL 1-3,15.92,15.92,,,0
CDM,30100067,HC CADMIUM,83.74,83.74,,,0
CDM,30100068,HC VITAMIN D 25 HYDROXY,84.0,84.0,,,0
CDM,30100069,HC CALCITONIN,62.8,62.8,,,0
CDM,30100070,HC CALCIUM; TOTAL,14.0,14.0,,,0
CDM,30100071,HC CALCIUM; IONIZED,13.68,13.68,,,0
CDM,30100072,HC CALCIUM; URINE QUAN TIMED,20.93,20.93,,,0
CDM,30100073,HC STONE; IR SPECTROSCOPY,60.0,60.0,,,0
CDM,30100074,HC CARBON DIOXIDE (CO2),4.19,4.19,,,0
CDM,30100075,HC ASSAY CARBOXYHB QUANT,50.0,50.0,,,0
CDM,30100076,HC CEA,52.33,52.33,,,0
CDM,30100077,HC CHLORIDE; BLOOD,1.0,1.0,,,0
CDM,30100078,HC CHLORIDE; URINE,20.93,20.93,,,0
CDM,30100079,HC SERUM/WB TOT CHOLEST,8.38,8.38,,,0
CDM,30100083,HC C CHROMATOGR QUAN ANALYT NES,100.0,100.0,,,0
CDM,30100084,HC C CHROMOTOGR QUAN; MULTI ANALY,62.8,62.8,,,0
CDM,30100085,HC CHROMIUM,83.74,83.74,,,0
CDM,30100086,HC COLLAGEN CROSS LINKS,60.0,60.0,,,0
CDM,30100087,HC COPPER,52.33,52.33,,,0
CDM,30100088,HC CORTICOSTERONE,52.33,52.33,,,0
CDM,30100089,HC CORTISOL; FREE,62.8,62.8,,,0
CDM,30100090,HC CORTISOL; TOTAL,32.0,32.0,,,0
CDM,30100091,HC CC/MS; QUAN SS & MP,62.8,62.8,,,0
CDM,30100092,HC CC/MS - SGL ANALYTE QUAN,209.35,209.35,,,0
CDM,30100093,HC CC/MS - MULTI ANALYTES QUAN,251.22,251.22,,,0
CDM,30100094,HC CPK; TOTAL,12.56,12.56,,,0
CDM,30100095,HC CPK: MB FRACTION ONLY,16.0,16.0,,,0
CDM,30100096,HC CREATININE; BLOOD,1.0,1.0,,,0
CDM,30100097,HC CREATININE; NOT BLOOD,14.0,14.0,,,0
CDM,30100098,HC CREATININE; CLEARANCE,25.12,25.12,,,0
CDM,30100099,HC CRYOFIBRINOGEN,55.0,55.0,,,0
CDM,30100100,HC CRYOGLOBULIN - QUAL/SEMI QUAN,29.31,29.31,,,0
CDM,30100101,HC VITAMIN B-12 LEVEL,31.4,31.4,,,0
CDM,30100102,HC CYSTATIN C,104.67,104.67,,,0
CDM,30100103,HC VIT D 1 25-DIHYDROXY,52.33,52.33,,,0
CDM,30100104,HC PANCREATIC ELASTASE FECAL,397.75,397.75,,,0
CDM,30100105,"HC ENZYME ACTIVITY BC; NOT RA, EACH SPECIMEN",83.74,83.74,,,0
CDM,30100106,HC ESTRADIOL; TOTAL,31.4,31.4,,,0
CDM,30100107,HC ESTRIOL UNCONJUGATED,1.0,1.0,,,0
CDM,30100108,HC FAT/LIPIDS FECES; QUAN,36.75,36.75,,,0
CDM,30100109,HC FERRITIN,55.0,55.0,,,0
CDM,30100110,HC FETAL FIBRONECTIN CV SEMIQUAN,146.0,146.0,,,0
CDM,30100111,HC FOLIC ACID; SERUM,31.4,31.4,,,0
CDM,30100112,HC FOLIC ACID; RBC,31.4,31.4,,,0
CDM,30100113,HC FRUCTOSE SEMEN,82.5,82.5,,,0
CDM,30100114,HC ASSAY IGA/IGD/IGG/IGM EACH,25.0,25.0,,,0
CDM,30100115,HC IGG 1 2 3 OR 4 EACH,31.4,31.4,,,0
CDM,30100116,HC BLOOD GAS MIXED WO O2 SAT,33.0,33.0,,,0
CDM,30100117,HC BLOOD GASES W/02 SATURATION,64.9,64.9,,,0
CDM,30100118,HC BLOOD GASES O2 SAT ONLY,64.9,64.9,,,0
CDM,30100119,HC HEMOGLOBIN-OXYGEN AFFINITY,40.0,40.0,,,0
CDM,30100120,HC GLUCOSE BODY FLUID NOT BLOOD,8.38,8.38,,,0
CDM,30100121,HC GLUCOSE; QUAN BLOOD,8.38,8.38,,,0
CDM,30100122,HC GLUCOSE; POST GLUCOSE DOSE,11.0,11.0,,,0
CDM,30100123,HC GLUCOSE TOLERANCE TEST (GTT) 3 SPECM,16.0,16.0,,,0
CDM,30100124,HC GTT-ADDED SAMPLES,8.38,8.38,,,0
CDM,30100126,HC GLUTAMYLTRANSFERASE GAMMA,20.0,20.0,,,0
CDM,30100127,HC GROWTH HORMONE HUMAN,62.0,62.0,,,0
CDM,30100128,HC HAPTOGLOBIN; QUAN,44.0,44.0,,,0
CDM,30100129,HC HEAVY METAL; QUAN,62.8,62.8,,,0
CDM,30100130,HC HGB FRACT & QUAN; EP,59.5,59.5,,,0
CDM,30100131,HC HGB CHROMATOGRAPHY,52.33,52.33,,,0
CDM,30100132,HC HGB; FETAL CHEMICAL,44.0,44.0,,,0
CDM,30100133,HC HGB; FETAL QUAL,41.0,41.0,,,0
CDM,30100134,HC GLYCOSYLATED HEMOGLOBIN TEST,9.71,9.71,,,0
CDM,30100135,HC HBG; METHEMOGLOBIN QUAN,41.87,41.87,,,0
CDM,30100136,HC HEMOGLOBIN; UNSTABLE SCREEN,27.22,27.22,,,0
CDM,30100137,HC HEMOSIDERIN; QUAL,25.07,25.07,,,0
CDM,30100138,HC B-HEXOSAMINIDASE EA ASSAY,223.25,223.25,,,0
CDM,30100139,HC ASSAY OF HOMOCYSTINE,76.0,76.0,,,0
CDM,30100140,HC 5-HIAA,62.8,62.8,,,0
CDM,30100141,HC IMMUNOASSAY NONANTIBODY,490.0,490.0,,,0
CDM,30100142,HC RIA NONANTIBODY,52.33,52.33,,,0
CDM,30100143,HC IMMUNOASSAY QUANT NOS NONAB (20),85.0,85.0,,,0
CDM,30100144,HC IMMUNOASSAY QUANT NOS NONAB (25),52.33,52.33,,,0
CDM,30100147,HC SUBSTANCE P,100.48,100.48,,,0
CDM,30100148,HC INTERLEUKIN 1 BETA,83.74,83.74,,,0
CDM,30100149,HC PROTHROMBIN FRAGMENT 1.2,157.01,157.01,,,0
CDM,30100150,HC IMMUNOASSAY QUANT NOS NONAB (80),167.48,167.48,,,0
CDM,30100151,"HC INTERLEUKIN-2, CIRCULATING",145.0,145.0,,,0
CDM,30100152,HC ADAMSTS 13 ANTIBODY,92.11,92.11,,,0
CDM,30100153,HC IMMUMOASSAY QUANT NOS NONAB (94),196.78,196.78,,,0
CDM,30100154,HC HACA ASSESSMENT,209.35,209.35,,,0
CDM,30100155,HC RNA POLYMERASE I-III IGG,221.9,221.9,,,0
CDM,30100156,DEAC 2/8/2017 HC MAG ISM IGM AB EIA,268.91,268.91,,,0
CDM,30100157,HC SMALL FIBER AXONAL PROFILE,259.4,259.4,,,0
CDM,30100158,HC HU RECOMBX ANTIBODY TEST,334.95,334.95,,,0
CDM,30100159,HC IMMUNOASSAY QUANT NOS NONAB (180),376.81,376.81,,,0
CDM,30100160,HC SULFATIDE ANTIBODY TEST,387.29,387.29,,,0
CDM,30100161,HC FACTOR H AUTOANTIBODIES,397.75,397.75,,,0
CDM,30100162,"HC ANTI IGA, TRANSFUSION MED",450.09,450.09,,,0
CDM,30100163,HC GANGLIONIC NACHR ANTIBODY,471.02,471.02,,,0
CDM,30100164,HC VGKC ANTIBODY TEST,481.49,481.49,,,0
CDM,30100165,HC CO-GM1 TRIAD AUTOANTIBODY,460.0,460.0,,,0
CDM,30100166,HC IBD GENERATION II,586.16,586.16,,,0
CDM,30100167,HC ACHR/MUSK REFLEX ANTIBODY,1109.52,1109.52,,,0
CDM,30100168,HC PHOSPHO-TAU/AB42 CSF ANAL,868.77,868.77,,,0
CDM,30100169,HC MUSK QUANTITATIVE ANTIBODY,931.58,931.58,,,0
CDM,30100170,HC CO-GM1 QUATTRO ANTIBODIES (4),270.0,270.0,,,0
CDM,30100171,HC ACHR/MUSK QUANTITATIVE AB,1109.52,1109.52,,,0
CDM,30100172,HC MOTOR NEUROPATHY PRO-COMP,1256.06,1256.06,,,0
CDM,30100173,HC PARANEOPLASTIC PROFILE,1946.89,1946.89,,,0
CDM,30100175,HC IRON,12.56,12.56,,,0
CDM,30100176,HC LACTATE,15.0,15.0,,,0
CDM,30100177,HC LACTATE DEHYDROGENASE,1.0,1.0,,,0
CDM,30100178,HC LACTOFERRIN FECAL (QUAL),52.33,52.33,,,0
CDM,30100179,HC LEAD,12.11,12.11,,,0
CDM,30100181,HC FETAL LUNG - LB DENSITY,104.67,104.67,,,0
CDM,30100182,HC LIPASE,16.75,16.75,,,0
CDM,30100183,HC ASSAY OF LIPOPROTEIN(A),25.0,25.0,,,0
CDM,30100184,HC LIPOPROTEIN BLD HR FRACTION,104.67,104.67,,,0
CDM,30100185,HC LIPOPROTEIN BLD BY NMR,104.67,104.67,,,0
CDM,30100186,HC LIPOPROTEIN; HDL,20.0,20.0,,,0
CDM,30100187,HC ASSAY OF BLOOD LIPOPROTEIN LDL,31.4,31.4,,,0
CDM,30100188,HC MAGNESIUM,14.0,14.0,,,0
CDM,30100189,HC QUALIT MASS SPECT EA SPECIM,75.0,75.0,,,0
CDM,30100190,"HC MASS SPECTROMETRY QUAL/QUAN, EA SPECIMEN",83.74,83.74,,,0
CDM,30100191,HC METANEPHRINES,62.8,62.8,,,0
CDM,30100193,HC MUCOPOLYSACCH ACID; QUAN,69.09,69.09,,,0
CDM,30100195,HC MYOGLOBIN,51.75,51.75,,,0
CDM,30100196,HC NATRIURETIC PEPTIDE,48.0,48.0,,,0
CDM,30100412,HC ASSAY OF NUCLEOTIDASE,31.4,31.4,,,0
CDM,30100413,HC OLIGOCLONAL BANDS,80.5,80.5,,,0
CDM,30100414,HC QUANTITATIVE ORGANIC ACIDS EA SPECIMEN,261.68,261.68,,,0
CDM,30100415,HC ORGANIC ACID  SINGLE QUANTITATIVE,65.0,65.0,,,0
CDM,30100416,HC OPIATES 1 OR MORE,52.33,52.33,,,0
CDM,30100417,HC BLOOD OSMOLALITY,20.93,20.93,,,0
CDM,30100418,HC OSMOLALITY; URINE,36.5,36.5,,,0
CDM,30100419,HC PARATHORMONE,31.4,31.4,,,0
CDM,30100420,HC ASSAY FOR CALPROTECTIN FECAL,69.0,69.0,,,0
CDM,30100421,"HC ANTIPSYCHOTIC, NOS 1-3",62.8,62.8,,,0
CDM,30100422,HC PHENYLALANINE BLOOD,41.87,41.87,,,0
CDM,30100423,HC PROSTATIC ACID PHOSPHATASE,42.0,42.0,,,0
CDM,30100424,HC ALKALINE PHOSPHATASE,4.19,4.19,,,0
CDM,30100425,HC HT STBL ALKALINE PHOSPHATASE,20.93,20.93,,,0
CDM,30100426,HC PHOSPHATE,1.0,1.0,,,0
CDM,30100427,HC URINE PHOSPHATE,5.0,5.0,,,0
CDM,30100428,HC PORPHOBILINOGEN URINE; QUAL,25.12,25.12,,,0
CDM,30100429,HC ASSAY OF SERUM POTASSIUM,8.38,8.38,,,0
CDM,30100430,HC URINE POTASSIUM,4.0,4.0,,,0
CDM,30100431,HC PREALBUMIN,74.0,74.0,,,0
CDM,30100432,HC PROLACTIN ASSAY,41.87,41.87,,,0
CDM,30100433,HC PSA; TOTAL,18.39,18.39,,,0
CDM,30100434,HC PSA; FREE,52.33,52.33,,,0
CDM,30100435,HC ASSAY OF PROTEIN SERUM,4.0,4.0,,,0
CDM,30100436,HC URINE TOTAL PROTEIN,20.93,20.93,,,0
CDM,30100437,HC TOTAL PROTEIN OTHER SPECIMEN,14.0,14.0,,,0
CDM,30100438,HC PROTEIN; EP FRACT & QUAN,52.33,52.33,,,0
CDM,30100439,HC PROTEIN E-PHORESIS/URINE/CSF,52.33,52.33,,,0
CDM,30100440,HC PROTEIN WESTERN BLOT,125.61,125.61,,,0
CDM,30100441,HC PROTEIN WB; IM ID FOR BANDS,330.0,330.0,,,0
CDM,30100442,HC RENIN,31.4,31.4,,,0
CDM,30100443,HC ASSAY OF RIBOFLAVIN (VITAMIN B-2),85.9,85.9,,,0
CDM,30100444,HC SELENIUM,60.5,60.5,,,0
CDM,30100445,HC ASSAY OF SERUM SODIUM,1.0,1.0,,,0
CDM,30100446,HC SODIUM; URINE,5.0,5.0,,,0
CDM,30100447,HC SODIUM OTHER SOURCE,8.0,8.0,,,0
CDM,30100448,HC SOMATOMEDIN,52.0,52.0,,,0
CDM,30100449,HC SPECTROPHOTOMETRY ANALYTE NES,870.0,870.0,,,0
CDM,30100450,HC SUGARS CHROMOTOGR TLC/PAPER,253.31,253.31,,,0
CDM,30100451,HC URINE SULFATE,5.0,5.0,,,0
CDM,30100452,HC TESTOSTERONE; FREE,31.4,31.4,,,0
CDM,30100453,HC THIOCYANATE,31.4,31.4,,,0
CDM,30100454,HC THROMBOXANE URINE,90.0,90.0,,,0
CDM,30100455,HC THYROGLOBULIN,52.33,52.33,,,0
CDM,30100456,HC THYROXINE; TOTAL,20.0,20.0,,,0
CDM,30100457,HC FREE THYROXINE,31.4,31.4,,,0
CDM,30100458,HC THYROXINE BINDING GLOBULIN,42.0,42.0,,,0
CDM,30100460,HC THYROID STIMULATING HORMONE,30.0,30.0,,,0
CDM,30100461,HC AST OR SGOT,4.0,4.0,,,0
CDM,30100462,HC TRANSFERASE; ALANINE AMINO,14.0,14.0,,,0
CDM,30100463,HC TRANSFERRIN,12.76,12.76,,,0
CDM,30100464,HC TRIGLYCERIDES,4.19,4.19,,,0
CDM,30100465,HC T3 OR T4 OR THBR,31.4,31.4,,,0
CDM,30100466,HC T3; TOTAL,31.4,31.4,,,0
CDM,30100467,HC TROPONIN QUAN,28.0,28.0,,,0
CDM,30100468,HC UREA NITROGEN; QUAN,4.0,4.0,,,0
CDM,30100469,HC UREA NITROGEN URINE,20.93,20.93,,,0
CDM,30100470,HC URIC ACID; BLOOD,14.0,14.0,,,0
CDM,30100471,HC URIC ACID; NOT BLOOD,20.93,20.93,,,0
CDM,30100472,HC UROBILINOGEN URINE; QUAL,10.46,10.46,,,0
CDM,30100473,HC VMA URINE,35.0,35.0,,,0
CDM,30100474,HC VITAMIN NOS,81.0,81.0,,,0
CDM,30100475,HC VITAMIN K,52.33,52.33,,,0
CDM,30100476,HC VOLATILES,40.0,40.0,,,0
CDM,30100477,HC XYLOSE ABSORPTION BLOOD &/OR URINE,25.0,25.0,,,0
CDM,30100478,HC ZINC,46.0,46.0,,,0
CDM,30100479,HC C-PEPTIDE,58.0,58.0,,,0
CDM,30100480,HC HCG; QUAN,50.25,50.25,,,0
CDM,30100481,HC UNLISTED CHEMISTRY (10),20.93,20.93,,,0
CDM,30100483,HC UNLISTED CHEMISTRY TEST,465.0,465.0,,,0
CDM,30100484,HC IA QUANT; CA 15-3 (27.29),83.0,83.0,,,0
CDM,30100485,HC INHIBIN A,61.0,61.0,,,0
CDM,30100494,HC DRUG SCREEN QUANT CAFFEINE,31.4,31.4,,,0
CDM,30100495,HC DRUG SCREEN QUANT CLOZAPINE,37.75,37.75,,,0
CDM,30100496,HC DRUG SCREEN QUANT EVEROLIMUS,62.8,62.8,,,0
CDM,30100497,HC DRUG SCREEN QUANT GABAPENTIN,31.4,31.4,,,0
CDM,30100498,HC DRUG SCREEN QUAN LAMOTRIGINE,31.4,31.4,,,0
CDM,30100499,HC DRUG SCRN QUAN LEVETIRACETAM,31.4,31.4,,,0
CDM,30100500,HC DRUG SCRN QUAN MYCOPHENOLATE,41.87,41.87,,,0
CDM,30100501,HC DRUG SCRN QUANT OXCARBAZEPIN,31.4,31.4,,,0
CDM,30100503,HC DRUG SCREEN QUANT ZONISAMIDE,31.4,31.4,,,0
CDM,30100506,HC DMD DUP/DELET ANALYSIS,931.58,931.58,,,0
CDM,30100507,HC ASPA GENE,157.01,157.01,,,0
CDM,30100508,HC APC GENE KNOWN FAM VARIANTS,2.09,2.09,,,0
CDM,30100509,HC BCR/ABL1 GENE MAJOR BP,508.71,508.71,,,0
CDM,30100510,HC BCR/ABL1 GENE MINOR BP,10.46,10.46,,,0
CDM,30100511,HC BCR/ABL1 GENE OTHER BP,565.23,565.23,,,0
CDM,30100512,HC BLM GENE,140.0,140.0,,,0
CDM,30100513,HC BRAF GENE,2.09,2.09,,,0
CDM,30100519,HC CYP2D6 GENE COM VARIANTS,190.0,190.0,,,0
CDM,30100520,HC CYP2C9 GENE COM VARIANTS,565.23,565.23,,,0
CDM,30100522,HC CYTOGEN M ARRAY COPY NO&SNP,735.0,735.0,,,0
CDM,30100523,HC EGFR GENE COM VARIANTS,2.09,2.09,,,0
CDM,30100525,HC FMR1 GENE DETECTION,209.35,209.35,,,0
CDM,30100527,HC FLT3 GENE,2.09,2.09,,,0
CDM,30100528,HC G6PC GENE,525.0,525.0,,,0
CDM,30100530,HC GJB2 GENE FULL SEQUENCE,753.64,753.64,,,0
CDM,30100531,HC GJB6 GENE COM VARIANTS,429.16,429.16,,,0
CDM,30100532,HC HFE GENE,125.61,125.61,,,0
CDM,30100534,HC IKBKAP GENE,182.13,182.13,,,0
CDM,30100535,HC IGH GENE REARRANGE AMP METH,314.02,314.02,,,0
CDM,30100536,HC IGH VARI REGIONAL MUTATION,311.93,311.93,,,0
CDM,30100537,HC STR MARKERS SPECIMEN ANAL (275),575.7,575.7,,,0
CDM,30100538,HC STR MARKERS SPEC ANAL ADDL,83.74,83.74,,,0
CDM,30100539,HC CHIMERISM ANAL NO CELL SELEC,533.83,533.83,,,0
CDM,30100540,HC CHIMERISM ANAL W/CELL SELECT,10.46,10.46,,,0
CDM,30100542,HC KRAS GENE,2.09,2.09,,,0
CDM,30100543,HC LONG QT SYND GENE FULL SEQ,2438.6,2438.6,,,0
CDM,30100544,HC LONG QT SYN GENE DUP/DLT VAR,1093.26,1093.26,,,0
CDM,30100545,HC MGMT GENE METHYLATION ANAL,889.71,889.71,,,0
CDM,30100546,HC MCOLN1 GENE,154.91,154.91,,,0
CDM,30100547,HC MLH1 GENE DUP/DELETE VARIANT,2.09,2.09,,,0
CDM,30100548,HC MICROSATELLITE INSTABILITY,209.35,209.35,,,0
CDM,30100549,HC MECP2 GENE FULL SEQ,1402.6,1402.6,,,0
CDM,30100552,HC QUAL SERUM ACETONE/KETONES,15.5,15.5,,,0
CDM,30100555,HC BILE ACIDS; TOTAL,52.33,52.33,,,0
CDM,30100558,HC CHEMILUMINESCENT ASSAY,31.4,31.4,,,0
CDM,30100560,HC CPK: ISOENZYMES,52.33,52.33,,,0
CDM,30100561,HC DESOXYCORTICOSTERONE 11,52.33,52.33,,,0
CDM,30100562,HC ELECTROPHORESIS NES,40.0,40.0,,,0
CDM,30100563,HC ESTROGENS; TOTAL,1.0,1.0,,,0
CDM,30100565,HC BLOOD GAS PH ONLY,6.0,6.0,,,0
CDM,30100569,HC FETAL LUNG MATURITY; QUAN,251.22,251.22,,,0
CDM,30100570,HC LEUCINE AMINOPEPTIDASE,52.33,52.33,,,0
CDM,30100573,HC PCP QUAN ASSAY,31.4,31.4,,,0
CDM,30100576,HC THYROID STIMULATING IMMUNOGLOBULINS,52.33,52.33,,,0
CDM,30100579,HC URINE DRUG SCREEN (8TEST),87.68,87.68,,,0
CDM,30100581,HC CYP2C19 GENE COM VARIANTS,62.8,62.8,,,0
CDM,30100582,HC F2 GENE,300.0,300.0,,,0
CDM,30100583,HC F5 GENE,150.0,150.0,,,0
CDM,30100584,HC MTHFR GENE,146.54,146.54,,,0
CDM,30100585,HC ALPHA-1-ANTITRYPSIN; PHENOTYPE (40),35.0,35.0,,,0
CDM,30100586,HC AMINO ACIDS; 2-5 QUAN EA,0.01,0.01,,,0
CDM,30100589,"HC STONE; QUANTITATIVE ANALYSIS,  CHEMICAL",42.5,42.5,,,0
CDM,30100592,HC CHOLINESTERASE; SERUM,31.4,31.4,,,0
CDM,30100594,HC DIBUCAINE NUMBER,62.8,62.8,,,0
CDM,30100595,HC GLUCOSE; BLD BY MONITOR DEVICE,16.75,16.75,,,0
CDM,30100599,HC KETOSTEROIDS 17; FRACTIONATION,213.5,213.5,,,0
CDM,30100600,HC LIPOPRO BLD ELECTROPHORETIC,52.33,52.33,,,0
CDM,30100603,HC SUGARS; MULTI QUAL EA SPECIMEN,16.75,16.75,,,0
CDM,30100607,HC KETOSTEROIDS 17; TOTAL,125.61,125.61,,,0
CDM,30100610,"HC ANTIEPILEPTICS, NOS 1-3",106.0,106.0,,,0
CDM,30100612,HC ONCOPROTEIN DCP,16.75,16.75,,,0
CDM,30100613,HC TOTAL ACID PHOSPHATASE,31.4,31.4,,,0
CDM,30100618,HC PREGNANETRIOL,83.0,83.0,,,0
CDM,30100619,HC PROCALCITONIN (PCT),314.02,314.02,,,0
CDM,30100620,HC PROSTAGLANDIN EACH,81.64,81.64,,,0
CDM,30100624,HC SUGARS; SINGLE QUAL EA SPECIMEN,26.4,26.4,,,0
CDM,30100627,HC TRYPSIN; DUODENAL FLUID,83.74,83.74,,,0
CDM,30100634,HC CYCLIC ADP OR AMP,72.0,72.0,,,0
CDM,30100635,HC ANDROSTANEDIOL GLUCURONIDE,62.5,62.5,,,0
CDM,30100640,HC CPK; ISOFORMS,52.33,52.33,,,0
CDM,30100641,HC DIHYDROCODEINONE QUAN,41.87,41.87,,,0
CDM,30100653,HC NPM1 GENE,2.09,2.09,,,0
CDM,30100654,HC PML/RARALPHA COM BREAKPOINTS,230.28,230.28,,,0
CDM,30100655,HC PTEN GENE FULL SEQUENCE,0.01,0.01,,,0
CDM,30100657,HC PTEN GENE DUP/DELET VARIANT,2.09,2.09,,,0
CDM,30100658,HC PMP22 GENE DUP/DELET,2.09,2.09,,,0
CDM,30100659,HC PMP22 GENE FULL SEQUENCE,2.09,2.09,,,0
CDM,30100660,HC PMP22 GENE KNOWN FAM VARIANT,740.0,740.0,,,0
CDM,30100661,HC SMPD1 GENE COMMON VARIANTS,20.93,20.93,,,0
CDM,30100662,HC SNRPN/UBE3A GENE,224.0,224.0,,,0
CDM,30100663,HC SERPINA1 GENE,87.93,87.93,,,0
CDM,30100664,HC TRG GENE REARRANGEMENT ANAL,418.68,418.68,,,0
CDM,30100665,HC VKORC1 GENE,2.09,2.09,,,0
CDM,30100666,HC HLA I TYPING COMPLETE LR (150),314.02,314.02,,,0
CDM,30100667,HC HLA I TYPING 1 ANTIGEN LR (150),314.02,314.02,,,0
CDM,30100668,HC HLA II TYPING AG EQUIV LR (170),355.88,355.88,,,0
CDM,30100669,HC HLA II TYPING 1 LOCUS LR (40),83.74,83.74,,,0
CDM,30100670,HC HLA I TYPING COMPLETE HR (290),607.1,607.1,,,0
CDM,30100671,HC HLA I TYPING 1 ALLELE HR,151.0,151.0,,,0
CDM,30100672,HC  HLA II TYPING 1 LOCUS HR (40),83.74,83.74,,,0
CDM,30100674,HC MOPATH PROCEDURE LEVEL 1,2.09,2.09,,,0
CDM,30100675,HC MOPATH PROCEDURE LEVEL 2,5.0,5.0,,,0
CDM,30100676,HC MOPATH PROCEDURE LEVEL 3,2.09,2.09,,,0
CDM,30100677,HC MOPATH PROCEDURE LEVEL 4,5.0,5.0,,,0
CDM,30100678,HC MOPATH PROCEDURE LEVEL 5,5.0,5.0,,,0
CDM,30100679,HC MOPATH PROCEDURE LEVEL 6,2.09,2.09,,,0
CDM,30100680,HC MOPATH PROCEDURE LEVEL 7,2.09,2.09,,,0
CDM,30100681,HC MOPATH PROCEDURE LEVEL 8,2.09,2.09,,,0
CDM,30100682,HC MOPATH PROCEDURE LEVEL 9,5.0,5.0,,,0
CDM,30100683,HC UNLISTED MOLECULAR PATHOLOGY,2.09,2.09,,,0
CDM,30100684,HC DISOPYRAMIDE,52.33,52.33,,,0
CDM,30100685,HC LORAZEPAM,52.33,52.33,,,0
CDM,30100686,HC CLOMIPRAMINE,52.33,52.33,,,0
CDM,30100687,HC FLUOXETIN,36.75,36.75,,,0
CDM,30100688,HC AMIODARONE,52.33,52.33,,,0
CDM,30100689,HC DRUG SCREEN SINGLE X 9,98.64,98.64,,,0
CDM,30100690,HC DRUG SCREEN SINGLE,10.96,10.96,,,0
CDM,30100692,HC VALPROIC ACID FREE,31.4,31.4,,,0
CDM,30100693,HC ALCOHOL,31.4,31.4,,,0
CDM,30100694,HC ANTIDEPRESSANT 1 OR 2,62.8,62.8,,,0
CDM,30100695,HC PROPOXYPHENE,52.33,52.33,,,0
CDM,30100696,HC BUPRENORPHINE,68.45,68.45,,,0
CDM,30100697,HC  ALKALOIDS NOS,77.46,77.46,,,0
CDM,30100698,HC METHADONE,62.8,62.8,,,0
CDM,30100699,"HC ANABOLIC STEROIDS, 1 OR 2",52.33,52.33,,,0
CDM,30100700,"HC ANALGESICS,NON-OPIOD 1 OR 2",31.4,31.4,,,0
CDM,30100701,HC DRUG CLASS A SCREEN IEA;5 DRUG,54.8,54.8,,,0
CDM,30100702,"HC  CANNABINOIDS,NATURAL",62.8,62.8,,,0
CDM,30100703,HC PREGABALIN,131.0,131.0,,,0
CDM,30100704,HC DRUG CLASS A SCREEN IEA; 7 DRUG,76.72,76.72,,,0
CDM,30100706,HC DRUG SCREEN AMPHETAMINES 1 OR 2,52.33,52.33,,,0
CDM,30100707,HC COMPLEMENT C3A,143.0,143.0,,,0
CDM,30100709,HC QUANTITATIVE ASSAY DRUG (25),40.25,40.25,,,0
CDM,30100710,HC QUANTITATIVE ASSAY DRUG (30),44.75,44.75,,,0
CDM,30100711,HC QUANTITATIVE ASSAY DRUG (35),73.27,73.27,,,0
CDM,30100712,HC QUANTITATIVE ASSAY DRUG (55),103.0,103.0,,,0
CDM,30100713,HC QUANTITATIVE ASSAY DRUG (65),136.07,136.07,,,0
CDM,30100714,HC QUANTITATIVE ASSAY DRUG (75),157.01,157.01,,,0
CDM,30100715,HC QUANTITATIVE ASSAY DRUG (80),110.0,110.0,,,0
CDM,30100716,HC QUANTITATIVE ASSAY DRUG (145),284.0,284.0,,,0
CDM,30100717,HC QUANTITATIVE ASSAY DRUG (165),345.42,345.42,,,0
CDM,30100718,"HC DRUG CLASS A SCRN BY IA, 9",98.64,98.64,,,0
CDM,30100719,HC DRUG SCREENING COCAINE,52.33,52.33,,,0
CDM,30100720,HC OPIOID &OPIATE ANALOG 5/MORE,90.0,90.0,,,0
CDM,30100721,HC QUANTITATIVE ASSAY DRUG (85),156.25,156.25,,,0
CDM,30100722,HC  UNLISTED CHEM PROC (200),418.68,418.68,,,0
CDM,30100723,HC UNLISTED CHEM PROC (25),67.0,67.0,,,0
CDM,30100724,HC ASSAY C-D TGREANSFER MEASURE (155),324.48,324.48,,,0
CDM,30100725,"HC ANTI-DEPRESS,SEROTO 1-2 (45)",85.0,85.0,,,0
CDM,30100726,"HC ANTI-DEPRESS,SEROTO 1-2 (50)",104.67,104.67,,,0
CDM,30100727,"HC ANTI-DEPRESS,SEROTO 1-2 (70)",129.0,129.0,,,0
CDM,30100728,"HC ANTI-PSYCHOTIC ,NOS 1-3 (40)",83.74,83.74,,,0
CDM,30100729,"HC ANTI-PSYCHOTIC ,NOS 1-3 (45)",93.0,93.0,,,0
CDM,30100730,"HC ANTI-PSYCHOTIC ,NOS 1-3 (50)",98.0,98.0,,,0
CDM,30100731,"HC ANTI-PSYCHOTIC ,NOS 1-3 (70)",133.0,133.0,,,0
CDM,30100732,"HC ANTI-PSYCHOTIC ,NOS 1-3 (105)",219.81,219.81,,,0
CDM,30100733,"HC ANTI-PSYCHOTIC ,NOS 1-3 (110)",194.0,194.0,,,0
CDM,30100734,"HC ANTI-PSYCHOTIC ,NOS 1-3 (115)",240.74,240.74,,,0
CDM,30100735,"HC ANTI-DEPRESS, NOS (60)",115.0,115.0,,,0
CDM,30100736,"HC DRUG/SUBS, DEFIN,NOS, 1-3 (95)",198.87,198.87,,,0
CDM,30100737,"HC  CHLORINATED HYDROCARBONS, SCRN",35.59,35.59,,,0
CDM,30100738,HC DRUG/SUBST DEFINITIVE QUAL/QUANT,62.8,62.8,,,0
CDM,30100739,"HC DRUG SCRN,NOS PRESUMPTIVE",41.1,41.1,,,0
CDM,30100740,HC DRUG SCRN OXYCODONE,62.8,62.8,,,0
CDM,30100741,HC PAPPA SERUM,43.96,43.96,,,0
CDM,30100742,HC HCG FREE BETA CHAIN,43.96,43.96,,,0
CDM,30100743,HC UNSP CHEM PROC (280),586.16,586.16,,,0
CDM,30100744,HC QUANT ASSAY DRUG (250),523.36,523.36,,,0
CDM,30100745,HC QUANTITATIVE ASSAY DRUG (40),82.8,82.8,,,0
CDM,30100746,HC IMMUMOASSAY QUANT NOS NONAB (10),22.0,22.0,,,0
CDM,30100747,HC CARB DEFICIENT TRANSFERRIN (30),52.0,52.0,,,0
CDM,30100748,"HC  DRUG SCREEN, INSTRUMENT SINGLE DRUG",16.75,16.75,,,0
CDM,30100749,"HC  DRUG SCREEN, INSTRUMENT  8 DRUG",42.0,42.0,,,0
CDM,30100750,"HC DRUG SCREEN, INSTRUMENT 9 DRUG",200.0,200.0,,,0
CDM,30100751,"HC DRUG SCREEN, INSTRUMENT 12 DRUG",200.97,200.97,,,0
CDM,30100752,"HC DRUG SCREEN, INSTRUMENT 5 DRUG",83.74,83.74,,,0
CDM,30100753,HC DRUG SCREEN  MASS SPEC INSTR,60.0,60.0,,,0
CDM,30100754,HC IMMUNOASSAY QUANT NOS NONAB (270),565.23,565.23,,,0
CDM,30100755,HC ALCOHOLS BIOMARKERS 1 OR 2,83.74,83.74,,,0
CDM,30100756,HC IMMUNOASSAY QUANT NOS NONAB (135),235.0,235.0,,,0
CDM,30100757,HC IMMUMOASSAY QUANT NOS NONAB (50),104.67,104.67,,,0
CDM,30100758,HC QUANT ASSAY DRUG (265),554.76,554.76,,,0
CDM,30100759,HC ASSAY LIPOPROTEIN PLA2 (35),73.27,73.27,,,0
CDM,30100760,HC IMMUMOASSAY QUANT NOS NONAB (345),722.23,722.23,,,0
CDM,30100761,HC DRUG/SUBSTANCE NOS 7/MORE (40),83.74,83.74,,,0
CDM,30100762,HC DRUG/SUBSTANCE NOS 7/MORE (30),62.8,62.8,,,0
CDM,30100763,HC DRUG/SUBSTANCE NOS 7/MORE (135),282.61,282.61,,,0
CDM,30100764,HC HEROIN METABOLITE (25),49.0,49.0,,,0
CDM,30100765,HC KETAMINE AND NORKETAMINE (25),79.0,79.0,,,0
CDM,30100766,HC OPIOIDS AND OPIATE ANALOGS 1/2 (30),62.8,62.8,,,0
CDM,30100767,HC TRAMADOL (30),62.8,62.8,,,0
CDM,30100768,HC CALC GENE COM VARIANTS (210),398.0,398.0,,,0
CDM,30100769,"HC GLUCOSIDASE, BETA",63.5,63.5,,,0
CDM,30100770,HC IMMUMOASSAY QUANT NOS NONAB (205),429.16,429.16,,,0
CDM,30100771,HC DIHYDROTESTOSTERONE (DHT),56.5,56.5,,,0
CDM,30100772,HC IMMUNOASSAY QUANT NOS NONAB (354),741.08,741.08,,,0
CDM,30100773,HC METHYLENEDIOXYAMPHETAMINES (29),60.71,60.71,,,0
CDM,30100774,"HC  CANNABINOIDS,NATURAL (19)",39.77,39.77,,,0
CDM,30100775,"HC BENZODIAZEPINES, 1-12 (19)",39.77,39.77,,,0
CDM,30100776,HC BARBITURATES (9),18.84,18.84,,,0
CDM,30100777,HC DRUG SCREENING COCAINE (6),12.56,12.56,,,0
CDM,30100778,HC OPIATES 1 OR MORE (7),14.65,14.65,,,0
CDM,30100779,HC DRUG SCRN OXYCODONE (7),14.65,14.65,,,0
CDM,30100780,HC METHADONE (22),60.0,60.0,,,0
CDM,30100781,HC DRUG SCREENING COCAINE (39),81.64,81.64,,,0
CDM,30100782,HC DRUG SCREENING OXYCODONE (14),21.5,21.5,,,0
CDM,30100783,HC DRUG SCREENING BUPRENORPHINE (39),81.64,81.64,,,0
CDM,30100784,HC DRUG TEST PRSMV CHEM ANLYZR (19),39.77,39.77,,,0
CDM,30100785,HC DRUG ASSAY ADALIMUMAB (265),290.0,290.0,,,0
CDM,30100786,HC DRUG ASSAY POSACONAZOLE (30),182.0,182.0,,,0
CDM,30100787,HC DRUG ASSAY INFLIXIMAB (165),345.42,345.42,,,0
CDM,30100788,HC DRUG ASSAY LACOSAMIDE (80),167.0,167.0,,,0
CDM,30100789,HC DRUG ASSAY VORICONAZOLE (45),83.74,83.74,,,0
CDM,30100790,HC NFCT DS CHRNC HCV 6 ASSAYS (55),115.14,115.14,,,0
CDM,30100791,HC ALCOHOLS BIOMARKERS 1 OR 2 (63),131.89,131.89,,,0
CDM,30100792,HC UNLISTED CHEM PROC (1),2.09,2.09,,,0
CDM,30100793,HC DRUG SCREENING FENTANYL (38),89.0,89.0,,,0
CDM,30100795,HC ACETOMINOPHEN,45.0,45.0,,,0
CDM,30100796,HC AMIODARONE,42.0,42.0,,,0
CDM,30100797,"HC CARBAMAZEPINE;10,11-EPOXIDE",81.5,81.5,,,0
CDM,30100798,HC FELBAMATE,52.33,52.33,,,0
CDM,30100799,HC SALICYLATE,31.4,31.4,,,0
CDM,30100800,HC FLECAINIDE,52.33,52.33,,,0
CDM,30100801,HC ITRACONAZOLE,69.09,69.09,,,0
CDM,30100802,HC LEFLUNOMIDE,62.8,62.8,,,0
CDM,30100803,HC METHOTREXATE,77.0,77.0,,,0
CDM,30100804,HC RUFINAMIDE,31.4,31.4,,,0
CDM,30100805,HC ASSAY SPEC XCP UR&BREATH IA,31.4,31.4,,,0
CDM,30100806,HC ASSAY DIR MEAS FR ESTRADIOL,205.0,205.0,,,0
CDM,30100811,HC DRUG ASSAY HYDROXYCHLOROQUINE,62.8,62.8,,,0
CDM,30100812,HC EL-1 FECAL QUANTITATIVE,397.75,397.75,,,0
CDM,30100813,HC IG LIGHT CHAINS FREE EACH,31.4,31.4,,,0
CDM,30100814,HC ASSAY OF INTERLEUKIN-6 (IL-6),83.74,83.74,,,0
CDM,30100817,HC DRUG ASSAY ADALIMUMAB,301.45,301.45,,,0
CDM,30100820,"HC SYNTHETIC GLUCOCORTICOID SCREEN, SERUM(91)",190.51,190.51,,,0
CDM,30100823,HC ANTI-MULLERIAN HORMONE (AMH),31.4,31.4,,,0
CDM,30100831,"HC ENZYME EVAL; ALPHA GALA, EACH SPECIMEN",83.74,83.74,,,0
CDM,30100832,"HC- DRUG SCREEN, INSTRUMENT 13  DRUG",217.71,217.71,,,0
CDM,30100833,HC INTERLEUKIN-18 (282),590.35,590.35,,,0
CDM,30100835,"HC DRUG/SUBS, DEFIN,NOS, 1-3 (44)",92.11,92.11,,,0
CDM,30100836,HC IMMUNOASSAY QUANT NOS NONAB (109),228.19,228.19,,,0
CDM,30100837,"HC TAU, TOTAL (109)",228.19,228.19,,,0
CDM,30100838,HC NEUROFILAMENT LT CHN (40),83.74,83.74,,,0
CDM,30100840,HC IMMUNOASSAY QUANT NOS NONAB (177),370.71,370.71,,,0
CDM,30100841,HC IMMUNOASSAY QUANT NOS NONAB (127),265.99,265.99,,,0
CDM,30100842,HC IMMUNOASSAY QUANT NOS NONAB (30),62.83,62.83,,,0
CDM,30100865,"HC TAU PHOSPHORYLATED, EACH (154)",321.86,321.86,,,0
CDM,30100866,HC BETA-AMYLOID; 1-42 (ABETA) (154),321.86,321.86,,,0
CDM,30100867,"HC TAU, TOTAL (154)",321.86,321.86,,,0
CDM,30160029,HC INHIBIN-B       QUEST,92.11,92.11,,,0
CDM,30160037,HC SOLUBLE LIVER ANTIGEN   QUEST,27.22,27.22,,,0
CDM,30160071,HC CBG(CORTICOSTER BIND GLOB) NIC,52.33,52.33,,,0
CDM,30160073,"HC TYROSINE,FILTER CARD",33.49,33.49,,,0
CDM,30200000,HC LAB IMMUNOLOGY,2.09,2.09,,,0
CDM,30200001,HC ACUTE HEPATITIS PANEL,150.0,150.0,,,0
CDM,30200003,HC ETHOSUXIMIDE,31.4,31.4,,,0
CDM,30200004,HC ALDOLASE,23.8,23.8,,,0
CDM,30200005,HC ALPHA-1-ANTITRYPSIN; TOTAL,28.0,28.0,,,0
CDM,30200006,HC ALUMINUM ASSAY,83.74,83.74,,,0
CDM,30200007,HC AMINO ACIDS; SGL QUAN EA,52.0,52.0,,,0
CDM,30200008,HC DELTA ALA,54.43,54.43,,,0
CDM,30200009,HC ANDROSTENEDIONE,52.33,52.33,,,0
CDM,30200010,HC ANGIOTENSIN II,80.0,80.0,,,0
CDM,30200011,HC ANGIOTENSIN I - CONVERTING ENZYME,41.87,41.87,,,0
CDM,30200012,HC APOLIPOPROTEIN EACH,28.0,28.0,,,0
CDM,30200013,HC ARSENIC,83.74,83.74,,,0
CDM,30200014,HC BIOTINIDASE EA SPECIMEN,157.01,157.01,,,0
CDM,30200015,HC CARB DEFICIENT TRANSRERRIN,68.25,68.25,,,0
CDM,30200016,HC CAROTENE,52.33,52.33,,,0
CDM,30200017,HC CATECHOLAMINES FRACTIONATED,47.75,47.75,,,0
CDM,30200018,HC CERULOPLASMIN,31.4,31.4,,,0
CDM,30200019,HC CITRATE,60.0,60.0,,,0
CDM,30200020,HC CYANIDE,47.0,47.0,,,0
CDM,30200021,HC VIT  B-12; UNSATURATED BC,55.0,55.0,,,0
CDM,30200022,HC DHEA,54.0,54.0,,,0
CDM,30200023,HC DHEA-S,25.0,25.0,,,0
CDM,30200024,HC DEOXYCORTISOL 11,52.33,52.33,,,0
CDM,30200026,HC ERYTHROPOIETIN,31.4,31.4,,,0
CDM,30200027,HC ESTROGENS; FRACTIONATED,92.0,92.0,,,0
CDM,30200028,HC ESTRONE,70.0,70.0,,,0
CDM,30200029,HC ETHYLENE GLYCOL,31.4,31.4,,,0
CDM,30200030,HC FAT/LIPIDS FECES; QUAL,30.0,30.0,,,0
CDM,30200031,HC FATTY ACIDS NONESTERIFIED,41.87,41.87,,,0
CDM,30200032,HC GALACTOKINASE RBC,71.17,71.17,,,0
CDM,30200033,HC GALACTOSEMIA; QUAN,175.0,175.0,,,0
CDM,30200034,HC GASTRIN,37.0,37.0,,,0
CDM,30200035,HC GLUCAGON,52.33,52.33,,,0
CDM,30200036,HC G6PD; QUAN,30.0,30.0,,,0
CDM,30200037,HC GLYCATED PROTEIN,42.0,42.0,,,0
CDM,30200038,HC HISTAMINE,48.25,48.25,,,0
CDM,30200039,HC HOMOVANILLIC ACID,44.0,44.0,,,0
CDM,30200040,HC 17-OHCS,33.5,33.5,,,0
CDM,30200041,HC HYDROXYPROGESTERONE 17-D,73.27,73.27,,,0
CDM,30200042,HC LDH; ISOENZYMES,52.33,52.33,,,0
CDM,30200043,HC MANGANESE,52.33,52.33,,,0
CDM,30200044,HC MERCURY QUAN,52.33,52.33,,,0
CDM,30200046,HC MYELIN BASIC PROTEIN CSF,125.61,125.61,,,0
CDM,30200047,HC NEPHELOMETRY EA ANALYTE NES,31.4,31.4,,,0
CDM,30200049,HC OSTEOCALCIN,63.0,63.0,,,0
CDM,30200050,HC OXALATE,31.4,31.4,,,0
CDM,30200051,HC ALKALINE PHOSPHATASE ISOENZYM,52.33,52.33,,,0
CDM,30200052,HC PORPHOBILINOGEN URINE; QUAN,31.0,31.0,,,0
CDM,30200053,HC QUAN URINE PORPHYRINS,73.27,73.27,,,0
CDM,30200054,HC PREGNENOLONE,42.75,42.75,,,0
CDM,30200055,HC 17-HYDROXYPREGNENOLONE,52.33,52.33,,,0
CDM,30200056,HC PROTOPORPHYRIN RBC; QUAN,84.0,84.0,,,0
CDM,30200057,HC PROINSULIN,251.22,251.22,,,0
CDM,30200058,HC VITAMIN B6,104.67,104.67,,,0
CDM,30200059,HC PYRUVATE,44.0,44.0,,,0
CDM,30200060,HC ASSAY NONENDOCRINE RECEPTOR,157.01,157.01,,,0
CDM,30200061,HC SEROTONIN,87.0,87.0,,,0
CDM,30200062,HC SEX HORMONE BINDING GLOBULIN,52.33,52.33,,,0
CDM,30200063,HC ASSAY OF THIAMINE (VITAMIN B-1),42.75,42.75,,,0
CDM,30200064,HC TOCOPHEROL ALPHA (VIT E),62.8,62.8,,,0
CDM,30200065,HC T3; FREE,52.0,52.0,,,0
CDM,30200066,HC VIP - VASOACTIVE INTESTINAL PEPTIDE,52.33,52.33,,,0
CDM,30200067,HC VASOPRESSIN,63.0,63.0,,,0
CDM,30200068,HC VITAMIN A,62.8,62.8,,,0
CDM,30200069,HC MURAMIDASE,41.25,41.25,,,0
CDM,30200070,HC AGGLUTININS FEBRILE,115.0,115.0,,,0
CDM,30200072,HC ALLERGEN SPECIFIC IGE,70.0,70.0,,,0
CDM,30200073,HC AB ID; PLATELET AB,65.0,65.0,,,0
CDM,30200074,HC ANTINUCLEAR AB (ANA);,22.0,22.0,,,0
CDM,30200075,HC ANTINUCLEAR AB (ANA); TITER,58.62,58.62,,,0
CDM,30200076,HC C-REACTIVE PROTEIN,5.18,5.18,,,0
CDM,30200077,HC C-REACTIVE PROTEIN HS,33.49,33.49,,,0
CDM,30200078,HC BETA 2 GLYCOPROTEIN I AB EA,41.87,41.87,,,0
CDM,30200079,HC CARDIOLIPIN AB EA IG CLASS,41.87,41.87,,,0
CDM,30200080,HC COMPLEMENT; AG EA,52.33,52.33,,,0
CDM,30200081,HC COMPLEMENT; FCN ACTIVITY EA,51.0,51.0,,,0
CDM,30200082,HC COMPLEMENT; TOT HEMOLYTIC (CH50),52.33,52.33,,,0
CDM,30200083,HC CCP ANTIBODY,32.5,32.5,,,0
CDM,30200084,HC DNA AB,43.96,43.96,,,0
CDM,30200085,HC DNA AB; NATIVE OR DS,64.9,64.9,,,0
CDM,30200086,HC ENA ANY METHOD,82.5,82.5,,,0
CDM,30200087,HC FLUORESCENT AB; SCRN EA AB,40.0,40.0,,,0
CDM,30200088,HC FLUORESCENT AB; TITER EA AB,58.62,58.62,,,0
CDM,30200089,HC IA QUANT; CA 19-9,69.09,69.09,,,0
CDM,30200090,HC IA QUANT; CA 125,83.0,83.0,,,0
CDM,30200091,HC QUAL HETEROPHILE AB,16.75,16.75,,,0
CDM,30200092,HC IA; OTHER TUMOR AG QUAN EA,88.0,88.0,,,0
CDM,30200093,HC IA INFECTIOUS AGENT AB QUAN,52.33,52.33,,,0
CDM,30200094,DEAC 01/01/2025 HC IEP; CROSSED,96.9,96.9,,,0
CDM,30200095,HC IMMUNE COMPLEX ASSAY;,95.0,95.0,,,0
CDM,30200096,HC SERUM IMMUNOFIXATION ELECTROPHORES,83.74,83.74,,,0
CDM,30200097,HC IMMUNFIX E-PHORSIS/URINE/CSF,149.0,149.0,,,0
CDM,30200098,HC INSULIN AB,77.46,77.46,,,0
CDM,30200099,HC INTRINSIC FACTOR  AB,73.27,73.27,,,0
CDM,30200100,HC ISLET CELL AB,41.87,41.87,,,0
CDM,30200101,HC CELL FUNCTION ASSAY W/STIM,226.0,226.0,,,0
CDM,30200102,HC MONONUCLEAR CELL ANTIGEN,75.0,75.0,,,0
CDM,30200103,HC T CELLS; TOTAL COUNT,104.67,104.67,,,0
CDM,30200104,HC T CELLS; ABSOL CD4 AND CD8,209.35,209.35,,,0
CDM,30200105,HC T CELLS; ABSOL CD4 COUNT,80.0,80.0,,,0
CDM,30200106,HC MICROSOMAL AB EACH,34.25,34.25,,,0
CDM,30200107,HC VIRAL NEUTRALIZATION,870.0,870.0,,,0
CDM,30200108,HC PA; TITER EA AB,62.8,62.8,,,0
CDM,30200109,HC QUAL RHEUM FACTOR,16.75,16.75,,,0
CDM,30200110,HC TB TEST CELL IMMUN MEASURE,35.0,35.0,,,0
CDM,30200111,HC SYPHILIS TEST NON-TREP QUAL,16.75,16.75,,,0
CDM,30200112,HC SYPHILIS TEST NON-TREP QUANT,20.93,20.93,,,0
CDM,30200113,HC AB; ADENOVIRUS,69.09,69.09,,,0
CDM,30200114,HC AB; ASPERGILLUS,18.0,18.0,,,0
CDM,30200115,HC AB; BACTERIUM NES,69.09,69.09,,,0
CDM,30200116,HC AB; BARTONELLA,45.0,45.0,,,0
CDM,30200117,HC AB; BLASTOMYCES,69.09,69.09,,,0
CDM,30200118,HC AB; BORDETELLA,69.09,69.09,,,0
CDM,30200119,HC AB; LYME'S (WB) CONFIRM,40.0,40.0,,,0
CDM,30200120,HC AB; LYME'S DISEASE,203.0,203.0,,,0
CDM,30200121,HC AB; BRUCELLA,69.09,69.09,,,0
CDM,30200122,HC AB; CANDIDA,138.0,138.0,,,0
CDM,30200123,HC AB; CHLAMYDIA,41.87,41.87,,,0
CDM,30200124,HC AB; CHLAMYDIA IGM,29.0,29.0,,,0
CDM,30200125,HC AB; COCCIDIOIDES,69.09,69.09,,,0
CDM,30200126,HC AB; COXIELLA BRUNETII,55.0,55.0,,,0
CDM,30200127,HC AB; CMV,31.4,31.4,,,0
CDM,30200128,HC AB; CMV  IGM,64.0,64.0,,,0
CDM,30200129,HC AB; DIPHTHERIA,69.09,69.09,,,0
CDM,30200130,HC AB; ENCEPHALITIS CALIF,54.0,54.0,,,0
CDM,30200131,HC AB; ENCEPHALITIS E EQUINE,98.39,98.39,,,0
CDM,30200132,HC AB; ENCEPHALITIS ST. LOUIS,54.0,54.0,,,0
CDM,30200133,HC AB; ENCEPHALITIS W EQUINE,54.0,54.0,,,0
CDM,30200134,HC AB; ENTEROVIRUS,58.5,58.5,,,0
CDM,30200135,HC AB; EPSTEIN BARR VCA,98.39,98.39,,,0
CDM,30200136,HC AB; ERLICHIA,40.0,40.0,,,0
CDM,30200137,HC AB; FUNGUS NES (70),146.54,146.54,,,0
CDM,30200138,HC AB; HELICOBACTER PYLORI,88.0,88.0,,,0
CDM,30200139,HC AB; HELMINTH NES,69.09,69.09,,,0
CDM,30200140,HC AB; HTLV-I,69.09,69.09,,,0
CDM,30200141,HC AB; HTLV-II,69.09,69.09,,,0
CDM,30200142,HC AB; HTLV OR HIV WB,110.0,110.0,,,0
CDM,30200143,HC AB; HEPATITIS D,69.09,69.09,,,0
CDM,30200144,HC AB; HSV 1,55.0,55.0,,,0
CDM,30200145,HC AB; HSV TYPE 2,52.33,52.33,,,0
CDM,30200146,HC AB; HIV-1,30.0,30.0,,,0
CDM,30200147,HC AB; HBCAB - TOTAL,12.05,12.05,,,0
CDM,30200148,HC AB: HBCAB -  IGM AB,66.0,66.0,,,0
CDM,30200149,HC AB: HBSAB,11.0,11.0,,,0
CDM,30200150,HC AB; HBEAB,44.0,44.0,,,0
CDM,30200151,HC AB; HAAB - TOTAL,18.0,18.0,,,0
CDM,30200152,HC AB: HAAB - IGM,30.25,30.25,,,0
CDM,30200153,HC AB; INFLUENZA VIRUS,19.5,19.5,,,0
CDM,30200154,HC AB; LEGIONELLA,40.0,40.0,,,0
CDM,30200155,HC AB; LEISHMANIA,41.87,41.87,,,0
CDM,30200156,HC AB; LEPTOSPIRA,37.0,37.0,,,0
CDM,30200157,HC AB; LCM,41.87,41.87,,,0
CDM,30200158,HC AB; MUMPS,41.87,41.87,,,0
CDM,30200159,HC AB; MYCOPLASMA,41.87,41.87,,,0
CDM,30200160,HC AB; NEISSERIA MENINGITIDIS,200.0,200.0,,,0
CDM,30200161,HC AB; PARVOVIRUS,62.8,62.8,,,0
CDM,30200162,HC BABESIA MICROTI ANTIBODY,52.33,52.33,,,0
CDM,30200163,HC TRYPANOSOMA CRUZI IGG,69.09,69.09,,,0
CDM,30200165,HC AB; RSV,52.33,52.33,,,0
CDM,30200166,HC AB; RICKETTSIA,44.0,44.0,,,0
CDM,30200167,HC AB; RUBELLA,33.0,33.0,,,0
CDM,30200168,HC AB; RUBEOLA,11.0,11.0,,,0
CDM,30200169,HC AB; SALMONELLA,44.0,44.0,,,0
CDM,30200170,HC AB; TETANUS,52.33,52.33,,,0
CDM,30200171,HC AB; TOXOPLASMA,85.0,85.0,,,0
CDM,30200172,HC AB; TOXOPLASMA IGM,52.33,52.33,,,0
CDM,30200173,HC TREPONEMA PALLIDUM,35.59,35.59,,,0
CDM,30200174,HC AB; TRICHINELLA,41.87,41.87,,,0
CDM,30200175,HC AB; VARICELLA-ZOSTER,41.87,41.87,,,0
CDM,30200176,HC WEST NILE VIRUS AB IGM,41.87,41.87,,,0
CDM,30200177,HC WEST NILE VIRUS ANTIBODY,41.87,41.87,,,0
CDM,30200178,"HC DENGUE FEVER ANTIBODY, IGG",69.09,69.09,,,0
CDM,30200179,HC HEPATITIS E ANTIBODY IGG,75.36,75.36,,,0
CDM,30200180,HC HEPATITIS E ANTIBODY IGM,117.23,117.23,,,0
CDM,30200181,HC CHIKUNGUNYA ANTIBODY W REFLEX,104.67,104.67,,,0
CDM,30200182,HC HUNTAVIRUS ANTIBODIES ELISA,167.0,167.0,,,0
CDM,30200183,"HC HERPES 8 IGG AB, IFA",191.0,191.0,,,0
CDM,30200184,"DEAC 2/8/2017 HC PARAINFLUENZA AB TYPE 1,2,3",442.26,442.26,,,0
CDM,30200186,HC AB: THYROGLOBULIN,52.33,52.33,,,0
CDM,30200187,HC HEPATITIS C AB,28.5,28.5,,,0
CDM,30200188,HC HEPATITIS C CONFIRMATION,85.0,85.0,,,0
CDM,30200189,HC HLA TYPE; A B C SGL AG,94.2,94.2,,,0
CDM,30200191,HC COOMBS TEST INDIRECT QUAL,50.0,50.0,,,0
CDM,30200192,HC FFP THAWING EA UNIT,8.0,8.0,,,0
CDM,30200193,HC SERUM PRETX; DRUG INCUBATE,62.0,62.0,,,0
CDM,30200194,HC HEPATITIS DELTA AG EIA,52.33,52.33,,,0
CDM,30200195,HC CHLAMYDIA P DIR NA PROBE,251.22,251.22,,,0
CDM,30200196,HC HEP-C NA QUAN,42.84,42.84,,,0
CDM,30200197,HC HERPES 6 AMPLIF NA PROBE,195.0,195.0,,,0
CDM,30200198,HC HIV-1 NA QUAN,96.0,96.0,,,0
CDM,30200199,HC MYCOPLASMA AMPLIF NA PROBE,251.22,251.22,,,0
CDM,30200200,HC HPV HI RISK TYPES,189.0,189.0,,,0
CDM,30200250,HC ANTI-PHOSPHATIDYLSERINE AB,28.0,28.0,,,0
CDM,30200254,HC IA INFECTIOUS AGENT SGL STEP,31.4,31.4,,,0
CDM,30200257,HC IMMUNODIFFUSION; NES,16.75,16.75,,,0
CDM,30200258,HC PA; SCREEN EA AB,1.0,1.0,,,0
CDM,30200259,HC QUAN RHEUM FACTOR,20.93,20.93,,,0
CDM,30200260,HC AB; CRYPTOCOCCUS,1.0,1.0,,,0
CDM,30200261,HC AB; EB EARLY AG VIRUS,33.0,33.0,,,0
CDM,30200262,HC AB; EBNA,33.0,33.0,,,0
CDM,30200263,HC AB; FRANCISELLA TULARENSIS,98.39,98.39,,,0
CDM,30200265,HC AB; HISTOPLASMA,27.0,27.0,,,0
CDM,30200266,HC HIV-1/HIV-2 SINGLE RESULT,52.33,52.33,,,0
CDM,30200268,HC ASO ; TITER,52.33,52.33,,,0
CDM,30200269,HC DNA AB; SS,64.9,64.9,,,0
CDM,30200272,HC CELL ENUMERATION & ID,667.0,667.0,,,0
CDM,30200275,HC AB ID; LEUKOCYTE AB,170.0,170.0,,,0
CDM,30200279,HC LHR TEST,41.87,41.87,,,0
CDM,30200280,HC SKIN TEST; TB ID,2.09,2.09,,,0
CDM,30200286,HC PRA SCREEN; QUICK METHOD,1.0,1.0,,,0
CDM,30200289,HC  S CEREVISIAE AB,69.09,69.09,,,0
CDM,30200290,HC E HISTOLYTICA AB,41.0,41.0,,,0
CDM,30200291,HC UNLISTED IMMUN PROC (1690),3537.91,3537.91,,,0
CDM,30200292,"HC AB, VRUS NES (50)",104.67,104.67,,,0
CDM,30200293,HC TB AG RESPONSE T-CELL SUSP,62.0,62.0,,,0
CDM,30200295,HC AB; FUNGUS NES (5),10.46,10.46,,,0
CDM,30200296,HC AB; FUNGUS NES (60),125.61,125.61,,,0
CDM,30200297,HC AB; FUNGUS NES (65),136.07,136.07,,,0
CDM,30200298,HC AB; PROTOZOA NES (15),31.4,31.4,,,0
CDM,30200299,HC AB; VIRUS  NES (15),31.4,31.4,,,0
CDM,30200300,HC AB; VIRUS NES (35),73.27,73.27,,,0
CDM,30200301,"HC AB, VIRUS NES (10)",20.93,20.93,,,0
CDM,30200302,"HC HC AB, VIRUS NES (20)",41.87,41.87,,,0
CDM,30200303,"HC AB, VIRUS NES (165)",345.42,345.42,,,0
CDM,30200304,HC AB; PROTOZOA NES (20),41.87,41.87,,,0
CDM,30200305,HC ALLG SPEC IGE RECOMB EA,58.62,58.62,,,0
CDM,30200306,"HC ANTIBODY; ZIKA VIRUS, IGM",345.42,345.42,,,0
CDM,30200307,"HC AB; SAR SYNDROME CORONAVIRUS 2 (SARS-COV-2) COVID-19, MULTIPLE STEP",40.32,40.32,,,0
CDM,30200308,HC ACTIN ANTIBODY EACH,52.33,52.33,,,0
CDM,30200309,HC ANCA SCREEN EACH ANTIBODY,83.74,83.74,,,0
CDM,30200310,HC AQUAPORIN-4 ANTB CBA EACH,31.4,31.4,,,0
CDM,30200311,HC EMA EACH IG CLASS,31.4,31.4,,,0
CDM,30200312,HC DGP ANTIBODY EACH IG CLASS,31.4,31.4,,,0
CDM,30200313,HC MOG-IGG1 ANTB CBA EACH,31.4,31.4,,,0
CDM,30200314,HC TISS TRNSGL TMNASE EA IG CLASS,52.33,52.33,,,0
CDM,30200315,HC MITOCHONDRIAL ANTIBODY EACH,31.4,31.4,,,0
CDM,30200318,HC AQAPRN-4 ANTB FLO CYTMTRY EA,734.8,734.8,,,0
CDM,30200320,HC VOLTAGE-GTD CA CHNL ANTB EA,1241.41,1241.41,,,0
CDM,30200323,"HC MOG-IGG1 ANTIBODY FLOW CYTOMETRY, EA",297.26,297.26,,,0
CDM,30200326,HC FLUORESCENT NONINFECT AB; SCRN EA AB,31.4,31.4,,,0
CDM,30200327,"HC VOLTAGE-GATED CALCIUM CHANNEL AB, EA (49)",102.58,102.58,,,0
CDM,30200328,"HC VOLTAGE-GATED CALCIUM CHANNEL AB, EA (33)",69.09,69.09,,,0
CDM,30200333,HC ACETYLCHOLINE RECEPTOR (ACHR); BINDING ANTIBODY,52.33,52.33,,,0
CDM,30200334,HC ACETYLCHOLINE RECEPTOR (ACHR); BLOCKING ANTIBODY,52.33,52.33,,,0
CDM,30200335,HC ACETYLCHOLINE RECEPTOR (ACHR); MODULATING ANTIBODY,52.33,52.33,,,0
CDM,30200336,HC MUSCLE-SPECIFIC KINASE (MUSK) ANTIBODY,52.33,52.33,,,0
CDM,30200337,HC-ANCA SCREEN EACH ANTIBODY TITER (5),10.46,10.46,,,0
CDM,30200338,HC-ANCA SCREEN EACH ANTIBODY TITER (27),56.52,56.52,,,0
CDM,30200339,HC MOG -IGG1 FACS ASSAY (194),406.13,406.13,,,0
CDM,30200340,HC AQAPRN IGG1 FACS ASSAY (145),303.55,303.55,,,0
CDM,30200344,"HC STREP PNEUMONIAE IGG AB, 23 SEROTYPES, MULTI IA, QUANT",81.64,81.64,,,0
CDM,30200346,"HC STREP PNEUMONIAE IGG AB, 14 SEROTYPES, MULTI IA, QUANT",29.31,29.31,,,0
CDM,30260007,HC T. CRUZI (CONFIRMATION),54.43,54.43,,,0
CDM,30500000,HC LAB HEMATOLOGY,2.09,2.09,,,0
CDM,30500001,HC OCCULT BLOOD OTHER SOURCES,5.25,5.25,,,0
CDM,30500002,HC GONADOTROPIN; FSH,31.4,31.4,,,0
CDM,30500003,HC GONADOTROPIN; LUTEINIZING HORMONE,18.52,18.52,,,0
CDM,30500004,HC HGB; PLASMA,19.5,19.5,,,0
CDM,30500005,HC ASSAY PH BODY FLUID NOS,11.0,11.0,,,0
CDM,30500006,HC PROGESTERONE ASSAY,31.4,31.4,,,0
CDM,30500007,HC HCG; QUAL,18.0,18.0,,,0
CDM,30500008,HC WBC W AUTO DIFF,8.38,8.38,,,0
CDM,30500009,HC BL SMEAR W/DIFF WBC COUNT,8.0,8.0,,,0
CDM,30500010,HC BL SMEAR W/O DIFF WBC COUNT,4.0,4.0,,,0
CDM,30500012,HC HEMATOCRIT,2.37,2.37,,,0
CDM,30500013,HC HEMOGLOBIN,2.37,2.37,,,0
CDM,30500014,HC COMPL CBC  W PLT W AUTOM DIFF,8.0,8.0,,,0
CDM,30500015,HC COMPL AUTOM CBC W PLT,7.5,7.5,,,0
CDM,30500017,HC AUTOMATED WBC,8.38,8.38,,,0
CDM,30500018,HC AUTOMATED PLATELET COUNT,11.0,11.0,,,0
CDM,30500019,HC RETICULATED PLATELET ASSAY,16.75,16.75,,,0
CDM,30500021,HC CHROMOGENIC SUBSTRATE ASSAY,125.61,125.61,,,0
CDM,30500022,HC CLOTTING; FACTOR II PROTHROMBIN SPECIF,80.0,80.0,,,0
CDM,30500023,HC CLOTTING; FACTOR V,125.61,125.61,,,0
CDM,30500024,HC CLOTTING; FACTOR VII,125.61,125.61,,,0
CDM,30500025,HC BLOOD CLOT FACTOR VIII TEST,72.0,72.0,,,0
CDM,30500026,HC CLOTTING; FACTOR VIII RISTOCETIN COFACT,154.0,154.0,,,0
CDM,30500027,HC CLOTTING: FACTOR VIII VW FACTOR AG,125.61,125.61,,,0
CDM,30500028,HC FACTOR 8 VWF MULTIMRIC,251.22,251.22,,,0
CDM,30500029,HC CLOTTING; FACTOR IX,125.61,125.61,,,0
CDM,30500030,HC CLOTTING; FACTOR X,125.61,125.61,,,0
CDM,30500031,HC CLOTTING; FACTOR XI,80.0,80.0,,,0
CDM,30500032,HC CLOTTING; FACTOR XII,80.0,80.0,,,0
CDM,30500033,HC CLOTTING; FACTOR XIII SCREEN SOLUBLE,210.0,210.0,,,0
CDM,30500034,HC CLOTTING: PREKALLIKREIN ASSAY,104.67,104.67,,,0
CDM,30500035,HC ANTITHROMBIN III ACTIVITY ASSAY,80.0,80.0,,,0
CDM,30500036,HC ANTITHROMBIN III ANTIGEN ASSAY,35.59,35.59,,,0
CDM,30500037,HC CLOTTING INHIBITOR; PROTEIN C AG,125.61,125.61,,,0
CDM,30500038,HC CLOTTING INHIBITOR; PROTEIN C ACTIVITY,125.61,125.61,,,0
CDM,30500039,HC CLOTTING INHIBITOR; PROTEIN S TOTAL,92.0,92.0,,,0
CDM,30500040,HC CLOTTING INHIBITOR PROTEIN S FREE,104.67,104.67,,,0
CDM,30500041,HC ACTIVATED PROTEIN C RESISTANCE,140.0,140.0,,,0
CDM,30500042,HC FACTOR INHIBITOR TEST,80.0,80.0,,,0
CDM,30500043,HC D-DIMER - QUAN,30.0,30.0,,,0
CDM,30500044,HC FIBRINOGEN; ACTIVITY,18.84,18.84,,,0
CDM,30500045,HC FIBRINOGEN; ANTIGEN,33.49,33.49,,,0
CDM,30500046,HC FIBRINOLYSINS OR COAG SCREEN,120.0,120.0,,,0
CDM,30500047,HC CLOTTING FUNCT ACTIVITY,60.0,60.0,,,0
CDM,30500048,HC ALPHA-2-ANTIPLASMIN,104.67,104.67,,,0
CDM,30500049,HC PLASMINOGEN ACTIVATOR,104.67,104.67,,,0
CDM,30500050,HC FUNCTIONAL PLASMINOGEN,110.0,110.0,,,0
CDM,30500051,HC PLASMINOGEN ANTIGEN LEVEL,33.49,33.49,,,0
CDM,30500052,HC HEINZ BODIES; DIRECT,20.93,20.93,,,0
CDM,30500053,HC K-B STAIN FOR FETAL HGB,48.15,48.15,,,0
CDM,30500055,HC HEPARIN ASSAY,48.15,48.15,,,0
CDM,30500056,HC HEPARIN NEUTRALIZATION,55.0,55.0,,,0
CDM,30500057,HC IRON STAIN PERIPHERAL BLOOD,20.93,20.93,,,0
CDM,30500060,HC PLT AGGREGATION (IN VITRO) EA AGENT,125.61,125.61,,,0
CDM,30500062,HC PROTHROMBIN TIME;,4.29,4.29,,,0
CDM,30500063,HC RUSSELL VIPER VENOM TIME; UNDILUTED,25.12,25.12,,,0
CDM,30500064,HC RUSSELL VIPER VENOM TIME; DILUTED,31.4,31.4,,,0
CDM,30500065,HC REPTILASE TEST,41.87,41.87,,,0
CDM,30500066,HC NONAUTO ERYTHROCYTE SED RATE,10.0,10.0,,,0
CDM,30500067,HC AUTOM ERYTHROCYTE SED RATE,6.0,6.0,,,0
CDM,30500068,HC THROMBIN TIME; PLASMA,23.0,23.0,,,0
CDM,30500069,HC PTT; PLASMA OR WHOLE BLOOD,16.75,16.75,,,0
CDM,30500070,HC VISCOSITY,52.33,52.33,,,0
CDM,30500073,HC HEMOLYTIC ANEMIA EVALUATION,837.38,837.38,,,0
CDM,30500075,HC AB ID; PLATELET IG ASSAY,70.0,70.0,,,0
CDM,30500076,HC B CELLS TOTAL COUNT,150.0,150.0,,,0
CDM,30500077,HC NK CELLS TOTAL COUNT,75.0,75.0,,,0
CDM,30500078,HC STEM CELLS TOTAL COUNT,70.0,70.0,,,0
CDM,30500079,HC RBC AB SCRN EA TECHIQ,25.12,25.12,,,0
CDM,30500080,HC CONCENTRATION FOR INFECT AGNT,20.0,20.0,,,0
CDM,30500081,HC SMEAR FOR EOSINOPHIL,30.0,30.0,,,0
CDM,30500153,HC FIBRIN DEGRADATION PRODUCTS,1.0,1.0,,,0
CDM,30500155,HC HEXAGNAL PHOSPH PLTLT NEUTRL,85.0,85.0,,,0
CDM,30500161,HC MANUAL CELL COUNT EACH,20.93,20.93,,,0
CDM,30500163,HC RETICYTE/HGB CONCENTRATE,33.49,33.49,,,0
CDM,30500165,HC CLOTTING; FACTOR VIII RELATED ANTIGEN,125.61,125.61,,,0
CDM,30500168,HC COAG TIME; ACTIVATED,30.0,30.0,,,0
CDM,30500169,HC EUGLOBULIN LYSIS,16.75,16.75,,,0
CDM,30500172,HC OSMOTIC FRAGILITY RBC; UNINCUBATED,129.0,129.0,,,0
CDM,30600000,HC LAB BACTERIOLOY AND MICROBIOLOGY,2.09,2.09,,,0
CDM,30600001,HC ASO; SCREEN,25.12,25.12,,,0
CDM,30600002,HC AEROB BACTERIAL BLOOD CULTURE,83.74,83.74,,,0
CDM,30600003,HC AEROB BACTERIA CULTURE STOOL,17.3,17.3,,,0
CDM,30600004,HC AEROBIC STOOL CULTR ADDTL PATHOG EA PLATE,20.93,20.93,,,0
CDM,30600005,HC BACTERIAL CULTURE - OTHR SOURCE,9.0,9.0,,,0
CDM,30600006,HC BACT CULT; QUAN AEROBIC,83.74,83.74,,,0
CDM,30600007,HC ANAEROB BACT CULTURE W ID,54.0,54.0,,,0
CDM,30600008,HC BC - ANAEROBE - ADDTL ID,71.5,71.5,,,0
CDM,30600009,HC BC - AEROBIC - ADDTL ID,20.93,20.93,,,0
CDM,30600010,HC CULTURE P PATHOG - SCREEN,41.87,41.87,,,0
CDM,30600011,HC BACT CULTURE - URINE; QUAN COUNT,37.5,37.5,,,0
CDM,30600012,HC URINE BACTERIA CULTURE,20.93,20.93,,,0
CDM,30600013,HC CULT FUNGUS W P ID; SKIN HR NL,35.0,35.0,,,0
CDM,30600014,HC FUNGUS CULTURE NOT BLOOD,52.33,52.33,,,0
CDM,30600015,HC FUNGUS CULTURE BLOOD,40.0,40.0,,,0
CDM,30600016,HC FUNGUS CULTURE DEF I.D YEAST,20.93,20.93,,,0
CDM,30600017,HC FUNGUS CULTURE DEF ID  MOLD,28.0,28.0,,,0
CDM,30600018,HC CULTURE MYCOPLASMA,64.9,64.9,,,0
CDM,30600019,HC CHLAMYDIA CULTURE,91.0,91.0,,,0
CDM,30600020,HC CULTURE AFB - ISOL & ID,125.61,125.61,,,0
CDM,30600021,HC CULT MYCOBACTERIA DEFIN ID EA,60.0,60.0,,,0
CDM,30600022,HC CULTURE; GLC/HPLC,40.0,40.0,,,0
CDM,30600023,HC CULTURE; IMMUNOLOGIC,21.0,21.0,,,0
CDM,30600024,HC DNA/RNA DIRECT PROBE,100.0,100.0,,,0
CDM,30600025,HC CULTURE; PULSE FLD GEL ID,100.0,100.0,,,0
CDM,30600027,HC ADENOVIRUS GENOTYPE,320.0,320.0,,,0
CDM,30600028,HC CULTURE; OTHER METHODS,22.0,22.0,,,0
CDM,30600029,HC PINWORM EXAM,12.56,12.56,,,0
CDM,30600030,HC OVA & PARASITES DIR SMR W ID,42.0,42.0,,,0
CDM,30600031,HC SENSITIVITY - AGAR DILUTION/AGENT,20.93,20.93,,,0
CDM,30600032,HC SENSITIVITY - DISK PER PLATE,26.0,26.0,,,0
CDM,30600033,HC SENSTITIVITY - ENZYME DETECT,10.46,10.46,,,0
CDM,30600034,HC MICROBE SUSCEPTIBILITIES MIC,20.93,20.93,,,0
CDM,30600035,HC SENSITIVITY - MACROBROTH EA AGNT,85.0,85.0,,,0
CDM,30600036,HC SERUM BACTERICIDAL TITER,94.2,94.2,,,0
CDM,30600037,HC SMEAR - GRAM OR GIEMSA,41.87,41.87,,,0
CDM,30600038,HC SMEAR; FLUORESCENT OR AFB STAIN,17.0,17.0,,,0
CDM,30600039,HC SMEAR SPECIAL STAIN,40.0,40.0,,,0
CDM,30600040,HC SMEAR - INFECTIOUS WET MOUNT,16.75,16.75,,,0
CDM,30600041,HC KOH FOR FUNGI/PARASITES/MITES,31.4,31.4,,,0
CDM,30600042,HC VIRUS ISOLATE; TISSUE CULT INOC,1.0,1.0,,,0
CDM,30600043,HC VIRUS ISOLATE; ADDTL OR ID,52.33,52.33,,,0
CDM,30600044,HC VIRUS ISOL SHELL VIAL TECHN,42.75,42.75,,,0
CDM,30600045,HC GENET VIRUS ISOLATE HSV,95.0,95.0,,,0
CDM,30600046,HC ADENOVIRUS AG BY IF,25.0,25.0,,,0
CDM,30600047,HC BORDATELLA P AG BY DFA,52.33,52.33,,,0
CDM,30600048,HC INFLUENZA B AG BY IF,25.0,25.0,,,0
CDM,30600049,HC INFLUENZA A AG BY DFA,52.33,52.33,,,0
CDM,30600050,HC LEGIONELLA P AG BY DFA,50.0,50.0,,,0
CDM,30600051,HC PARAINFLUENZA AG BY DFA,52.33,52.33,,,0
CDM,30600052,HC RSV AG BY IF,25.0,25.0,,,0
CDM,30600053,HC PNEUMOCYSTIS C AG BY IF,115.14,115.14,,,0
CDM,30600054,HC VARICELLA ZOSTER AG BY DFA,52.33,52.33,,,0
CDM,30600055,HC INF AGENT MULTI ORG AG BY IF,52.33,52.33,,,0
CDM,30600056,HC ADENOVIRUS AG EIA,66.0,66.0,,,0
CDM,30600057,DEAC 2/8/2017 HC GALACTOMANNAN ASSAY,57.46,57.46,,,0
CDM,30600059,HC ASPERGILLUS AG EIA,50.0,50.0,,,0
CDM,30600061,HC GIARDIA AG EIA,36.5,36.5,,,0
CDM,30600062,HC E COLI 0157 AG EIA,40.0,40.0,,,0
CDM,30600063,HC HPYLORI STOOL EIA,14.38,14.38,,,0
CDM,30600064,HC HEPATITIS B SURFACE AG EIA,52.33,52.33,,,0
CDM,30600065,HC HEPATITIS B SURFACE AG EIA NEUTRALIZATION,38.0,38.0,,,0
CDM,30600066,HC HEPATITIS BE AG EIA,41.87,41.87,,,0
CDM,30600067,HC HISTOPLASMA CAPSUL AG EIA,83.74,83.74,,,0
CDM,30600068,HC ROTAVIRUS AG EIA,93.5,93.5,,,0
CDM,30600069,HC STREP A AG EIA,52.33,52.33,,,0
CDM,30600070,HC IA BY EIA - MULTI STEP,40.0,40.0,,,0
CDM,30600071,HC CHLAMYDIA T AMPLIF NA PROBE,94.2,94.2,,,0
CDM,30600072,HC C DIFF AMPLIFIED PROBE,189.0,189.0,,,0
CDM,30600073,HC CYTOMEGALOV AMPLIF NA PROBE,251.22,251.22,,,0
CDM,30600074,HC CYTOMEGALOVIRUS NA QUAN,200.0,200.0,,,0
CDM,30600075,HC ENTEROVIRUS DNA AMP PROBE,251.22,251.22,,,0
CDM,30600076,HC HEP-B NA QUAN,255.0,255.0,,,0
CDM,30600077,HC HEP-C AMPLIF NA PROBE,293.09,293.09,,,0
CDM,30600078,HC HERPES S AMPLIF NA PROBE,251.22,251.22,,,0
CDM,30600079,HC HIV-1 AMPLIF NA PROBE,86.0,86.0,,,0
CDM,30600080,HC LEGIONELLA AMPLIF NA PROBE,215.0,215.0,,,0
CDM,30600081,HC MYCOBACTERIA T DIR NA PROBE,251.22,251.22,,,0
CDM,30600082,HC MYCOBACTERIA T AMPLIF NA PROBE,146.0,146.0,,,0
CDM,30600083,HC NEISSERIA AMPLIF NA PROBE,100.0,100.0,,,0
CDM,30600084,HC MR-STAPH DNA AMP PROBE,251.22,251.22,,,0
CDM,30600085,HC TRICHOMONAS VAGIN DIR PROBE,94.2,94.2,,,0
CDM,30600087,HC AMPLIF NA PROBE NOS AGENT,125.0,125.0,,,0
CDM,30600088,HC NA QUAN NOS AGENT,334.95,334.95,,,0
CDM,30600089,HC DNA/RNA; MULTI ORG - AMP PR,251.22,251.22,,,0
CDM,30600090,HC AGENT NOS ASSAY W/OPTIC,52.33,52.33,,,0
CDM,30600091,HC GENOTYPE DNA HIV REVERSE T,370.0,370.0,,,0
CDM,30600092,HC HEPATITIS C - DNA OR RNA,711.77,711.77,,,0
CDM,30600093,HC PHENOTYPE DNA HIV W/CULTURE; 1-10 DRUGS,711.77,711.77,,,0
CDM,30600095,HC IDENT BY DNA SEQUENCE,142.35,142.35,,,0
CDM,30600096,HC CMV GENOTYPE,282.61,282.61,,,0
CDM,30600097,HC LEGIONELLA AG,52.33,52.33,,,0
CDM,30600098,HC STREP PNUMO AG,40.0,40.0,,,0
CDM,30600099,HC CRYPT AG TITER,52.0,52.0,,,0
CDM,30600152,HC CLOSTRIDIUM AG EIA,52.33,52.33,,,0
CDM,30600155,HC INFLUENZA A/B AG EIA,49.0,49.0,,,0
CDM,30600156,HC RESP SYNCYTIAL AG EIA,49.0,49.0,,,0
CDM,30600160,HC INFLUENZA IA W DO,25.0,25.0,,,0
CDM,30600161,HC PHENOTYPE IFECT AGENT DRUG (160),334.95,334.95,,,0
CDM,30600166,HC MACROSCOPIC EXAM PARASITE,14.5,14.5,,,0
CDM,30600168,HC NOS INFECTIOUS AG BY IF,52.33,52.33,,,0
CDM,30600171,HC BARTONELLA AMPLIF NAP,251.22,251.22,,,0
CDM,30600172,HC HEP-B AMPLIF NA PROBE,251.22,251.22,,,0
CDM,30600173,HC HERPES S NA QUAN,116.0,116.0,,,0
CDM,30600176,HC MACROSCOPIC EXAM ARTHROPOD,65.0,65.0,,,0
CDM,30600178,HC SENSITIVITY - MYCOBACT EA AGNT,31.4,31.4,,,0
CDM,30600179,HC TOXIN ASSAY TISSUE CULTURE,56.0,56.0,,,0
CDM,30600182,HC HIV-1 AG W/HIV-1 & HIV-2 AB,52.33,52.33,,,0
CDM,30600183,HC SHIGA-LIKE TOXIN AG EIA,52.33,52.33,,,0
CDM,30600185,HC HERPES 6 NA QUAN,334.95,334.95,,,0
CDM,30600189,HC RESP VIRUS 6-11 TARGETS,251.22,251.22,,,0
CDM,30600191,HC STREP B DNA AMP PROBE,127.0,127.0,,,0
CDM,30600192,HC DIR NA PROBE MULTI ORGANISMS,108.0,108.0,,,0
CDM,30600196,HC STREP A ASSAY W/OPTIC,52.33,52.33,,,0
CDM,30600198,HC GENOTYPE DNA HEPATITIS B,211.0,211.0,,,0
CDM,30600199,HC TRICHOMONAS ASSAY W/OPTIC,49.0,49.0,,,0
CDM,30600200,"HC HOMOGENIZATION, TISSUE, FOR CULTURE",314.02,314.02,,,0
CDM,30600201,HC IA BY EIA-MULTISTEP (250,52.33,52.33,,,0
CDM,30600202,HC RESP VIRUS 3-5 TARGETS,125.61,125.61,,,0
CDM,30600203,HC  GENOTYPE DNA HIV OTH REGION (180),360.0,360.0,,,0
CDM,30600204,HC  GENOTYPE DNA HIV OTH REGION (185),376.75,376.75,,,0
CDM,30600205,HC  GENOTYPE DNA HIV OTH REGION (260),544.29,544.29,,,0
CDM,30600206,HC  GENOTYPE DNA HIV OTH REGION (340),611.0,611.0,,,0
CDM,30600207,HC  GENOTYPE DNA HIV OTH REGION (490),870.0,870.0,,,0
CDM,30600208,HC  GENOTYPE DNA HIV OTH REGION (1430),2993.62,2993.62,,,0
CDM,30600209,HC  GENOTYPE DNA HEPATITIS B (100),209.35,209.35,,,0
CDM,30600210,HC PHENOTYPE HIV 1-5 ADDON,711.77,711.77,,,0
CDM,30600211,"HC INFECT AGENT DET,GI 3-5 TARGET",125.61,125.61,,,0
CDM,30600212,HC IA BY EIA-MULTISTEP (125),170.0,170.0,,,0
CDM,30600213,HC SMEAR COMPLEX STAIN,20.93,20.93,,,0
CDM,30600214,"HC INFEC AGENT DET,GI  6-11 TARGETS",251.22,251.22,,,0
CDM,30600215,"HC INFEC AGENT DET,GI  12-25 TARGETS",376.81,376.81,,,0
CDM,30600216,HC GENOTYPE DNA HIV OTH REION (620),1088.0,1088.0,,,0
CDM,30600217,HC  ZIKA VIRUS DNA/RNA AMP PROBE,251.22,251.22,,,0
CDM,30600218,HC STREP A AMPLIF NA PROBE,251.22,251.22,,,0
CDM,30600219,HC CANDIDA NA AMPLIFIED PROBE,71.0,71.0,,,0
CDM,30600220,HC PHENOTYPE INFECT AGENT DRUG (80),167.48,167.48,,,0
CDM,30600221,HC GENOTYPE DNA HIV OTHER REGION (75),157.01,157.01,,,0
CDM,30600222,HC PHENOTYPE INFECT AGENT DRUG (1),2.09,2.09,,,0
CDM,30600223,HC HPV HIGH-RISK TYPES (275),575.7,575.7,,,0
CDM,30600224,HC HIV-2 QUANT & REV TRANSCRIP,335.0,335.0,,,0
CDM,30600225,HC DNA/RNA AMPLIFIED PROBE,52.33,52.33,,,0
CDM,30600226,HC GENOTYPE DNA HIV OTHER REGION (40),360.0,360.0,,,0
CDM,30600227,HC RESP VIRUS 12-25 TARGETS,120.0,120.0,,,0
CDM,30600228,HC CORONAVIRUS REAL TIME RT-PCR DIAGNOSTIC TEST PANEL,189.0,189.0,,,0
CDM,30600229,HC CDC-CORONAVIRUS REAL TIME RT-PCR DIAGNOSTIC TEST PANEL,51.31,51.31,,,0
CDM,30600230,DEAC 7/1/25 HC SARS-COV-2 (120),100.0,100.0,,,0
CDM,30600231,HC RSV DNA/RNA AMP PROBE (2),4.19,4.19,,,0
CDM,30600232,HC INFLUENZA DNA AMP PROBE,5.0,5.0,,,0
CDM,30600233,HC SARSCOV CORONAVIRUS AG IA,33.49,33.49,,,0
CDM,30600234,DEAC 7/1/25 HC SARSCOV2 &INF A&B & RSV,125.61,125.61,,,0
CDM,30600235,HC NFCT DS BV&VAGINITIS DNA ALG,345.42,345.42,,,0
CDM,30600236,DEAC 05/12/2023 HC COV-19 AMP PRB HGH THRUPUT WITHIN 2 DAYS COLLECT,25.0,25.0,,,0
CDM,30600237,HC M. GENITALIUM AMP PROBE,94.2,94.2,,,0
CDM,30600238,HC CUL TYP D BLD PTHGN 6+TRGT,52.33,52.33,,,0
CDM,30600239,"HC INFECTIOUS AGENT DETECTION BY NUCLEIC ACID; ORTHOPOXVIRUS, AMPLIFIED PROBE TECHNIQUE, EA",251.22,251.22,,,0
CDM,30600248,HC SARS-COV-2 (24),50.27,50.27,,,0
CDM,30600249,HC SARSCOV2 &INF A&B & RSV (39),81.68,81.68,,,0
CDM,30660015,"HC MYCOBACTERIUM SP,DNA PROBE",418.68,418.68,,,0
CDM,30660018,"HC RALTEGRAVIR RESISITANCE, HIV-1",73.27,73.27,,,0
CDM,30660055,"HC INFECT DS (BACTERIAL/VIRAL), TRAIL IP-10 C-REACT PRTN SERUM (41)",85.83,85.83,,,0
CDM,30900000,HC  LAB OTHER,2.09,2.09,,,0
CDM,30900001,HC LYMPHOCYTOTOX VC;  W TITRATE,157.01,157.01,,,0
CDM,30900002,HC HLA TYPE; A B C MULTI AG,250.0,250.0,,,0
CDM,30900003,HC HLA TYPE; DR/DQ MULTI AG,280.0,280.0,,,0
CDM,30900004,HC HLA X-MATCH NON-CYTOTOXIC,925.29,925.29,,,0
CDM,30900006,HC TISSUE CULTURE; LYMPHOCYTE,209.35,209.35,,,0
CDM,30900008,HC CHROM ANALY; SITU AF CELLS FROM 6-12 COL,680.0,680.0,,,0
CDM,30900009,HC MCG; DNA PROBE EA,1.0,1.0,,,0
CDM,30900010,HC COLLECT SWEAT FOR TEST,24.5,24.5,,,0
CDM,30900012,HC MPL W515 & S505 MUTATION,366.35,366.35,,,0
CDM,30900013,HC CELIAC GENE TEST,94.37,94.37,,,0
CDM,30900014,HC PML RARA,188.5,188.5,,,0
CDM,30900015,HC JAK2 (V617F) MUTATION,410.32,410.32,,,0
CDM,30900016,HC CYSTIC FIBROSIS SCREEN,104.67,104.67,,,0
CDM,30900018,HC STR MARKERS SPECIMEN ANAL (175),366.35,366.35,,,0
CDM,30900019,HC KRAS GENE (115),240.74,240.74,,,0
CDM,30900020,HC MOPATH PROCEDUR LEVEL 2 (130),272.15,272.15,,,0
CDM,30900021,HC MOPATH PROCEDUR LEVEL 2 (395),826.9,826.9,,,0
CDM,30900022,HC MOPATH PROCEDUR LEVEL 4 (260),544.29,544.29,,,0
CDM,30900023,HC MOPATH PROCEDUR LEVEL 5 (435),910.64,910.64,,,0
CDM,30900024,HC MOPATH PROCEDUR LEVEL 5 (300),628.03,628.03,,,0
CDM,30900025,HC MOPATH PROCEDUR LEVEL 6 (570),1000.0,1000.0,,,0
CDM,30900026,HC APC GENE PART OF PANEL,2.09,2.09,,,0
CDM,30900027,HC BCR/ABL MJR BP PART OF PANEL,2.09,2.09,,,0
CDM,30900028,HC BCR/ABL OT BP PART OF PANEL,2.09,2.09,,,0
CDM,30900029,HC BRCA PART OF PANEL,2.0,2.0,,,0
CDM,30900030,HC CFTR GENE COM VARIAN (50),104.67,104.67,,,0
CDM,30900031,HC CFTR GENE COM VARIAN (190),397.75,397.75,,,0
CDM,30900032,HC CFTR GENE COM VARIAN (300),628.03,628.03,,,0
CDM,30900033,HC CFTR DEL/DUP PART OF PANEL,2.09,2.09,,,0
CDM,30900034,HC CFTR GENE FULL SEQUENCE (1250),2616.79,2616.79,,,0
CDM,30900035,HC CFTR GENE FULL SEQUENCE (1630),3412.3,3412.3,,,0
CDM,30900036,HC CFTR GENE INTRON POLY T (170),355.88,355.88,,,0
CDM,30900037,HC CYTOGEN MCRARRAY COPY NMBR (860),1800.35,1800.35,,,0
CDM,30900038,HC CYTOGEN MCRARRAY COPY NMBR (2000),5627.0,5627.0,,,0
CDM,30900039,HC CYTOGEN M ARRAY COPY NO&SNP (640),1339.8,1339.8,,,0
CDM,30900040,HC EGFR GENE   (220),460.55,460.55,,,0
CDM,30900041,HC FANCC GENE  (70),146.54,146.54,,,0
CDM,30900042,HC FANCC  GENE (140),293.09,293.09,,,0
CDM,30900043,HC FMR1 GENE DETECTION (100),209.35,209.35,,,0
CDM,30900044,HC FMR1 GENE DETECTION (225),471.02,471.02,,,0
CDM,30900045,HC FMR1 GENE CHARACTERIZ (20),40.0,40.0,,,0
CDM,30900046,HC FLT3 GENE ( 410),862.5,862.5,,,0
CDM,30900047,HC FLT3 GENE PART OF PANEL),2.09,2.09,,,0
CDM,30900048,HC GBA GENE (165),345.42,345.42,,,0
CDM,30900049,HC IGK GENE PART OF PANEL,2.09,2.09,,,0
CDM,30900050,HC STR MARKERS SPECIMEN ANAL (200),418.68,418.68,,,0
CDM,30900051,HC STR MARKERS SPECIMEN ANAL (230),481.49,481.49,,,0
CDM,30900052,HC STR MARKERS SPECIMEN ANAL (315),659.44,659.44,,,0
CDM,30900053,HC STR MARKERS SPECIMEN ANAL (985),2062.04,2062.04,,,0
CDM,30900054,HC JAK2 GENE (1020),2135.31,2135.31,,,0
CDM,30900055,HC MLH1 GENE PART OF PANEL,2.09,2.09,,,0
CDM,30900056,HC MSH2 GENE FULL SEQ  (2670),5589.48,5589.48,,,0
CDM,30900057,HC MSH2 GENE FULL SEQ  (3310),6929.28,6929.28,,,0
CDM,30900058,HC MSH6 GENE PART OF PANEL,2.09,2.09,,,0
CDM,30900059,HC PCA3 (260),520.0,520.0,,,0
CDM,30900060,HC PML/RARA BP PART OF PANEL,2.09,2.09,,,0
CDM,30900061,HC PTEN GENE PART OF PANEL,2.09,2.09,,,0
CDM,30900062,HC PMPP22 GENE DUP/DELET (1380),2888.94,2888.94,,,0
CDM,30900063,HC PMPP22 GENE DUP/DELET (4700),9839.15,9839.15,,,0
CDM,30900064,HC MOPATH PROCEDUR LEVEL 1 (65),136.07,136.07,,,0
CDM,30900065,HC MOPATH PROCEDUR LEVEL 1 (140),293.09,293.09,,,0
CDM,30900066,HC MOPATH PROCEDUR LEVEL 1 (205),429.16,429.16,,,0
CDM,30900067,HC MOPATH PROCEDUR LVEL 1 (240),502.42,502.42,,,0
CDM,30900068,HC MOPATH PROCEDUR LEVEL 2 (95),198.87,198.87,,,0
CDM,30900069,HC MOPATH PROCEDUR LEVEL 2 (150),314.02,314.02,,,0
CDM,30900070,HC MOPATH PROCEDUR LEVEL 2 (170),345.0,345.0,,,0
CDM,30900071,HC MOPATH PROCEDUR LEVEL 2 (190),397.75,397.75,,,0
CDM,30900072,HC MOPATH PROCEDUR LEVEL 2 (195),408.22,408.22,,,0
CDM,30900073,HC MOPATH PROCEDUR LEVEL 2 (200),375.0,375.0,,,0
CDM,30900074,HC MOPATH PROCEDUR LEVEL 2 (205),429.16,429.16,,,0
CDM,30900075,HC MOPATH PROCEDUR LEVEL 2 (215),432.0,432.0,,,0
CDM,30900076,HC MOPATH PROCEDUR LEVEL 2 (220),460.55,460.55,,,0
CDM,30900077,HC MOPATH PROCEDUR LEVEL 2 (225),471.02,471.02,,,0
CDM,30900078,HC MOPATH PROCEDUR LEVEL 2 (250),275.0,275.0,,,0
CDM,30900079,HC MOPATH PROCEDUR LEVEL 2 (265),554.76,554.76,,,0
CDM,30900080,HC MOPATH PROCEDUR LEVEL 2 (275),575.7,575.7,,,0
CDM,30900081,HC MOPATH PROCEDUR LEVEL 2 (290),607.1,607.1,,,0
CDM,30900082,HC MOPATH PROCEDUR LEVEL 2 (300),435.0,435.0,,,0
CDM,30900083,HC MOPATH PROCEDUR LEVEL 2 (310),648.96,648.96,,,0
CDM,30900084,HC MOPATH PROCEDUR LEVEL 2 (315),659.44,659.44,,,0
CDM,30900085,HC MOPATH PROCEDUR LEVEL 2 (320),669.9,669.9,,,0
CDM,30900086,HC MOPATH PROCEDUR LEVEL 2 (380),755.0,755.0,,,0
CDM,30900087,HC MOPATH PROCEDUR LEVEL 2 (400),837.38,837.38,,,0
CDM,30900088,HC MOPATH PROCEDUR LEVEL 2 (780),1632.88,1632.88,,,0
CDM,30900089,HC MOPATH PROCEDUR LEVEL 2 (835),1748.02,1748.02,,,0
CDM,30900090,HC MOPATH PROCEDUR LEVEL 3 (95),198.87,198.87,,,0
CDM,30900091,HC MOPATH PROCEDUR LEVEL 3 (245),512.89,512.89,,,0
CDM,30900092,HC MOPATH PROCEDUR LEVEL 4 (115),240.74,240.74,,,0
CDM,30900093,HC MOPATH PROCEDUR LEVEL 4 (130),272.15,272.15,,,0
CDM,30900094,HC MOPATH PROCEDUR LEVEL 4 (135),316.0,316.0,,,0
CDM,30900095,HC MOPATH PROCEDUR LEVEL 4 (145),303.55,303.55,,,0
CDM,30900096,HC MOPATH PROCEDUR LEVEL 4 (165),345.0,345.0,,,0
CDM,30900097,HC MOPATH PROCEDUR LEVEL 4 (180),376.81,376.81,,,0
CDM,30900098,HC MOPATH PROCEDUR LEVEL 4 (190),397.75,397.75,,,0
CDM,30900099,HC MOPATH PROCEDUR LEVEL 4 (210),439.62,439.62,,,0
CDM,30900100,HC MOPATH PROCEDUR LEVEL 4 (220),460.55,460.55,,,0
CDM,30900101,HC MOPATH PROCEDUR LEVEL 4 (255),533.83,533.83,,,0
CDM,30900102,HC MOPATH PROCEDUR LEVEL 4 (280),586.16,586.16,,,0
CDM,30900103,HC MOPATH PROCEDUR LEVEL 4 (325),680.37,680.37,,,0
CDM,30900104,HC MOPATH PROCEDUR LEVEL 4 (330,690.83,690.83,,,0
CDM,30900105,HC MOPATH PROCEDUR LEVEL 4 (335),701.3,701.3,,,0
CDM,30900106,HC MOPATH PROCEDUR LEVE 4 (345),722.23,722.23,,,0
CDM,30900107,HC MOPATH PROCEDUR LEVEL 4 (405),837.38,837.38,,,0
CDM,30900108,HC MOPATH PROCEDUR LEVEL 4 (435),910.64,910.64,,,0
CDM,30900109,HC MOPATH PROCEDUR LEVEL 4 (455),952.51,952.51,,,0
CDM,30900110,HC MOPATH PROCEDUR LEVEL 4 (500),1046.72,1046.72,,,0
CDM,30900111,HC MOPATH PROCEDUR LEVEL 4 (530),1.0,1.0,,,0
CDM,30900112,HC MOPATH PROCEDUR LEVEL 4 (540),1130.45,1130.45,,,0
CDM,30900113,HC MOPATH PROCEDUR LEVEL 4 (590),1235.13,1235.13,,,0
CDM,30900114,HC MOPATH PROCEDUR LEVEL 4 (655),1371.21,1371.21,,,0
CDM,30900115,HC MOPATH PROCEDUR LEVEL 4 (690),1444.47,1444.47,,,0
CDM,30900116,HC MOPATH PROCEDUR LEVEL 4 (810),1695.69,1695.69,,,0
CDM,30900117,HC MOPATH PROCEDUR LEVEL 4 (2070),4333.42,4333.42,,,0
CDM,30900118,HC MOPATH PROCEDUR LEVEL 4 (3400),7117.69,7117.69,,,0
CDM,30900119,HC MOPATH PROCEDUR LEVEL 5 (290),607.1,607.1,,,0
CDM,30900120,HC MOPATH PROCEDUR LEVEL 5 (305),648.96,648.96,,,0
CDM,30900121,HC MOPATH PROCEDUR LEVEL 5 (325),0.01,0.01,,,0
CDM,30900122,HC MOPATH PROCEDUR LEVEL 5 (335),701.3,701.3,,,0
CDM,30900123,HC MOPATH PROCEDUR LEVEL 5 (360),753.64,753.64,,,0
CDM,30900124,HC MOPATH PROCEDUR LEVEL 5 (370),774.57,774.57,,,0
CDM,30900125,HC MOPATH PROCEDUR LEVEL 5 (380),795.51,795.51,,,0
CDM,30900126,HC MOPATH PROCEDUR LEVEL 5 (395),826.9,826.9,,,0
CDM,30900127,HC MOPATH PROCEDUR LEVEL 5 (400),837.38,837.38,,,0
CDM,30900128,HC MOPATH PROCEDUR LEVEL 5 (405),765.0,765.0,,,0
CDM,30900129,HC MOPATH PROCEDUR LEVEL 5 (440),765.0,765.0,,,0
CDM,30900130,HC MOPATH PROCEDUR LEVEL 5 (450),942.05,942.05,,,0
CDM,30900131,HC MOPATH PROCEDUR LEVEL 5 (480),515.0,515.0,,,0
CDM,30900132,HC MOPATH PROCEDUR LEVEL 5 (500),1046.72,1046.72,,,0
CDM,30900133,HC MOPATH PROCEDUR LEVEL 5 (535),1100.0,1100.0,,,0
CDM,30900134,HC MOPATH PROCEDUR LEVEL 5 (735),1375.0,1375.0,,,0
CDM,30900135,HC MOPATH PROCEDUR LEVEL 5 (1180),2470.25,2470.25,,,0
CDM,30900136,HC MOPATH PROCEDUR LEVEL 5 (2440),5107.99,5107.99,,,0
CDM,30900137,HC MOPATH PROCEDUR LEVEL 6 (130),272.15,272.15,,,0
CDM,30900138,HC MOPATH PROCEDUR LEVEL 6 (140),280.0,280.0,,,0
CDM,30900139,HC MOPATH PROCEDUR LEVEL 6 (190),397.75,397.75,,,0
CDM,30900140,HC MOPATH PROCEDUR LEVEL 6 (200),418.68,418.68,,,0
CDM,30900141,HC MOPATH PROCEDUR LEVEL 6 (215),450.09,450.09,,,0
CDM,30900142,HC MOPATH PROCEDUR LEVEL 6 (240),502.42,502.42,,,0
CDM,30900143,HC MOPATH PROCEDUR LEVEL 6 (275),575.7,575.7,,,0
CDM,30900144,HC MOPATH PROCEDUR LEVEL 6 (305),545.0,545.0,,,0
CDM,30900145,HC MOPATH PROCEDUR LEVEL 6 (310),648.96,648.96,,,0
CDM,30900146,HC MOPATH PROCEDUR LEVEL 6 (350),669.0,669.0,,,0
CDM,30900147,HC MOPATH PROCEDUR LEVEL 6 (360),753.64,753.64,,,0
CDM,30900148,HC MOPATH PROCEDUR LEVEL 6 (455),952.51,952.51,,,0
CDM,30900149,HC MOPATH PROCEDUR LEVEL 6 (460),962.98,962.98,,,0
CDM,30900150,HC MOPATH PROCEDUR LEVEL 6 (515),1078.12,1078.12,,,0
CDM,30900151,HC MOPATH PROCEDUR LEVEL 6 (530),1109.52,1109.52,,,0
CDM,30900152,HC MOPATH PROCEDUR LEVEL 6 (540),1130.45,1130.45,,,0
CDM,30900153,HC MOPATH PROCEDUR LEVEL 6 (630),800.0,800.0,,,0
CDM,30900154,HC MOPATH PROCEDUR LEVEL 6 (640),1035.0,1035.0,,,0
CDM,30900155,HC MOPATH PROCEDUR LEVEL 6 (660),1381.67,1381.67,,,0
CDM,30900156,HC MOPATH PROCEDUR LEVEL 6 (685),1434.0,1434.0,,,0
CDM,30900157,HC MOPATH PROCEDUR LEVEL 6 (705),0.01,0.01,,,0
CDM,30900158,HC MOPATH PROCEDUR LEVEL 6 (725),1517.74,1517.74,,,0
CDM,30900159,HC MOPATH PROCEDUR LEVEL 6 (750),1570.08,1570.08,,,0
CDM,30900160,HC MOPATH PROCEDUR LEVEL 6 (800),1674.75,1674.75,,,0
CDM,30900161,HC MOPATH PROCEDUR LEVEL 6 (1030),2730.0,2730.0,,,0
CDM,30900162,HC MOPATH PROCEDUR LEVEL 6 (2660),5568.54,5568.54,,,0
CDM,30900163,HC MOPATH PROCEDUR LEVEL 7 (105),219.81,219.81,,,0
CDM,30900164,HC MOPATH PROCEDUR LEVEL 7 (130),300.0,300.0,,,0
CDM,30900165,HC MOPATH PROCEDUR LEVEL 7 (140),225.0,225.0,,,0
CDM,30900166,HC MOPATH PROCEDUR LEVEL 7 (200),418.68,418.68,,,0
CDM,30900167,HC MOPATH PROCEDUR LEVEL 7 (205),429.16,429.16,,,0
CDM,30900168,HC MOPATH PROCEDUR LEVEL 7 (215),450.09,450.09,,,0
CDM,30900169,HC MOPATH PROCEDUR LEVEL 7 (240),502.42,502.42,,,0
CDM,30900170,HC MOPATH PROCEDUR LEVEL 7 (260),544.29,544.29,,,0
CDM,30900171,HC MOPATH PROCEDUR LEVEL 7 (305),638.5,638.5,,,0
CDM,30900172,HC MOPATH PROCEDUR LEVEL 7 (315),645.0,645.0,,,0
CDM,30900173,HC MOPATH PROCEDUR LEVEL 7 (415),868.77,868.77,,,0
CDM,30900174,HC MOPATH PROCEDUR LEVEL 7 (500),1046.72,1046.72,,,0
CDM,30900175,HC MOPATH PROCEDUR LEVEL 7 (540),650.0,650.0,,,0
CDM,30900176,HC MOPATH PROCEDUR LEVEL 7 (530),890.0,890.0,,,0
CDM,30900177,HC MOPATH PROCEDUR LEVEL 7 (615),1287.47,1287.47,,,0
CDM,30900178,HC MOPATH PROCEDUR LEVEL 7 (625),1308.4,1308.4,,,0
CDM,30900179,HC MOPATH PROCEDUR LEVEL 7 (630),1318.86,1318.86,,,0
CDM,30900180,HC MOPATH PROCEDUR LEVEL 7 (640),715.0,715.0,,,0
CDM,30900181,HC MOPATH PROCEDUR LEVEL 7 (655),1371.21,1371.21,,,0
CDM,30900182,HC MOPATH PROCEDUR LEVEL 7 (670),1402.6,1402.6,,,0
CDM,30900183,HC MOPATH PROCEDUR LEVEL 7 (685),0.01,0.01,,,0
CDM,30900184,HC MOPATH PROCEDUR LEVEL 7 (715),1371.0,1371.0,,,0
CDM,30900185,HC MOPATH PROCEDUR LEVEL 7 (725),1517.74,1517.74,,,0
CDM,30900186,HC MOPATH PROCEDUR LEVEL 7 (735),1025.0,1025.0,,,0
CDM,30900187,HC MOPATH PROCEDUR LEVEL 7 (800),1674.75,1674.75,,,0
CDM,30900188,HC MOPATH PROCEDUR LEVEL 7 (830),1737.56,1737.56,,,0
CDM,30900189,HC MOPATH PROCEDUR LEVEL 7 (985),2062.04,2062.04,,,0
CDM,30900190,HC MOPATH PROCEDUR LEVEL 7 (1100),2045.0,2045.0,,,0
CDM,30900191,HC MOPATH PROCEDUR LEVEL 7 (1130),2365.59,2365.59,,,0
CDM,30900192,HC MOPATH PROCEDUR LEVEL 7 (1180),2470.25,2470.25,,,0
CDM,30900193,HC MOPATH PROCEDUR LEVEL 7 (1400),2930.81,2930.81,,,0
CDM,30900194,HC MOPATH PROCEDUR LEVEL 7 (1640),2655.0,2655.0,,,0
CDM,30900195,HC MOPATH PROCEDUR LEVEL 8 (165),345.42,345.42,,,0
CDM,30900196,HC MOPATH PROCEDUR LEVEL 8 (710),1486.34,1486.34,,,0
CDM,30900197,HC MOPATH PROCEDUR LEVEL 8 (790),1653.82,1653.82,,,0
CDM,30900198,HC MOPATH PROCEDUR LEVEL 8 (890),1820.0,1820.0,,,0
CDM,30900199,HC MOPATH PROCEDUR LEVEL 8 (1000),2093.44,2093.44,,,0
CDM,30900200,HC MOPATH PROCEDUR LEVEL 8 (1140),1725.0,1725.0,,,0
CDM,30900201,HC MOPATH PROCEDUR LEVEL 8 (875),1685.0,1685.0,,,0
CDM,30900202,HC MOPATH PROCEDUR LEVEL 8 (1565),3265.76,3265.76,,,0
CDM,30900203,HC MOPATH PROCEDUR LEVEL 8 (1625),3391.37,3391.37,,,0
CDM,30900204,HC MOPATH PROCEDUR LEVEL 8 (1830),3830.99,3830.99,,,0
CDM,30900205,HC MOPATH PROCEDUR LEVEL 8 (2000),38.5,38.5,,,0
CDM,30900206,HC MOPATH PROCEDUR LEVEL 8 (3430),7180.49,7180.49,,,0
CDM,30900207,HC MOPATH PROCEDUR LEVEL 9 (930),0.01,0.01,,,0
CDM,30900208,HC MOPATH PROCEDUR LEVEL 9 (935),1915.0,1915.0,,,0
CDM,30900209,HC MOPATH PROCEDUR LEVEL 9 (970),2030.63,2030.63,,,0
CDM,30900210,HC MOPATH PROCEDUR LEVEL 9 (975),1995.0,1995.0,,,0
CDM,30900211,HC MOPATH PROCEDUR LEVEL 9 (1050),2198.11,2198.11,,,0
CDM,30900212,HC MOPATH PROCEDUR LEVEL 9 (1080),2260.91,2260.91,,,0
CDM,30900213,HC MOPATH PROCEDUR LEVEL 9 (1170),2449.32,2449.32,,,0
CDM,30900214,HC MOPATH PROCEDUR LEVEL 9 (1240),2115.0,2115.0,,,0
CDM,30900215,HC MOPATH PROCEDUR LEVEL 9 (1295),2700.53,2700.53,,,0
CDM,30900216,HC MOPATH PROCEDUR LEVEL 9 (1390),2909.88,2909.88,,,0
CDM,30900217,HC MOPATH PROCEDUR LEVEL 9 (3405),7117.69,7117.69,,,0
CDM,30900218,HC FETAL CHRMOML ANEUPLOIDY (390),816.44,816.44,,,0
CDM,30900219,HC TARGETED GENOMIC SEQ ANALYS (1150),2407.46,2407.46,,,0
CDM,30900220,HC UNLISTED MOL PATH (115),240.74,240.74,,,0
CDM,30900221,HC UNLISTED MOL PATH (120),251.22,251.22,,,0
CDM,30900222,HC UNLISTED MOL PATH (130),210.0,210.0,,,0
CDM,30900223,HC UNLISTED MOL PATH (135),451.0,451.0,,,0
CDM,30900224,HC UNLISTED MOL PATH (160),334.95,334.95,,,0
CDM,30900225,HC UNLISTED MOL PATH (185),425.0,425.0,,,0
CDM,30900226,HC UNLISTED MOL PATH (200),418.68,418.68,,,0
CDM,30900227,HC UNLISTED MOL PATH (205),18.0,18.0,,,0
CDM,30900228,HC UNLISTED MOL PATH (210),439.62,439.62,,,0
CDM,30900229,HC UNLISTED MOL PATH (220),460.55,460.55,,,0
CDM,30900230,HC UNLISTED MOL PATH (240),397.0,397.0,,,0
CDM,30900231,HC UNLISTED MOL PATH (250),375.0,375.0,,,0
CDM,30900232,HC UNLISTED MOL PATH (255),545.0,545.0,,,0
CDM,30900233,HC UNLISTED MOL PATH (260),544.29,544.29,,,0
CDM,30900234,HC UNLISTED MOL PATH (280),560.0,560.0,,,0
CDM,30900235,HC UNLISTED MOL PATH (290),450.0,450.0,,,0
CDM,30900236,HC UNLISTED MOL PATH (295),617.57,617.57,,,0
CDM,30900237,HC UNLISTED MOL PATH (310),545.0,545.0,,,0
CDM,30900238,HC UNLISTED MOL PATH (315),659.44,659.44,,,0
CDM,30900239,HC UNLISTED MOL PATH (330),690.83,690.83,,,0
CDM,30900240,HC UNLISTED MOL PATH (345),545.0,545.0,,,0
CDM,30900241,HC UNLISTED MOL PATH (350),675.0,675.0,,,0
CDM,30900242,HC UNLISTED MOL PATH (385),805.97,805.97,,,0
CDM,30900243,HC UNLISTED MOL PATH (395),644.0,644.0,,,0
CDM,30900244,HC UNLISTED MOL PATH (435),910.64,910.64,,,0
CDM,30900245,HC UNLISTED MOL PATH (440),921.12,921.12,,,0
CDM,30900246,HC UNLISTED MOL PATH (455),952.51,952.51,,,0
CDM,30900247,HC UNLISTED MOL PATH (460),962.98,962.98,,,0
CDM,30900248,HC UNLISTED MOL PATH (465),973.45,973.45,,,0
CDM,30900249,HC UNLISTED MOL PATH (470),983.92,983.92,,,0
CDM,30900250,HC UNLISTED MOL PATH (480),1004.85,1004.85,,,0
CDM,30900251,HC UNLISTED MOL PATH (485),1015.32,1015.32,,,0
CDM,30900252,HC UNLISTED MOL PATH (500),1046.72,1046.72,,,0
CDM,30900253,HC UNLISTED MOL PATH (510),1067.65,1067.65,,,0
CDM,30900254,HC UNLISTED MOL PATH (520),1088.58,1088.58,,,0
CDM,30900255,HC UNLISTED MOL PATH (530),930.0,930.0,,,0
CDM,30900256,HC UNLISTED MOL PATH (570),1193.26,1193.26,,,0
CDM,30900257,HC UNLISTED MOL PATH (575),1203.73,1203.73,,,0
CDM,30900258,HC UNLISTED MOL PATH (585),1224.66,1224.66,,,0
CDM,30900259,HC UNLISTED MOL PATH (600),1256.06,1256.06,,,0
CDM,30900260,HC UNLISTED MOL PATH (640),890.0,890.0,,,0
CDM,30900261,HC UNLISTED MOL PATH (645),1245.0,1245.0,,,0
CDM,30900262,HC UNLISTED MOL PATH (660),1455.0,1455.0,,,0
CDM,30900263,HC UNLISTED MOL PATH (670),1402.6,1402.6,,,0
CDM,30900264,HC UNLISTED MOL PATH (680),1423.54,1423.54,,,0
CDM,30900265,HC UNLISTED MOL PATH (670),1442.38,1442.38,,,0
CDM,30900266,HC UNLISTED MOL PATH (715),1345.0,1345.0,,,0
CDM,30900267,HC UNLISTED MOL PATH (725),1517.74,1517.74,,,0
CDM,30900268,HC UNLISTED MOL PATH (730),795.0,795.0,,,0
CDM,30900269,HC UNLISTED MOL PATH (750),1570.08,1570.08,,,0
CDM,30900270,HC UNLISTED MOL PATH (780),1632.88,1632.88,,,0
CDM,30900271,HC UNLISTED MOL PATH (785),1643.35,1643.35,,,0
CDM,30900272,HC UNLISTED MOL PATH (800),1674.75,1674.75,,,0
CDM,30900273,HC UNLISTED MOL PATH (825),1727.09,1727.09,,,0
CDM,30900274,HC UNLISTED MOL PATH (835),1748.02,1748.02,,,0
CDM,30900275,HC UNLISTED MOL PATH (925),1936.43,1936.43,,,0
CDM,30900276,HC UNLISTED MOL PATH (955),1580.0,1580.0,,,0
CDM,30900277,HC UNLISTED MOL PATH (1000),2093.44,2093.44,,,0
CDM,30900278,HC UNLISTED MOL PATH (1030),2190.0,2190.0,,,0
CDM,30900279,HC UNLISTED MOL PATH (1050),2198.11,2198.11,,,0
CDM,30900280,HC UNLISTED MOL PATH (1070),2239.98,2239.98,,,0
CDM,30900281,HC UNLISTED MOL PATH (1080),2025.0,2025.0,,,0
CDM,30900282,HC UNLISTED MOL PATH (1100),1870.0,1870.0,,,0
CDM,30900283,HC UNLISTED MOL PATH (1150),0.01,0.01,,,0
CDM,30900284,HC UNLISTED MOL PATH (1190),1995.0,1995.0,,,0
CDM,30900285,HC UNLISTED MOL PATH (1380),2888.94,2888.94,,,0
CDM,30900286,HC UNLISTED MOL PATH (1460),3056.42,3056.42,,,0
CDM,30900287,HC UNLISTED MOL PATH (1500),3140.16,3140.16,,,0
CDM,30900288,HC UNLISTED MOL PATH (1540),3223.89,3223.89,,,0
CDM,30900289,HC UNLISTED MOL PATH (1570),3286.69,3286.69,,,0
CDM,30900290,HC UNLISTED MOL PATH (1600),0.01,0.01,,,0
CDM,30900291,HC UNLISTED MOL PATH (1700),3558.84,3558.84,,,0
CDM,30900292,HC UNLISTED MOL PATH (1770),3705.39,3705.39,,,0
CDM,30900293,HC UNLISTED MOL PATH (1840),3206.0,3206.0,,,0
CDM,30900294,HC UNLISTED MOL PATH (1870),3914.72,3914.72,,,0
CDM,30900295,HC UNLISTED MOL PATH (1890),3956.59,3956.59,,,0
CDM,30900296,HC UNLISTED MOL PATH (1920),4019.4,4019.4,,,0
CDM,30900297,HC UNLISTED MOL PATH (1970),4124.07,4124.07,,,0
CDM,30900298,HC UNLISTED MOL PATH (1980),4145.0,4145.0,,,0
CDM,30900299,HC UNLISTED MOL PATH (2050),4291.55,4291.55,,,0
CDM,30900300,HC UNLISTED MOL PATH (2070),4333.42,4333.42,,,0
CDM,30900301,HC UNLISTED MOL PATH (1210),2533.06,2533.06,,,0
CDM,30900302,HC UNLISTED MOL PATH (2150),4500.89,4500.89,,,0
CDM,30900303,HC UNLISTED MOL PATH (2230),4668.36,4668.36,,,0
CDM,30900304,HC UNLISTED MOL PATH (2400),5024.25,5024.25,,,0
CDM,30900305,HC UNLISTED MOL PATH (2420),5066.12,5066.12,,,0
CDM,30900306,HC UNLISTED MOL PATH (2710),5673.22,5673.22,,,0
CDM,30900307,HC UNLISTED MOL PATH (2800),5861.63,5861.63,,,0
CDM,30900308,HC UNLISTED MOL PATH (4400),9211.12,9211.12,,,0
CDM,30900309,HC UNLISTED MOL PATH (4880),10215.97,10215.97,,,0
CDM,30900310,HC UNLISTED MOL PATH (6000),11210.0,11210.0,,,0
CDM,30900311,HC ONCOLOGY BREAST MRNA (24500,5128.92,5128.92,,,0
CDM,30900312,HC UNLISTED MOLE PROC (1630),3412.3,3412.3,,,0
CDM,30900313,HC MOPATH PROCEDUR LEVEL 1 (650),0.01,0.01,,,0
CDM,30900314,HC FETAL CHROMOSOMAL ANEUPLOIDY (990),1652.0,1652.0,,,0
CDM,30900315,HC TARGETED GENOMIC SEQ ANALYSIS (1000),1673.0,1673.0,,,0
CDM,30900316,HC  TARGETED GEN SEQ 5-50 (460),962.98,962.98,,,0
CDM,30900317,HC TARGETED GEN SEQ 5-50 (435),910.64,910.64,,,0
CDM,30900318,HC UNLISTED MOLE PROC (765),1601.48,1601.48,,,0
CDM,30900319,HC UNLISTED MOLE PROC (5150),10781.2,10781.2,,,0
CDM,30900320,HC BCR/ABL MJR BP (275),575.7,575.7,,,0
CDM,30900321,HC FLT3 GENE (160),334.95,334.95,,,0
CDM,30900322,HC KRAS GENE (90),188.41,188.41,,,0
CDM,30900323,HC BRAF GENE (75),157.01,157.01,,,0
CDM,30900324,HC MOPATH PROCEDUR LEVEL 4 (305),638.5,638.5,,,0
CDM,30900325,HC CHIMERISM ANAL W/CELL SELECT (210),439.62,439.62,,,0
CDM,30900326,HC UNLISTED MOL PATH (2200),3720.0,3720.0,,,0
CDM,30900327,HC JAK2 GENE (125),218.75,218.75,,,0
CDM,30900328,HC CEBPA GENE FULL SEQ (345),722.23,722.23,,,0
CDM,30900329,HC NRAS GENE VAR EXON 2-3 (450),942.05,942.05,,,0
CDM,30900330,HC MOLE PROC LEVEL 2 (105),219.81,219.81,,,0
CDM,30900331,HC MOLE PROC LEVEL 5 (450),942.05,942.05,,,0
CDM,30900332,HC KIT GENE TGT SEQ (415),868.77,868.77,,,0
CDM,30900333,HC KRAS GENE VAR (1),2.09,2.09,,,0
CDM,30900334,HC FLT3 GENE (1),2.09,2.09,,,0
CDM,30900335,HC KIT GENE TGTD SEQ (1),2.09,2.09,,,0
CDM,30900336,HC UNLISTED MOLE PROC (1650),3454.17,3454.17,,,0
CDM,30900337,HC CHIMERISM ANAL NO SEL (145),303.55,303.55,,,0
CDM,30900338,HC NPM1 GENE (345),722.23,722.23,,,0
CDM,30900339,HC PMP22 GENE ANALYSIS,732.7,732.7,,,0
CDM,30900340,HC EXOME SEQUENCE ANAL (3670),900.0,900.0,,,0
CDM,30900341,HC COMPARATOR EXOME (515),1078.12,1078.12,,,0
CDM,30900342,HC GBA GENE (65),136.07,136.07,,,0
CDM,30900343,HC MOPATH PROCEDUR LEVEL 2 (340),350.0,350.0,,,0
CDM,30900344,HC PTN GENE KNOWN (505),1057.19,1057.19,,,0
CDM,30900345,HC CYTGN MARRAY COPY NO & SNP (720),1507.28,1507.28,,,0
CDM,30900346,HC CYTGN MARRAY COPY NO & SNP (815),576.0,576.0,,,0
CDM,30900347,HC UNLISTED MOL PATH (610),1276.99,1276.99,,,0
CDM,30900348,HC MPATH PROCEDUR LEVEL 5 (2460),5149.86,5149.86,,,0
CDM,30900349,HC HLA II TYPING  1 LOC LR (120),251.22,251.22,,,0
CDM,30900350,HC HLA II TYPING  1 LOC HR (290),607.1,607.1,,,0
CDM,30900351,HC HLA CLASS I PHENOTYPE QUAL,293.09,293.09,,,0
CDM,30900352,HC HLA CLASS II PHENOTYPE QUAL,293.09,293.09,,,0
CDM,30900353,HC HLA I TYPING 1 LOCUS LR (55),115.14,115.14,,,0
CDM,30900354,HC HLA CLASS I&II ANTIBODY QUAL,41.87,41.87,,,0
CDM,30900355,HC PMP22 GENE DUP/DELET (505),525.0,525.0,,,0
CDM,30900356,HC PMPP22 GENE DUP/DELET (850),1779.42,1779.42,,,0
CDM,30900357,HC MOPATH PROCEDURE LEVEL 2 (595),1245.6,1245.6,,,0
CDM,30900358,HC MOPATH PROCEDURE LEVEL 5 (870),740.0,740.0,,,0
CDM,30900359,HC MOPATH PROCEDURE LEVEL 5 (1580),3440.0,3440.0,,,0
CDM,30900360,HC MOPATH PROCEDURE LEVEL 6 (3030),6343.11,6343.11,,,0
CDM,30900361,HC MOPATH PROCEDURE LEVEL 7  (870),1821.29,1821.29,,,0
CDM,30900362,HC ASPA GENE (185),387.29,387.29,,,0
CDM,30900363,HC GJB2 GENE FULL SEQ (220),369.0,369.0,,,0
CDM,30900364,HC GJB6 GENE COM VAR (1),2.09,2.09,,,0
CDM,30900365,HC DMD DUP/DELET ANALYSIS (1340),2805.21,2805.21,,,0
CDM,30900366,HC MO PATH PROCEDUR LEVEL 1  (320),669.9,669.9,,,0
CDM,30900367,HC MO PATH PROCEDUR LEVEL 6  (320),950.0,950.0,,,0
CDM,30900368,HC TARGETED GENOMIC SEQ ANALYS (560),1172.32,1172.32,,,0
CDM,30900369,HC BCR/ABL1 GENE MINOR BP (235),90.0,90.0,,,0
CDM,30900370,HC CYTOGEN M ARRAY COPY NO&SNP (1115),1950.0,1950.0,,,0
CDM,30900371,HC BCR/ABL1 GENE MAJOR BP (280),586.16,586.16,,,0
CDM,30900372,HC BCR/ABL1 GENE MAJOR BP (320),669.9,669.9,,,0
CDM,30900373,HC BRAF GENE (205),429.16,429.16,,,0
CDM,30900374,HC CEBPA GENE FULL SEQUENCE (400),837.38,837.38,,,0
CDM,30900375,HC EGFR GENE COM VARIANTS (390),816.44,816.44,,,0
CDM,30900376,HC FLT3 GENE (190),400.0,400.0,,,0
CDM,30900377,HC IGH GENE REARRANGE AMP METH (180),376.81,376.81,,,0
CDM,30900378,HC STR MARKERS SPECIMEN ANAL (260),440.0,440.0,,,0
CDM,30900379,HC STR MARKERS SPECIMEN ANAL (320),669.9,669.9,,,0
CDM,30900380,HC CHIMERISM ANAL NO CELL SELEC (170),355.88,355.88,,,0
CDM,30900381,HC CHIMERISM ANAL NO CELL SELEC (300),498.0,498.0,,,0
CDM,30900382,HC CHIMERISM ANAL WI/CELL SELECT (245),512.89,512.89,,,0
CDM,30900383,HC KIT GENE TARGETED SEQ ANALYS (440),921.12,921.12,,,0
CDM,30900384,HC MICROSATELLITE INSTABILITY (275),575.7,575.7,,,0
CDM,30900385,HC NPM1 GENE (400),837.38,837.38,,,0
CDM,30900386,HC NRAS GENE VARIANTS EXON 2&3 (475),994.38,994.38,,,0
CDM,30900387,HC PML/RARALPHA COM  BREAKPOINTS (320),530.0,530.0,,,0
CDM,30900388,HC TRG GENE REARRANGEMENT ANAL (230),481.49,481.49,,,0
CDM,30900389,HC MOPATH PROCEDURE LEVEL 2 (105),219.81,219.81,,,0
CDM,30900390,HC MOPATH PROCEDURE LEVEL 4 (230),481.49,481.49,,,0
CDM,30900391,HC MOPATH PROCEDURE LEVEL 7 (350),732.7,732.7,,,0
CDM,30900392,HC TARGETED GENOMIC SEQ ANALYS (480),1004.85,1004.85,,,0
CDM,30900393,HC TARGETED GENOMIC SEQ ANALYS (530),1109.52,1109.52,,,0
CDM,30900394,HC CAR ION CHNNLPATH INC 10 GNS ADDON,2.09,2.09,,,0
CDM,30900395,HC CAR ION CHNNLPATH INC 2 GN (2675),5599.94,5599.94,,,0
CDM,30900396,HC FLT3 GENE (100),209.35,209.35,,,0
CDM,30900397,HC FLT3 GENE ANALSYS (455),952.51,952.51,,,0
CDM,30900398,HC HLA I & II TYPING LR (320),669.9,669.9,,,0
CDM,30900399,HC HLA CLASS I HIGH DEFIN QUAL,293.09,293.09,,,0
CDM,30900400,HC HLA CLAS II HIGH DEFIN QUAL,293.09,293.09,,,0
CDM,30900401,HC HLA I & II TYPING HR (580),1214.19,1214.19,,,0
CDM,30900402,HC HLA X-MATCH NON-CYT ADD-ON,2.09,2.09,,,0
CDM,30900403,HC HLA I TYPING 1 LOCUS HR (165),345.42,345.42,,,0
CDM,30900404,HC HLA I & II TYPE VERIFY LR (150),314.02,314.02,,,0
CDM,30900405,HC HLA TYPING 1 LOCUS LR (120),251.22,251.22,,,0
CDM,30900406,HC MOPATH PROCEDURE LEVEL 7 (505),1057.19,1057.19,,,0
CDM,30900407,HC UNLISTED MOL PATH PROC (1270),2658.66,2658.66,,,0
CDM,30900408,HC EXOME SEQUENCE ANAL (2800),5861.63,5861.63,,,0
CDM,30900409,HC COMPARATOR EXOME (375),785.04,785.04,,,0
CDM,30900410,HC UNLISTED MOLE PROC (900),1884.09,1884.09,,,0
CDM,30900411,HC UNLISTED MOLE PROC (305),638.5,638.5,,,0
CDM,30900412,HC CFTR GENE FULL SEQUENCE (1460),3056.42,3056.42,,,0
CDM,30900413,HC UNLISTED MOLE PROC (275),575.7,575.7,,,0
CDM,30900414,HC MOPATH PROCEDUR LEVEL 9 (1630),3412.3,3412.3,,,0
CDM,30900415,HC UNLISTED MOLE PROC (555),1161.86,1161.86,,,0
CDM,30900416,HC UNLISTED MOLE PROC (270),565.23,565.23,,,0
CDM,30900417,HC RBC DNA HEA 35 AG 11 BLD GRP,701.3,701.3,,,0
CDM,30900418,HC MOPATH PROCEDUR LEVEL 4 (270),565.23,565.23,,,0
CDM,30900419,HC MOPATH PROCEDUR LEVEL 5 (340),711.77,711.77,,,0
CDM,30900420,HC MOPATH PROCEDUR LEVEL 5 (415),868.77,868.77,,,0
CDM,30900421,HC UNLISTED MOL PATH (565),1182.79,1182.79,,,0
CDM,30900422,HC UNLISTED MOL PATH (190),397.75,397.75,,,0
CDM,30900423,HC UNLISTED MOL PATH (415),868.77,868.77,,,0
CDM,30900424,HC MOPATH PROCEDUR LEVEL 5 (265),554.76,554.76,,,0
CDM,30900425,HC MOPATH PROCEDUR LEVEL 6 (590),1235.13,1235.13,,,0
CDM,30900426,HC UNLISTED MOL PATH (625),1308.4,1308.4,,,0
CDM,30900427,HC UNLISTED MOL PATH (80),167.48,167.48,,,0
CDM,30900428,HC UNLISTED MOL PATH (75),157.01,157.01,,,0
CDM,30900429,HC UNLISTED MOL PATH (490),1025.79,1025.79,,,0
CDM,30900430,HC TARGETED GENOMIC SEQ ANALYSIS,805.97,805.97,,,0
CDM,30900431,HC CALR GENE COM VARIANTS (240),502.42,502.42,,,0
CDM,30900432,HC MTHFR GENE (85),177.94,177.94,,,0
CDM,30900433,HC TARGETED GENOMIC SEQ ANALYSIS (795),1664.28,1664.28,,,0
CDM,30900434,HC TARGETED GENOMIC SEQ ANALYSIS 51+ (795),1355.0,1355.0,,,0
CDM,30900435,HC MOPATH PROCEDURE LEVEL 1 (265),554.76,554.76,,,0
CDM,30900436,HC CFTR GENE COM VARIANTS (70),146.54,146.54,,,0
CDM,30900439,HC ABL1  GENE (200),418.68,418.68,,,0
CDM,30900440,HC GJB2 GENE FULL SEQUENCE (470),983.92,983.92,,,0
CDM,30900441,HC GENE TARGETED SEQUENCE ANALYSIS  (160),334.95,334.95,,,0
CDM,30900442,HC MOPATH PROCEDURE LEVEL 2 (555),902.0,902.0,,,0
CDM,30900443,HC IDH1  COMMON VARIANTS (230),360.0,360.0,,,0
CDM,30900444,HC IDH2  COMMON VARIANTS (230),360.0,360.0,,,0
CDM,30900445,HC IFNL3 GENE (70),146.54,146.54,,,0
CDM,30900446,HC TPMT  GENE COM VARIANTS,240.74,240.74,,,0
CDM,30900447,HC HPA-1  GENOTYPING (35),73.27,73.27,,,0
CDM,30900448,HC HPA-2  GENOTYPING (35),73.27,73.27,,,0
CDM,30900449,HC HPA-3  GENOTYPING (35),73.27,73.27,,,0
CDM,30900450,HC HPA-4  GENOTYPING (35),73.27,73.27,,,0
CDM,30900451,HC HPA-5  GENOTYPING (35),73.27,73.27,,,0
CDM,30900452,HC HPA-6  GENOTYPING (35),73.27,73.27,,,0
CDM,30900453,HC HPA-9  GENOTYPING (35),73.27,73.27,,,0
CDM,30900454,HC HPA-15  GENOTYPING (35),73.27,73.27,,,0
CDM,30900455,HC MOPATH PROCEDUR LEVEL 2 (260),544.29,544.29,,,0
CDM,30900456,HC UNLISTED MOL PATH (545),1140.92,1140.92,,,0
CDM,30900457,HC F2 GENE (40),83.74,83.74,,,0
CDM,30900458,HC F5 GENE (40),150.0,150.0,,,0
CDM,30900459,HC MOPATH PROCEDURE LEVEL 2 (210),395.95,395.95,,,0
CDM,30900460,HC MOPATH PROCEDURE LEVEL 7 (1490),2870.0,2870.0,,,0
CDM,30900461,HC MECP2 GENE FULL SEQ (340),631.0,631.0,,,0
CDM,30900462,HC ASHKENAZI JEWISH ASSOC DIS (730),1528.21,1528.21,,,0
CDM,30900463,HC BCR/ABL1 GENE MAJOR BP QUAN,575.7,575.7,,,0
CDM,30900464,HC HTT GENE DETC ABNOR ALLELES (225),471.02,471.02,,,0
CDM,30900465,HC TERT GENE TARGETED SEQ ALYS (2230),4668.36,4668.36,,,0
CDM,30900466,HC KRAS GENE (210),419.0,419.0,,,0
CDM,30900467,HC KRAS GENE VAR (250),523.36,523.36,,,0
CDM,30900468,HC MGMT GENE PMTR MTHYLTN ALYS (355),658.0,658.0,,,0
CDM,30900469,HC CYTOGENOMIC NEO MICRORA ALYS (350),548.0,548.0,,,0
CDM,30900470,HC MOPATH PROCEDURE LEVEL 7 (966),2022.26,2022.26,,,0
CDM,30900471,HC TARGETED GENOMIC SEQ ANALYSIS (1426),2985.24,2985.24,,,0
CDM,30900472,HC CYTOGEN M ARRAY COPY NO & SNP (417),872.96,872.96,,,0
CDM,30900473,HC TARGETED GENOMIC SEQ ANALYSIS (202),385.0,385.0,,,0
CDM,30900474,HC TARGETED GENOMIC SEQ ANALYSIS (328),585.0,585.0,,,0
CDM,30900475,HC TARGETED GENOMIC SEQ ANALYSIS (467),785.0,785.0,,,0
CDM,30900476,HC IGK GENE PART OF PANEL (154),322.39,322.39,,,0
CDM,30900477,HC UNLISTED MOLECULAR PATHOLOGY (1357),2580.0,2580.0,,,0
CDM,30900478,HC MOPATH PROCEDURE LEVEL 4 (108),226.09,226.09,,,0
CDM,30900479,HC TARGETED GENOMIC SEQ ANALYSIS (170),355.88,355.88,,,0
CDM,30900480,HC MOPATH PROC LEVEL 8 (608),1272.81,1272.81,,,0
CDM,30900481,HC MOPATH PROC LEVEL 9 (778),1628.7,1628.7,,,0
CDM,30900482,HC STR MARKERS SPECIMEN ANAL (109),228.19,228.19,,,0
CDM,30900483,HC TARGETED GENOMIC SEQ ANALYSIS (342),715.96,715.96,,,0
CDM,30900484,HC IADNA CNS PTHGN NEXT GEN SEQ(780),1632.88,1632.88,,,0
CDM,30900485,DEAC 12/31/2023 HC LIVER DISEASE ALYS 3 BMRK SRM ALG (171),357.97,357.97,,,0
CDM,31000001,HC CYTOPATH FL NONGYN SMEARS,62.8,62.8,,,0
CDM,31000002,HC CP SMR OTHR; SCRN & INT,62.8,62.8,,,0
CDM,31000003,HC FLOW CYTOMETRY EA ADDTL MARKER,30.0,30.0,,,0
CDM,31000004,HC TISSUE CULTURE; BM BLD CELLS,314.02,314.02,,,0
CDM,31000005,HC TISSUE CULTURE; OTHER TISSUE,523.36,523.36,,,0
CDM,31000006,HC CHROM ANALY; 45 CELLS,837.38,837.38,,,0
CDM,31000008,HC MCG; SITU HYBRID 10-30 CELLS,130.0,130.0,,,0
CDM,31000009,HC MCG; IP SITU 25-99 CELLS,418.68,418.68,,,0
CDM,31000010,HC CHROM ANALY; ADDTL BANDING,157.01,157.01,,,0
CDM,31000011,HC CHROM ANALY; ADDTL CELL COUNTS,78.0,78.0,,,0
CDM,31000012,HC TISSUE EXAM BY PATHOLOGIST LVL 4,125.61,125.61,,,0
CDM,31000013,HC ENZYME HISTOCHEMISTRY,35.0,35.0,,,0
CDM,31000014,HC PATH CONSULT DURING SURGERY,41.87,41.87,,,0
CDM,31000015,HC INTRAOP CYTO PATH CONSULT 1,104.67,104.67,,,0
CDM,31000016,HC INTRAOP CYTO PATH CONSULT 2,62.8,62.8,,,0
CDM,31000017,HC IHC EACH ANTIBODY,125.61,125.61,,,0
CDM,31000018,"HC IF STAIN , INITIAL",125.61,125.61,,,0
CDM,31000019,HC IF EA AB; INDIRECT,5.0,5.0,,,0
CDM,31000020,HC MORPHOMETRICS; NERVE,607.1,607.1,,,0
CDM,31000021,HC MANUAL TUMOR IM HISTOCHEM EA AB,157.01,157.01,,,0
CDM,31000023,HC TISSUE IDENTITY TYPING,393.0,393.0,,,0
CDM,31000025,HC MICRODISSECTION MANUAL,209.35,209.35,,,0
CDM,31000041,HC CELL COUNT NOT BLOOD,12.0,12.0,,,0
CDM,31000042,"HC MORPHOMETRIC ANAL,BONE",837.38,837.38,,,0
CDM,31000043,"HC IMMUNOFLUOR STN, ADD",125.61,125.61,,,0
CDM,31000100,DEAC 2/8/2017 HC CYTP URNE 3-5 PROBES EA SPEC,900.9,900.9,,,0
CDM,31000114,"HC  IHC ADD SINGLE AB STN,EACH",104.67,104.67,,,0
CDM,31000115,HC MULTIPLEX AB STN EACH,177.94,177.94,,,0
CDM,31000116,"HC CYTOPATH, ISH, URIN C MORPHOM (140)",570.0,570.0,,,0
CDM,31000119,HC M/PHMTRC ALYS ISH QUANT/SEMIQ (50),104.67,104.67,,,0
CDM,31000120,HC EXOME RE-EVALUATION,2840.79,2840.79,,,0
CDM,31000121,HC SMN1   GENE DOS/DELETION ALYS (395),826.9,826.9,,,0
CDM,31000122,HC CYTP URINE 3-5 PROBES CMPTR (122),255.4,255.4,,,0
CDM,31000123,HC EXOME RE-EVALUATION (1840),3851.92,3851.92,,,0
CDM,31000125,HC MYD88 GENE P. LEU265PRO VRNT (300),628.03,628.03,,,0
CDM,31000128,HC HEM VW DS VW FACTOR & COLLAGEN III BINDING ELISA,401.94,401.94,,,0
CDM,31000131,"HC CYP2C9, GENE ANALYSIS, COMMON VARIANTS(30)",62.8,62.8,,,0
CDM,31000132,"HC CYP2D6, GENE ANALYSIS, COMMON VARIANTS(30)",62.8,62.8,,,0
CDM,31000133,"HC CYP3A4, GENE ANALYSIS, COMMON VARIANTS(30)",62.8,62.8,,,0
CDM,31000134,"HC CYP3A5, GENE ANALYSIS, COMMON VARIANTS(30)",62.8,62.8,,,0
CDM,31000135,"HC DPYD, GENE ANALYSIS, COMMON VARIANTS(30)",62.8,62.8,,,0
CDM,31000136,"HC NUDT15, GENE ANALYSIS, COMMON VARIANTS(30)",62.8,62.8,,,0
CDM,31000137,"HC SLCO1BI, GENE ANALYSIS, COMMON VARIANTS(30)",62.8,62.8,,,0
CDM,31000138,"DEAC 4/1/2023 HC TPMT, GENE ANALYSIS, COMMON VARIANTS(30)",62.8,62.8,,,0
CDM,31000140,"HC FETAL CONGENTIAL ABNORML ASSAY TWO PROTEINS (PAPP-A, HCG) (25)",52.33,52.33,,,0
CDM,31000141,HC TARGETED GENOMIC SEQ ANALYSIS (263),550.57,550.57,,,0
CDM,31000142,HC TARGETED GENOMIC ANALYSIS(170),355.88,355.88,,,0
CDM,31000143,HC VERSITI HEPARININDUCED THROMBOCYTOPENIA EVALUATION  PEA(170),355.88,355.88,,,0
CDM,31000144,"HC UGT1A1, GENE ANALYSIS, COMMON VARIANTS(85)",177.94,177.94,,,0
CDM,31000147,"HC TPMT, GENE ANALYSIS, COMMON VARIANTS(30)",62.8,62.8,,,0
CDM,31000150,HC INFCT DS BCT/VIR RESPIR DNA/RNA 22 TRGT SARSCOV2,376.2,376.2,,,0
CDM,31000152,HC FLT3 GENE (795),1664.28,1664.28,,,0
CDM,31000153,HC CARDIOMYOPATHY  PANEL (296),619.66,619.66,,,0
CDM,31000154,HC COMBINED CARDIAC  PANEL SEQUENCING AT LEAST 10 GENES (148),309.83,309.83,,,0
CDM,31000155,HC COMBINED CARDIAC  PANEL ANALYSIS AT LEAST 2 GENES (148),309.83,309.83,,,0
CDM,31000156,HC GENOMEXPRESS (1109),2321.62,2321.62,,,0
CDM,31000157,"HC GENOMEXPRESS SEQUENCE ANALYSIS, EA COMPARATOR GENOME (554)",1159.76,1159.76,,,0
CDM,31000158,HC WHOLE MITO GENOME SEQUENCING & DELETION TESTING (148),309.83,309.83,,,0
CDM,31000159,"HC MITO GENOME SEQUENCING HETEROPLASMY DETECTION, IF PERFRMD (148)",309.83,309.83,,,0
CDM,31000160,HC NOONAN AND COMPREHENSIVE RASOPATHIES  PANEL (296),619.66,619.66,,,0
CDM,31000161,HC ONE KNOWN FAMILIAL VARIANT (136),284.71,284.71,,,0
CDM,31000162,HC PRENATAL KNOWN FAMILIAL MUTATION (INCLUDES MCC) (370),774.57,774.57,,,0
CDM,31000163,HC UNLISTED MOLECULAR PATHOLOGY PROCEDURE (370),774.57,774.57,,,0
CDM,31000164,HC TWO KNOWN FAMILIAL VARIANTS IN A NUCLEAR GENE (98),205.16,205.16,,,0
CDM,31000165,HC CHROMOSOMAL MICROARRAY (MICROARRAYDX) (296),619.66,619.66,,,0
CDM,31000166,HC XOMEDXXPRESS (739),1547.05,1547.05,,,0
CDM,31000167,"HC XOMEDXXPRESS SEQ ANALYSIS, EA COMPARATOR EXOME (370)",774.57,774.57,,,0
CDM,31000168,HC CYTOKINE 13 PANEL (13),27.22,27.22,,,0
CDM,31000169,"HC MOLECULAR PATH PROC, LEVEL 4  (71)",148.64,148.64,,,0
CDM,31000170,HC-NPM1 GENE (874),1829.66,1829.66,,,0
CDM,31000171,HC TARGETED GENOMIC SEQ ANALYSIS 324 GENES (795),1664.28,1664.28,,,0
CDM,31000172,HC MOPATH PROCEDURE LEVEL 5 (246),514.99,514.99,,,0
CDM,31000173,HC MOPATH PROCEDURE LEVEL 6 (123),257.49,257.49,,,0
CDM,31000174,HC MOPATH PROCEDURE LEVEL 7 (83),173.75,173.75,,,0
CDM,31000175,HC COMPARATOR EXOME (247),517.08,517.08,,,0
CDM,31000176,HC COMPARATOR EXOME (493),1032.06,1032.06,,,0
CDM,31000177,HC EXOME SEQUENCE ANALYSIS (1232),2579.11,2579.11,,,0
CDM,31000178,HC EXOME RE-EVALUATION (493),1032.06,1032.06,,,0
CDM,31000179,HC GENOME SEQUENCE ANALYSIS (1970),4124.07,4124.07,,,0
CDM,31000180,HC GENOME SEQUENCE ANALYSIS (985),2062.04,2062.04,,,0
CDM,31000181,"HC GENOME SEQ ANALYSIS, EA CMPRTR (493)",1032.06,1032.06,,,0
CDM,31000182,"HC GENOME SEQ ANALYSIS, EA CMPRTR (985)",2062.04,2062.04,,,0
CDM,31000183,HC MOPATH PROCEDURE LEVEL 6 (99),207.25,207.25,,,0
CDM,31000184,HC MOPATH PROCEDURE LEVEL 7 (49),102.58,102.58,,,0
CDM,31000185,HC MOPATH PROCEDURE LEVEL 2 (99),207.25,207.25,,,0
CDM,31000186,HC MOPATH PROCEDURE LEVEL 2 (49),102.58,102.58,,,0
CDM,31000187,HC ACTIONABLE PHARMACOGENOMICS PANEL (284),594.54,594.54,,,0
CDM,31000188,HC CYTOG GEN-WIDE ALYS HEM MAL STRUX VRNT&CNV OGM (271),567.32,567.32,,,0
CDM,31000189,HC HEMATOLYMPHOID NEO/DO GSAP 5-50DNA/DNA&RNA ALYS (261),546.39,546.39,,,0
CDM,31000190,HC  NFCT DS STRN TYP WHL GENOME SEQUENCING PR ISOL,290.99,290.99,,,0
CDM,31000191,"HC 14-3-3 PROTEIN, CSF - PRION DISEASE, RT-QUIC",228.19,228.19,,,0
CDM,31000192,"HC MO PATH LEVEL 2, CBFB-MYH11,QUANT, V (481)",1006.94,1006.94,,,0
CDM,31000193,HC NFCT DS CSF METAGENOMIC NGS BIOINFORMATIC ALYS,3259.48,3259.48,,,0
CDM,31060019,HC CYTOGENOMIC NEO MICRORA ALYS (715),1496.8,1496.8,,,0
CDM,31100000,HC LAB CYCTOLOGY,2.09,2.09,,,0
CDM,31100001,HC CYTOPATH CELL ENHANCE TECH,209.35,209.35,,,0
CDM,31100002,HC CP CERV/VAG; ATL; MANUAL SCRN,83.74,83.74,,,0
CDM,31100003,HC CP SMR OTHR; PREP SCRN INT,146.54,146.54,,,0
CDM,31100004,HC CYTP DX EVAL FNA 1ST EA SITE,125.61,125.61,,,0
CDM,31100005,HC EVAL OF FNA; INT & REP,188.41,188.41,,,0
CDM,31100006,HC FLOW CYTOMETRY TC 1ST MARKER,127.0,127.0,,,0
CDM,31100007,HC CRYOPRESERVATION EA CELL LINE,104.67,104.67,,,0
CDM,31100008,HC THAW FROZEN CELLS/ALIQUOT,209.35,209.35,,,0
CDM,31100009,HC ELECTRON MICRO; DX,837.38,837.38,,,0
CDM,31100010,HC ISH SINGLE PROBE 1ST,188.41,188.41,,,0
CDM,31100011,HC BETHESDA PAP; MAN SCRN,41.87,41.87,,,0
CDM,31100050,HC CYTOPATH C/V INTERPRET,41.87,41.87,,,0
CDM,31100051,HC CELL MARKER STUDY,400.0,400.0,,,0
CDM,31100057,HC CYTOPATH C/V INDEX ADD-ON,46.06,46.06,,,0
CDM,31100061,HC ISH PROBE ADDITIONAL,188.41,188.41,,,0
CDM,31100062,HC ISH MULTIPLEX PROBE,188.41,188.41,,,0
CDM,31200000,HC LAB HISTOLOGY,2.09,2.09,,,0
CDM,31200001,HC CP CONCENTR TECH SMEAR,146.54,146.54,,,0
CDM,31200002,HC SURG PATH LEVEL-I GROSS ONLY,41.87,41.87,,,0
CDM,31200003,HC SURG PATH LVL 2,52.33,52.33,,,0
CDM,31200004,HC TISSUE EXAM BY PATHOLOGIST LVL 3,83.74,83.74,,,0
CDM,31200005,HC TISSUE EXAM BY PATHOLOGIST LVL 5,209.35,209.35,,,0
CDM,31200006,HC TISSUE EXAM BY PATHOLOGIST LVL 6,261.68,261.68,,,0
CDM,31200007,HC DECALCIFICATION,10.46,10.46,,,0
CDM,31200008,HC SPECIAL STAINS GROUP 1,31.4,31.4,,,0
CDM,31200009,HC SPECIAL STAINS GROUP 2,20.93,20.93,,,0
CDM,31200010,HC HISTOCHEMICAL STAINS ADD-ON,62.8,62.8,,,0
CDM,31200011,HC SP CONSULT; 1ST TB W FS SGL SP,62.8,62.8,,,0
CDM,31200012,HC PATH CONSULT INTRAOP ADDL,10.46,10.46,,,0
CDM,31900001,HC TISSUE CULTURE; SKIN OR SOLID BX,5.0,5.0,,,0
CDM,31900002,HC TISSUE CULTURE; AMNIOTIC FLUID,600.0,600.0,,,0
CDM,31900003,HC CHROM ANALY; 50-100 CELLS,837.38,837.38,,,0
CDM,31900004,HC CHROM ANALY; 15-20 CELLS,669.9,669.9,,,0
CDM,31900005,HC CHROM ANALY; 20-25 CELLS,837.38,837.38,,,0
CDM,31900006,HC CHROM ANALY; AF/CV 15 CELLS,628.03,628.03,,,0
CDM,31900007,HC MCG; IP SITU 100-300 CELLS,481.49,481.49,,,0
CDM,31900008,HC CHROM ANALY; ADDTL KARYOT EA STUDY,103.0,103.0,,,0
CDM,31900009,HC CHROM ANALY; ADDTL HI RESOLN,209.35,209.35,,,0
CDM,31900012,HC MICRODISSECTION LASER (600),1256.06,1256.06,,,0
CDM,32000002,"HC X-RAY EXAM OF EYE, DETECTION OF FOREIGN BODY",210.76,210.76,,,0
CDM,32000003,"HC MANDIBLE, LESS THAN 4 VIEWS",295.05,295.05,,,0
CDM,32000004,"HC MANDIBLE, MIN 4 VIEWS",295.05,295.05,,,0
CDM,32000005,"HC  FACIAL BONES, LESS THAN 3 VIEWS",210.76,210.76,,,0
CDM,32000006,"HC  FACIAL BONES, MIN 3 VIEWS",337.21,337.21,,,0
CDM,32000007,"HC  NASAL BONES, MIN 3 VIEWS",295.05,295.05,,,0
CDM,32000008,"HC  ORBITS, MIN 4 VIEWS",337.21,337.21,,,0
CDM,32000009,"HC  SINUSES, PARANASAL, LESS THAN 3 VIEWS",252.9,252.9,,,0
CDM,32000010,"HC  SINUSES, PARANASAL, MIN 3 VIEWS",295.05,295.05,,,0
CDM,32000011,"HC  SKULL, LESS THAN 4 VIEWS",295.05,295.05,,,0
CDM,32000012,"HC  SKULL, MIN 4 VIEWS",337.21,337.21,,,0
CDM,32000013,"HC  TEMPOROMANDIBULAR JOINT, BILAT",421.5,421.5,,,0
CDM,32000014,"HC  NECK, SOFT TISSUE",210.76,210.76,,,0
CDM,32000015,"HC  SPINE, SINGLE VIEW, SPECIFY LEVEL",168.6,168.6,,,0
CDM,32000016,"HC  SPINE, CERVICAL, 2 OR 3 VIEWS",252.9,252.9,,,0
CDM,32000017,"HC  SPINE, CERVICAL, MIN 4 VIEWS",337.21,337.21,,,0
CDM,32000018,"HC  SPINE, CERVICAL, COMPLETE",463.66,463.66,,,0
CDM,32000019,"HC  SPINE, THORAX, 2 VIEWS",252.9,252.9,,,0
CDM,32000020,"HC  SPINE, THORAX, 3 VIEWS",295.05,295.05,,,0
CDM,32000021,"HC  SPINE, THORAX, MIN 4 VIEWS",337.21,337.21,,,0
CDM,32000022,"HC  SPINE, THORACOLUMBAR, 2 VIEWS",210.76,210.76,,,0
CDM,32000023,"HC  SPINE, SCOLIOSIS STUDY",493.25,493.25,,,0
CDM,32000024,"HC  SPINE, LUMBOSACRAL, 2 OR 3 VIEWS",295.05,295.05,,,0
CDM,32000025,"HC  SPINE, LUMBOSACRAL, MIN 4 VIEWS",379.36,379.36,,,0
CDM,32000026,"HC  SPINE, LUMBOSACRAL, MIN 6 VIEWS",547.96,547.96,,,0
CDM,32000027,"HC RAD EXAM PELVIS, 1 OR 2 VIEWS",252.9,252.9,,,0
CDM,32000028,"HC RAD EXAM PELVIS, MIN 3 VIEWS",337.21,337.21,,,0
CDM,32000029,"HC RAD EXAM SACROILIAC JOINTS, 3 OR MORE VIEWS",295.05,295.05,,,0
CDM,32000030,"HC RAD EXAM SACRUM AND COCCYX, MIN 2 VIEWS",210.76,210.76,,,0
CDM,32000031,"HC MYELOGRAPHY, CERVICAL S & I",124.33,124.33,,,0
CDM,32000032,"HC MYELOGRAPHY, THORACIC S & I",124.33,124.33,,,0
CDM,32000033,"HC MYELOGRAPHY, LUMBOSACRAL S & I",124.33,124.33,,,0
CDM,32000034,"HC MYELOGRAPHY, 2 OR MORE REGIONS S & I",124.33,124.33,,,0
CDM,32000035,"HC DISCOGRAPHY, CERVICAL OR THORACIC S & I",124.33,124.33,,,0
CDM,32000037,"HC DISCOGRAPHY, LUMBAR",1775.7,1775.7,,,0
CDM,32000038,"HC RAD EXAM CLAVICLE, COMPLETE",210.76,210.76,,,0
CDM,32000039,"HC RAD EXAM SCAPULA, COMPLETE",252.9,252.9,,,0
CDM,32000040,"HC RAD EXAM SHOULDER, 1 VIEW",168.6,168.6,,,0
CDM,32000041,"HC RAD EXAM SHOULDER, MIN 2 VIEWS",210.76,210.76,,,0
CDM,32000042,"HC RAD EXAM ACROMIOCLAVICULAR JOINTS, BILAT",295.05,295.05,,,0
CDM,32000043,"HC RAD EXAM HUMERUS, MIN 2 VIEWS",252.9,252.9,,,0
CDM,32000044,"HC RAD EXAM ELBOW, 2 VIEWS",210.76,210.76,,,0
CDM,32000045,"HC RAD EXAM ELBOW, MIN 3 VIEWS",252.9,252.9,,,0
CDM,32000046,"HC RAD EXAM FOREARM, 2 VIEWS",210.76,210.76,,,0
CDM,32000047,HC RAD EXAM UPPER EXT INFANT MIN 2 VIEWS,210.76,210.76,,,0
CDM,32000048,"HC RAD EXAM WRIST, 2 VIEWS",252.9,252.9,,,0
CDM,32000049,"HC RAD EXAM WRIST, MIN 3 VIEWS",295.05,295.05,,,0
CDM,32000050,"HC RAD EXAM HAND, 2 VIEWS",210.76,210.76,,,0
CDM,32000051,"HC RAD EXAM HAND, MIN 3 VIEWS",252.9,252.9,,,0
CDM,32000052,"HC RAD EXAM FINGER(S), MIN 2 VIEWS",295.05,295.05,,,0
CDM,32000053,HC RAD EXAM HIP UNILATERAL 1 VIEW,197.3,197.3,,,0
CDM,32000054,HC RAD EXAM HIP UNILATERAL MIN 2 VIEWS,394.6,394.6,,,0
CDM,32000055,HC RAD EXAM HIPS BILATERAL MIN 2 VIEWS EACH HIP,591.9,591.9,,,0
CDM,32000056,HC RAD EXAM DURING OP PROC UP TO 4 STUDIES,789.2,789.2,,,0
CDM,32000057,HC RAD EXAM PELVIS & HIPS INFANT/CHILD MIN 2 VIEW,394.6,394.6,,,0
CDM,32000058,HC RAD EXAM FEMUR 2 VIEWS,295.95,295.95,,,0
CDM,32000059,HC RAD EXAM KNEE 1 OR 2 VIEWS,252.9,252.9,,,0
CDM,32000060,HC RAD EXAM KNEE 3 VIEWS,295.05,295.05,,,0
CDM,32000061,HC RAD EXAM KNEE 4 OR MORE VIEWS,337.21,337.21,,,0
CDM,32000062,HC RAD EXAM BOTH KNEES STANDING AP MIN 3 VIEWS,337.21,337.21,,,0
CDM,32000063,HC RAD EXAM TIBIA AND FIBULA 2 VIEWS,252.9,252.9,,,0
CDM,32000064,HC RAD EXAM LOWER EXT INFANT MIN 2 VIEWS,210.76,210.76,,,0
CDM,32000065,HC RAD EXAM ANKLE 2 VIEWS,252.9,252.9,,,0
CDM,32000067,HC RAD EXAM ANKLE MIN 3 VIEWS,252.9,252.9,,,0
CDM,32000068,HC RAD EXAM FOOT MIN 3 VIEWS,252.9,252.9,,,0
CDM,32000069,HC RAD EXAM CALCANEUS MIN 2 VIEWS,210.76,210.76,,,0
CDM,32000070,HC RAD EXAM TOE(S) MIN 2 VIEWS,252.9,252.9,,,0
CDM,32000071,HC RAD EX ABDOMEN SINGLE AP VIEW,141.36,141.36,,,0
CDM,32000072,HC RAD EX ABDOMEN AP + OBLIQ & CONE VIEWS,247.38,247.38,,,0
CDM,32000073,HC RAD EX ABDOMEN DECUBITUS AND/OR ERECT VWS,247.38,247.38,,,0
CDM,32000074,"HC RAD EXM; COMPL ACUTE ABD SERIES, INCL 2+ VIEWS ABD, & SNGL VIEW CHEST",337.21,337.21,,,0
CDM,32000076,"HC RAD EXM; PHRYNX&/CRV ESOPH, INCL SCOUT RAD(S)&DLY IMG(S), CONTR STDY",716.56,716.56,,,0
CDM,32000077,"HC RAD EXM; ESOPH, INCL SCOUT RAD(S)&DLY IMG(S), SNGL-CONTRAST STDY",758.71,758.71,,,0
CDM,32000078,"HC RAD EX, SWALL FUNC W/CIN/VID RAD, INCL SCOUT RAD(S)&IMG(S), CONTR STDY",1180.22,1180.22,,,0
CDM,32000079,HC RAD EX UPPER GASTROINTESTINAL TRACT W/KUB,715.07,715.07,,,0
CDM,32000080,HC RAD EX UPPER GI W/SMALL INTESTINE SERIES,1088.15,1088.15,,,0
CDM,32000081,HC RAD EX UPPER GI AIR CONTRAST W/KUB,932.7,932.7,,,0
CDM,32000082,"HC RAD EXM, SM INT,INCL MULTI IMGS&SCOUT ABD RAD(S), SNGL-CONTR STDY",927.31,927.31,,,0
CDM,32000083,"HC RAD EXM, SM INT,INCL MULTI IMGS&SCOUT ABD RAD(S), DBL- CONTR STDY",4552.27,4552.27,,,0
CDM,32000084,"HC RAD EXM, COLON, W/SCOUT ABD RAD(S) & DELAY IMG(S); WHEN PERF; SNGL STDY",1348.82,1348.82,,,0
CDM,32000085,"HC RAD EXM, COLON,INCL SCOUT ABD RAD(S) & DLY IMG(S), DBL-CONTR STDY",1938.93,1938.93,,,0
CDM,32000087,HC CHOLANGIOGRAPHY/PANCREATOGRAPHY INTRAOP,124.33,124.33,,,0
CDM,32000088,HC CHOLANGIOGRAPHY/PANCREATOGRAPHY POSTOP,591.9,591.9,,,0
CDM,32000089,HC CHOLANGIOGRAM PERCUTANEOUS TRANSHEPATIC,124.33,124.33,,,0
CDM,32000090,HC POSTOP BILIARY DUCT CALCULUS REMOVAL,124.33,124.33,,,0
CDM,32000091,HC ENDOSCOPIC CATH BILIARY DUCTAL SYSTEM,124.33,124.33,,,0
CDM,32000092,HC INTRO LONG GI TUBE INC MULTI FLUORO & FILMS,493.25,493.25,,,0
CDM,32000093,HC PERC TRANSHEPATIC DILATION BILIARY DUCT,124.33,124.33,,,0
CDM,32000094,HC UROGRAPHY IV W OR W/O KUB/TOMOGRAPH,1180.22,1180.22,,,0
CDM,32000095,HC UROGRAPHY RETROGRADE W OR W/O KUB,1306.67,1306.67,,,0
CDM,32000096,HC UROGRAPHY ANTEGRADE S& I,986.5,986.5,,,0
CDM,32000097,HC CYSTOGRAPHY MIN 3 VIEWS,124.33,124.33,,,0
CDM,32000098,HC URETHROCYSTOGRAPHY RETROGRADE S & I,986.5,986.5,,,0
CDM,32000099,HC URETHROCYSTOGRAPHY VOIDING S & I,124.33,124.33,,,0
CDM,32000100,"HC INSERT INTRACATH OR CATH RENAL PELVIS, PERC",124.33,124.33,,,0
CDM,32000101,HC INSERT URETERAL CATH/STENT THRU RENAL PELV,124.33,124.33,,,0
CDM,32000102,HC DILATE URETER(S) OR URETHRA,124.33,124.33,,,0
CDM,32000103,HC HYSTEROSALPINGOGRAPHY S & I,789.2,789.2,,,0
CDM,32000108,HC SHUNTOGRAM FOR INDWELL NEUROVASC SHUNT,124.33,124.33,,,0
CDM,32000109,HC VENOGRAPHY EXT UNILATERAL,124.33,124.33,,,0
CDM,32000110,HC VENOGRAPHY EXT BILATERAL,124.33,124.33,,,0
CDM,32000111,HC VENOGRAPHY CAVAL INFERIOR W/SERIALOGRAPHY,124.33,124.33,,,0
CDM,32000112,HC VENOGRAPHY CAVAL SUPERIOR W/SERIALOGRAPH,124.33,124.33,,,0
CDM,32000113,HC VENOGRAPHY RENAL UNILATERAL SELECTIVE,124.33,124.33,,,0
CDM,32000114,HC VENOGRAPHY RENAL BILATERAL SELECTIVE,124.33,124.33,,,0
CDM,32000115,HC VENOGRAPHY VENOUS SINUS/JUGULAR CATHETER,124.33,124.33,,,0
CDM,32000116,HC VENOGRAPHY SUPERIOR SAGITTAL SINUS,124.33,124.33,,,0
CDM,32000117,HC PERCUT TRANSHEPATIC PORTOGRAM W/HDM,124.33,124.33,,,0
CDM,32000118,HC PERCUT TRANSHEPATIC PORTOGRAM W/O HDM,124.33,124.33,,,0
CDM,32000119,HC HEPATIC VENOGRAPHY W/ HDM,124.33,124.33,,,0
CDM,32000120,HC HEPATIC VENOGRAPHY W/O HDM,124.33,124.33,,,0
CDM,32000121,HC VENOUS SAMPLING THRU CATH W/W/O ANGIO,124.33,124.33,,,0
CDM,32000122,HC TRANSCATHETER THERAPY EMBOLIZATION,124.33,124.33,,,0
CDM,32000123,HC TRANSCATHETER THERAPY INFUSION,124.33,124.33,,,0
CDM,32000124,"HC ANGIO F/U TRANSCATH TX, EMBOLIZ/INFUSION",124.33,124.33,,,0
CDM,32000126,HC REMOVE OBSTRUCT FROM CENTRAL VENOUS DEV,124.33,124.33,,,0
CDM,32000127,HC REMOVE INTRALUMIN OBSTRUCT FROM CVD,124.33,124.33,,,0
CDM,32000131,HC TRANSLUM BALLOON ANGIOPLAST PERPH ARTERY,58.61,58.61,,,0
CDM,32000132,HC TRANS BALLOON ANGIOPLASTY EA + PER ARTERY,58.61,58.61,,,0
CDM,32000133,HC TRANS BALLOON ANGIOPLAST RENAL/VISC ARTERY,58.61,58.61,,,0
CDM,32000134,HC TRANS BALLOON ANGIOPLASTY EA + VISC ARTERY,58.61,58.61,,,0
CDM,32000135,HC TRANSCATHETER BIOPSY,124.33,124.33,,,0
CDM,32000136,HC TRANSLUMINAL BALLOON ANGIOPLASTY VENOUS,58.61,58.61,,,0
CDM,32000137,HC PERC TRANSHEP BIL DRAINAGE W/CON MONITOR,124.33,124.33,,,0
CDM,32000139,HC CHG PERC TUBE/ DRAIN CATH W/CON MONITOR,124.33,124.33,,,0
CDM,32000140,HC PERC DRAINAGE CATH PLACEMENT W/ RAD GUID,124.33,124.33,,,0
CDM,32000141,HC FLUOROSCOPE EXAMINATION UP TO 1 HOUR,463.66,463.66,,,0
CDM,32000142,HC FLUOROSCOPE EXAMINATION MORE THAN 1 HR,345.18,345.18,,,0
CDM,32000143,HC RAD EX FISTULA OR SINUS TRACT STUDY S & I,124.33,124.33,,,0
CDM,32000144,HC RAD EXAM SURGICAL SPECIMEN,84.3,84.3,,,0
CDM,32000146,HC FLUOROGUIDE CENTRAL VEN ACCESS DEV PLCMNT,124.33,124.33,,,0
CDM,32000147,HC FLUOROSCOPIC GUIDANCE FOR NEEDLE PLCMNT,2367.6,2367.6,,,0
CDM,32000148,HC FLUOROSCOPIC GUIDANCE FOR SPINE INJECTION,124.33,124.33,,,0
CDM,32000151,"HC MAMMARY DUCTOGRAM OR GALACTOGRAM, SINGLE",463.66,463.66,,,0
CDM,32000152,HC BONE AGE STUDIES,168.6,168.6,,,0
CDM,32000153,HC BONE LENGTH STUDIES,252.9,252.9,,,0
CDM,32000154,HC RAD EXAM OSSEOUS SURVEY LIMITED,505.81,505.81,,,0
CDM,32000155,HC RAD EXAM OSSEOUS SURVEY COMPLETE,716.56,716.56,,,0
CDM,32000156,HC RAD EXAM OSSEOUS SURVEY INFANT,716.56,716.56,,,0
CDM,32000157,"HC DXA BONE DENSITY STUDY, AXIAL 1+ SITES",379.36,379.36,,,0
CDM,32000158,"HC DXA BONE DENSITY PERIPHERAL, AXIAL 1+ SITES",210.76,210.76,,,0
CDM,32000161,"HC SELECTIVE ADRENAL VENOGRAM, BILATERAL",124.33,124.33,,,0
CDM,32000162,"HC SELECTIVE ADRENAL VENOGRAM, UNILATERAL",124.33,124.33,,,0
CDM,32000200,HC X-RAY EXAM OF MASTOIDS 3+ VIEWS,421.5,421.5,,,0
CDM,32000201,HC TMJ JOINT - UNILATERAL,252.9,252.9,,,0
CDM,32000203,"HC RADIOLOGIC EXAM, SPINE, LUMBOSACRAL; BENDING VIEWS ONLY, 2 OR 3 VIEWS",337.21,337.21,,,0
CDM,32000204,HC X-RAY EXAM SACROILIAC JOINTS <3 VIEWS,210.76,210.76,,,0
CDM,32000205,DEAC 1/1/2022 HC EPIDUROGRAM,115.7,115.7,,,0
CDM,32000206,HC X-RAY EXAM OF FOOT; 2 VIEWS,210.76,210.76,,,0
CDM,32000207,"HC RAD EXM, UGI, W/SCOUT ABD RAD(S) & DELAY IMG(S); WHEN PERF; SNGL STDY",969.47,969.47,,,0
CDM,32000208,"HC RAD EXM, UGI, W/SCOUT ABD RAD(S) & DELAY IMG(S); WHEN PERF; DBL STDY",1095.92,1095.92,,,0
CDM,32000209,HC UGI W AIR & BARIUM W SB,1336.53,1336.53,,,0
CDM,32000210,HC CHOLANGIOGRAM ADDTL INTRAOP,394.6,394.6,,,0
CDM,32000211,HC ENDO CATH - BIL & PANCR D,124.33,124.33,,,0
CDM,32000213,HC IR ABD ANEURYSM REPAIR,102.78,102.78,,,0
CDM,32000214,HC ILIAC ANEURYSM ENDOVAS RPR,102.78,102.78,,,0
CDM,32000215,HC NOSE TO RECTUM FOR FB CHILD,210.76,210.76,,,0
CDM,32000216,HC X-RAY EXAM OF MASTOIDS <3 VIEWS,295.05,295.05,,,0
CDM,32000217,HC X-RAY SELLA TURCICA,252.9,252.9,,,0
CDM,32000219,HC X-RAY SPINE THORACOLUMBAR STANDING,295.95,295.95,,,0
CDM,32000220,"HC CHOLECYSTOGRAPHY, ORAL CONTRAST",632.26,632.26,,,0
CDM,32000221,"HC CHOLECYSTOGRAPHY, ORAL CONTRAST ADDL/2ND PROC",789.2,789.2,,,0
CDM,32000223,"HC UROGRAPHY, INFUSION IVP, DRIP/BOLUS",1011.62,1011.62,,,0
CDM,32000228,HC X-RAY STRESS VIEW,379.36,379.36,,,0
CDM,32000229,HC INTRALUMINAL DILATION OF STRICTURES/OBSTRUCTIONS,124.33,124.33,,,0
CDM,32000235,HC X-RAY OF MAMMARY DUCTS,632.26,632.26,,,0
CDM,32000240,"HC XRAY EXAM, ENTIRE SPINE AP & LAT",887.85,887.85,,,0
CDM,32000251,HC CINE/ VIDEO X-RAYS ADD-ON,124.33,124.33,,,0
CDM,32000252,HC JOINT SURVEY SINGLE VIEW 2+ JOINTS,252.9,252.9,,,0
CDM,32000254,HC VESSEL MAP FOR HEMODIALYSIS ACCESS,1616.68,1616.68,,,0
CDM,32000255,HC LYMPHANGIOGRAM PELVIC/ABD; BILAT,124.33,124.33,,,0
CDM,32000256,HC ILIAC ANEURYSM ENDOVAS RPR,102.78,102.78,,,0
CDM,32000257,HC ART OCCLUSIVE DEVICE PLCMT,124.33,124.33,,,0
CDM,32000258,HC VERTEBRAL FRACTURE ASSESSMENT VIA DXA,295.05,295.05,,,0
CDM,32000262,"HC X-RAY EXAM ENTIRE SPINE, 1 VW",295.05,295.05,,,0
CDM,32000263,"HC X-RAY EXAM ENTIRE SPINE,  2/3 VW",547.96,547.96,,,0
CDM,32000264,"HC X-RAY EXAM ENTIRE SPINE,  4/5 VW",590.11,590.11,,,0
CDM,32000265,"HC X-RAY EXAM ENTIRE SPINE,  6/> VW",716.56,716.56,,,0
CDM,32000266,"HC X-RAY EXAM HIP UNIL, W/PELVIS WHEN PERFORMED,  1 VW",252.9,252.9,,,0
CDM,32000267,"HC X-RAY EXAM HIP UNIL, W/PELVIS WHEN PERFORMED, 2-3 VW",337.21,337.21,,,0
CDM,32000268,"HC X-RAY EXAM HIP UNIL, W/PELVIS WHEN PERFORMED, 4/> VW",421.5,421.5,,,0
CDM,32000269,"HC X-RAY EXAM HIPS BIL, W/PELVIS WHEN PERFORMED, 2 VW",337.21,337.21,,,0
CDM,32000270,"HC X-RAY EXAM HIPS BIL, W/PELVIS WHEN PERFORMED, 3-4 VW",379.36,379.36,,,0
CDM,32000271,"HC X-RAY EXAM HIPS BIL, W/PELVIS WHEN PERFORMED, 5/> VW",463.66,463.66,,,0
CDM,32000272,"HC X-RAY EXAM OF FEMUR,  1 VIEW",210.76,210.76,,,0
CDM,32000273,"HC X-RAY EXAM OF FEMUR,  2/> VIEWS",252.9,252.9,,,0
CDM,32000275,"HC CINE/VIDEORADIOGRAPHY, EXCEPT WHERE SPECIF INCL",758.71,758.71,,,0
CDM,32000276,"HC DXA BONE DENSITY STDY, 1+ SITES; AXIAL SKEL, INCL VERTEB FRACTURE ASSESS",463.66,463.66,,,0
CDM,32000278,HC X-RAY EXAM ABDOMEN 1 VIEW,168.6,168.6,,,0
CDM,32000279,HC X-RAY EXAM ABDOMEN 2 VIEWS,252.9,252.9,,,0
CDM,32000280,HC X-RAY EXAM ABDOMEN 3 OR MORE VIEWS,295.05,295.05,,,0
CDM,32000281,HC RADIOLOGIC SMALL INTESTINE FOLLOW-THROUGH STUDY,547.96,547.96,,,0
CDM,32000282,"HC DUPLEX SCAN ARTERIAL INFLOW & VENOUS OUTFLOW, PREOP, COMPLT BIL STUDY",2697.64,2697.64,,,0
CDM,32000283,"HC DUPLEX SCAN ARTERIAL INFLOW & VENOUS OUTFLOW, PREOP, COMPLT UNI STUDY",1559.57,1559.57,,,0
CDM,32200001,"HC RAD EXAM SHOULDER, ARTHROGRAPHY",887.85,887.85,,,0
CDM,32200002,"HC RAD EXAM ELBOW, ARTHROGRAPHY",887.85,887.85,,,0
CDM,32200003,HC RAD EXAM WRIST ARTHROGRAPHY,887.85,887.85,,,0
CDM,32200004,HC RAD EXAM HIP ARTHROGRAPHY,887.85,887.85,,,0
CDM,32200005,HC RAD EXAM KNEE ARTHROGRAPHY,887.85,887.85,,,0
CDM,32200006,HC RAD EXAM ANKLE ARTHROGRAPHY,124.33,124.33,,,0
CDM,32300001,HC AORTOGRAPHY THORACIC BY SERIALOGRAPHY,124.33,124.33,,,0
CDM,32300002,HC AORTOGRAPHY ABDOMINAL BY SERIALOGRAPHY,124.33,124.33,,,0
CDM,32300003,HC AORTOGRAM ABDOMINAL W/ BILATERAL RUNOFF,124.33,124.33,,,0
CDM,32300012,HC ANGIOGRAPHY SPINAL SELECTIVE,124.33,124.33,,,0
CDM,32300013,HC ANGIOGRAPHY EXT UNILATERAL S & I,124.33,124.33,,,0
CDM,32300014,HC ANGIOGRAPHY EXT BILATERAL S & I,124.33,124.33,,,0
CDM,32300015,HC ANGIOGRAPHY VISCERAL SELECT/SUPRASELECT,124.33,124.33,,,0
CDM,32300016,HC ANGIOGRAPHY ADRENAL UNILATERAL SELECTIVE,124.33,124.33,,,0
CDM,32300017,HC ANGIOGRAPHY ADRENAL BILATERAL SELECTIVE,124.33,124.33,,,0
CDM,32300018,HC ANGIOGRAPHY PELVIC SELECT/SUPRASELECT,124.33,124.33,,,0
CDM,32300019,HC ANGIOGRAPHY PULMONARY UNILAT SELECTIVE,124.33,124.33,,,0
CDM,32300020,HC ANGIOGRAPHY PULMONARY BILAT  SELECTIVE,124.33,124.33,,,0
CDM,32300022,HC ANGIOGRAPHY INTERNAL MAMMARY S & I,124.33,124.33,,,0
CDM,32300023,HC ANGIOGRAPHY SELECTIVE EA ADDTL VESSEL,124.33,124.33,,,0
CDM,32300025,HC RETROGRADE BRACHIAL ANGIOGRAM,102.78,102.78,,,0
CDM,32300052,HC AV DIALYSIS SHUNT IMAGING,58.61,58.61,,,0
CDM,32400001,"HC CHEST X-RAY SINGLE VIEW, POSTEROANTERIOR",141.36,141.36,,,0
CDM,32400002,"HC CHEST X-RAY 2 VIEWS, FRONTAL AND LATERAL",176.7,176.7,,,0
CDM,32400003,HC CHEST X-RAY 2 VIEWS W/APICAL LORDOTIC PROJ,212.04,212.04,,,0
CDM,32400004,HC CHEST X-RAY 2 VIEWS W/OBLIQUE PROJECTION,247.38,247.38,,,0
CDM,32400005,HC CHEST X-RAY COMPLETE MIN 4 VIEWS,217.63,217.63,,,0
CDM,32400006,HC CHEST X-RAY MIN 4 VIEWS W/FLUORO,600.78,600.78,,,0
CDM,32400007,HC CHEST X-RAY SPECIAL VIEW(LATERAL DECUBITUS),247.38,247.38,,,0
CDM,32400009,"HC RIBS X-RAY, UNILAT, MIN 3 VIEWS INCL CHEST",252.9,252.9,,,0
CDM,32400010,"HC RIBS X-RAY, BILAT, MIN 4 VIEWS INCL CHEST",379.36,379.36,,,0
CDM,32400011,HC STERNUM X-RAY MIN 2 VIEWS,210.76,210.76,,,0
CDM,32400012,HC STERNOCLAVICULAR JT(S) X-RAY MIN 3 VIEWS,295.05,295.05,,,0
CDM,32400020,HC X-RAY EXAM OF RIBS 2 VIEWS UNILAT,252.9,252.9,,,0
CDM,32400022,HC X-RAY EXAM OF RIBS 3 VIEWS BILAT,295.05,295.05,,,0
CDM,32400024,HC CHEST X-RAY 2 VIEWS FR&LAT W FLUORO,424.08,424.08,,,0
CDM,32400025,HC X-RAY EXAM CHEST 1 VIEW,168.6,168.6,,,0
CDM,32400026,HC X-RAY EXAM CHEST 2 VIEWS,210.76,210.76,,,0
CDM,32400027,HC X-RAY EXAM CHEST 3 VIEWS,252.9,252.9,,,0
CDM,32400028,HC X-RAY EXAM CHEST 4 OR MORE VIEWS,295.05,295.05,,,0
CDM,33100001,"HC CHEMOTHERAPY ADMIN, IM/SQ, NON-HORMONAL",462.38,462.38,,,0
CDM,33100002,"HC CHEMOTHERAPY ADMIN, IM/SQ, HORMONAL",462.38,462.38,,,0
CDM,33100003,"HC CHEMOTHERAPY ADMIN, IVP, SINGLE/INITIAL",660.54,660.54,,,0
CDM,33100004,"HC CHEMOTHERAPY ADMIN, IVP EA ADDL",264.22,264.22,,,0
CDM,33100005,"HC CHEMOTHERAPY ADMIN, CNS W/LP",656.0,656.0,,,0
CDM,33300001,"HC THERA RAD SIMULATE-ADD FIELD SET, SIMPLE",388.01,388.01,,,0
CDM,33300002,"HC THERA RAD SIMULATE-ADD FIELD SET, COMPLX",705.47,705.47,,,0
CDM,33300003,"HC THERA RAD SIMULATE-ADD FIELD SET, 3D",435.04,435.04,,,0
CDM,33300004,HC BASIC RADIATION DOSIMETRY CALCULATION,52.91,52.91,,,0
CDM,33300005,HC INTENSITY MODULATED RADIOTHERAPY PLAN,2498.53,2498.53,,,0
CDM,33300012,HC SPECIAL DOSIMETRY,29.39,29.39,,,0
CDM,33300013,HC TREATMENT DEVICES SIMPLE,88.18,88.18,,,0
CDM,33300014,HC TREATMENT DEVICES INTERMEDIATE,117.58,117.58,,,0
CDM,33300015,HC TREATMENT DEVICES COMPLEX,146.97,146.97,,,0
CDM,33300016,HC QUALITY ASSURANCE CHECK FOR RADIATION THERAPY; PER WEEK BY MED TECHNICIAN,123.46,123.46,,,0
CDM,33300017,HC DESIGN MLC DEVICE FOR INTENSITY MOD RAD TX,464.43,464.43,,,0
CDM,33300018,HC SPECIAL MED RADIATION PHYSICS CONSULTATION,188.12,188.12,,,0
CDM,33300024,HC THERAPEUTIC RADIOLOGY PORT FILM(S),17.64,17.64,,,0
CDM,33300026,HC SPECIAL RADIATION TREATMENT,76.43,76.43,,,0
CDM,33300027,HC INFUSION/INSTILLATION RADIOELEMENT SOLUTION,182.25,182.25,,,0
CDM,33300028,HC INTRACAVITARY RAD SOURCE APPLICAT INTERMED,358.61,358.61,,,0
CDM,33300029,HC INTRACAVITARY RAD SOURCE APPLICAT COMPLEX,464.43,464.43,,,0
CDM,33300030,HC INTERSTITIAL RAD SOURCE APPLICATION COMPLEX,470.31,470.31,,,0
CDM,33300034,"HC SUPERVISION, HANDLING, LOADING - RAD SOURCE",70.55,70.55,,,0
CDM,33300050,HC SIMULATION; INTERMEDIATE,611.4,611.4,,,0
CDM,33300052,HC HEMIBODY PARTICLES TOTAL BODY,70.55,70.55,,,0
CDM,33300073,"HC SRS LINEAR BASED, 1 SESSION",1746.03,1746.03,,,0
CDM,33300074,HC SBRT DELIVERY PER FRACTION,2216.34,2216.34,,,0
CDM,33300076,HC GUIDANCE FOR RADIATION TX,117.58,117.58,,,0
CDM,33300077,"HC TELETHERAPY ISODOSE PLAN, COMPLEX",217.52,217.52,,,0
CDM,33300078,"HC BRACHYTHERAPY ISODOSE PLAN, SIMPLE",188.12,188.12,,,0
CDM,33300080,"HC BRACHYTHERAPY ISODOSE PLAN, COMPLEX",329.22,329.22,,,0
CDM,33300081,"HC INTENSITY MODULATED RAD TX DELIVERY (IMRT), SIMPLE",658.44,658.44,,,0
CDM,33300082,"HC INTENSITY MODULATED RAD TX DELIVERY (IMRT), COMPLEX",658.44,658.44,,,0
CDM,33300083,"HC TELETHERAPY ISODOSE PLAN, SIMPLE",117.58,117.58,,,0
CDM,33300084,"HC RADIATION TREATMENT DELIVERY, =>1 MEV; SIMPLE",264.55,264.55,,,0
CDM,33300085,"HC RADIATION TREATMENT DELIVERY, =>1 MEV; INTERMEDIATE",423.28,423.28,,,0
CDM,33300086,"HC RADIATION TREATMENT DELIVERY,=>1 MEV; COMPLEX",452.67,452.67,,,0
CDM,33300087,"HC HDR RDNCL INTERSTITIAL/INTRACAV BRCHTX, 1 CHANNEL",270.43,270.43,,,0
CDM,33300088,"HC HDR RDNCL INTERSTITIAL/INTRACAV BRCHTX, 2-12 CHANNELS",529.1,529.1,,,0
CDM,33300089,"HC HDR RDNCL INTERSTITIAL/INTRACAV BRCHTX, OVER 12 CHANNELS",864.2,864.2,,,0
CDM,33300092,"HC TRNSPERNEAL PLCMNT BDGRDABL MATRL, PERI-PROSTATIC,  1+  INJ, W/IMAG",129.34,129.34,,,0
CDM,33300098,HC RESPIRATORY MOTION MGMT SIMULATION,593.77,593.77,,,0
CDM,33500001,"HC CHEMOTHERAPY IV INFUSION, 1ST HR",1188.97,1188.97,,,0
CDM,33500002,"HC CHEMOTHERAPY IV INFUSION, EA ADDL HR",264.22,264.22,,,0
CDM,33500003,"HC CHEMOTHERAPY IV INFUSION, EA ADDL SEQ",66.05,66.05,,,0
CDM,33500005,HC CHEMO PROLONG 8+ HRS INFUSE W/PUMP,1188.97,1188.97,,,0
CDM,34100004,HC THYROID CARCINOMA METAST IMAG WHOLE BODY,1262.16,1262.16,,,0
CDM,34100005,HC PARATHYROID IMAGING,1214.25,1214.25,,,0
CDM,34100006,HC ADRENAL IMAGING CORTEX AND/OR MEDULLA,1901.23,1901.23,,,0
CDM,34100009,HC LYMPHATICS AND LYMPH NODE IMAGING,1389.99,1389.99,,,0
CDM,34100010,HC LIVER IMAGING W VASCULAR FLOW,830.83,830.83,,,0
CDM,34100011,HC LIVER IMAGING (SPECT),899.08,899.08,,,0
CDM,34100012,HC LIVER IMAGING (SPECT) W/VASCULAR FLOW,1486.94,1486.94,,,0
CDM,34100013,HC HEPATOBILIARY SYSTEM IMAG INC GALLBLADDER,1374.02,1374.02,,,0
CDM,34100014,HC GASTROESOPHAGEAL REFLUX SCAN,974.58,974.58,,,0
CDM,34100015,"HC GASTRIC EMPTYING STUDY, SOLID",1075.99,1075.99,,,0
CDM,34100018,HC ACUTE GASTROINTESTINAL BLOOD LOSS IMAGING,1405.96,1405.96,,,0
CDM,34100019,HC INTESTINE IMAGING E.G. MECKEL'S LOCALIZATION,1389.99,1389.99,,,0
CDM,34100020,HC PERITONEAL-VENOUS SHUNT PATENCY TEST,990.57,990.57,,,0
CDM,34100021,"HC BONE AND/OR JOINT IMAGING, LIMITED AREA",702.98,702.98,,,0
CDM,34100022,"HC BONE AND/OR JOINT IMAGING, WHOLE BODY",974.58,974.58,,,0
CDM,34100023,"HC BONE AND/OR JOINT IMAGING , 3 PHASE STUDY",1389.99,1389.99,,,0
CDM,34100026,HC MYOCARD PERF IMAG SPECT SGL AT REST/STRESS,1278.16,1278.16,,,0
CDM,34100027,HC MYOCARD PERF IMAG SPECT MULTI  REST/STRESS,1837.33,1837.33,,,0
CDM,34100028,HC MYOCARD PERF IMAG PLANAR SGL REST/STRESS,1182.28,1182.28,,,0
CDM,34100029,HC CARDO BLD POOL IMAG PLANAR SNG REST/STRESS,846.76,846.76,,,0
CDM,34100030,HC PULMONARY VENTILATION IMAG (AEROSOL/GAS),750.89,750.89,,,0
CDM,34100031,HC PULMONARY PERFUSION IMAGING PARTICULATE,942.63,942.63,,,0
CDM,34100032,HC PULMONARY VENTILATION & PERFUSION IMAGING,1310.08,1310.08,,,0
CDM,34100033,HC BRAIN IMAGING TOMOGRAPHIC (SPECT),1486.94,1486.94,,,0
CDM,34100034,HC BRAIN IMAGING VASCULAR FLOW ONLY,750.89,750.89,,,0
CDM,34100035,HC CEREBROSPINAL FLUID FLOW IMG CISTERNOGRAM,1421.94,1421.94,,,0
CDM,34100036,HC CEREBROSPINAL FLUID FLOW IMG SHUNT EVAL,1389.99,1389.99,,,0
CDM,34100037,HC CEREBROSPINAL FLUID LEAKAGE IMAGING,1405.96,1405.96,,,0
CDM,34100038,HC KIDNEY IMAGING W/VASC FLOW & FUNCTION,862.73,862.73,,,0
CDM,34100039,HC KIDNEY IMAGING W/VASC FLOW & FUNC W/DRUG,543.22,543.22,,,0
CDM,34100040,HC KIDNEY IMAGING TOMOGRAPHIC (SPECT),864.5,864.5,,,0
CDM,34100041,HC KIDNEY STUDY NON-IMAGING RADIOISOTOPIC,415.37,415.37,,,0
CDM,34100042,HC URETER REFLUX STUDY RADIOPHARM CYSTOGRAM,894.72,894.72,,,0
CDM,34100043,HC UNLISTED GU PROCEDURE DIAGNOSTIC NM,1389.99,1389.99,,,0
CDM,34100044,"HC RADIOPHARM LOCAL TUMOR; PLANAR, SINGLE AREA, SINGLE DAY IMG",1038.5,1038.5,,,0
CDM,34100045,"HC RADIOPHARM LOCAL TUMOR ; PLANAR, WHOLE BODY, SINGLE DAY IMG",1310.08,1310.08,,,0
CDM,34100046,"HC RADIOPHARM LOCAL TUMOR,  SPECT; SINGLE AREA , SINGLE DAY IMG",1342.07,1342.07,,,0
CDM,34100047,"HC RADIOPHARM LOCALIZE ABSCESS, WHOLE BODY",1469.65,1469.65,,,0
CDM,34100063,HC LIVER & SPLEEN; STATIC ONLY,798.84,798.84,,,0
CDM,34100064,HC LIVER & SPLEEN; W VASC FLOW,463.33,463.33,,,0
CDM,34100065,HC HEPATOBIL SYST IMAGE W/DRUG,1885.26,1885.26,,,0
CDM,34100066,HC ESOPHAGEAL MOTILITY,878.72,878.72,,,0
CDM,34100068,HC BONE/JOINT; MULTI AREAS,894.72,894.72,,,0
CDM,34100070,HC BONE/JOINT; SPECT (3D),830.83,830.83,,,0
CDM,34100073,HC BRAIN IMAGE W/FLOW 4 + VIEWS,1389.99,1389.99,,,0
CDM,34100074,HC TESTICULAR IMAGING W/FLOW,830.83,830.83,,,0
CDM,34100075,"HC TUMOR LOCAL; PLANAR, 2 + AREAS, 1+ DAYS IMG/SNGL AREA IMG 2+ DAYS",1134.33,1134.33,,,0
CDM,34100077,"HC Radiopharmaceutical Localization, Tomographic (SPECT)",1469.65,1469.65,,,0
CDM,34100080,HC SALIVARY GLAND; W SERIAL IMAGES,479.31,479.31,,,0
CDM,34100085,HC LUNG PERFUSION DIFFERENTIAL,782.84,782.84,,,0
CDM,34100090,HC KIDNEY IMAGING WITH FLOW,878.72,878.72,,,0
CDM,34100095,HC BONE MARROW IMAGING; MULTIPLE AREAS,862.73,862.73,,,0
CDM,34100115,HC LUNG PERFUSION & VENTILATION DIFFERENTIAL,1230.2,1230.2,,,0
CDM,34100120,HC KIDNEY IMAGING MORPHOLOGY,702.98,702.98,,,0
CDM,34100125,HC KIDNEY FLOW/FUNCT IMAGE-MULT W & W/O PHARM INTERV,1389.99,1389.99,,,0
CDM,34100130,HC TUMOR IMAGING WHOLE BODY 2+ DAYS,2396.52,2396.52,,,0
CDM,34100135,HC LOCALIZATION OF INFLAMMATORY PROCESS; LIMIT AREA,743.47,743.47,,,0
CDM,34100136,HC BONE MARROW IMAGING; WHOLE BODY,974.58,974.58,,,0
CDM,34100140,HC THYROID UPTAKE MEASUREMENT,335.52,335.52,,,0
CDM,34100141,HC THYROID IMAGING W/BLOOD FLOW,798.84,798.84,,,0
CDM,34100142,HC THYROID IMAGING W/BLOOD FLOW & 1+ UPTAKES,1006.54,1006.54,,,0
CDM,34100150,HC HT MUSC IMAGE PLANAR MULT,1725.5,1725.5,,,0
CDM,34100151,HC MI PLANAR; SPECT (3D),846.76,846.76,,,0
CDM,34100152,HC BM IMAGING; LIMITED,671.04,671.04,,,0
CDM,34100153,HC SALIVARY GLAND IMAGE;,702.98,702.98,,,0
CDM,34100154,HC SALIVARY GLAND FUNCTION,367.48,367.48,,,0
CDM,34100155,HC BRAIN IMAGE 4+ VIEWS,814.82,814.82,,,0
CDM,34100157,"HC RADIOPHARM LOCALIZE TUMOR, SPECT, W/CT 1 AREA 1 DAY IMAGE",1917.21,1917.21,,,0
CDM,34100158,"HC RADIOPHARM LOCAL TUMOR, SPECT, 2 AREA 1 DAY IMG OR 1 AREA IMG 2+ DAYS",2843.89,2843.89,,,0
CDM,34100159,"HC RADIOPHARM LOCAL TUMOR, SPECT, MIN 2 AREA 1 DAY IMG /1 AREA OR IMG 2+ DAYS",3754.55,3754.55,,,0
CDM,34100160,"HC RADIOPHARMACEUTICAL QUANTIFICATION MEASUREMENT(S), 1 AREA",367.48,367.48,,,0
CDM,34100200,HC GASTRIC EMPTYING STUDY - LIQUID,707.08,707.08,,,0
CDM,34100201,"HC MRA WO CONTRAST, PELVIS",2032.22,2032.22,,,0
CDM,34100203,HC PARATHYRD PLANAR W/SPECT&CT,1565.72,1565.72,,,0
CDM,34100205,"HC GASTRIC EMPTYING IMAGING STUDY  (SOLID, LIQUID OR BOTH)",1389.99,1389.99,,,0
CDM,34100206,HC GASTRIC EMPTYING IMAGING STUDY; W/SMALL BOWEL TRANSIT,1629.64,1629.64,,,0
CDM,34100207,"HC GASTRIC EMPTYING IMAG STUDY W/SMALL BOWEL & COLON TRANSIT, MULT DAY",1965.17,1965.17,,,0
CDM,34200001,"HC RADIOPHARM THERAPY, BY ORAL ADMINISTRATION",223.68,223.68,,,0
CDM,34200002,"HC RADIOPHARM THERAPY, BY IV ADMINISTRATION",223.68,223.68,,,0
CDM,34200050,HC INTERST COLLOID RPHARM RX,124.33,124.33,,,0
CDM,35000001,HC CT SOFT TISSUE NECK W/O CONTRAST,222.17,222.17,,,0
CDM,35000002,HC CT SOFT TISSUE NECK W/CONTRAST,290.05,290.05,,,0
CDM,35000003,HC CT SOFT TISSUE NECK W/O & W/CONTRAST,357.94,357.94,,,0
CDM,35000004,HC CT ANGIO NECK W/CONTRAST MATERIAL(S),351.76,351.76,,,0
CDM,35000005,HC CT HEART W/O CONTRAST W/CALCIUM QUANT,123.43,123.43,,,0
CDM,35000006,HC CT HEART W/CONTRAST INC W/3 D POSTPROC,339.42,339.42,,,0
CDM,35000007,HC CT HEART W/CON FOR CONGENTIAL HEART DIS,456.68,456.68,,,0
CDM,35000008,HC CTA HEART W/CON W/3D IMAGE POSTPROCESS,524.56,524.56,,,0
CDM,35000009,HC 3D RENDERING W/O POSTPROCESS,84.3,84.3,,,0
CDM,35000010,HC 3D RENDERING W POSTPROCESS,210.76,210.76,,,0
CDM,35000011,HC CT LIMITED OR LOCALIZED FOLLOW-UP STUDY,166.63,166.63,,,0
CDM,35000012,HC UNLISTED CT PROCEDURE,246.85,246.85,,,0
CDM,35000013,HC CT SCAN FOR NEEDLE BIOPSY,124.33,124.33,,,0
CDM,35000014,HC CT GUIDANCE TISSUE ABLATION,124.33,124.33,,,0
CDM,35000015,HC CT GUIDANCE PLCMNT RAD THERAPY FIELDS,117.58,117.58,,,0
CDM,35100001,"HC CT HEAD OR BRAIN, W/O CONTRAST",129.6,129.6,,,0
CDM,35100002,"HC CT HEAD OR BRAIN, W CONTRAST",185.14,185.14,,,0
CDM,35100003,"HC CT HEAD OR BRAIN, W & W/O CONTRAST",222.17,222.17,,,0
CDM,35100004,"HC CT ORBIT, SELLA, POSTERIOR FOSSA W/O CONTRAST",290.05,290.05,,,0
CDM,35100005,"HC CT ORBIT, SELLA, POSTERIOR FOSSA W CONTRAST",357.94,357.94,,,0
CDM,35100006,"HC CT ORBIT, SELLA, P. FOSSA W/O & W CONTRAST",394.97,394.97,,,0
CDM,35100007,HC CT MAXILLOFACIAL W/O CONTRAST,166.63,166.63,,,0
CDM,35100008,HC CT MAXILLOFACIAL W/CONTRAST,191.31,191.31,,,0
CDM,35100009,HC CT MAXILLOFACIAL W/O & W/CONTRAST,246.85,246.85,,,0
CDM,35100010,HC CT ANGIO HEAD W/CONTRAST MATERIAL(S),357.94,357.94,,,0
CDM,35200001,HC DX CT THORAX W/O CONTRAST,222.17,222.17,,,0
CDM,35200002,HC DX CT THORAX W CONTRAST,290.05,290.05,,,0
CDM,35200003,HC DX CT THORAX W & W/O CONTRAST,357.94,357.94,,,0
CDM,35200004,HC CTA CHEST W CONTRAST,364.12,364.12,,,0
CDM,35200005,"HC CT CERVICAL SPINE, W/O CONTRAST",228.34,228.34,,,0
CDM,35200006,"HC CT CERVICAL SPINE, W CONTRAST",290.05,290.05,,,0
CDM,35200007,"HC CT CERVICAL SPINE, W & W/O CONTRAST",357.94,357.94,,,0
CDM,35200008,"HC CT  THORACIC SPINE, W/O CONTRAST",222.17,222.17,,,0
CDM,35200009,"HC CT THORACIC SPINE, W CONTRAST",290.05,290.05,,,0
CDM,35200010,"HC CT THORACIC SPINE, W & W/O CONTRAST",357.94,357.94,,,0
CDM,35200011,"HC CT LUMBAR SPINE, W/O CONTRAST",222.17,222.17,,,0
CDM,35200012,"HC CT  LUMBAR SPINE, W CONTRAST",290.05,290.05,,,0
CDM,35200013,"HC CT LUMBAR SPINE, W & W/O CONTRAST",357.94,357.94,,,0
CDM,35200014,HC CTA PELVIS W & W/O CONTRAST,370.29,370.29,,,0
CDM,35200015,HC CT PELVIS W/O CONTRAST,160.46,160.46,,,0
CDM,35200016,HC CT PELVIS W CONTRAST,290.05,290.05,,,0
CDM,35200017,HC CT PELVIS W & W/O CONTRAST,345.59,345.59,,,0
CDM,35200019,HC CT UPPER EXT W/O CONTRAST,222.17,222.17,,,0
CDM,35200020,HC CT UPPER EXT W CONTRAST,283.88,283.88,,,0
CDM,35200021,HC CTA UPPER EXT W & W/O CONTRAST,413.48,413.48,,,0
CDM,35200022,HC CT LOWER EXT W/O CONTRAST,222.17,222.17,,,0
CDM,35200023,HC CT LOWER EXT W CONTRAST,290.05,290.05,,,0
CDM,35200024,HC CT LOWER EXT W & W/O CONTRAST,370.29,370.29,,,0
CDM,35200025,HC CTA LOWER EXT W/O & W CONTRAST,450.51,450.51,,,0
CDM,35200026,HC CT ABDOMEN W/O CONTRAST,154.29,154.29,,,0
CDM,35200027,HC CT ABDOMEN W CONTRAST,290.05,290.05,,,0
CDM,35200028,HC CT ABDOMEN W & W/O CONTRAST,333.25,333.25,,,0
CDM,35200029,HC CTA ABDOMEN W/O AND W CONTRAST,376.46,376.46,,,0
CDM,35200030,HC CT ABDOMEN AND PELVIS W/O CONTRAST,197.49,197.49,,,0
CDM,35200031,HC CT ABDOMEN AND PELVIS W CONTRAST,382.63,382.63,,,0
CDM,35200032,HC CT ABDOMEN AND PELVIS W & W/O CONTRAST,438.17,438.17,,,0
CDM,35200033,"HC CT COLONOGRAPHY, DX W/2D, 3D W/O CON",635.65,635.65,,,0
CDM,35200034,"HC CT COLONOGRAPHY, DX W/2D, 3D W/CONTRAST",728.22,728.22,,,0
CDM,35200035,"HC CT COLONOGRAPHY, SCREENING W/2D, 3D",1110.85,1110.85,,,0
CDM,35200040,HC CT ANGIO ABDOMINAL ARTERIES,456.68,456.68,,,0
CDM,35200041,HC CT UPR EXTREMITY W/WO CONTRAST,376.46,376.46,,,0
CDM,35200050,HC CT ANGIO ABD&PELV W/O&W/DYE,481.37,481.37,,,0
CDM,35200051,"HC CT THORAX, LOW DOSE LUNG CANCER SCREENING, W/O CONTRAST",222.17,222.17,,,0
CDM,36000001,HC OR PROCEDURE PRICE PER MINUTE,48.55,48.55,,,0
CDM,36000010,HC SDS - MINOR < 2 HOURS,640.12,640.12,,,0
CDM,36000011,HC SDS - MODERATE > 2 HRS AND <= 4 HRS,1226.45,1226.45,,,0
CDM,36000012,HC SDS - MAJOR > 4 HOURS,2127.87,2127.87,,,0
CDM,36000013,HC SDS - MAJOR DIAG. PROCEDURE > 6 HOURS,2066.65,2066.65,,,0
CDM,36100001,Operating Room Clinical Minutes,48.03,48.03,,,0
CDM,36100002,HC IRC SURGICAL PRICE PER MINUTE,124.33,124.33,,,0
CDM,36100004,DEAC 7/1/2017 HC RADIOLOGY SURGICAL COMPONENT,1.0,1.0,,,0
CDM,36100006,"DEAC 7/1/2017 HC BREAST DEVICE LOC OR BX, STEREOTACTIC GUIDANCE",2367.6,2367.6,,,0
CDM,36100007,"DEAC 7/1/2017 HC BREAST DEVICE LOC, PERCUTANEOUS, MAMMOGRAPHIC GUIDANCE",1479.75,1479.75,,,0
CDM,36100008,"DEAC 7/1/2017 HC BREAST DEVICE LOC OR BX, MAGNETIC RESONANCE GUIDANCE",1858.5,1858.5,,,0
CDM,36100009,"DEAC 7/1/2017 HC BREAST DEVICE LOC OR BX, ULTRASOUND GUIDANCE",1479.75,1479.75,,,0
CDM,36100012,"DEAC 7/1/2017 HC BREAST RAD EXAM, SURGICAL SPECIMEN",295.95,295.95,,,0
CDM,36100106,HC RADIOACTIVE TRACER ID SENTINEL NODE,95.87,95.87,,,0
CDM,36100167,HC ARTERIAL BLOOD SAMPLING VIA PERC PUNCTURE,116.01,116.01,,,0
CDM,36100255,HC REPLACE NON-TUNNELED CV CATH,492.01,492.01,,,0
CDM,37000001,HC ANESTHESIOLOGY PRICE PER MINUTE,8.98,8.98,,,0
CDM,37000012,HC L& D ANESTHESIA FLAT RATE,91.89,91.89,,,0
CDM,38100001,HC RBC DEGLYCEROLIZED EACH UNIT,544.29,544.29,,,0
CDM,38100003,HC RBC LR IRRADIATED EACH UNIT,450.0,450.0,,,0
CDM,38100005,HC RBC IRRADIATED EACH UNIT,355.88,355.88,,,0
CDM,38100006,HC WSH LR FROZ DW WB/RBC EA UNIT,630.0,630.0,,,0
CDM,38100007,HC RBC FROZ LEUK REDUC IRRAD EA UNIT,790.0,790.0,,,0
CDM,38100008,HC CMV-NEG LR IRRAD RBC EA UNIT,512.89,512.89,,,0
CDM,38100201,HC RBC DEGLYCEROLIZED EA UNIT (AUTOLOGOUS/DIRECTED),770.0,770.0,,,0
CDM,38100203,HC RBC LR IRRADIATED EA UNIT (AUTOLOGOUS/DIRECTED),732.7,732.7,,,0
CDM,38100206,"HC RBC, DEGLYCER, LEUKOREDUCED (AUTOLOGOUS/DIRECTED)",921.12,921.12,,,0
CDM,38100207,HC RBC FROZ LEUK REDUC IRRAD EA UNIT (AUTOLOGOUS/DIRECTED),790.0,790.0,,,0
CDM,38120004,HC WASHED RED BLOOD CELLS EA UNIT,320.0,320.0,,,0
CDM,38120005,HC WASHED RED BLOOD CELLS EA UNIT (AUTOLOGOUS/DIRECTED),570.0,570.0,,,0
CDM,38200002,HC WHOLE BLD FOR TRANSFUSION/UNIT,270.0,270.0,,,0
CDM,38200003,HC WHOLE BLD FOR TRANSFUSION/UNIT (AUTOLOGOUS/DIRECTED),544.29,544.29,,,0
CDM,38200004,HC LR IRRAD WHOLE BLD EA UNIT,565.23,565.23,,,0
CDM,38200204,"HC WHOLE BLOOD, IRRADIATED, LEUKOREDUCED (AUTOLOGOUS/DIRECTED)",826.9,826.9,,,0
CDM,38300002,HC FFP 8-24 HRS OF COLLECT EA UNIT,83.74,83.74,,,0
CDM,38300003,HC DETERGENT TX FROZEN PLASMA EA UNIT,120.0,120.0,,,0
CDM,38400001,HC PLATELETS PHERESIS EACH UNIT,920.0,920.0,,,0
CDM,38400002,HC PLATELETS PHERESIS LR EA UNIT,1046.72,1046.72,,,0
CDM,38400003,HC PLATELETS PHERESIS LR IRRAD EA UNIT,1160.0,1160.0,,,0
CDM,38400006,HC IRRADIATED PLATELETS EA UNIT,130.0,130.0,,,0
CDM,38400007,HC LEUKOREDUCED IRRAD PLATELETS EA UNIT,146.54,146.54,,,0
CDM,38400008,HC PLTLT HLA-LR EA UNIT,1250.0,1250.0,,,0
CDM,38400009,HC CMV-N LR IR PLTLT EA UNIT,1256.06,1256.06,,,0
CDM,38400010,HC LR CMV-NEG PLATELETS EA UNIT,1040.0,1040.0,,,0
CDM,38400012,HC LEUKO REDUCED PLATELETS EA UNIT,125.61,125.61,,,0
CDM,38460001,HC PRT PLATELETS,732.7,732.7,,,0
CDM,38600001,HC GRANULOCYTES PHERESIS UNIT,1256.06,1256.06,,,0
CDM,39000001,HC COMPATIBILITY TEST SPIN,16.75,16.75,,,0
CDM,39000003,HC BLOOD SPLIT UNIT,230.28,230.28,,,0
CDM,39000004,HC CRYOPRECIPITATE EA UNIT,70.0,70.0,,,0
CDM,39000005,HC LEUKOCYTE POOR BLOOD EA UNIT,290.0,290.0,,,0
CDM,39000006,HC PLASMA 1 DONOR FRZ W/IN 8 HR,83.74,83.74,,,0
CDM,39000007,HC RED BLOOD CELLS EA UNIT,180.0,180.0,,,0
CDM,39000008,HC CMV-N LR WB/RBC EA UNIT,345.42,345.42,,,0
CDM,39000009,"HC PLASMA, CRYOPRECIPITATE REDUCED, EA UNIT",100.0,100.0,,,0
CDM,39000010,"HC PLATELETS, EACH UNIT",115.14,115.14,,,0
CDM,39000011,HC PLATELET PHERESIS IRRAD EA UNIT,1130.45,1130.45,,,0
CDM,39000012,HC RBC IRRADIATED EACH UNIT,340.0,340.0,,,0
CDM,39000013,"HC RBC LR,CMV NEG, IRR A/D",753.64,753.64,,,0
CDM,39000205,HC LEUKOCYTE POOR BLOOD EA UNIT (AUTOLOGOUS/DIRECTED),565.23,565.23,,,0
CDM,39000206,HC FFP (FROZ WITH 8 HRS) (AUTOLOGOUS/DIRECTED),345.42,345.42,,,0
CDM,39000207,HC RED BLOOD CELLS EA UNIT (AUTOLOGOUS/DIRECTED),430.0,430.0,,,0
CDM,39000212,"HC RBC, IRRADIATED  (AUTOLOGOUS/DIRECTED)",340.0,340.0,,,0
CDM,39000213,HC CMV-N LR WB/RBC AUT/DIR,607.1,607.1,,,0
CDM,39000216,"HC FFP HIGH TITER COVID-19 CONVALESCENT, FROZEN - 8 HR COLLECT, EA UNIT (439)",919.02,919.02,,,0
CDM,39100001,HC TRANSFUSION BLOOD OR BLOOD COMPONENTS,330.27,330.27,,,0
CDM,40100001,"HC DIAGNOSTIC MAMMOGRAPHY, DIR DIGITAL, BILAT",264.67,264.67,,,0
CDM,40100002,"HC DIAGNOSTIC MAMMOGRAPHY, DIR DIGITAL, UNILAT",189.05,189.05,,,0
CDM,40100003,"HC DIAG MAMMO, INCL CAD WHEN PERFORMED, BIL",1201.56,1201.56,,,0
CDM,40100004,"HC DIAG  MAMMO, INCL CAD WHEN PERFORMED, UNIL",918.84,918.84,,,0
CDM,40100010,HC COMPUTER DX MAMMOGRAM ADD-ON,37.81,37.81,,,0
CDM,40100011,HC MAMMOGRAM ONE BREAST,189.05,189.05,,,0
CDM,40100012,HC MAMMOGRAPHY BILATERAL,264.67,264.67,,,0
CDM,40100014,HC DIGITAL BREAST TOMOSYNTHESIS; UNILATERAL,295.05,295.05,,,0
CDM,40100015,HC DIGITAL BREAST TOMOSYNTHESIS; BILATERAL,295.05,295.05,,,0
CDM,40100016,HC DX MAMMO INCL CAD; UNILAT,1095.92,1095.92,,,0
CDM,40100017,HC DX MAMMO INCL CAD; BILAT,1433.12,1433.12,,,0
CDM,40100018,"HC DIAGNOSTIC DIGITAL BREAST TOMOGRAPHY, UNILATERAL OR BILATERAL",295.05,295.05,,,0
CDM,40200001,HC ECHOENCEPHALOGRAPHY OF NEONATAL,1011.62,1011.62,,,0
CDM,40200002,"HC ULTRASOUND, SOFT TISSUES HEAD & NECK",1053.76,1053.76,,,0
CDM,40200003,HC ULTRASOUND CHEST INCLS MEDIASTINUM,716.56,716.56,,,0
CDM,40200005,HC ULTRASOUND ABDOMEN COMPLETE,969.47,969.47,,,0
CDM,40200006,"HC ULTRASOUND ABDOMEN LIMITED - 1 ORGAN, QUAD",758.71,758.71,,,0
CDM,40200007,HC ULTRASOUND RETROPERITONEAL COMPLETE,927.31,927.31,,,0
CDM,40200008,HC ULTRASOUND RETROPERITONEAL LIMITED,337.21,337.21,,,0
CDM,40200009,HC ULTRASOUND TRANSPLANTED KIDNEY W/DOPPLER,1433.12,1433.12,,,0
CDM,40200010,HC ULTRASOUND SPINAL CANAL AND CONTENTS,969.47,969.47,,,0
CDM,40200011,"HC US, SINGLE FETUS < 14 WKS, TRANSABD APPRCH",885.16,885.16,,,0
CDM,40200012,"HC US, FETUS < 14 WKS, EACH ADDTL FETUS",252.9,252.9,,,0
CDM,40200013,"HC US, SINGLE FETUS > = 14 WKS, TRANSABD APPRCH",847.79,847.79,,,0
CDM,40200014,"HC US, FETUS > = 14 WKS, EACH ADDTL FETUS",505.81,505.81,,,0
CDM,40200015,"HC US, DETAILED FETAL ANATOMIC EXM, SNGL FETUS",1011.62,1011.62,,,0
CDM,40200016,"HC US, DETAILED FETAL ANATOMIC EXM, ADDL FETUS",1348.82,1348.82,,,0
CDM,40200017,"HC US, NUCHAL TRANSLUCENCY MEASURE, 1 FETUS",716.56,716.56,,,0
CDM,40200018,"HC US NUCHAL TRANSLUCENCY MEASURE,ADDL FETUS",337.21,337.21,,,0
CDM,40200019,HC US LIMITED 1 OR MORE FETUS(S),632.26,632.26,,,0
CDM,40200020,HC US FOLLOW-UP PER FETUS,843.02,843.02,,,0
CDM,40200021,HC US OB TRANSVAGINAL,716.56,716.56,,,0
CDM,40200022,HC FETAL BP PROFILE W/O NON-STRESS TEST,1130.39,1130.39,,,0
CDM,40200023,"HC DOPPLER VELOCIMETRY, FETAL UMB ARTERY",252.9,252.9,,,0
CDM,40200024,"HC DOPPLER VELOCIMETRY, FETAL; MIDDLE CEREBRAL ARTERY",674.41,674.41,,,0
CDM,40200025,HC ECHOCARDIO FETAL CARDIOVASCULAR W/2-D,2318.28,2318.28,,,0
CDM,40200026,HC ECHOCARDIO FETAL CARDIOVASCULAR F/U STUDY,1475.28,1475.28,,,0
CDM,40200027,HC DOPPLER ECHOCARDIOLOGY FETAL COMPLETE,547.96,547.96,,,0
CDM,40200028,HC DOPPLER ECHOCARDIOLOGY FETAL F/U,295.05,295.05,,,0
CDM,40200029,"HC ULTRASOUND TRANSVAGINAL, NON OB",1053.76,1053.76,,,0
CDM,40200030,HC ULTRASOUND PELVIC EXAM COMPLETE NON OB,885.16,885.16,,,0
CDM,40200031,HC ULTRASOUND PELVIC EXAM LIMITED NON OB,295.05,295.05,,,0
CDM,40200032,HC ULTRASOUND SCROTUM AND CONTRASTENTS,421.5,421.5,,,0
CDM,40200033,HC ULTRASOUND TRANSRECTAL,716.56,716.56,,,0
CDM,40200034,"HC US TRANSRECTAL-PROSTATE VOL STUDY, BRACHY",1095.92,1095.92,,,0
CDM,40200035,HC US COMPLETE JOINT,1053.76,1053.76,,,0
CDM,40200036,"HC US LIMITED, JOINT OR FOCAL EVAL OF OTHER NONVASCULAR EXTREMITY STRUCTURE(S)",126.45,126.45,,,0
CDM,40200037,HC US INFANT HIPS; LIMITED/STATIC,927.31,927.31,,,0
CDM,40200038,HC US GUIDANCE PERICARDIOCENTESIS,94.18,94.18,,,0
CDM,40200039,HC US GUIDANCE VASCULAR ACCESS,2959.5,2959.5,,,0
CDM,40200040,HC US GUIDANCE TISSUE ABLATION,124.33,124.33,,,0
CDM,40200041,HC US GUIDED FETAL TRANSFUSION/CORDOCENTESIS,124.33,124.33,,,0
CDM,40200042,HC US GUIDED NEEDLE PLACEMENT,124.33,124.33,,,0
CDM,40200043,HC US GUIDED CHORIONIC VILLUS SAMPLING,124.33,124.33,,,0
CDM,40200044,HC US GUIDED AMNIOCENTESIS,124.33,124.33,,,0
CDM,40200046,HC US GUIDED INTERSTITIAL RADIOELEMENT APPLIC,124.33,124.33,,,0
CDM,40200047,HC US GUIDANCE INTRAOPERATIVE,463.66,463.66,,,0
CDM,40200048,HC UNLISTED ULTRASOUND PROCEDURE,493.25,493.25,,,0
CDM,40200049,HC FETAL BP PROFILE W NON-STRESS TEST,843.02,843.02,,,0
CDM,40200050,HC SALINE INFUSED SONOHYSTEROGRAM,1183.8,1183.8,,,0
CDM,40200051,HC US INFANT HIPS; DYNAMIC,1306.67,1306.67,,,0
CDM,40200053,HC US GUIDED PSA/AVF COMPRESSION REPAIR,124.33,124.33,,,0
CDM,40200055,HC DX OPHTHALMIC US QUAN A-SCAN,590.11,590.11,,,0
CDM,40200056,HC DX OPHTHAL B-SCAN US,463.66,463.66,,,0
CDM,40200057,HC CORNEAL US,42.15,42.15,,,0
CDM,40200058,HC EYE BIOMETRY BY US A-SCAN;,547.96,547.96,,,0
CDM,40200059,HC A-SCAN EYE US W IOL MEASR,632.26,632.26,,,0
CDM,40200061,HC US GUIDE -  ENDOMYOCARDIAL BX,124.33,124.33,,,0
CDM,40200062,"HC ULTRASOUND BREAST UNILAT, COMPLETE",843.02,843.02,,,0
CDM,40200063,"HC ULTRASOUND BREAST UNILAT, LIMITED",632.26,632.26,,,0
CDM,40200064,HC DX OPHTHALMIC US ANT SEGMENT IMMERSION UNIL OR BILAT,716.56,716.56,,,0
CDM,40200068,"HC ULTRASOUND, ELASTOGRAPHY; PARENCHYMA (EG, ORGAN)",758.71,758.71,,,0
CDM,40300001,"HC SCREENING MAMMOGRAPHY, BILAT 2 V EA BREAST",189.05,189.05,,,0
CDM,40300005,HC COMP SCREEN MAMMOGRAM ADD-ON,37.81,37.81,,,0
CDM,40300006,"HC SCREENING MAMMOGRAPHY, DIGITAL, BILATERAL",189.05,189.05,,,0
CDM,40300007,HC SCREENING DIGITAL BREAST TOMOSYNTHESIS; BILATERAL,295.05,295.05,,,0
CDM,40300008,HC SCREEN MAMMO INCL CAD; BILAT,1180.22,1180.22,,,0
CDM,40300009,"HC SCREENING MAMMO, INCL CAD WHEN PERFORMED, BIL",989.52,989.52,,,0
CDM,40400001,"HC MYOCARD PERF IMAG PET, METABOLIC EVAL",11503.31,11503.31,,,0
CDM,40400002,HC MYCARDO IMAG PET PERF MULT REST/STRESS,7189.57,7189.57,,,0
CDM,40400003,"HC BRAIN IMAGING, PET, METABOLIC EVALUATION",5751.65,5751.65,,,0
CDM,40400004,"HC PET IMAGING, WHOLE BODY",7189.57,7189.57,,,0
CDM,40400005,HC PET IMAGING W/CT SKULL BASE TO MID-THIGH,6949.93,6949.93,,,0
CDM,40400006,HC PET IMAGING W/CT WHOLE BODY,7908.54,7908.54,,,0
CDM,40400007,HC PET IMAGE W/CT LMTD AREA,5751.65,5751.65,,,0
CDM,40400016,HC CARD PET PERFUS; SINGLE,3834.43,3834.43,,,0
CDM,40400017,"HC PET IMAGING; LIMITED AREA (EG; CHEST, HEAD/NECK)",4313.73,4313.73,,,0
CDM,40400018,"HC MYOCARDIAL IMG, PET, METABOLIC  EVAL, 1 STUDY CONCURRENT CT",11503.31,11503.31,,,0
CDM,40920000,DEAC 4/1/2020 HC CDSM APPLIED PATHWAYS,0.01,0.01,,,0
CDM,40920001,DEAC 06/11/2024 HC CDSM EVICORE,0.01,0.01,,,0
CDM,40920002,DEAC 06/11/2024 HC CDSM MEDCURRENT,0.01,0.01,,,0
CDM,40920003,DEAC 06/11/2024 HC CDSM MEDICALIS,0.01,0.01,,,0
CDM,40920004,DEAC 06/11/2024 HC CDSM NATIONAL DECISION SUPPORT COMPANY,0.01,0.01,,,0
CDM,40920005,HC DEAC 01/01/2021 CDSM NATIONAL IMAGING ASSOCIATES,0.01,0.01,,,0
CDM,40920006,HC DEAC 01/01/2021  CDSM TEST APPROPRIATE,0.01,0.01,,,0
CDM,40920007,DEAC 06/11/2024 HC CDSM AIM SPECIALTY HEALTH,0.01,0.01,,,0
CDM,40920008,DEAC 06/11/2024 HC CDSM CRANBERRY PEAK,0.01,0.01,,,0
CDM,40920009,DEAC 04/01/2022 HC CDSM SAGE HELATH MANAGEMENT SOLUTIONS,0.01,0.01,,,0
CDM,40920010,DEAC 06/11/2024 HC CDSM STANSON,0.01,0.01,,,0
CDM,40920011,DEAC 06/11/2024 HC CDSM QUALIFIED TOOL NOT OTHERWISE SPECIFIED,0.01,0.01,,,0
CDM,40920012,DEAC 06/11/2024 HC CDSM AGILEMD,0.01,0.01,,,0
CDM,40920013,DEAC 06/11/2024 HC CDSM EVIDENCE CARE,0.01,0.01,,,0
CDM,40920014,DEAC 06/11/2024 HC CDSM INVENI QA,0.01,0.01,,,0
CDM,40920015,DEAC 06/11/2024 HC CDSM RELIANT MEDICAL GROUP,0.01,0.01,,,0
CDM,40920016,DEAC 06/11/2024 HC CDSM SPEED OF CARE,0.01,0.01,,,0
CDM,40920017,DEAC 06/11/2024 HC CDSM HEALTH'S HELP,0.01,0.01,,,0
CDM,40920018,DEAC 06/11/2024 HC CDSM INFINIX,0.01,0.01,,,0
CDM,40920019,DEAC 06/11/2024 HC CDSM LOGICNETS AUC SOLUTION,0.01,0.01,,,0
CDM,41000001,"HC ENDOTRACHEAL, INTUBATION EMERGENCY",96.68,96.68,,,0
CDM,41000002,HC CATHETER ASPIRATION: NASOTRACHEAL,58.0,58.0,,,0
CDM,41000005,HC ARTERIAL PUNCTURE BLOOD FOR DX,58.0,58.0,,,0
CDM,41000007,"DEAC 7/1/2018 HCVENTILATOR MGT, INITIAL DAY < 12 HRS",310.8,310.8,,,0
CDM,41000008,"DEAC 7/1/2018 HCVENTILATOR MGT, INITIAL DAY > 12 HRS",532.8,532.8,,,0
CDM,41000009,"DEAC 7/1/2018 HC VENTILATOR MGT, INITIAL DAY NICU < 12 HRS",461.76,461.76,,,0
CDM,41000010,"DEAC 7/1/2018  HC VENTILATOR MGT, INITIAL DAY NICU > 12 HRS",834.72,834.72,,,0
CDM,41000011,"DEAC 7/1/2018 HC VENTILATOR MGT, SUBSEQ DAY < 12 HRS",277.5,277.5,,,0
CDM,41000012,"DEAC 7/1/2018  HC VENTILATOR MGT, SUBSEQ DAY > 12 HRS",466.2,466.2,,,0
CDM,41000013,"DEAC 7/1/2018 HC VENTILATOR MGT, SUBSEQ DAY NICU < 12 HRS",461.76,461.76,,,0
CDM,41000014,"DEAC 7/1/2018 HC VENTILATOR MGT, SUBSEQ DAY NICU > 12 HRS",834.72,834.72,,,0
CDM,41000017,"DEAC 7/1/2018 HC INHALATION TX, CONT NEB W/BROCH, INITIAL DAY",106.56,106.56,,,0
CDM,41000018,"DEAC 7/1/2018 HC INHALATION TX, CONT NEB W/BROCH, SUBSEQ DAY",33.3,33.3,,,0
CDM,41000019,"DEAC 7/1/2018 HC INHALATION TX, HAND HELD NEB, INITIAL TREATMENT",66.6,66.6,,,0
CDM,41000020,"DEAC 7/1/2018 HC INHALATION TX, HAND HELD NEB, SUBSEQ TREATMENT",33.3,33.3,,,0
CDM,41000023,"DEAC 7/1/2018 HC INHALATION TX, MDI, INITIAL DAY",88.8,88.8,,,0
CDM,41000024,"DEAC 7/1/2018 HC INHALATION TX, MDI, SUBSEQ DAY",55.5,55.5,,,0
CDM,41000026,HC AEROSOL PENTAMIDINE FOR P. CARINII,232.03,232.03,,,0
CDM,41000027,"DEAC 7/1/2018 HC POS AIRWAY PRESSURE CPAP, SUBSEQ DAY < 12 HRS",188.7,188.7,,,0
CDM,41000028,"DEAC 7/1/2018 HC POS AIRWAY PRESSURE CPAP, INITIAL DAY < 12 HRS",244.2,244.2,,,0
CDM,41000029,"DEAC 7/1/2018 HC POS AIRWAY PRESSURE CPAP, SUBSEQ DAY > 12 HRS",321.9,321.9,,,0
CDM,41000030,"DEAC 7/1/2018 HC POS AIRWAY PRESSURE CPAP, INITIAL DAY > 12 HRS",377.4,377.4,,,0
CDM,41000031,HC EVALUATE PT USE OF INHALER/PER DAY,58.0,58.0,,,0
CDM,41000032,"DEAC 7/1/2018 HC CHEST PT LIMITED, 2 POSITIONS, INITIAL TX",77.7,77.7,,,0
CDM,41000034,"DEAC 7/1/2018 HC CHEST PT LIMITED, 2 POSITIONS, SUBSEQ TX",55.5,55.5,,,0
CDM,41000036,"HC RT COMPREHENSIVE ASSESSMENT - INPATIENT, PER DAY",55.24,55.24,,,0
CDM,41000037,HC MECHANICAL CHEST WALL OSCILLATION,116.01,116.01,,,0
CDM,41000038,HC ECMO/ECLS INITIATION VENOUS - DAILY MGMT,7038.01,7038.01,,,0
CDM,41000039,HC ECMO/ECLS INITIATION ARTERY - DAILY MGMT,7038.01,7038.01,,,0
CDM,41000040,HC ECMO/ECLS DAILY MGMT-VENOUS,5568.53,5568.53,,,0
CDM,41000041,HC ECMO/ECLS DAILY MGMT ARTERY,5568.53,5568.53,,,0
CDM,41000042,"HC VENTILATOR MGT, INITIAL DAY - ADULT",966.76,966.76,,,0
CDM,41000043,"HC VENTILATOR MGT, INITIAL DAY - NICU",1160.12,1160.12,,,0
CDM,41000044,"HC VENTILATOR MGT, SUBSEQ DAY - ADULT",966.76,966.76,,,0
CDM,41000045,"HC VENTILATOR MGT, SUBSEQ DAY - NICU",1160.12,1160.12,,,0
CDM,41000046,HC AIRWAY INHALATION TX - INPATIENT ADMISSION,1856.18,1856.18,,,0
CDM,41000047,HC AIRWAY INHALATION TX - OUTPATIENT ENCOUNTER,154.68,154.68,,,0
CDM,41000048,"HC POS AIRWAY PRESSURE CPAP, PER DAY",464.04,464.04,,,0
CDM,41000049,"HC CHEST PT,  INITIAL TX",116.01,116.01,,,0
CDM,41000050,"HC CHEST PT, SUBSEQ TX",96.68,96.68,,,0
CDM,41000051,HC TRACHEOSTOMY TUBE CHANGE,85.07,85.07,,,0
CDM,41000052,HC CONTINUOUS NEG PRESSURE VENTILATION/PER DAY,464.04,464.04,,,0
CDM,41000053,HC RESPIRATORY FUNCTION THERAPY EA 15 MINS,58.0,58.0,,,0
CDM,41000200,"HC CONTINUOUS INHALATION TX, 1ST HOUR",131.48,131.48,,,0
CDM,41000201,"HC CONTINUOUS INHALATION TX, EA ADD HOUR",108.28,108.28,,,0
CDM,41000202,HC RESPIRATORY MUSCLE THERAPY EA 15 MINS,337.4,337.4,,,0
CDM,41000204,"HC THERAPEUTIC PROCEDURES - RESP FUNCTION/STRENGTH/ENDURANCE, 2+ PATIENTS",337.4,337.4,,,0
CDM,42000001,"HC STRAPPING, UNNA BOOT",93.24,93.24,,,0
CDM,42000002,HC APPLY SURFACE TENS,72.3,72.3,,,0
CDM,42000003,HC MECHANICAL TRACTION THERAPY,39.76,39.76,,,0
CDM,42000004,HC ELECTRICAL STIMULATION EA 15 MINS,39.76,39.76,,,0
CDM,42000005,HC IONTOPHORESIS THERAPY EA 15 MINS,43.17,43.17,,,0
CDM,42000006,HC ULTRASOUND THERAPY EA 15 MINS,39.76,39.76,,,0
CDM,42000007,HC THERAPEUTIC EXERCISES EA 15 MINS,57.57,57.57,,,0
CDM,42000008,HC NEUROMUSCULAR REEDUCATION EA 15 MINS,99.39,99.39,,,0
CDM,42000009,HC GAIT TRAINING THERAPY EA 15 MINS,79.51,79.51,,,0
CDM,42000010,HC MASSAGE THERAPY EA 15 MINS,99.39,99.39,,,0
CDM,42000011,HC MANUAL THERAPY EA 15 MINS,79.51,79.51,,,0
CDM,42000012,HC SELECTIVE DEBRIDEMENT 20 SQ CM OR LESS,316.65,316.65,,,0
CDM,42000013,HC SELECTIVE DEBRIDEMENT EA ADDL SQ CM,159.02,159.02,,,0
CDM,42000014,"HC NEG PRESSURE WOUND TX W/DME, LESS THAN 50 SQ CM",218.66,218.66,,,0
CDM,42000015,"HC NEG PRESSURE WOUND TX W/DME, GREATER THAN 50 SQ CM",238.53,238.53,,,0
CDM,42000017,"HC ORTHOTIC MGMT & TRAINING, INITIAL ENCOUNTER, EA 15 MINS",129.53,129.53,,,0
CDM,42000018,"HC PROSTHETIC TRAINING, INITIAL ENCOUNTER,  EA 15 MINS",139.15,139.15,,,0
CDM,42000019,HC C/O ORTHOTIC/PROSTH USE EA 15 MINS,63.45,63.45,,,0
CDM,42000021,HC ELECTRICAL STIMULATION UA (NON-WOUND),39.76,39.76,,,0
CDM,42000050,HC VASOPNEUMATIC DEVICE THERAPY,39.76,39.76,,,0
CDM,42000053,"HC PHYSICAL PERFORMANCE TEST, EA 15 MINS",119.27,119.27,,,0
CDM,42000054,"HC E STIM WOUND, STAGE 3-4 ULCERS",39.76,39.76,,,0
CDM,42000057,HC NEG PRESSURE WND TX NON DME < = 50 SQ CM,218.66,218.66,,,0
CDM,42000058,HC NEG PRESSURE WND TX NON DME > 50 SQ CM,238.53,238.53,,,0
CDM,42000059,HC APPLY RIGID  TOTAL CONTACT LEG CAST,377.68,377.68,,,0
CDM,42000060,HC APPLICATION OF SHORT LEG CAST (BELOW KNEE TO TOES),215.89,215.89,,,0
CDM,42000061,"HC ORTH/PROST MGMT, UP/LOW EXT, AND/OR TRUNK, SUBSQ ENC, EA 15 MIN",158.32,158.32,,,0
CDM,42000063,"HC APPLY CAST, HAND AND LOWER FOREARM (GAUNTLET)",377.68,377.68,,,0
CDM,42000064,"HC APPLY CAST, FINGER",278.29,278.29,,,0
CDM,42090000,HC MOBILITY CURRENT STATUS,0.01,0.01,,,0
CDM,42090001,HC MOBILITY GOAL STATUS,0.01,0.01,,,0
CDM,42090002,HC MOBILITY DISCHARGE STATUS,0.01,0.01,,,0
CDM,42090003,HC BODY POSITION CURRENT STATUS,0.01,0.01,,,0
CDM,42090004,HC BODY POSITION GOAL STATUS,0.01,0.01,,,0
CDM,42090005,HC BODY POSITION DISCHARGE STATUS,0.01,0.01,,,0
CDM,42090006,HC CARRY CURRENT STATUS,0.01,0.01,,,0
CDM,42090007,HC CARRY GOAL STATUS,0.01,0.01,,,0
CDM,42090008,HC CARRY DISCHARGE STATUS,0.01,0.01,,,0
CDM,42090009,HC SELF CARE CURRENT STATUS,0.01,0.01,,,0
CDM,42090010,HC SELF CARE GOAL STATUS,0.01,0.01,,,0
CDM,42090011,HC SELF CARE DISCHARGE STATUS,0.01,0.01,,,0
CDM,42090012,HC OTHER PT/OT CURRENT STATUS,0.01,0.01,,,0
CDM,42090013,HC OTHER PT/OT GOAL STATUS,0.01,0.01,,,0
CDM,42090014,DEAC 1/1/2020 HC OTHER PT/OT DISCHARGE STATUS,0.01,0.01,,,0
CDM,42090015,HC SUBSEQUENT PT/OT CURRENT STATUS,0.01,0.01,,,0
CDM,42090016,HC SUBSEQUENT PT/OT GOAL STATUS,0.01,0.01,,,0
CDM,42090017,HC SUBSEQUENT PT/OT DISCHARGE STATUS,0.01,0.01,,,0
CDM,42400001,HC PHYSICAL THERAPY EVALUATION,101.28,101.28,,,0
CDM,42400002,HC PHYSICAL THERAPY RE-EVALUATION,75.96,75.96,,,0
CDM,42400003,HC PT EVAL LOW COMPLEXITY,159.02,159.02,,,0
CDM,42400004,HC PT EVAL MODERATE COMPLEXITY,159.02,159.02,,,0
CDM,42400005,HC PT EVAL HIGH COMPLEXITY,159.02,159.02,,,0
CDM,42400006,HC PT RE-EVAL EST PLAN CARE,119.27,119.27,,,0
CDM,43000001,HC APPLY LONG ARM SPLINT,298.17,298.17,,,0
CDM,43000002,"HC APPLY SHORT ARM SPLINT, STATIC",201.5,201.5,,,0
CDM,43000003,"HC APPLY SHORT ARM SPLINT, DYNAMIC",230.29,230.29,,,0
CDM,43000004,"HC APPLY FINGER SPLINT, STATIC",100.75,100.75,,,0
CDM,43000005,"HC APPLY FINGER SPLINT, DYNAMIC",143.93,143.93,,,0
CDM,43000006,HC APPLY LONG LEG SPLINT,273.46,273.46,,,0
CDM,43000007,HC APPLY SHORT LEG SPLINT,187.1,187.1,,,0
CDM,43000010,HC PARAFFIN BATH THERAPY,19.88,19.88,,,0
CDM,43000011,HC WHIRLPOOL THERAPY,43.17,43.17,,,0
CDM,43000012,"DEAC 7/1/2023 HC THERAPUETIC REHAB GROUP (2,3,4 PTS)",28.79,28.79,,,0
CDM,43000013,DEAC 7/1/2023 HC THERAPUETIC REHAB GROUP (5 OR MORE PTS),28.79,28.79,,,0
CDM,43000014,HC THERAPEUTIC ACTIVITY DIR EA 15 MINS,139.15,139.15,,,0
CDM,43000015,HC COGNITIVE SKILLS DEVELOPMENT EA 15 MINS,84.0,84.0,,,0
CDM,43000016,HC SENSORY INTEGRATION EA 15 MINS,278.29,278.29,,,0
CDM,43000017,HC ADL/SELF HOME MGMT EA 15 MINS,71.96,71.96,,,0
CDM,43000018,HC COMMUNITY/WORK REINTEGRATION EA 15 MINS,71.96,71.96,,,0
CDM,43000019,HC WHEELCHAIR MGMT TRAINING EA 15 MINS,71.96,71.96,,,0
CDM,43000020,HC THERAPEUTIC REHAB GROUP 2 OR MORE,37.75,37.75,,,0
CDM,43000027,HC COGNITIVE SKILLS DEVELOPMENT (INCLUDE COMPENSATORY TRAINING) EA 15 MINS,77.3,77.3,,,0
CDM,43000028,HC THER INTERV COG FUNCT/COMP STRATG; DIR CONTACT; 1ST 15 MIN,57.57,57.57,,,0
CDM,43000029,HC THER INTERV COG FUNCT/COMP STRATG; DIR CONTACT; EA ADDL 15 MIN,75.51,75.51,,,0
CDM,43400001,HC OCCUPATIONAL THERAPY EVALUATION,81.6,81.6,,,0
CDM,43400002,HC OCCUPATIONAL THERAPY RE -EVALUATION,61.2,61.2,,,0
CDM,43400003,HC OT EVAL LOW COMPLEXITY,115.14,115.14,,,0
CDM,43400004,HC OT EVAL MOD COMPLEXITY,115.14,115.14,,,0
CDM,43400005,HC OT EVAL HIGH COMPLEXITY,115.14,115.14,,,0
CDM,43400006,HC OT RE-EVAL EST PLAN CARE,86.36,86.36,,,0
CDM,44000001,"HC SLV THERAPY, INDIVIDUAL",169.9,169.9,,,0
CDM,44000002,HC LARYNGEAL FUNCTION STUDY,339.78,339.78,,,0
CDM,44000003,HC TX SWALLOWING DYSFUNCTION,226.53,226.53,,,0
CDM,44000004,HC EVAL TO USE/FIT VOICE PROSTHETIC,151.01,151.01,,,0
CDM,44000005,HC NON-SPEECH DEVICE TX,169.9,169.9,,,0
CDM,44000006,"HC EVAL FOR SPEECH DEVICE RX, 1ST HR",339.78,339.78,,,0
CDM,44000007,"HC EVAL FOR SPEECH DEVICE RX, EA ADDL 30 MIN",132.13,132.13,,,0
CDM,44000008,HC THERAPEUTIC SP DEVICE SERVICE,283.15,283.15,,,0
CDM,44000009,HC EVALUATE SWALLOWING FUNCTION,226.53,226.53,,,0
CDM,44000010,"HC MOTION FLUORO SWALLOW FCN, CINE/VIDEO",434.16,434.16,,,0
CDM,44000011,HC FEES W CINE OR VIDEO,346.39,346.39,,,0
CDM,44000012,"HC FLEX ENDOSCOPIC EVAL, LARYNGEAL SENSORY TEST BY CINE/VIDEO",585.18,585.18,,,0
CDM,44000013,HC FEES & LARYNGEAL SENSORY TEST W CINE/VIDEO,887.21,887.21,,,0
CDM,44000014,"HC EVAL AUDITORY FUNCTION, 1ST HR",143.39,143.39,,,0
CDM,44000015,"HC EVAL AUDITORY FUNCTION, EA ADDL 15 MIN",35.84,35.84,,,0
CDM,44000018,HC APHASIA ASSESMENT EACH HR,207.65,207.65,,,0
CDM,44000019,HC COGNITIVE ASSESSMENT BY HC PRO PER HR,187.1,187.1,,,0
CDM,44000030,"HC EX FOR NONSPEECH DEVICE RX, 1ST HR",169.9,169.9,,,0
CDM,44000035,HC EX FOR NONSPEECH DEV RX EA ADD 30 MIN,56.62,56.62,,,0
CDM,44000050,"HC SLV TREATMENT GROUP, 2 OR MORE 2-4",75.51,75.51,,,0
CDM,44000051,HC UNLISTED ENT PROCEDURE/SERVICE,239.36,239.36,,,0
CDM,44000052,DEAC 07/01/2024 HC SLV TREATMENT GROUP 5 OR MORE,27.14,27.14,,,0
CDM,44090000,HC SWALLOW CURRENT STATUS,0.01,0.01,,,0
CDM,44090001,HC SWALLOW GOAL STATUS,0.01,0.01,,,0
CDM,44090002,HC SWALLOW DISCHARGE STATUS,0.01,0.01,,,0
CDM,44090003,HC MOTOR SPEECH CURRENT STATUS,0.01,0.01,,,0
CDM,44090004,HC MOTOR SPEECH GOAL STATUS,0.01,0.01,,,0
CDM,44090005,HC MOTOR SPEECH DISCHARGE STATUS,0.01,0.01,,,0
CDM,44090006,HC LANGUAGE COMPREHENSION CURRENT STATUS,0.01,0.01,,,0
CDM,44090007,HC LANGUAGE COMPREHENSION GOAL STATUS,0.01,0.01,,,0
CDM,44090008,HC LANGUAGE COMPREHENSION DISCHARGE STATUS,0.01,0.01,,,0
CDM,44090009,HC LANGUAGE EXPRESSIVE CURRENT STATUS,0.01,0.01,,,0
CDM,44090010,HC LANGUAGE EXPRESSIVE GOAL STATUS,0.01,0.01,,,0
CDM,44090011,HC LANGUAGE EXPRESSIVE DISCHARGE STATUS,0.01,0.01,,,0
CDM,44090012,HC ATTENTION CURRENT STATUS,0.01,0.01,,,0
CDM,44090013,HC ATTENTION GOAL STATUS,0.01,0.01,,,0
CDM,44090014,HC ATTENTION DISCHARGE STATUS,0.01,0.01,,,0
CDM,44090015,HC MEMORY CURRENT STATUS,0.01,0.01,,,0
CDM,44090016,HC MEMORY GOAL STATUS,0.01,0.01,,,0
CDM,44090017,HC MEMORY DISCHARGE STATUS,0.01,0.01,,,0
CDM,44090018,HC VOICE CURRENT STATUS,0.01,0.01,,,0
CDM,44090019,HC VOICE GOAL STATUS,0.01,0.01,,,0
CDM,44090020,HC VOICE DISCHARGE STATUS,0.01,0.01,,,0
CDM,44090021,HC SPEECH LANGUAGE CURRENT STATUS,0.01,0.01,,,0
CDM,44090022,HC SPEECH LANGUAGE GOAL STATUS,0.01,0.01,,,0
CDM,44090023,HC SPEECH LANGUAGE DISCHARGE STATUS,0.01,0.01,,,0
CDM,44400002,HC EVALUATION OF SPEECH FLUENCY,245.4,245.4,,,0
CDM,44400003,HC EVALUATION OF SPEECH SOUND  PRODUCTION,245.4,245.4,,,0
CDM,44400004,HC EVALUATION OF SPEECH SOUND  PRODUCTION W/LANGUAGE COMPREHENSION,547.42,547.42,,,0
CDM,44400005,HC BEHAVIORAL & QUALIT ANALYSIS VOICE/RESONANCE,245.4,245.4,,,0
CDM,45100001,HC EMERGENCY DEPT VISIT LVL 1,160.66,160.66,,,0
CDM,45200002,HC EMERGENCY DEPT VISIT LVL 2,160.66,160.66,,,0
CDM,45200003,HC EMERGENCY DEPT VISIT LVL 3,321.33,321.33,,,0
CDM,45200004,HC EMERGENCY DEPT VISIT LVL 4,642.66,642.66,,,0
CDM,45200005,HC EMERGENCY DEPT VISIT LVL 5,1124.66,1124.66,,,0
CDM,45200025,HC ER EXTENDED CARE SERVICE,160.66,160.66,,,0
CDM,46000001,"DEAC 7/1/2018 HC INCENTIVE SPIROMETRY, INITIAL TX",35.52,35.52,,,0
CDM,46000002,"DEAC 7/1/2018 HC INCENTIVE SPIROMETRY, SUBSEQ TX",22.2,22.2,,,0
CDM,46000003,HC SPIROMETRY,562.34,562.34,,,0
CDM,46000004,HC SPIROMETRY W/BRONCHODILATOR,832.26,832.26,,,0
CDM,46000005,HC BRONCHOSPASM PROVOCATION EVAL,1889.46,1889.46,,,0
CDM,46000006,HC TOTAL VITAL CAPACITY,69.61,69.61,,,0
CDM,46000007,HC MAXIMUM VOLUNTARY VENTILATION,269.92,269.92,,,0
CDM,46000008,HB RESPIRATORY FLOW VOLUME LOOP - NON-MARYLAND,166.35,166.35,,,0
CDM,46000009,"HC CARDIOPULM EXERCISE TEST, INCL MEASURE MIN VENT, CO2, O2  & ECG",2024.41,2024.41,,,0
CDM,46000012,HC OXYGEN UPTAKE REST INDIRECT,232.03,232.03,,,0
CDM,46000013,HC PULMONARY FUNCTION TST PLETHYSMOGRAPHY,427.38,427.38,,,0
CDM,46000014,HC CO/MEMBRANE DIFFUSE CAPACITY,77.35,77.35,,,0
CDM,46000015,HC PULSE OXIMETRY,179.95,179.95,,,0
CDM,46000016,"HC PULSE OX MULTIPLE, EG EXERCISE",116.01,116.01,,,0
CDM,46000017,"DEAC 7/1/2018 HC CO EXPIRED GAS BY IR, INITIAL DAY",106.56,106.56,,,0
CDM,46000018,"DEAC 7/1/2018 HC CO EXPIRED GAS BY IR, SUBSEQ DAY",84.36,84.36,,,0
CDM,46000020,"DEAC 7/1/2018 HC TENT HUMIDITY THERAPY, INITIAL  DAY",88.8,88.8,,,0
CDM,46000021,"DEAC 7/1/2018 HC TENT HUMIDITY THERAPY, SUBSEQ DAY",66.6,66.6,,,0
CDM,46000022,"DEAC 7/1/2018 HC ALTERNATIVE GAS ADMINISTRATION, INITIAL DAY",304.14,304.14,,,0
CDM,46000023,"DEAC 7/1/2018 HC ALTERNATIVE GAS ADMINISTRATION, SUBSEQ DAY",226.44,226.44,,,0
CDM,46000024,"DEAC 7/1/2018 HC CONTINUOUS AEROSOL THERAPY, INITIAL DAY",77.7,77.7,,,0
CDM,46000025,"DEAC 7/1/2018 HC CONTINUOUS AEROSOL THERAPY, SUBSEQ DAY",66.6,66.6,,,0
CDM,46000027,HC MANUAL VENTILATION PER 15 MIN,58.0,58.0,,,0
CDM,46000028,"DEAC 7/1/2018 HC NITRIC OXIDE, INITIAL DAY",444.0,444.0,,,0
CDM,46000029,"DEAC 7/1/2018 HC NITRIC OXIDE, SUBSEQ DAY",377.4,377.4,,,0
CDM,46000030,"DEAC 7/1/2018 HC OXYGEN THERAPY, INITIAL DAY",26.64,26.64,,,0
CDM,46000031,"DEAC 7/1/2018 HC OXYGEN THERAPY, SUBSEQ DAY",15.54,15.54,,,0
CDM,46000032,HC BEDSIDE PULMONARY MECHANICS,58.0,58.0,,,0
CDM,46000033,"HC TRACHEOSTOMY TUBE CARE, NON-VENT",77.35,77.35,,,0
CDM,46000052,HC PULMONARY FUNCTION TEST BY GAS,427.38,427.38,,,0
CDM,46000053,HC CONTINUOUS PULSE OX,116.01,116.01,,,0
CDM,46000054,HC SURFACTANT ADMIN THRU TUBE,116.01,116.01,,,0
CDM,46000055,HC EXHALED NITRIC OXIDE MEASUREMENT,54.67,54.67,,,0
CDM,46000056,"DEAC 7/1/2018 HC HEAT HF NASAL CANNULA, INITIAL DAY < 12 HRS",244.2,244.2,,,0
CDM,46000057,"DEAC 7/1/2018 HC HEAT HF NASAL CANNULA, INITIAL DAY > 12 HRS",377.4,377.4,,,0
CDM,46000058,"DEAC 7/1/2018 HC HEAT HF NASAL CANNULA, SUBSEQ DAY < 12 HRS",188.7,188.7,,,0
CDM,46000059,"DEAC 7/1/2018 HC HEAT HF NASAL CANNULA, SUBSEQ DAY > 12 HRS",321.9,321.9,,,0
CDM,46000060,HC HIGH ALTITUDE SIMULATION TEST,1012.21,1012.21,,,0
CDM,46000061,HC HIGH ALTITUDE SIMULATION TEST WITH OXYGEN TITRATION,1012.21,1012.21,,,0
CDM,46000063,"HC PULM STRESS TEST(6 MINUTE WALK) INC HR,OXIMET,OXY TITR, WHEN PERF",674.8,674.8,,,0
CDM,46000064,"HC EXERCISE TEST BRONCHOSPASM, INCL PRE & POST SPIRO,W/ECG & PULSE OX",1597.04,1597.04,,,0
CDM,46000065,HC CO2 EXPIRED GAS BY IR / PER DAY,154.68,154.68,,,0
CDM,46000066,"HC ALTERNATIVE GAS THERAPY, PER DAY",464.04,464.04,,,0
CDM,46000067,"HC CONTINOUS AEROSOL MIST W/WO OXYGEN, PER DAY",116.01,116.01,,,0
CDM,46000068,"HC HEAT HF NASAL CANNULA, PER DAY",464.04,464.04,,,0
CDM,46000069,"HC INHALED NITRIC OXIDE THERAPY, PER DAY",966.76,966.76,,,0
CDM,46000070,"HC OXYGEN THERAPY, PER DAY",77.35,77.35,,,0
CDM,46000071,HC GENERAL PROCEDURAL ASSIST,116.01,116.01,,,0
CDM,46000072,HC BREATHING RESPONSE TO CO2,116.01,116.01,,,0
CDM,46000073,"HC CONT AEROSOL TX W/O BRONCHODILATION, PER DAY",966.76,966.76,,,0
CDM,46000074,HC MINI BRONCHOALVEOLAR LAVAGE TEST,116.01,116.01,,,0
CDM,46000075,HC RAPID RESPONSE TEAM,116.01,116.01,,,0
CDM,46000076,"HC TRANSCUTANEOUS BEDSIDE MONITORING, PER DAY",154.68,154.68,,,0
CDM,46000077,HC BEDSIDE SLEEP APNEA SCREENING,116.01,116.01,,,0
CDM,46000078,HC DRUG ADMINISTRATION (NITRIC OXIDE) & HEMODYNMIC MEASURES,177.88,177.88,,,0
CDM,46000079,HC NON-EMERGENT NIV PT COMPLIANCE STUDY,58.0,58.0,,,0
CDM,47000005,HC BASIC VESTIBULAR EVALUATION,203.13,203.13,,,0
CDM,47000012,HC USE VERTICAL ELECTRODES,35.84,35.84,,,0
CDM,47000017,"HC AUDITORY EVOKED POTENTIALS; SCRN AUDIT POTENT W/STIMULI, AUTO ANALYS",71.69,71.69,,,0
CDM,47000018,"HC AUDITORY EVOKED POTENTIALS; HEARING STATUS DETER, BBAND STIMULI, I&R",179.23,179.23,,,0
CDM,47000019,"HC AUDITORY EVOKED POTENTIALS; THRESHOLD ESTIM AT MULTI FREQ, I & R",215.08,215.08,,,0
CDM,47000020,"HC AUDITORY EVOKED POTENTIALS; NEURODIAGNOSTIC, W/INTRP & RPT",167.29,167.29,,,0
CDM,47100002,"HC PURE TONE AUDIOMETRY, AIR ONLY",131.43,131.43,,,0
CDM,47100003,"HC PURE TONE AUDIOMETRY, AIR & BONE",155.34,155.34,,,0
CDM,47100004,HC SPEECH AUDIOMETRY THESHOLD W/SR,155.34,155.34,,,0
CDM,47100005,"HC SPEECH AUDIOMETRY W/SR, COMPREHENSIVE",310.67,310.67,,,0
CDM,47100006,HC TYMPANOMETRY (IMP TESTING),35.84,35.84,,,0
CDM,47100007,HC ACOUSTIC REFLEX TESTING,23.9,23.9,,,0
CDM,47100008,HC VISUAL REINFORCE AUDIOMETRY,131.43,131.43,,,0
CDM,47100009,HC CONDITIONING PLAY AUDIOMETRY,286.77,286.77,,,0
CDM,47100010,HC DEAC 01/01/2021  AUDITORY EP - COMPREHENSIVE,241.49,241.49,,,0
CDM,47100012,HC EVOKED AUDITORY TEST LIMITED,56.62,56.62,,,0
CDM,47100013,"HC ELECTRO HEARING AID TEST, MONAURAL",157.49,157.49,,,0
CDM,47100014,"HC ELECTRO HEARING AID TEST, BINAURAL",188.97,188.97,,,0
CDM,47100015,HC SPEECH AUDIOMETRY THRESHOLD,95.59,95.59,,,0
CDM,47100016,HC ACOUSTIC IMMITTANCE TESTING,83.64,83.64,,,0
CDM,47100017,HC SELECT PICTURE AUDIOMETRY,191.18,191.18,,,0
CDM,47100018,HC ELECTROCOCHLEOGRAPHY,274.82,274.82,,,0
CDM,47100019,HC EVOKED AUDITORY TEST COMPLETE,71.69,71.69,,,0
CDM,47100021,HC NASAL FUNCTION STUDIES,141.72,141.72,,,0
CDM,47100022,DEAC 9/2016 HC BINOCULAR MICROSCOPY,134.53,134.53,,,0
CDM,47100150,HC NASOPHARYNGOSCOPY,346.51,346.51,,,0
CDM,48000001,HC IRC CARDIOLOGY PRICE PER MINUTE,124.33,124.33,,,0
CDM,48000003,HC MYOCRD STRAIN IMG USING SPECKLE TRCK ASSMT OF MYOCRD MECHAN,160.72,160.72,,,0
CDM,48100050,HC TILT TABLE EVALUATION - STANDARD,964.34,964.34,,,0
CDM,48100058,"HC CARDIOVERSION ELECTRICAL CONVERSION, EXTERNAL",723.26,723.26,,,0
CDM,48100059,HC CARDIOVERSION WITH TEE,80.37,80.37,,,0
CDM,48100060,HC TILT TABLE EVALUATION - COMPLEX,1446.51,1446.51,,,0
CDM,48200001,HC 12 CVSLR STRESS TEST; TRACING,482.17,482.17,,,0
CDM,48300001,"HC PM DEVICE PROGR EVAL, SNGL",241.09,241.09,,,0
CDM,48300002,"HC PM DEVICE PROGR EVAL, DUAL",241.09,241.09,,,0
CDM,48300003,"HC PM DEVICE PROGR EVAL, MULTI",241.09,241.09,,,0
CDM,48300004,"HC ICD DEVICE PROG EVAL, 1 SINGLE",321.44,321.44,,,0
CDM,48300005,"HC ICD DEVICE PROGR EVAL, DUAL",321.44,321.44,,,0
CDM,48300006,"HC ICD DEVICE PROGR EVAL, MULT",321.44,321.44,,,0
CDM,48300010,HC PM DEVICE EVAL IN PERSON,241.09,241.09,,,0
CDM,48300011,HC ICD DEVICE INTERROGATE,321.44,321.44,,,0
CDM,48300012,HC ILR DEVICE INTERROGATE,321.44,321.44,,,0
CDM,48300014,HC TTE CONG ABN; COMPLETE,723.26,723.26,,,0
CDM,48300015,HC TTE CONG ABN; LIMITED/F-UP,321.44,321.44,,,0
CDM,48300016,HC TTE W/DOPPLER COMPLETE,964.34,964.34,,,0
CDM,48300018,HC TTE F-UP OR LMTD,321.44,321.44,,,0
CDM,48300019,HC ECHO TRANSESOPHAGEAL COMPLETE,964.34,964.34,,,0
CDM,48300022,HC DOPPLER ECHO; COMPLETE,160.72,160.72,,,0
CDM,48300023,HC DOPPLER ECHO; LIMITED/ F-UP,128.58,128.58,,,0
CDM,48300024,HC DOPPLER COLOR FLOW,80.37,80.37,,,0
CDM,48300025,HC STRESS TTE ONLY,964.34,964.34,,,0
CDM,48300026,HC TTE W OR W/O FOL W/CONTRAST,739.33,739.33,,,0
CDM,48300027,HC 2D TTE W OR W/O FOL W/CONTRAST,739.33,739.33,,,0
CDM,48300028,HC 2D TTE W OR W/O FOL W/CON FU,337.52,337.52,,,0
CDM,48300029,HC 2D TEE W OR W/O FOL W/CON IN,980.42,980.42,,,0
CDM,48300030,HC TTE W OR W/O FOL W/CON STRES,980.42,980.42,,,0
CDM,48300031,HC STRESS TTE COMPLETE,964.34,964.34,,,0
CDM,48300035,"HC TTE W OR WO FOLLOWED BY W/CONTRAST, DOPPLER",980.42,980.42,,,0
CDM,49000003,HC NEEDLE EMG ANAL/URETHRAL SPHINCTER,681.31,681.31,,,0
CDM,51000001,HC HOSPITAL OUTPATIENT CLINIC VISIT,132.11,132.11,,,0
CDM,51000002,HC OFFICE/OUTPATIENT VISIT NEW LVL 2,105.74,105.74,,,0
CDM,51000003,HC OFFICE/OUTPATIENT VISIT NEW LVL 3,119.17,119.17,,,0
CDM,51000004,HC OFFICE/OUTPATIENT VISIT NEW LVL 4,176.19,176.19,,,0
CDM,51000005,HC OFFICE/OUTPATIENT VISIT NEW LVL 5,235.41,235.41,,,0
CDM,51000006,HC OFFICE/OUTPATIENT VISIT EST LVL 1,70.47,70.47,,,0
CDM,51000007,HC OFFICE/OUTPATIENT VISIT EST LVL 2,198.16,198.16,,,0
CDM,51000008,HC OFFICE/OUTPATIENT VISIT EST LVL 3,97.02,97.02,,,0
CDM,51000009,HC OFFICE/OUTPATIENT VISIT EST LVL 4,330.27,330.27,,,0
CDM,51000010,HC OFFICE/OUTPATIENT VISIT EST LVL 5,211.43,211.43,,,0
CDM,51000024,HC SPECIAL PROGRAMS EDUCATION AND TRAINING,22.25,22.25,,,0
CDM,54200001,HC AMBULANCE-BASE CHARGE,1121.41,1121.41,,,0
CDM,54200002,HC AMBULANCE PER MILE,14.96,14.96,,,0
CDM,54200003,HC AMBULANCE ADS - BASE CHARGE,2242.8,2242.8,,,0
CDM,54200004,HC AMBULANCE PER MILE,29.9,29.9,,,0
CDM,61000001,HC MRI OF TEMPOROMANDIBULAR JOINT(S),1616.54,1616.54,,,0
CDM,61000002,HC MRI ORBIT/FACE/NECK W/O CONTRAST,1524.16,1524.16,,,0
CDM,61000003,HC MRI ORBIT/FACE/NECK W/CONTRAST,1662.72,1662.72,,,0
CDM,61000004,HC MRI ORBIT/FACE/NECK W/O & W/CONTRAST,2009.12,2009.12,,,0
CDM,61000005,HC MRI CHEST W/O CONTRAST,2216.96,2216.96,,,0
CDM,61000006,HC MRI CHEST W CONTRAST,2424.81,2424.81,,,0
CDM,61000007,HC MRI CHEST W & W/O CONTRAST,3025.23,3025.23,,,0
CDM,61000008,HC MRI PELVIS W/O CONTRAST,1962.94,1962.94,,,0
CDM,61000009,HC MRI PELVIS W CONTRAST,2101.5,2101.5,,,0
CDM,61000010,HC MRI PELVIS W & W/O CONTRAST,2540.27,2540.27,,,0
CDM,61000011,HC MRI UPPER EXT NOT JOINT W/O CONTRAST,1939.85,1939.85,,,0
CDM,61000012,HC MRI UPPER EXT NOT JOINT W/ CONTRAST,2078.4,2078.4,,,0
CDM,61000013,HC MRI UPPER EXT NOT JOINT W & W/O CONTRAST,2540.27,2540.27,,,0
CDM,61000014,HC MRI UPPER EXT ANY JOINT W/O CONTRAST,1085.39,1085.39,,,0
CDM,61000015,HC MRI UPPER EXT ANY JOINT W CONTRAST,1916.75,1916.75,,,0
CDM,61000016,HC MRI UPPER EXT ANY JOINT W & W/O CONTRAST,2355.52,2355.52,,,0
CDM,61000017,HC MRI LOWER EXT NOT JOINT W/O CONTRAST,1916.75,1916.75,,,0
CDM,61000018,HC MRI LOWER EXT NOT JOINT W CONTRAST,2101.5,2101.5,,,0
CDM,61000019,HC MRI ANY JOINT LOWER EXT W/O CONTRAST,1085.39,1085.39,,,0
CDM,61000020,HC MRI ANY JOINT LOWER EXT W/CONTRAST,1939.85,1939.85,,,0
CDM,61000021,HC MRI ANY JOINT LOWER EXT W/O & W CON,2355.52,2355.52,,,0
CDM,61000022,HC MRI ABDOMEN W/O CONTRAST,1685.81,1685.81,,,0
CDM,61000023,HC MRI ABDOMEN W CONTRAST,2378.62,2378.62,,,0
CDM,61000024,HC MRI ABDOMEN W & W/O CONTRAST,2563.36,2563.36,,,0
CDM,61000025,HC CARDIAC MRI FOR MORPH & FUNC W/O CONTRAST,1316.32,1316.32,,,0
CDM,61000026,HC CARDIAC MRI FOR MORPH & FUNC W/W/O CON,1916.75,1916.75,,,0
CDM,61000027,HC CARDIAC MRI W & W/O CONTRAST W/STRESS,2332.43,2332.43,,,0
CDM,61000028,HC UNLISTED MAGNETIC RESONANCE PROCEDURE,1032.5,1032.5,,,0
CDM,61000029,HC MRI NEEDLE GUIDANCE,124.33,124.33,,,0
CDM,61000030,HC MRI BREAST UNILATERAL W & OR W/O CONTRAST,2146.56,2146.56,,,0
CDM,61000031,HC MRI BREAST BILATERAL W & OR W/O CONTRAST,2129.92,2129.92,,,0
CDM,61000040,HC MRI LEXTREM W&WO CONTR,2563.36,2563.36,,,0
CDM,61000045,HC MAGNETIC RESONANCE SPECTROSCOPY,2447.9,2447.9,,,0
CDM,61000046,HC CARDIAC MRI FOR VELOCITY FLOW MAPPING (ADD-ON),277.12,277.12,,,0
CDM,61000048,HC MRI BREAST UNIL W/O CONTRAST,2146.56,2146.56,,,0
CDM,61000050,HC MRI BREAST BILAT W/O CONTRAST,2129.92,2129.92,,,0
CDM,61000053,"HC CARDIAC MRI FOR MORPHOLOGY & FUNCTION, W/O CONTRAST; W/STRESS IMAGE",1916.75,1916.75,,,0
CDM,61000056,HC MAGNETIC RESONANCE ELASTOGRAPHY,2979.05,2979.05,,,0
CDM,61100001,HC MRI BRAIN W/O CONTRAST,1016.11,1016.11,,,0
CDM,61100002,HC MRI BRAIN W CONTRAST,1501.07,1501.07,,,0
CDM,61100003,HC MRI BRAIN W & W/O CONTRAST,1708.91,1708.91,,,0
CDM,61100004,"HC MRI BRAIN,  FUNCTIONAL, BY TECH",3464.01,3464.01,,,0
CDM,61100005,"HC MRI BRAIN,  FUNCTIONAL, BY PHYSICIAN/PSYCH",3464.01,3464.01,,,0
CDM,61200001,"HC MRI SPINE CERVICAL, W/O CONTRAST",969.92,969.92,,,0
CDM,61200002,"HC MRI SPINE CERVICAL, W CONTRAST",1524.16,1524.16,,,0
CDM,61200003,"HC MRI SPINE THORACIC, W/O CONTRAST",969.92,969.92,,,0
CDM,61200004,"HC MRI SPINE THORACIC, W CONTRAST",1524.16,1524.16,,,0
CDM,61200005,"HC MRI SPINE LUMBAR, W/O CONTRAST",969.92,969.92,,,0
CDM,61200006,"HC MRI SPINE LUMBAR, W CONTRAST",1501.07,1501.07,,,0
CDM,61200007,"HC MRI SPINE CERVICAL, W & W/O CONTRAST",1708.91,1708.91,,,0
CDM,61200008,"HC MRI SPINE THORACIC, W & W/O CONTRAST",1732.0,1732.0,,,0
CDM,61200009,"HC MRI SPINE LUMBAR, W & W/O CONTRAST",1708.91,1708.91,,,0
CDM,61400001,HC MRI BREAST UNILATERAL WITHOUT CONTRAST FOLLOWED BY WITH CONTRAST,2979.05,2979.05,,,0
CDM,61400002,HC MRI BREAST BILAT W CONTR,2955.95,2955.95,,,0
CDM,61400004,HC MRI BREAST BILATERAL WITHOUT CONTRAST FOLLOWED BY WITH CONTRAST,2955.95,2955.95,,,0
CDM,61500001,HC MRA HEAD W/O CONTRAST,2147.68,2147.68,,,0
CDM,61500002,HC MRA HEAD W CONTRAST,2124.59,2124.59,,,0
CDM,61500003,HC MRA HEAD W & W/O CONTRAST,3302.35,3302.35,,,0
CDM,61500004,HC MRA NECK W/O CONTRAST,2170.77,2170.77,,,0
CDM,61500005,HC MRA NECK W CONTRAST,2286.25,2286.25,,,0
CDM,61500006,HC MRA NECK W & W/O CONTRAST,3325.45,3325.45,,,0
CDM,61600001,HC MRA LOWER EXT W/W/O CONTRAST,2009.12,2009.12,,,0
CDM,61600005,HC MRA LEXTREM W CONT,2009.12,2009.12,,,0
CDM,61600006,HC MRA LOWER EXTREMITY WITHOUT CONTRAST FOLLOWED BY WITH CONTRAST,2009.12,2009.12,,,0
CDM,61600007,"HC MRA WO CONTRAST, LOWER EXT",2009.12,2009.12,,,0
CDM,61800001,HC MRA CHEST W OR W/O CONTRAST,2009.12,2009.12,,,0
CDM,61800002,HC MRA SPINE W OR W/O CONTRAST,2124.59,2124.59,,,0
CDM,61800003,HC MRA UPPER EXT W OR W/O CONTRAST,2101.5,2101.5,,,0
CDM,61800004,HC MRA ABDOMEN W OR W/O CONTRAST,2032.22,2032.22,,,0
CDM,61800010,HC MRA PELVIS,2032.22,2032.22,,,0
CDM,61800011,HC MRA ABD W CONTRAST,2032.22,2032.22,,,0
CDM,61800012,HC MRA ABDOMEN WITHOUT CONTRAST FOLLOWED BY WITH CONTRAST,2032.22,2032.22,,,0
CDM,61800013,HC MRA CHEST W CONTRAST,2009.12,2009.12,,,0
CDM,61800014,HC MRA PELVIS WITHOUT CONTRAST FOLLOWED BY WITH CONTRAST,2032.22,2032.22,,,0
CDM,61800015,"HC MRA W CONTRAST, PELVIS",2032.22,2032.22,,,0
CDM,61800016,HC MRA ABD WO CONTRAST,2032.22,2032.22,,,0
CDM,61800025,HC MRA CHEST WO CONRAST,2009.12,2009.12,,,0
CDM,61800026,HC MRA CHEST WITHOUT CONTRAST FOLLOWED BY WITH CONTRAST,2009.12,2009.12,,,0
CDM,61800027,HC MRA W/CONTRAST UPPER EXTREMITY,2101.5,2101.5,,,0
CDM,61800028,HC MRA W/O CONTRAST UPPER EXTREMITY,2101.5,2101.5,,,0
CDM,61800029,HC MRA UPPER EXTREMITY WITHOUT CONTRAST FOLLOWED BY WITH CONTRAST,2101.5,2101.5,,,0
CDM,61800030,HC MRA W/CONTRAST SPINAL CANAL,2124.59,2124.59,,,0
CDM,61800032,HC MRA SPINAL CANAL WITHOUT CONTRAST FOLLOWED BY WITH CONTRAST,2124.59,2124.59,,,0
CDM,70000001,HC APPLY LONG ARM CAST,397.55,397.55,,,0
CDM,70000002,HC APPLY SHORT ARM CAST,259.07,259.07,,,0
CDM,72000001,HC OUTPATIENT MATERNAL OBSERVATION PER HR,282.6,282.6,,,0
CDM,72000002,HC OUTPATIENT MATERNAL INTENSIVE CARE PER HR,565.2,565.2,,,0
CDM,72000003,HC ASSESSMENT/TRIAGE SERVICE FEE,282.6,282.6,,,0
CDM,72000004,HC FETAL DEMISE/GENETIC TERMINATION 2/3 TRIM,8477.93,8477.93,,,0
CDM,72000005,HC FETAL DEMISE/GENETIC TERMINATION W/EPIDURAL,10173.51,10173.51,,,0
CDM,72000006,HC DELIVERY OUTSIDE HOSPITAL,3391.17,3391.17,,,0
CDM,72000007,"HC VAGINAL DELVERY (NO ANES, UNCOMPLICATED)",6782.34,6782.34,,,0
CDM,72000008,HC VAGINAL DELVERY W/VACUUM FORCEPS ASST,7347.54,7347.54,,,0
CDM,72000009,HC VAGINAL DELIVERY W/EPI ANESTHESIA,8477.93,8477.93,,,0
CDM,72000010,HC VAGINAL DELIVERY W/EPI & FORCEPS VACUUM,9043.12,9043.12,,,0
CDM,72000011,HC VAGINAL DELIVERY PRIOR C-SECTION (VBAC),9043.12,9043.12,,,0
CDM,72000012,"HC CESAREAN SECTION, NON-EMERGENT",5086.75,5086.75,,,0
CDM,72000013,"HC CESAREAN SECTION, NON-EMERGENT W/MINOR SURG",5651.95,5651.95,,,0
CDM,72000014,"HC CESAREAN SECTION, NON-EMERGENT W/MAJOR SURG",8760.53,8760.53,,,0
CDM,72000015,"HC CESAREAN SECTION, EMERGENCY",10456.11,10456.11,,,0
CDM,72000016,"HC CESAREAN SECTION, EMERGENT W/MINOR SURG",11021.3,11021.3,,,0
CDM,72000017,"HC CESAREAN SECTION, EMERGENT W/MAJOR SURG",17238.45,17238.45,,,0
CDM,72000018,HC ABD AMNIOINFUSION W/US,1695.59,1695.59,,,0
CDM,72000019,HC DELIVERY DOUBLE SET-UP/FAILED FORCEPS/VACUUM,565.2,565.2,,,0
CDM,72000020,HC INDUCTION/AUGMENTATION W/DELIVERY,1130.39,1130.39,,,0
CDM,72000021,HC INTRAUTERINE PRESSURE CATH MONITOR (IUPC),565.2,565.2,,,0
CDM,72000022,HC MULTIPLE BIRTH: TWINS,1695.59,1695.59,,,0
CDM,72000023,HC MULTIPLE BIRTH: TRIPLETS,2543.38,2543.38,,,0
CDM,72000024,HC MULTIPLE BIRTH: QUADS,3391.17,3391.17,,,0
CDM,72000025,HC NEONATAL RESUSCITATION,1130.39,1130.39,,,0
CDM,72000026,"HC SURGERY, ADDL MINOR, NON-EMERGENT",2260.78,2260.78,,,0
CDM,72000027,"HC SURGERY, ADDL MAJOR, NON-EMERGENT",5369.35,5369.35,,,0
CDM,72000028,"HC SURGERY, ADDL MINOR, EMERGENT",4521.56,4521.56,,,0
CDM,72000029,"HC SURGERY, ADDL MAJOR, EMERGENT",10738.7,10738.7,,,0
CDM,72000032,"HC AMNIOCENTESIS, DIAGNOSTIC",847.79,847.79,,,0
CDM,72000033,HC CERVICAL CERCLAGE,2825.98,2825.98,,,0
CDM,72000034,HC DILATION & CURETTAGE (D & C),2543.38,2543.38,,,0
CDM,72000035,HC DILATION & EVACUATION (D & E),2543.38,2543.38,,,0
CDM,72000036,HC EXTERNAL CEPHALIC VERSIONS,2825.98,2825.98,,,0
CDM,72000037,HC NON-STRESS TEST,847.79,847.79,,,0
CDM,72000038,HC OXYTOCIN STRESS TEST,1412.99,1412.99,,,0
CDM,72000060,"HC MINOR OR PROC, EMERG OR NON-EMERG WO DEL",2260.78,2260.78,,,0
CDM,72000061,"HC MAJOR OR PROC, EMERG OR NON-EMERG WO DEL",10738.7,10738.7,,,0
CDM,72000065,HC ATTENDANCE AT DELIVERY  INIT STABILIZATION OF NB,232.03,232.03,,,0
CDM,72300001,HC CIRCUMCISION (INCL NURSERY),847.79,847.79,,,0
CDM,73000001,HC 12 LEAD EKG; TRACING ONLY,192.87,192.87,,,0
CDM,73000003,HC RHYTHM ECG 1-3 LEADS TRACING,80.37,80.37,,,0
CDM,73100001,HC ECG UP TO 48 HRS SCANNING ANALYSIS REPORT,803.62,803.62,,,0
CDM,73100002,HC REMOTE PT 30 DAY ECG REV/REPORT,160.72,160.72,,,0
CDM,73100010,HC EXTERNAL ECG REC > 48 HR UP TO 7 DAYS RECORD; INCL CONNECT & INITIAL REC,160.72,160.72,,,0
CDM,73100011,HC EXTERNAL ECG REC > 7 DAYS  UP TO 15 DAYS  RECORDING; INCL CONNECT & INITIAL REC,160.72,160.72,,,0
CDM,73100100,HC ECG UP TO 48 HRS RECORDING,160.72,160.72,,,0
CDM,74000001,HC MSLT- SLEEP LATENCY,1403.49,1403.49,,,0
CDM,74000002,HC POLYSOMNOGRAPHY W/4> PARAM,1907.65,1907.65,,,0
CDM,74000003,"HC CPAP- SLEEP STAGING, >4 PAR",2016.66,2016.66,,,0
CDM,74000004,HC EXTENDED EEG 41-60 MIN,1021.95,1021.95,,,0
CDM,74000005,HC EEG EXTENDED MONITORING; 61-119 MIN,1226.35,1226.35,,,0
CDM,74000006,HC EEG AWAKE & DROWSY,1158.22,1158.22,,,0
CDM,74000007,HC EEG AWAKE & ASLEEP,1376.24,1376.24,,,0
CDM,74000008,HC EEG-SLEEP ONLY,1212.72,1212.72,,,0
CDM,74000009,HC EEG; CEREBRAL SILENCE,1335.36,1335.36,,,0
CDM,74000010,HC EEG 16/> CH; EA 24 HRS,4254.0,4254.0,,,0
CDM,74000060,HC POLYSOM <6 YRS 4> PARAMETERS,3420.15,3420.15,,,0
CDM,74000061,HC POLYSOM <6 YRS CPAP/BILVL,3883.44,3883.44,,,0
CDM,74000062,"HC SLEEP STUDY - UNATTD, SIMULT REC & SLEEP TIME",408.79,408.79,,,0
CDM,74000063,"HC SLEEP STUDY - UNATTENDED, SIMULTANEOUS  RECORDING",163.51,163.51,,,0
CDM,74000064,HC SLEEP STUDY UNATTENDED & RESP EFFORT,408.79,408.79,,,0
CDM,74000067,HC ELECTROCORTICOGRAM AT SURGERY,6063.62,6063.62,,,0
CDM,74000068,HC EEG CONT REC W/VIDEO BY TECH MIN 8 CHANNELS,122.64,122.64,,,0
CDM,74000069,HC EEG W/O VIDEO BY TECH 2-12 HR UNMONITORED,2030.29,2030.29,,,0
CDM,74000070,HC EEG W/O VIDEO BY TECH 2-12 HR INTERMITTENT MNTR,2030.29,2030.29,,,0
CDM,74000071,HC EEG W/O VIDEO BY TECH 2-12HR CONTINUOUS REAL-TIME MNTR,2030.29,2030.29,,,0
CDM,74000072,HC EEG W/O VID BY TECH EA INCR 12-26HR UNMONITORED,2030.29,2030.29,,,0
CDM,74000073,HC EEG W/O VID BY TECH EA INCR 12-26 HR INTMT MNTR,2030.29,2030.29,,,0
CDM,74000074,HC EEG W/O VID TECH EA INCR 12-26 HR CONT REAL-TIME MNTR,2030.29,2030.29,,,0
CDM,74000075,HC VEEG BY TECH 2-12 HOURS UNMONITORED,2030.29,2030.29,,,0
CDM,74000076,HC VEEG BY TECH 2-12 HR INTERMITTENT MONITORING,2030.29,2030.29,,,0
CDM,74000077,HC VEEG BY TECH 2-12 HR CONTINUOUS REAL-TIME MONITORING,2030.29,2030.29,,,0
CDM,74000078,HC VEEG BY TECH EA INCR 12-26 HR UNMONITORED,2030.29,2030.29,,,0
CDM,74000079,HC VEEG BY TECH EA INCR 12-26 HR INTERMITTENT MNTR,2030.29,2030.29,,,0
CDM,74000080,HC VEEG BY TECH EA INCR 12-26 HR CONT REAL-TIME MNTR,2030.29,2030.29,,,0
CDM,75000001,HC GI STUDIES PRICE PER MINUTE ORC,48.03,48.03,,,0
CDM,75000102,HC ESOPHAGUS MOTILITY STUDY,603.6,603.6,,,0
CDM,75000103,HC GASTROESOPHAGEAL REFLUX TEST,382.8,382.8,,,0
CDM,75000106,HC ANORECTAL MANOMETRY,382.8,382.8,,,0
CDM,76100001,HC COLLECTION OF BLOOD VIA VAD,528.43,528.43,,,0
CDM,76100002,HC COLLECTION OF BLOOD VIA PICC,594.49,594.49,,,0
CDM,76100003,HC DECLOTTING VAD OR CATHETER,660.54,660.54,,,0
CDM,76100030,HC ARTHROCENTESIS MAJOR JOINT OR BURSA,1.0,1.0,,,0
CDM,76100033,HC LARYNGOSCOPY FLEX; DIAGNOSTIC,528.54,528.54,,,0
CDM,76100034,HC LARYNGOSCOPY W/STROBOSCOPY,717.32,717.32,,,0
CDM,76100050,HC HARVEST STEM CELL CONCENTRATE,572.67,572.67,,,0
CDM,76100064,HC ABD PARACENTESIS W/IMAGING,1479.75,1479.75,,,0
CDM,76100108,HC SPINAL PUNCTURE LUMBAR DIAGNOSTIC; W/O IMG,1.0,1.0,,,0
CDM,76100109,HC DRAIN CEREBRO SPINAL FLUID; W/O IMG,1.0,1.0,,,0
CDM,76100113,HC INTRAVITREAL INJECTION OF DRUG,240.11,240.11,,,0
CDM,76100116,HC GI TRACT CAPSULE ENDOSCOPY,1440.63,1440.63,,,0
CDM,76100118,HC THERAPEUTIC APHERESIS,3302.69,3302.69,,,0
CDM,76100150,HC APPLY MULTI-LAYER COMPRESSION LOWER LEG,417.43,417.43,,,0
CDM,76100156,HC ASPIRATE PLEURA W/IMAGING,1479.75,1479.75,,,0
CDM,76100400,HC CHEMODENERV MUSC MIGRAINE,446.25,446.25,,,0
CDM,76100401,"HC PERC VERTEBROPLASTY INJ, CERVICOTHORACIC",411.6,411.6,,,0
CDM,76100402,"HC PERC VERTEBROPLASTY INJ, LUMBOSACRAL",411.6,411.6,,,0
CDM,76100403,"HC PERC VERTEBROPLASTY INJ, EA ADDL",411.6,411.6,,,0
CDM,76100404,"HC PERQ VERTEBRAL AUGMENTATION, THORACIC",411.6,411.6,,,0
CDM,76100405,"HC PERQ VERTEBRAL AUGMENTATION, LUMBAR",411.6,411.6,,,0
CDM,76100407,"HC PERC SACRAL AUGUMENTATION, UNIL INJ",411.6,411.6,,,0
CDM,76100408,"HC PERC SACRAL AUGUMENTATION, BILAT INJ",411.6,411.6,,,0
CDM,76100409,HC DRAIN/INJ MAJOR JOINT/BURSA W/US,1479.75,1479.75,,,0
CDM,76100410,HC MYELOGRAPHY LUMBAR INJECTION; CERVICAL,1183.8,1183.8,,,0
CDM,76100411,HC MYELOGRAPHY LUMBAR INJECTION; THORACIC,1183.8,1183.8,,,0
CDM,76100412,HC MYELOGRAPHY LUMBAR INJECTION; LUMBOSACRAL,1183.8,1183.8,,,0
CDM,76100413,HC MYELOGRAPHY LUMBAR INJECTION; 2 OR MORE REGIONS,1775.7,1775.7,,,0
CDM,76100427,"HC INJECTION FOR CHOLANGIOGRAM, EXISTING ACCESS",591.9,591.9,,,0
CDM,76200001,HC HOSPITAL OBSERVATION SERVICE PER HR,88.31,88.31,,,0
CDM,77100001,"HC IMMUNIZATION ADMIN SQ/IM, SINGLE",20.0,20.0,,,0
CDM,77100002,"HC IMMUNIZATION ADMIN SQ/IM, EA ADDL",10.8,10.8,,,0
CDM,77100003,"HC IMMUNIZATION ADMIN, NASAL/ORAL SINGLE",20.0,20.0,,,0
CDM,77100004,"HC VACCINE ADMINISTRATION, FLU",20.0,20.0,,,0
CDM,77100005,"HC VACCINE ADMINISTRATION, PNEUMONIA",20.0,20.0,,,0
CDM,77100006,"HC VACCINE ADMINISTRATION, HEP B",20.0,20.0,,,0
CDM,77100007,"HC IMMUNIZATION ADMIN, NASAL/ORAL, EA ADDL",10.8,10.8,,,0
CDM,77100008,"HC VACCINE ADMINISTRATION, FLU - NURSE ONLY",30.0,30.0,,,0
CDM,77100009,DEAC 11/01/2023 HC ADM SARSCOV2 30MCG/0.3ML 1ST DOSE,40.0,40.0,,,0
CDM,77100010,DEAC 11/01/2023 HC ADM SARSCOV2 30MCG/0.3ML 2ND DOSE,40.0,40.0,,,0
CDM,77100011,DEAC 11/01/2023 HC ADM SARSCOV2 100MCG/0.5ML 1ST DOSE,40.0,40.0,,,0
CDM,77100012,DEAC 11/01/2023 HC IMMUN ADM SARSCOV2 100MCG/0.5ML 2ND DOSE,40.0,40.0,,,0
CDM,77100013,"DEAC 11/01/2023 HC ADM SARSCOV2 5X1010VP/.5ML, 1ST DOSE",40.0,40.0,,,0
CDM,77100014,"DEAC 11/01/2023 HC ADM SARSCOV2 5X1010VP/.5ML, 2ND DOSE",40.0,40.0,,,0
CDM,77100015,"DEAC 11/01/2023 HC ADM SARSCOV2 VAC AD26 /.5ML, SINGLE DOSE",40.0,40.0,,,0
CDM,77100016,DEAC 11/01/2023 HC ADM SARSCOV2 5 MCG/0.5 ML 1ST DOSE,40.0,40.0,,,0
CDM,77100017,DEAC 11/01/2023 HC ADM SARSCOV2 5 MCG/0.5 ML 2ND DOSE,40.0,40.0,,,0
CDM,77100018,DEAC 11/01/2023 HC ADM SARSCOV2 30MCG/0.3ML 3RD,40.0,40.0,,,0
CDM,77100019,DEAC 11/01/2023 HC IMMUN ADM SARSCOV2 100MCG/0.5ML 3RD DOSE,40.0,40.0,,,0
CDM,77100020,DEAC 11/01/2023 HC ADM SARSCOV2 50MCG/0.25ML; BOOSTER DOSE,40.0,40.0,,,0
CDM,77100021,DEAC 11/01/2023 HC ADM SARSCOV2 30MCG/0.3ML; BOOSTER DOSE,40.0,40.0,,,0
CDM,77100022,DEAC 11/01/2023 HC ADM SARSCOV2 10MCG/0.2 ML; TRIS-SUCROSE FORM; 1ST DOSE,40.0,40.0,,,0
CDM,77100023,DEAC 11/01/2023 HC ADM SARSCOV2 10MCG/0.2 ML; TRIS-SUCROSE FORM; 2ND DOSE,40.0,40.0,,,0
CDM,77100024,DEAC 11/01/2023 HC SARSCOV2 VAC AD26 .5ML BOOSTER,40.0,40.0,,,0
CDM,77100025,"DEAC 4/1/2025 HC TIXAGEVIMAB & CILGAVIMAB, INCL INJ & POST ADMIN MONITORING",148.86,148.86,,,0
CDM,77100026,DEAC 11/01/2023 HC ADM SARSCOV2 30MCG/0.3 ML; TRIS-SUCROSE FORM; 1ST DOSE,40.0,40.0,,,0
CDM,77100027,DEAC 11/01/2023 HC ADM SARSCOV2 30MCG/0.3 ML; TRIS-SUCROSE FORM; 2ND DOSE,40.0,40.0,,,0
CDM,77100028,DEAC 11/01/2023 HC ADM SARSCOV2 30MCG/0.3 ML; TRIS-SUCROSE FORM; 3RD DOSE,40.0,40.0,,,0
CDM,77100029,DEAC 11/01/2023 HC ADM SARSCOV2 30MCG/0.3 ML; TRIS-SUCROSE FORM; BOOSTER,40.0,40.0,,,0
CDM,77100030,"DEAC 4/1/2025 HC IV INFUSION SOTROVIMAB, INCL INFUSION & POST ADMIN MONITORING",445.11,445.11,,,0
CDM,77100031,"DEAC 4/1/2025 HC BEBTELOVIMAB,INCLU INJECTION & POST ADMIN MONITORING",346.69,346.69,,,0
CDM,77100032,DEAC 11/01/2023 HC ADM SARSCOV2 50 MCG/0.5 ML BOOSTER DOSE,40.0,40.0,,,0
CDM,77100033,DEAC 11/01/2023 HC ADM SARSCOV2 10 MCG/0.2 ML TRIS-SUCROSE BOOSTER,40.0,40.0,,,0
CDM,77100034,DEAC 11/01/2023 HC ADM SARSCOV2 3MCG TRS-SUCR-1ST DOSE,40.0,40.0,,,0
CDM,77100035,DEAC 11/01/2023 HC ADM SARSCOV2 3MCG TRS-SUCR-2 DOSE,40.0,40.0,,,0
CDM,77100036,DEAC 11/01/2023 HC ADM SARSCOV2 3MCG TRS-SUCR-3 DOSE,40.0,40.0,,,0
CDM,77100037,DEAC 11/01/2023 HC ADM SARSCOV2 25MCG/0.25ML 1ST DOSE,40.0,40.0,,,0
CDM,77100038,DEAC 11/01/2023 HC ADM SARSCOV2 25MCG/0.25ML 2ND DOSE,40.0,40.0,,,0
CDM,77100039,DEAC 11/01/2023 HC ADM SARSCOV2 50 MCG/0.5 ML 1ST DOSE 6-11,40.0,40.0,,,0
CDM,77100040,DEAC 11/01/2023 HC ADM SARSCOV2 50 MCG/0.5 ML 2ND DOSE 6-11,40.0,40.0,,,0
CDM,77100041,DEAC 11/01/2023 HC ADM SARSCOV2 50 MCG/0.5 ML 3RD DOSE 6-11,40.0,40.0,,,0
CDM,77100043,DEAC 11/01/2023 HC IMM ADM SARSCOV2 25 MCG/0.25 ML 3RD DOSE,40.0,40.0,,,0
CDM,77100044,DEAC 11/01/2023 HC ADM SARSCOV2 10MCG/0.2 TRIS-SUCROSE - 3RD DOSE,40.0,40.0,,,0
CDM,77100045,DEAC 11/01/2023 HC IMM ADMN SARSCOV2 BIVALENT 30 MCG/0.3 ML BOOSTER,40.0,40.0,,,0
CDM,77100046,DEAC 11/01/2023 HC IMM ADMN SARSCOV2 BIVALENT 10 MCG/0.2 ML BOOSTER,40.0,40.0,,,0
CDM,77100047,DEAC 11/01/2023 HC IMM ADMN SARSCOV2 BIVALENT 50 MCG/0.5 ML BOOSTER,40.0,40.0,,,0
CDM,77100048,DEAC 11/01/2023 HC IMM ADMN SARSCOV2 BIVALENT 25 MCG/0.25 ML BOOSTER,40.0,40.0,,,0
CDM,77100049,DEAC 11/01/2023 HC ADMN SARSCOV2 5 MCG/0.5 ML BOOSTER DOSE,40.0,40.0,,,0
CDM,77100050,DEAC 11/01/2023 HC ADMN SARSCOV2 5 MCG/0.5 ML BOOSTER DOSE,40.0,40.0,,,0
CDM,77100051,DEAC 11/01/2023 HC ADMN SARSCOV2 BIVALENT 3 MCG/0.2 ML 3RD DOSE,40.0,40.0,,,0
CDM,77100052,DEAC 11/01/2023 HC ADM SARSCV2 BVL 30MCG/0.3ML 1ST DOSE,40.0,40.0,,,0
CDM,77100053,DEAC 11/01/2023 HC ADM SRSCV2 BVL 25MCG/0.25ML 1ST DOSE,40.0,40.0,,,0
CDM,77100054,DEAC 11/01/2023 HC ADM SRSCV2 BVL 25 MCG/0.25ML 2ND DOSE,40.0,40.0,,,0
CDM,77100055,DEAC 11/01/2023 HC ADM SARSCV2 BVL 10 MCG/0.2ML 1ST DOSE,40.0,40.0,,,0
CDM,77100056,DEAC 11/01/2023 HC ADM SARSCV2 BVL 3 MCG/0.2ML 1ST DOSE,40.0,40.0,,,0
CDM,77100057,DEAC 11/01/2023 HC ADM SARSCV2 BVL 3 MCG/0.2ML 2ND DOSE,40.0,40.0,,,0
CDM,77100058,DEAC 11/01/2023 HC ADMN SARSCOV2 BIVALENT 3 MCG/0.2ML ADDL DOSE,40.0,40.0,,,0
CDM,77100059,"HC IMM ADMN SARSCOV2 VACCINE, SINGLE DOSE",40.0,40.0,,,0
CDM,77100060,HC ADM RSV MONOC ANTB SEASONAL DOS IM CNSL PHY/QHP,40.0,40.0,,,0
CDM,77100061,HC ADM RSV MONOCLONAL ANTB SEASONAL DOSE IM NJX,40.0,40.0,,,0
CDM,78000002,"HC ONLINE ASSESSMENT, QUAL NON MD, EST PT, UP TO 7 DAYS, 5-10 MIN",13.57,13.57,,,0
CDM,78000003,"HC ONLINE ASSESSMENT, QUAL NON MD, EST PT, UP TO 7 DAYS, 11-20 MIN",13.57,13.57,,,0
CDM,78000004,"HC ONLINE ASSESSMENT, QUAL NON MD, EST PT, UP TO 7 DAYS, 21 OR > MIN",27.14,27.14,,,0
CDM,78000005,"DEAC 4/1/2023 HC TELEPHONE ASSESSMENT, NON PHYSICIAN,  5-10 MIN",84.17,84.17,,,0
CDM,78000006,"DEAC 4/1/2023 HC TELEPHONE ASSESSMENT, NON PHYSICIAN,  11-20 MIN",54.67,54.67,,,0
CDM,78000007,"DEAC 4/1/2023 HC TELEPHONE ASSESSMENT, NON PHYSICIAN,  21-30 MIN",56.82,56.82,,,0
CDM,80100001,HC INPATIENT HEMODIALYSIS,1061.25,1061.25,,,0
CDM,80200001,HC INPATIENT PERITONEAL (NON-CAPD),1061.25,1061.25,,,0
CDM,80300001,HC INPATIENT CONTINUOUS AMBULATORY PERITONEAL DIALYSIS (CAPD),1061.25,1061.25,,,0
CDM,80900001,HC OTHER INPATIENT DIALYSIS,1061.25,1061.25,,,0
CDM,82900001,HC EMERGENCY DIALYSIS ESRD PT,1061.25,1061.25,,,0
CDM,90000003,"HC ALCOHOL AND/OR DRUG,  MEDICAL/SOMATIC (AMBULATORY)",594.49,594.49,,,0
CDM,90000010,HC PSYCH DIAGNOSTIC EVALUATION,301.48,301.48,,,0
CDM,90000020,HC PSYCH DIAG EVAL W/MED SRVCS,301.48,301.48,,,0
CDM,90000021,HC PSYCHOTHERAPY CRISIS EA ADDL 30 MIN,97.89,97.89,,,0
CDM,90500001,HC INTENSIVE OUTPATIENT PSYCH PER DAY,578.59,578.59,,,0
CDM,91100001,"HC PSYCHOSOCIAL REHAB SVC, PER DIEM, 2 VISITS/MONTH",386.32,386.32,,,0
CDM,91100002,HC ALCOHOL AND/OR DRUG SCREENING,97.65,97.65,,,0
CDM,91100003,HC PSYCH REHAB  FULL DAY,103.51,103.51,,,0
CDM,91100004,HC PSYCH REHAB  HALF DAY,57.16,57.16,,,0
CDM,91100005,HC PSYCH REHAB ASSESSMENT,700.0,700.0,,,0
CDM,91100006,"HC PSYCHOSOCIAL REHAB SVC, PER DIEM, 5 VISITS/MONTH",794.82,794.82,,,0
CDM,91100007,HC INVESTIGATIVE ASSESSMENT COMPLETION,680.0,680.0,,,0
CDM,91400011,HC PSYCH STATUS REPORT,32.38,32.38,,,0
CDM,91400050,HC PSYCHOTHERAPY PT 30 MINUTES,292.12,292.12,,,0
CDM,91400052,HC PSYCHOTHERAPY PT W/E&M 30 MIN,93.81,93.81,,,0
CDM,91400055,HC PSYCHOTHERAPY PT 45 MINUTES,350.57,350.57,,,0
CDM,91400060,HC PSYCHOTHERAPY PT W/E&M 45 MIN,166.73,166.73,,,0
CDM,91400061,HC PSYCHOTHERAPY PT 60 MINUTES,166.73,166.73,,,0
CDM,91400062,HC PSYCHOTHERAPY PT W/E&M 60 MIN,166.73,166.73,,,0
CDM,91400063,"HC PSYCHOTHERAPY  CRISIS,  INITIAL 60 MIN",187.59,187.59,,,0
CDM,91400064,HC HEALTH BEHAVIOR ASSESSMENT/RE-ASSESSMENT,396.33,396.33,,,0
CDM,91400065,HC HEALTH BEHAVIOR INTERV INDIV FACE TO FACE; 1ST 30 MIN,264.22,264.22,,,0
CDM,91400066,HC HEALTH BEHAVIOR INTERV INDIV FACE TO FACE; EA ADDL 15 MIN,66.05,66.05,,,0
CDM,91500001,HC GROUP PSYCHOTHERAPY,64.81,64.81,,,0
CDM,91500004,HC HEALTH BEHAVIOR INTERV GROUP FACE TO FACE; 1ST 30 MIN,66.05,66.05,,,0
CDM,91500005,HC HEALTH BEHAVIOR INTERV GROUP FACE TO FACE;  EA ADDL 15 MIN,66.05,66.05,,,0
CDM,91600001,HC FAMILY THERAPY W/O PATIENT; 50 MIN,165.03,165.03,,,0
CDM,91600002,HC FAMILY THERAPY W/PATIENT; 50 MIN,233.72,233.72,,,0
CDM,91600005,HC MULTI-FAMILY GROUP THERAPY,140.96,140.96,,,0
CDM,91600006,HC HEALTH BEHAVIOR INTERV FAM W/PT FACE TO FACE;  1ST 30 MIN,264.22,264.22,,,0
CDM,91600007,HC HEALTH BEHAVIOR INTERV FAM W/PT FACE TO FACE; EA ADD 15 MIN,132.11,132.11,,,0
CDM,91600008,HC HEALTH BEHAVIOR INTERV FAM W/O PT FACE TO FACE; 1ST 30 MIN,462.38,462.38,,,0
CDM,91600009,HC HEALTH BEHAVIOR INTERV FAM W/O PT FACE TO FACE; EA ADDL 15,198.16,198.16,,,0
CDM,91700001,HC BIOFEEDBACK TRAINING W/EMG,1277.4,1277.4,,,0
CDM,91700050,HC BIOFEEDBACK TRAINING BY ANY MODALITY,159.02,159.02,,,0
CDM,91700051,HC BFB TRAING W/EMG &/MANOMETRY; 1ST 15 MIN W/PT CONTACT,164.0,164.0,,,0
CDM,91700052,HC BFB TRAING W/EMG&/MANOMETRY; EA ADDL 15 MIN W/PT CONTACT,164.0,164.0,,,0
CDM,91800001,"HC PSYCH TESTING, PER HR, PSYCH",767.04,767.04,,,0
CDM,91800021,"HC PSYCH TESTING EVALUATION PHYSICIAN/HEALTH PROF, FIRST HR",467.47,467.47,,,0
CDM,91800022,"HC PSYCH TESTING EVALUATION  PHYSICIAN/HEALTH PROF, EA ADDL HR",350.57,350.57,,,0
CDM,91800023,"HC PSYCH/NEUROPSYCH TEST, TWO/MORE, FIRST 30 MIN, TECH",383.52,383.52,,,0
CDM,91800024,"HC PSYCH/NEUROPSYCH TEST, TWO/MORE, EA ADDL 30 MIN, TECH",383.52,383.52,,,0
CDM,91800025,"HC PSYCH/NEUROPSYCH TESTING, SINGLE AUTOMATED  RESULT",58.43,58.43,,,0
CDM,91800028,"HC NEUROPSYCH TESTING EVALUATION, PHYS/HEALTH PROF; FIRST HOUR",701.17,701.17,,,0
CDM,91800029,"HC NEUROPSYCH TESTING EVALUATION, PHYS/HEALTH PROF; EA ADDL HR",525.88,525.88,,,0
CDM,91800030,"HC NEUROPSYCH TEST, TWO/MORE, FIRST 30 MIN, PHYS/ HEALTH PROF",409.03,409.03,,,0
CDM,91800031,"HC NEUROPSYCH TEST, TWO/MORE, EA ADDL 30 MINS, PHYS/HEALTH PROF",409.03,409.03,,,0
CDM,91800032,"HC NEUROBEHAVIORAL STATUS EXAM, EA ADDL HR, PHYS/ HEALTH PROF",767.04,767.04,,,0
CDM,91800033,HC BRIEF EMOTIONAL/BEHAVIORAL ASSESSMENT W/SCORING & DOCUMENTATION,58.42,58.42,,,0
CDM,91900001,HC CASE MGMT EACH 15 MIN,172.13,172.13,,,0
CDM,91900002,"HC PT EDUCATION, NOC,  NON-PHYSICIAN, INDIV/SESSION",170.57,170.57,,,0
CDM,91900003,"HC SUPPORT TO MAINTAIN EMPLOYMENT, PER DIEM",554.35,554.35,,,0
CDM,91900004,"HC COORDINATED CARE FEE, RISK ADJ MAINT, LEVEL 4",2854.65,2854.65,,,0
CDM,91900005,"HC COORDINATED CARE FEE, RISK ADJ MAINT, LEVEL 5",2854.65,2854.65,,,0
CDM,91900006,HC COMPREHENSIVE COMMUNITY SUPPORT SVC/DIEM,1.0,1.0,,,0
CDM,91900007,"HC SUPPORTED EMPLOYMENT, PER DIEM",1703.93,1703.93,,,0
CDM,91900008,HC HEALTH HOME INTAKE,127.21,127.21,,,0
CDM,91900009,HC HEALTH HOME MONTHLY,127.21,127.21,,,0
CDM,91900015,HC MH SVC PLAN DEVELOP BY NON-PHYSICIAN,131.35,131.35,,,0
CDM,91900016,HC PRE-VOCATIONAL PRE-PLACEMENT TRAINING,225.0,225.0,,,0
CDM,91900017,HC JOB SHADOW PLACEMENT COACHING,300.0,300.0,,,0
CDM,91900018,HC ON-GOING JOB COACHING EACH 15 MINUTES,17.5,17.5,,,0
CDM,91900019,HC WORK ADJUSTMENT TRAINING PER WEEK,300.0,300.0,,,0
CDM,91900020,HC VIRTUAL WAT (PER PERSON/PER WEEK),110.0,110.0,,,0
CDM,91900021,HC WORK FORCE LITERACY (WEEK/PER STUDENT),400.0,400.0,,,0
CDM,91900022,HC EXPLORE WORKS (PER STUDENT/PER LESSON),50.0,50.0,,,0
CDM,91900023,HC VIRTUAL WORK-BASED LEARNING EXPERIENCE - PER WEEK,138.0,138.0,,,0
CDM,91900024,HC EX-OFFENDER,250.0,250.0,,,0
CDM,91900025,HC RAPID JOB PLACEMENT,300.0,300.0,,,0
CDM,91900026,HC 25% ABOVE MINIMUM WAGE,400.0,400.0,,,0
CDM,91900027,HC SPECIALIZED DISABILITY POPULATIONS,250.0,250.0,,,0
CDM,91900028,HC SPECIALIZED OCCUPATIONAL AREAS - STEM,250.0,250.0,,,0
CDM,91900029,"HC SUPPORTED EMPLOYMENT, PER 15 MINUTES",11.72,11.72,,,0
CDM,92000001,HC DETERMINATION OF REFRACTIVE STATE,50.0,50.0,,,0
CDM,92000002,HC GONIOSCOPY,264.22,264.22,,,0
CDM,92000003,"HC BINOCULAR VISION EXAM, I&R",528.43,528.43,,,0
CDM,92000004,HC ORTHOPTIC TRAINING,660.54,660.54,,,0
CDM,92000005,HC  INTERMEDIATE VISUAL FIELD EXAM,528.43,528.43,,,0
CDM,92000006,"HC EXTENDED, VISUAL FIELD EXAM(S), UNIL OR BIL",726.59,726.59,,,0
CDM,92000007,"HC COMPUTERIZED OPHTHALMIC DIAGNOSTIC IMAGE, POSTERIOR, OPTIC NERVE",264.22,264.22,,,0
CDM,92000008,"HC OPHTHALMOSCOPY EXTENDED, INITIAL",136.36,136.36,,,0
CDM,92000009,"HC OPHTHALMOSCOPY EXTENDED, SUBSEQ",136.36,136.36,,,0
CDM,92000015,HC PM/ICD REMOTE TECH SERV =<90 DAYS,321.44,321.44,,,0
CDM,92000016,HC INTERROGATION VAD IN PERSON,241.09,241.09,,,0
CDM,92000020,HC SLS-EPS; PERIPH NRV; UPPER LIMBS,422.41,422.41,,,0
CDM,92000021,HC SLS-EPS; PERIPH NRV; LOWER LIMBS,408.79,408.79,,,0
CDM,92000022,HC CENTRAL MOTOR EVOKED UPP LIMBS,504.17,504.17,,,0
CDM,92000023,HC CENTRAL MOTOR EVOKED LWR LIMBS,531.41,531.41,,,0
CDM,92000024,HC BLINK TEST,177.14,177.14,,,0
CDM,92000060,HC ANALYZE NEUROSTIM SIMPLE,327.99,327.99,,,0
CDM,92000070,HC IONM IN OPERATNG ROOM 15 MIN,40.88,40.88,,,0
CDM,92000071,HC IONM REMOTE/>1 PT OR PER HR,40.88,40.88,,,0
CDM,92000074,"HC COMPUTERIZED OPHTHALMIC DIAGNOSTIC IMAGE, ANTERIOR  SEGMENT",264.22,264.22,,,0
CDM,92000075,"HC COMPUTERIZED OPHTHALMIC DIAGNOSTIC IMAGE, POSTERIOR, RETINA",330.27,330.27,,,0
CDM,92000076,HC  GLUCOSE MONITORING CONT 72+ HRS - PROVIDED EQUIPMENT,462.38,462.38,,,0
CDM,92000077,HC COMPUTERIZED  CORNEAL TOPOGRAPHY,330.27,330.27,,,0
CDM,92000078,HC OPHTHALMIC BIOMETRY,396.33,396.33,,,0
CDM,92000079,"HC FLUORESCEIN ANGIOGRAPHY, UNIL OR BIIL",264.22,264.22,,,0
CDM,92000080,"HC INDOCYANINE-GREEN ANGIOGRAPHY, UNIL OR BIL",132.11,132.11,,,0
CDM,92000081,HC FUNDUS PHOTOGRAPHY,330.27,330.27,,,0
CDM,92000084,HC SLIT LAMP PHOTOGRAPHY (EXT),396.33,396.33,,,0
CDM,92000085,HC INTERNAL EYE PHOTOGRAPHY,330.27,330.27,,,0
CDM,92000086,HC RX CONTACT; CORNEAL BOTH EYES,109.33,109.33,,,0
CDM,92000090,HC BINOCULAR MICROSCOPY,462.38,462.38,,,0
CDM,92000091,"HC FLUORESCEIN & INDOCYAN ANGIO, SAME ENCOUNTER",396.33,396.33,,,0
CDM,92000097,HC OPSCPY EXTND RTA DRAWING & SCL DEPRSN I&R UNI/BI,198.16,198.16,,,0
CDM,92000098,HC OPSCPY EXTND OPTIC NRV/MACULA DRAWING I&R UNI/BI,132.11,132.11,,,0
CDM,92000099,HC REMOTE INTERROG IMP CARD PHYS MONT SYS UP TO 30 DAYS,321.44,321.44,,,0
CDM,92000100,HC REMOTE INTERROG SUB CARD RHYM MONT SYS UP TO 30 DAYS,321.44,321.44,,,0
CDM,92000103,"HC IMG RETINA DETECT/MONITOR DISEASE: POC AUTO A/R, UNIL/BILAT",132.11,132.11,,,0
CDM,92000108,"HC COMPUTERIZED OPHTHALMIC DIAGNOSTIC IMG, POSTERIOR, RETINA, W/OCTA",726.59,726.59,,,0
CDM,92100001,HC CAROTID DUPLEX SCAN; BILAT,1938.93,1938.93,,,0
CDM,92100002,HC CAROTID DUPLEX SCAN; UNIL/LIMIT,1222.37,1222.37,,,0
CDM,92100003,HC INTRACRANIAL ARTERY DOPPLER; COMPL,2739.79,2739.79,,,0
CDM,92100004,HC INTRACRANIAL ARTERY DOPPLER; LIMITED,1475.28,1475.28,,,0
CDM,92100005,HC UPR/L XTREMITY ART 2 LEVELS,885.16,885.16,,,0
CDM,92100006,HC UPR/LXTR ART STDY 3+ LVLS,1348.82,1348.82,,,0
CDM,92100007,HC LWR XTR VASC STDY BILAT,1728.18,1728.18,,,0
CDM,92100008,HC DUPLEX LE ART/BPG; BILAT,2613.33,2613.33,,,0
CDM,92100009,HC DUPLEX LE ART/BPG; UNIL/LIMIT,1517.42,1517.42,,,0
CDM,92100010,HC DUPLEX UE ART/BPG; BILAT,1981.08,1981.08,,,0
CDM,92100011,HC DUPLEX UE ART/BPG; UNIL/LIMIT,1222.37,1222.37,,,0
CDM,92100012,HC DUPLEX EXT VEINS; BILAT,1938.93,1938.93,,,0
CDM,92100013,HC DUPLEX EXT VEINS; UNIL/LIMIT,1180.22,1180.22,,,0
CDM,92100014,HC DUPLEX ARTERIAL FLOW; COMPL,2655.49,2655.49,,,0
CDM,92100015,HC DUPLEX ARTERIAL FLOW; LIMITED,282.6,282.6,,,0
CDM,92100016,HC DUPLEX A IVC IL/BPG; COMPL,1812.48,1812.48,,,0
CDM,92100017,HC DUPLEX A IVC IL/BPG; UNIL/LIM,1138.07,1138.07,,,0
CDM,92100018,HC DUPLEX FLOW PENILE V; COMPL,716.56,716.56,,,0
CDM,92100019,HC DUPLEX HEMODIALYSIS ACCESS,1601.73,1601.73,,,0
CDM,92200001,HC EMG- ONE EXTREMITY,272.52,272.52,,,0
CDM,92200002,HC EMG-TWO EXTREMITIES,354.28,354.28,,,0
CDM,92200003,HC EMG-THREE EXTREMITIES,449.66,449.66,,,0
CDM,92200004,HC EMG CRANIAL NERVE - UNILAT,204.39,204.39,,,0
CDM,92200005,HC EMG CRANIAL NERVE; BILAT,272.52,272.52,,,0
CDM,92200006,HC EMG THORACIC PARASPINAL,272.52,272.52,,,0
CDM,92200007,HC MUSCLE TEST NONPARASPINAL 1 EXT,272.52,272.52,,,0
CDM,92200008,"HC EMG SNGL FIBER, ANY/ALL SITES",163.51,163.51,,,0
CDM,92200013,HC NEUROMUSC JUNCTION TEST EA NRV,177.14,177.14,,,0
CDM,92200015,HC NERVE CONDUCT STUDIES 1-2,163.51,163.51,,,0
CDM,92200016,HC NERVE CONDUCT STUDIES 3-4,218.02,218.02,,,0
CDM,92200017,HC NERVE CONDUCT STUDIES 5-6,258.89,258.89,,,0
CDM,92200018,HC NERVE CONDUCT STUDIES 7-8,340.65,340.65,,,0
CDM,92200019,HC NERVE CONDUCT STUDIES 9-10,381.53,381.53,,,0
CDM,92200020,HC NERVE CONDUCT STUDIES 11-12,381.53,381.53,,,0
CDM,92200021,HC NERVE CONDUCT STUDIES 13 OR MORE,422.41,422.41,,,0
CDM,92200051,"HC VISUAL EVOKED POTENTIAL, CHECKERBD/FLASH TEST, CNS, EXCEPT GLAUCOMA",422.41,422.41,,,0
CDM,92200052,HC MUSCLE TEST DONE W/NERVE TEST LIMITED,149.88,149.88,,,0
CDM,92200053,HC MUSC TEST DONE W/NERVE TEST COMP,177.14,177.14,,,0
CDM,92200054,HC MUSC TEST DONE W/NERVE TEST NON EXTREMITY,163.51,163.51,,,0
CDM,92200055,HC GUIDE NERVE DESTRUCTION ELECTRICAL STIM,204.39,204.39,,,0
CDM,92200056,HC NEEDLE EMG; FOUR EXTREMITIES,531.41,531.41,,,0
CDM,92200057,HC SOMATOSENSORY TESTING; UPPER & LOWER LIMBS,1130.96,1130.96,,,0
CDM,92200058,HC CENTRAL MOTOR EVOKED UPPER & LOWER LIMBS,1471.62,1471.62,,,0
CDM,92400001,HC PERCUTANEOUS ALLEGY SKIN TEST W/EXTRACT,66.05,66.05,,,0
CDM,92400010,HC PERQ & ICUT ALLG TEST VENOMS,132.11,132.11,,,0
CDM,92400015,HC PERQ&IC ALLG TEST DRUGS/BIOL,330.27,330.27,,,0
CDM,92400020,HC INGEST CHALLENGE INIITIAL 120 MIN,1255.02,1255.02,,,0
CDM,92400025,HC INGEST CHALLENGE ADDL 60 MIN,660.54,660.54,,,0
CDM,92400026,HC  PATCH OR APPLICATION TEST(S),66.05,66.05,,,0
CDM,92400027,HC OPHTHALMIC MUCOUS MEMBRANE TESTS,218.67,218.67,,,0
CDM,92400029,"HC RAPID DESENSITIZATION, EACH HOUR",1255.02,1255.02,,,0
CDM,94000001,"HC ALLERGEN IMMUNOTHERAPY, SINGLE INJ",20.0,20.0,,,0
CDM,94000003,HC PHOTOCHEMOTHERAPY UVB,150.0,150.0,,,0
CDM,94000004,HC PHOTOCHEMOTHERAPY PUVA,144.0,144.0,,,0
CDM,94000005,DEAC 7/1/2018 HCCPR PER 15 MIN,33.3,33.3,,,0
CDM,94000010,HC CONTACT LENS FITTING FOR TX,264.22,264.22,,,0
CDM,94000011,HC IMMUNOTHERAPY 2+ INJECTIONS,40.0,40.0,,,0
CDM,94000012,HC CPR PER SESSION,309.36,309.36,,,0
CDM,94030001,HC PHLEBOTOMY THERAPEUTIC,104.67,104.67,,,0
CDM,94090002,HC PULMONARY REHAB MAINTENANCE PER MONTH,60.0,60.0,,,0
CDM,94090003,HC PULMONARY REHAB MAINTENANCE PER HALF MONTH,30.0,30.0,,,0
CDM,94200001,"HC MNT, INDIV, EA 15 MIN, INITIAL ASSESSMENT",155.3,155.3,,,0
CDM,94200002,"HC MNT, INDIV, EA 15 MIN, RE-ASSESSMENT",75.0,75.0,,,0
CDM,94200003,"DEAC 03/31/2022 HC DIABETES SELF MGMT, INDIV, EA 30 MIN",150.0,150.0,,,0
CDM,94200005,"HC MNT, INDIV, EA 15 MIN, RE-ASSESS, 2ND REF",75.0,75.0,,,0
CDM,94200025,DEAC 01/31/2022 HC DM OP SMT GRP PER 30 MIN,136.23,136.23,,,0
CDM,94200051,"HC MEDICAL NUTRITION THERAPY, GROUP, EA 30 MIN",100.0,100.0,,,0
CDM,94200052,"HC SELF-MGMT EDUCATION & TRAIN, INDIV PT, EA 30 MINS",462.38,462.38,,,0
CDM,94200053,"HC SELF-MGMT EDUC/TRAIN, 2-4 PT, EA 30 MIN",132.11,132.11,,,0
CDM,94200054,"HC SELF-MGMT EDUC/TRAIN, 5-8 PT, EA 30 MIN",132.11,132.11,,,0
CDM,94200055,HC SMOKING/TOBACCO CESSATION COUNSELING; GREATER THAN 3 UP TO 10 MIN,38.67,38.67,,,0
CDM,94200056,HC SMOKING/TOBACCO CESSATION COUNSELING; GREATER THAN 10 MIN,77.35,77.35,,,0
CDM,94200057,"HC CAREGIVER TRAINING, FUNCT PERF, FACE TO FACE, INIT 30 MIN",119.27,119.27,,,0
CDM,94200058,"HC CAREGIVER TRAINING, FUNCT PERF, FACE TO FACE, EA ADDT'L 15 MIN",39.76,39.76,,,0
CDM,94200059,"HC GROUP CAREGIVER TRAINING, FUNCT PERF, FACE TO FACE, MULT SETS",75.51,75.51,,,0
CDM,94200061,"HC CAREGIVER TRAINING, SUPPORT CARE, FACE TO FACE, INIT 30 MIN",119.27,119.27,,,0
CDM,94200062,"HC CAREGIVER TRAINING, SUPPORT CARE, FACE TO FACE, EA ADDT'L 15 MIN",28.79,28.79,,,0
CDM,94200063,"HC GROUP CAREGIVER TRAINING, SUPPORT CARE, FACE TO FACE, MULT SETS",57.57,57.57,,,0
CDM,94300003,HC CARDIAC REHAB; W CONT ECG,140.0,140.0,,,0
CDM,94300006,"HC PERIPHER ARTERY DISEASE (PAD) REHAB, PER SESS",264.22,264.22,,,0
CDM,94390002,HC CARDIAC REHAB MAINT PER MONTH,60.0,60.0,,,0
CDM,94390005,HC CARDIAC REHAB MAINT PER HALF MONTH,30.0,30.0,,,0
CDM,94400001,HC ALCOHOL OR DRUG ASSESSMENT,412.06,412.06,,,0
CDM,94400002,HC BEHAVIORAL HEALTH COUNSELING &THERAPY PER 15 MINS,198.16,198.16,,,0
CDM,94400003,HC ALCOHOL/DRUG GROUP COUNSELING,132.11,132.11,,,0
CDM,94400004,"HC METHADONE TREATMENT, WEEKLY",309.04,309.04,,,0
CDM,94400005,HC ALCOHOL/DRUG INTENSIVE OP >3 HR/3 DAYS,396.33,396.33,,,0
CDM,94400006,HC MENTAL HEALTH ASSESSMENT NON PHYS,172.13,172.13,,,0
CDM,94400007,HC ASSERTIVE COMMUNITY TX PGM PER DIEM,1019.98,1019.98,,,0
CDM,94400011,"HC ALCOHOL AND/OR OTHER DRUG ABUSE SERVICES, NOS",309.04,309.04,,,0
CDM,94400014,"HC MEDICATION ASSISTED TREATMENT, METHADONE; WEEKLY BUNDLE",309.04,309.04,,,0
CDM,94400015,"HC MEDICATION ASSISTED TREATMENT, BUPRENORPHINE(ORAL); WEEKLY BUNDLE",309.04,309.04,,,0
CDM,94400016,"HC INTAKE ACTIVITIES, INCLUDING MEDICAL EXAM",412.06,412.06,,,0
CDM,94800001,"DEAC 1/1/2022 HC PULMONARY REHAB, 1 HR, PER SESSION",404.88,404.88,,,0
CDM,94800002,HC PULMONARY REHAB MAINTENANCE - HALF MONTH,31.77,31.77,,,0
CDM,94800003,"HC PHYS/QHP SVCS OP PULM REHAB WO CONT OXIMTRY MNTR, PER SESSION",427.38,427.38,,,0
CDM,99000017,HC DORS NOC,100.0,100.0,,,0
CDM,99000019,HC NO SHOW INVESTIGATIVE ASSESSMENT,170.0,170.0,,,0
CDM,99099999,HC JSR TEST EXPLODE,0.01,0.01,,,0
MS-DRG,1,Heart Transplant Or Implant Of Heart Assist System With Mcc,,,,,0
MS-DRG,10,Pancreas Transplant,,,,,0
MS-DRG,100,Seizures With Mcc,,,,,0
MS-DRG,101,Seizures Without Mcc,,,,,0
MS-DRG,102,Headaches With Mcc,,,,,0
MS-DRG,103,Headaches Without Mcc,,,,,0
MS-DRG,104,Cardiac Valve & Oth Major Cardiothoracic Proc w Cardiac Cath,,,,,0
MS-DRG,105,Cardiac Valve & Oth Major Cardiothoracic Proc w/o Cardiac Cath,,,,,0
MS-DRG,106,Coronary Bypass w PTCA,,,,,0
MS-DRG,107,No Longer Valid,,,,,0
MS-DRG,108,Other Cardiothoracic Procedures,,,,,0
MS-DRG,109,No Longer Valid,,,,,0
MS-DRG,11,"Tracheostomy For Face, Mouth And Neck Diagnoses Or Laryngectomy With Mcc",,,,,0
MS-DRG,110,Major Cardiovascular Procedures w CC,,,,,0
MS-DRG,111,Major Cardiovascular Procedures w/o CC,,,,,0
MS-DRG,112,No Longer Valid,,,,,0
MS-DRG,113,Orbital Procedures With Cc/Mcc,,,,,0
MS-DRG,114,Orbital Procedures Without Cc/Mcc,,,,,0
MS-DRG,115,Extraocular Procedures Except Orbit,,,,,0
MS-DRG,116,Intraocular Procedures With Cc/Mcc,,,,,0
MS-DRG,117,Intraocular Procedures Without Cc/Mcc,,,,,0
MS-DRG,118,Cardiac Pacemaker Device Replacement,,,,,0
MS-DRG,119,Vein ligation & stripping,,,,,0
MS-DRG,12,"Tracheostomy For Face, Mouth And Neck Diagnoses Or Laryngectomy With Cc",,,,,0
MS-DRG,120,Other circulatory system O.R. procedures,,,,,0
MS-DRG,121,Acute Major Eye Infections With Cc/Mcc,,,,,0
MS-DRG,122,Acute Major Eye Infections Without Cc/Mcc,,,,,0
MS-DRG,123,Neurological Eye Disorders,,,,,0
MS-DRG,124,Other Disorders Of The Eye With Mcc Or Thrombolytic Agent,,,,,0
MS-DRG,125,Other Disorders Of The Eye Without Mcc,,,,,0
MS-DRG,126,Acute & Subacute Endocarditis,,,,,0
MS-DRG,127,Heart Failure & Shock,,,,,0
MS-DRG,128,Deep Vein Thrombophlebitis,,,,,0
MS-DRG,129,Major Head & Neck Procedures W Cc/Mcc Or Major Device,,,,,0
MS-DRG,13,"Tracheostomy For Face, Mouth And Neck Diagnoses Or Laryngectomy Without Cc/Mcc",,,,,0
MS-DRG,130,Major Head & Neck Procedures W/O Cc/Mcc,,,,,0
MS-DRG,131,Cranial/Facial Procedures W Cc/Mcc,,,,,0
MS-DRG,132,Cranial/Facial Procedures W/O Cc/Mcc,,,,,0
MS-DRG,133,"Other Ear, Nose, Mouth & Throat O.R. Procedures W Cc/Mcc",,,,,0
MS-DRG,134,"Other Ear, Nose, Mouth & Throat O.R. Procedures W/O Cc/Mcc",,,,,0
MS-DRG,135,Sinus And Mastoid Procedures With Cc/Mcc,,,,,0
MS-DRG,136,Sinus And Mastoid Procedures Without Cc/Mcc,,,,,0
MS-DRG,137,Mouth Procedures With Cc/Mcc,,,,,0
MS-DRG,138,Mouth Procedures Without Cc/Mcc,,,,,0
MS-DRG,139,Salivary Gland Procedures,,,,,0
MS-DRG,14,Allogeneic Bone Marrow Transplant,,,,,0
MS-DRG,140,Major Head And Neck Procedures With Mcc,,,,,0
MS-DRG,141,Major Head And Neck Procedures With Cc,,,,,0
MS-DRG,142,Major Head And Neck Procedures Without Cc/Mcc,,,,,0
MS-DRG,143,"Other Ear, Nose, Mouth And Throat O.R. Procedures With Mcc",,,,,0
MS-DRG,144,"Other Ear, Nose, Mouth And Throat O.R. Procedures With Cc",,,,,0
MS-DRG,145,"Other Ear, Nose, Mouth And Throat O.R. Procedures Without Cc/Mcc",,,,,0
MS-DRG,146,"Ear, Nose, Mouth And Throat Malignancy With Mcc",,,,,0
MS-DRG,147,"Ear, Nose, Mouth And Throat Malignancy With Cc",,,,,0
MS-DRG,148,"Ear, Nose, Mouth And Throat Malignancy Without Cc/Mcc",,,,,0
MS-DRG,149,Dysequilibrium,,,,,0
MS-DRG,150,Epistaxis With Mcc,,,,,0
MS-DRG,151,Epistaxis Without Mcc,,,,,0
MS-DRG,152,Otitis Media And Uri With Mcc,,,,,0
MS-DRG,153,Otitis Media And Uri Without Mcc,,,,,0
MS-DRG,154,"Other Ear, Nose, Mouth And Throat Diagnoses With Mcc",,,,,0
MS-DRG,155,"Other Ear, Nose, Mouth And Throat Diagnoses With Cc",,,,,0
MS-DRG,156,"Other Ear, Nose, Mouth And Throat Diagnoses Without Cc/Mcc",,,,,0
MS-DRG,157,Dental And Oral Diseases With Mcc,,,,,0
MS-DRG,158,Dental And Oral Diseases With Cc,,,,,0
MS-DRG,159,Dental And Oral Diseases Without Cc/Mcc,,,,,0
MS-DRG,16,Autologous Bone Marrow Transplant With Cc/Mcc,,,,,0
MS-DRG,160,Hernia Procedures Except Inguinal & Femoral Age >17 w/o CC,,,,,0
MS-DRG,161,Inguinal & Femoral Hernia Procedures Age >17 w CC,,,,,0
MS-DRG,162,Inguinal & Femoral Hernia Procedures Age >17 w/o CC,,,,,0
MS-DRG,163,Major Chest Procedures With Mcc,,,,,0
MS-DRG,164,Major Chest Procedures With Cc,,,,,0
MS-DRG,165,Major Chest Procedures Without Cc/Mcc,,,,,0
MS-DRG,166,Other Respiratory System O.R. Procedures With Mcc,,,,,0
MS-DRG,167,Other Respiratory System O.R. Procedures With Cc,,,,,0
MS-DRG,168,Other Respiratory System O.R. Procedures Without Cc/Mcc,,,,,0
MS-DRG,169,Mouth Procedures w/o CC,,,,,0
MS-DRG,17,Autologous Bone Marrow Transplant Without Cc/Mcc,,,,,0
MS-DRG,171,Other Digestive System O.R. Procedures w/o CC,,,,,0
MS-DRG,173,Ultrasound Accelerated And Other Thrombolysis With Principal Diagnosis Pulmonary Embolism,,,,,0
MS-DRG,174,G.I. hemorrhage w CC,,,,,0
MS-DRG,175,Pulmonary Embolism With Mcc Or Acute Cor Pulmonale,,,,,0
MS-DRG,176,Pulmonary Embolism Without Mcc,,,,,0
MS-DRG,177,Respiratory Infections And Inflammations With Mcc,,,,,0
MS-DRG,178,Respiratory Infections And Inflammations With Cc,,,,,0
MS-DRG,179,Respiratory Infections And Inflammations Without Cc/Mcc,,,,,0
MS-DRG,18,Chimeric Antigen Receptor (Car) T-Cell And Other Immunotherapies,,,,,0
MS-DRG,180,Respiratory Neoplasms With Mcc,,,,,0
MS-DRG,181,Respiratory Neoplasms With Cc,,,,,0
MS-DRG,182,Respiratory Neoplasms Without Cc/Mcc,,,,,0
MS-DRG,183,Major Chest Trauma With Mcc,,,,,0
MS-DRG,184,Major Chest Trauma With Cc,,,,,0
MS-DRG,185,Major Chest Trauma Without Cc/Mcc,,,,,0
MS-DRG,186,Pleural Effusion With Mcc,,,,,0
MS-DRG,187,Pleural Effusion With Cc,,,,,0
MS-DRG,188,Pleural Effusion Without Cc/Mcc,,,,,0
MS-DRG,189,Pulmonary Edema And Respiratory Failure,,,,,0
MS-DRG,19,Simultaneous Pancreas And Kidney Transplant With Hemodialysis,,,,,0
MS-DRG,190,Chronic Obstructive Pulmonary Disease With Mcc,,,,,0
MS-DRG,191,Chronic Obstructive Pulmonary Disease With Cc,,,,,0
MS-DRG,192,Chronic Obstructive Pulmonary Disease Without Cc/Mcc,,,,,0
MS-DRG,193,Simple Pneumonia And Pleurisy With Mcc,,,,,0
MS-DRG,194,Simple Pneumonia And Pleurisy With Cc,,,,,0
MS-DRG,195,Simple Pneumonia And Pleurisy Without Cc/Mcc,,,,,0
MS-DRG,196,Interstitial Lung Disease With Mcc,,,,,0
MS-DRG,197,Interstitial Lung Disease With Cc,,,,,0
MS-DRG,198,Interstitial Lung Disease Without Cc/Mcc,,,,,0
MS-DRG,199,Pneumothorax With Mcc,,,,,0
MS-DRG,2,Heart Transplant Or Implant Of Heart Assist System Without Mcc,,,,,0
MS-DRG,20,Intracranial Vascular Procedures With Principal Diagnosis Hemorrhage With Mcc,,,,,0
MS-DRG,200,Pneumothorax With Cc,,,,,0
MS-DRG,201,Pneumothorax Without Cc/Mcc,,,,,0
MS-DRG,202,Bronchitis And Asthma With Cc/Mcc,,,,,0
MS-DRG,203,Bronchitis And Asthma Without Cc/Mcc,,,,,0
MS-DRG,204,Respiratory Signs And Symptoms,,,,,0
MS-DRG,205,Other Respiratory System Diagnoses With Mcc,,,,,0
MS-DRG,206,Other Respiratory System Diagnoses Without Mcc,,,,,0
MS-DRG,207,Respiratory System Diagnosis With Ventilator Support >96 Hours,,,,,0
MS-DRG,208,Respiratory System Diagnosis With Ventilator Support <=96 Hours,,,,,0
MS-DRG,209,Complex Aortic Arch Procedures,,,,,0
MS-DRG,21,Intracranial Vascular Procedures With Principal Diagnosis Hemorrhage With Cc,,,,,0
MS-DRG,210,Hip & Femur Procedures Except Major Joint Age >17 w CC,,,,,0
MS-DRG,211,Hip & Femur Procedures Except Major Joint Age >17 w/o CC,,,,,0
MS-DRG,212,Concomitant Aortic And Mitral Valve Procedures,,,,,0
MS-DRG,213,Endovascular Abdominal Aorta With Iliac Branch Procedures,,,,,0
MS-DRG,214,No Longer Valid,,,,,0
MS-DRG,215,Other Heart Assist System Implant,,,,,0
MS-DRG,216,Cardiac Valve And Other Major Cardiothoracic Procedures With Cardiac Catheterization With Mcc,,,,,0
MS-DRG,217,Cardiac Valve And Other Major Cardiothoracic Procedures With Cardiac Catheterization With Cc,,,,,0
MS-DRG,218,Cardiac Valve And Other Major Cardiothoracic Procedures With Cardiac Catheterization Without Cc/Mcc,,,,,0
MS-DRG,219,Cardiac Valve And Other Major Cardiothoracic Procedures Without Cardiac Catheterization With Mcc,,,,,0
MS-DRG,22,Intracranial Vascular Procedures With Principal Diagnosis Hemorrhage Without Cc/Mcc,,,,,0
MS-DRG,220,Cardiac Valve And Other Major Cardiothoracic Procedures Without Cardiac Catheterization With Cc,,,,,0
MS-DRG,221,Cardiac Valve And Other Major Cardiothoracic Procedures Without Cardiac Catheterization Without Cc/M,,,,,0
MS-DRG,222,"Cardiac Defibrillator Implant With Cardiac Catheterization With Ami, Hf Or Shock With Mcc",,,,,0
MS-DRG,223,"Cardiac Defibrillator Implant With Cardiac Catheterization With Ami, Hf Or Shock Without Mcc",,,,,0
MS-DRG,224,"Cardiac Defibrillator Implant With Cardiac Catheterization Without Ami, Hf Or Shock With Mcc",,,,,0
MS-DRG,225,"Cardiac Defibrillator Implant With Cardiac Catheterization Without Ami, Hf Or Shock Without Mcc",,,,,0
MS-DRG,226,Cardiac Defibrillator Implant Without Cardiac Catheterization With Mcc,,,,,0
MS-DRG,227,Cardiac Defibrillator Implant Without Cardiac Catheterization Without Mcc,,,,,0
MS-DRG,228,Other Cardiothoracic Procedures With Mcc,,,,,0
MS-DRG,229,Other Cardiothoracic Procedures Without Mcc,,,,,0
MS-DRG,23,Craniotomy With Major Device Implant Or Acute Complex Cns Principal Diagnosis With Mcc Or Antineopla,,,,,0
MS-DRG,230,Other cardiothoracic procedures w/o CC/MCC,,,,,0
MS-DRG,231,Coronary Bypass With Ptca With Mcc,,,,,0
MS-DRG,232,Coronary Bypass With Ptca Without Mcc,,,,,0
MS-DRG,233,Coronary Bypass With Cardiac Catheterization Or Open Ablation With Mcc,,,,,0
MS-DRG,234,Coronary Bypass With Cardiac Catheterization Or Open Ablation Without Mcc,,,,,0
MS-DRG,235,Coronary Bypass Without Cardiac Catheterization With Mcc,,,,,0
MS-DRG,236,Coronary Bypass Without Cardiac Catheterization Without Mcc,,,,,0
MS-DRG,237,Major cardiovasc procedures w MCC,,,,,0
MS-DRG,238,Major cardiovasc procedures w/o MCC,,,,,0
MS-DRG,239,Amputation For Circulatory System Disorders Except Upper Limb And Toe With Mcc,,,,,0
MS-DRG,24,Craniotomy With Major Device Implant Or Acute Complex Cns Principal Diagnosis Without Mcc,,,,,0
MS-DRG,240,Amputation For Circulatory System Disorders Except Upper Limb And Toe With Cc,,,,,0
MS-DRG,241,Amputation For Circulatory System Disorders Except Upper Limb And Toe Without Cc/Mcc,,,,,0
MS-DRG,242,Permanent Cardiac Pacemaker Implant With Mcc,,,,,0
MS-DRG,243,Permanent Cardiac Pacemaker Implant With Cc,,,,,0
MS-DRG,244,Permanent Cardiac Pacemaker Implant Without Cc/Mcc,,,,,0
MS-DRG,245,Aicd Generator Procedures,,,,,0
MS-DRG,246,Percutaneous Cardiovascular Procedures With Drug-Eluting Stent With Mcc Or 4+ Arteries Or Stents,,,,,0
MS-DRG,247,Percutaneous Cardiovascular Procedures With Drug-Eluting Stent Without Mcc,,,,,0
MS-DRG,248,Percutaneous Cardiovascular Procedures With Non-Drug-Eluting Stent With Mcc Or 4+ Arteries Or Stents,,,,,0
MS-DRG,249,Percutaneous Cardiovascular Procedures With Non-Drug-Eluting Stent Without Mcc,,,,,0
MS-DRG,25,Craniotomy And Endovascular Intracranial Procedures With Mcc,,,,,0
MS-DRG,250,Percutaneous Cardiovascular Procedures Without Intraluminal Device With Mcc,,,,,0
MS-DRG,251,Percutaneous Cardiovascular Procedures Without Intraluminal Device Without Mcc,,,,,0
MS-DRG,252,Other Vascular Procedures With Mcc,,,,,0
MS-DRG,253,Other Vascular Procedures With Cc,,,,,0
MS-DRG,254,Other Vascular Procedures Without Cc/Mcc,,,,,0
MS-DRG,255,Upper Limb And Toe Amputation For Circulatory System Disorders With Mcc,,,,,0
MS-DRG,256,Upper Limb And Toe Amputation For Circulatory System Disorders With Cc,,,,,0
MS-DRG,257,Upper Limb And Toe Amputation For Circulatory System Disorders Without Cc/Mcc,,,,,0
MS-DRG,258,Cardiac Pacemaker Device Replacement With Mcc,,,,,0
MS-DRG,259,Cardiac Pacemaker Device Replacement Without Mcc,,,,,0
MS-DRG,26,Craniotomy And Endovascular Intracranial Procedures With Cc,,,,,0
MS-DRG,260,Cardiac Pacemaker Revision Except Device Replacement With Mcc,,,,,0
MS-DRG,261,Cardiac Pacemaker Revision Except Device Replacement With Cc,,,,,0
MS-DRG,262,Cardiac Pacemaker Revision Except Device Replacement Without Cc/Mcc,,,,,0
MS-DRG,263,Vein Ligation And Stripping,,,,,0
MS-DRG,264,Other Circulatory System O.R. Procedures,,,,,0
MS-DRG,265,Aicd Lead Procedures,,,,,0
MS-DRG,266,Endovascular Cardiac Valve Replacement And Supplement Procedures With Mcc,,,,,0
MS-DRG,267,Endovascular Cardiac Valve Replacement And Supplement Procedures Without Mcc,,,,,0
MS-DRG,268,Aortic And Heart Assist Procedures Except Pulsation Balloon With Mcc,,,,,0
MS-DRG,269,Aortic And Heart Assist Procedures Except Pulsation Balloon Without Mcc,,,,,0
MS-DRG,27,Craniotomy And Endovascular Intracranial Procedures Without Cc/Mcc,,,,,0
MS-DRG,270,Other Major Cardiovascular Procedures With Mcc,,,,,0
MS-DRG,271,Other Major Cardiovascular Procedures With Cc,,,,,0
MS-DRG,272,Other Major Cardiovascular Procedures Without Cc/Mcc,,,,,0
MS-DRG,273,Percutaneous And Other Intracardiac Procedures With Mcc,,,,,0
MS-DRG,274,Percutaneous And Other Intracardiac Procedures Without Mcc,,,,,0
MS-DRG,275,Cardiac Defibrillator Implant With Cardiac Catheterization And Mcc,,,,,0
MS-DRG,276,Cardiac Defibrillator Implant With Mcc Or Carotid Sinus Neurostimulator,,,,,0
MS-DRG,277,Cardiac Defibrillator Implant Without Mcc,,,,,0
MS-DRG,278,Ultrasound Accelerated And Other Thrombolysis Of Peripheral Vascular Structures With Mcc,,,,,0
MS-DRG,279,Ultrasound Accelerated And Other Thrombolysis Of Peripheral Vascular Structures Without Mcc,,,,,0
MS-DRG,28,Spinal Procedures With Mcc,,,,,0
MS-DRG,280,"Acute Myocardial Infarction, Discharged Alive With Mcc",,,,,0
MS-DRG,281,"Acute Myocardial Infarction, Discharged Alive With Cc",,,,,0
MS-DRG,282,"Acute Myocardial Infarction, Discharged Alive Without Cc/Mcc",,,,,0
MS-DRG,283,"Acute Myocardial Infarction, Expired With Mcc",,,,,0
MS-DRG,284,"Acute Myocardial Infarction, Expired With Cc",,,,,0
MS-DRG,285,"Acute Myocardial Infarction, Expired Without Cc/Mcc",,,,,0
MS-DRG,286,"Circulatory Disorders Except Ami, With Cardiac Catheterization With Mcc",,,,,0
MS-DRG,287,"Circulatory Disorders Except Ami, With Cardiac Catheterization Without Mcc",,,,,0
MS-DRG,288,Acute And Subacute Endocarditis With Mcc,,,,,0
MS-DRG,289,Acute And Subacute Endocarditis With Cc,,,,,0
MS-DRG,29,Spinal Procedures With Cc Or Spinal Neurostimulators,,,,,0
MS-DRG,290,Acute And Subacute Endocarditis Without Cc/Mcc,,,,,0
MS-DRG,291,Heart Failure And Shock With Mcc,,,,,0
MS-DRG,292,Heart Failure And Shock With Cc,,,,,0
MS-DRG,293,Heart Failure And Shock Without Cc/Mcc,,,,,0
MS-DRG,294,Deep Vein Thrombophlebitis With Cc/Mcc,,,,,0
MS-DRG,295,Deep Vein Thrombophlebitis Without Cc/Mcc,,,,,0
MS-DRG,296,"Cardiac Arrest, Unexplained With Mcc",,,,,0
MS-DRG,297,"Cardiac Arrest, Unexplained With Cc",,,,,0
MS-DRG,298,"Cardiac Arrest, Unexplained Without Cc/Mcc",,,,,0
MS-DRG,299,Peripheral Vascular Disorders With Mcc,,,,,0
MS-DRG,3,"Ecmo Or Tracheostomy With Mv >96 Hours Or Principal Diagnosis Except Face, Mouth And Neck With Major",,,,,0
MS-DRG,30,Spinal Procedures Without Cc/Mcc,,,,,0
MS-DRG,300,Peripheral Vascular Disorders With Cc,,,,,0
MS-DRG,301,Peripheral Vascular Disorders Without Cc/Mcc,,,,,0
MS-DRG,302,Atherosclerosis With Mcc,,,,,0
MS-DRG,303,Atherosclerosis Without Mcc,,,,,0
MS-DRG,304,Hypertension With Mcc,,,,,0
MS-DRG,305,Hypertension Without Mcc,,,,,0
MS-DRG,306,Cardiac Congenital And Valvular Disorders With Mcc,,,,,0
MS-DRG,307,Cardiac Congenital And Valvular Disorders Without Mcc,,,,,0
MS-DRG,308,Cardiac Arrhythmia And Conduction Disorders With Mcc,,,,,0
MS-DRG,309,Cardiac Arrhythmia And Conduction Disorders With Cc,,,,,0
MS-DRG,31,Ventricular Shunt Procedures With Mcc,,,,,0
MS-DRG,310,Cardiac Arrhythmia And Conduction Disorders Without Cc/Mcc,,,,,0
MS-DRG,311,Angina Pectoris,,,,,0
MS-DRG,312,Syncope And Collapse,,,,,0
MS-DRG,313,Chest Pain,,,,,0
MS-DRG,314,Other Circulatory System Diagnoses With Mcc,,,,,0
MS-DRG,315,Other Circulatory System Diagnoses With Cc,,,,,0
MS-DRG,316,Other Circulatory System Diagnoses Without Cc/Mcc,,,,,0
MS-DRG,317,Concomitant Left Atrial Appendage Closure And Cardiac Ablation,,,,,0
MS-DRG,318,Percutaneous Coronary Atherectomy Without Intraluminal Device,,,,,0
MS-DRG,319,Other Endovascular Cardiac Valve Procedures With Mcc,,,,,0
MS-DRG,32,Ventricular Shunt Procedures With Cc,,,,,0
MS-DRG,320,Other Endovascular Cardiac Valve Procedures Without Mcc,,,,,0
MS-DRG,321,Percutaneous Cardiovascular Procedures With Intraluminal Device With Mcc Or 4+ Arteries/Intraluminal,,,,,0
MS-DRG,322,Percutaneous Cardiovascular Procedures With Intraluminal Device Without Mcc,,,,,0
MS-DRG,323,Coronary Intravascular Lithotripsy With Intraluminal Device With Mcc,,,,,0
MS-DRG,324,Coronary Intravascular Lithotripsy With Intraluminal Device Without Mcc,,,,,0
MS-DRG,325,Coronary Intravascular Lithotripsy Without Intraluminal Device,,,,,0
MS-DRG,326,"Stomach, Esophageal And Duodenal Procedures With Mcc",,,,,0
MS-DRG,327,"Stomach, Esophageal And Duodenal Procedures With Cc",,,,,0
MS-DRG,328,"Stomach, Esophageal And Duodenal Procedures Without Cc/Mcc",,,,,0
MS-DRG,329,Major Small And Large Bowel Procedures With Mcc,,,,,0
MS-DRG,33,Ventricular Shunt Procedures Without Cc/Mcc,,,,,0
MS-DRG,330,Major Small And Large Bowel Procedures With Cc,,,,,0
MS-DRG,331,Major Small And Large Bowel Procedures Without Cc/Mcc,,,,,0
MS-DRG,332,Rectal Resection With Mcc,,,,,0
MS-DRG,333,Rectal Resection With Cc,,,,,0
MS-DRG,334,Rectal Resection Without Cc/Mcc,,,,,0
MS-DRG,335,Peritoneal Adhesiolysis With Mcc,,,,,0
MS-DRG,336,Peritoneal Adhesiolysis With Cc,,,,,0
MS-DRG,337,Peritoneal Adhesiolysis Without Cc/Mcc,,,,,0
MS-DRG,338,Appendectomy With Complicated Principal Diagnosis With Mcc,,,,,0
MS-DRG,339,Appendectomy With Complicated Principal Diagnosis With Cc,,,,,0
MS-DRG,34,Carotid Artery Stent Procedures With Mcc,,,,,0
MS-DRG,340,Appendectomy With Complicated Principal Diagnosis Without Cc/Mcc,,,,,0
MS-DRG,341,Appendectomy Without Complicated Principal Diagnosis With Mcc,,,,,0
MS-DRG,342,Appendectomy Without Complicated Principal Diagnosis With Cc,,,,,0
MS-DRG,343,Appendectomy Without Complicated Principal Diagnosis Without Cc/Mcc,,,,,0
MS-DRG,344,Minor Small And Large Bowel Procedures With Mcc,,,,,0
MS-DRG,345,Minor Small And Large Bowel Procedures With Cc,,,,,0
MS-DRG,346,Minor Small And Large Bowel Procedures Without Cc/Mcc,,,,,0
MS-DRG,347,Anal And Stomal Procedures With Mcc,,,,,0
MS-DRG,348,Anal And Stomal Procedures With Cc,,,,,0
MS-DRG,349,Anal And Stomal Procedures Without Cc/Mcc,,,,,0
MS-DRG,35,Carotid Artery Stent Procedures With Cc,,,,,0
MS-DRG,350,Inguinal And Femoral Hernia Procedures With Mcc,,,,,0
MS-DRG,351,Inguinal And Femoral Hernia Procedures With Cc,,,,,0
MS-DRG,352,Inguinal And Femoral Hernia Procedures Without Cc/Mcc,,,,,0
MS-DRG,353,Hernia Procedures Except Inguinal And Femoral With Mcc,,,,,0
MS-DRG,354,Hernia Procedures Except Inguinal And Femoral With Cc,,,,,0
MS-DRG,355,Hernia Procedures Except Inguinal And Femoral Without Cc/Mcc,,,,,0
MS-DRG,356,Other Digestive System O.R. Procedures With Mcc,,,,,0
MS-DRG,357,Other Digestive System O.R. Procedures With Cc,,,,,0
MS-DRG,358,Other Digestive System O.R. Procedures Without Cc/Mcc,,,,,0
MS-DRG,359,Percutaneous Coronary Atherectomy With Intraluminal Device With Mcc,,,,,0
MS-DRG,36,Carotid Artery Stent Procedures Without Cc/Mcc,,,,,0
MS-DRG,360,Percutaneous Coronary Atherectomy With Intraluminal Device Without Mcc,,,,,0
MS-DRG,361,Laparoscopy & Incisional Tubal Interruption,,,,,0
MS-DRG,362,Endoscopic Tubal Interruption,,,,,0
MS-DRG,363,"D&C, Conization & Radio-Implant, for Malignancy",,,,,0
MS-DRG,364,"D&C, Conization Except for Malignancy",,,,,0
MS-DRG,365,Other Female Reproductive System O.R. Procedures,,,,,0
MS-DRG,366,"Malignancy, female reproductive system w CC",,,,,0
MS-DRG,367,"Malignancy, Female Reproductive System w/o CC",,,,,0
MS-DRG,368,Major Esophageal Disorders With Mcc,,,,,0
MS-DRG,369,Major Esophageal Disorders With Cc,,,,,0
MS-DRG,37,Extracranial Procedures With Mcc,,,,,0
MS-DRG,370,Major Esophageal Disorders Without Cc/Mcc,,,,,0
MS-DRG,371,Major Gastrointestinal Disorders And Peritoneal Infections With Mcc,,,,,0
MS-DRG,372,Major Gastrointestinal Disorders And Peritoneal Infections With Cc,,,,,0
MS-DRG,373,Major Gastrointestinal Disorders And Peritoneal Infections Without Cc/Mcc,,,,,0
MS-DRG,374,Digestive Malignancy With Mcc,,,,,0
MS-DRG,375,Digestive Malignancy With Cc,,,,,0
MS-DRG,376,Digestive Malignancy Without Cc/Mcc,,,,,0
MS-DRG,377,Gastrointestinal Hemorrhage With Mcc,,,,,0
MS-DRG,378,Gastrointestinal Hemorrhage With Cc,,,,,0
MS-DRG,379,Gastrointestinal Hemorrhage Without Cc/Mcc,,,,,0
MS-DRG,38,Extracranial Procedures With Cc,,,,,0
MS-DRG,380,Complicated Peptic Ulcer With Mcc,,,,,0
MS-DRG,381,Complicated Peptic Ulcer With Cc,,,,,0
MS-DRG,382,Complicated Peptic Ulcer Without Cc/Mcc,,,,,0
MS-DRG,383,Uncomplicated Peptic Ulcer With Mcc,,,,,0
MS-DRG,384,Uncomplicated Peptic Ulcer Without Mcc,,,,,0
MS-DRG,385,Inflammatory Bowel Disease With Mcc,,,,,0
MS-DRG,386,Inflammatory Bowel Disease With Cc,,,,,0
MS-DRG,387,Inflammatory Bowel Disease Without Cc/Mcc,,,,,0
MS-DRG,388,Gastrointestinal Obstruction With Mcc,,,,,0
MS-DRG,389,Gastrointestinal Obstruction With Cc,,,,,0
MS-DRG,39,Extracranial Procedures Without Cc/Mcc,,,,,0
MS-DRG,390,Gastrointestinal Obstruction Without Cc/Mcc,,,,,0
MS-DRG,391,"Esophagitis, Gastroenteritis And Miscellaneous Digestive Disorders With Mcc",,,,,0
MS-DRG,392,"Esophagitis, Gastroenteritis And Miscellaneous Digestive Disorders Without Mcc",,,,,0
MS-DRG,393,Other Digestive System Diagnoses With Mcc,,,,,0
MS-DRG,394,Other Digestive System Diagnoses With Cc,,,,,0
MS-DRG,395,Other Digestive System Diagnoses Without Cc/Mcc,,,,,0
MS-DRG,396,Red Blood Cell Disorders Age 0-17,,,,,0
MS-DRG,397,Appendix Procedures With Mcc,,,,,0
MS-DRG,398,Appendix Procedures With Cc,,,,,0
MS-DRG,399,Appendix Procedures Without Cc/Mcc,,,,,0
MS-DRG,4,"Tracheostomy With Mv >96 Hours Or Principal Diagnosis Except Face, Mouth And Neck Without Major O.R.",,,,,0
MS-DRG,40,"Peripheral, Cranial Nerve And Other Nervous System Procedures With Mcc",,,,,0
MS-DRG,400,No Longer Valid,,,,,0
MS-DRG,401,Lymphoma & non-acute leukemia w other O.R. proc w CC,,,,,0
MS-DRG,402,Single Level Combined Anterior And Posterior Spinal Fusion Except Cervical,,,,,0
MS-DRG,403,Lymphoma & non-acute leukemia w CC,,,,,0
MS-DRG,404,Lymphoma & Non-Acute Leukemia w/o CC,,,,,0
MS-DRG,405,"Pancreas, Liver And Shunt Procedures With Mcc",,,,,0
MS-DRG,406,"Pancreas, Liver And Shunt Procedures With Cc",,,,,0
MS-DRG,407,"Pancreas, Liver And Shunt Procedures Without Cc/Mcc",,,,,0
MS-DRG,408,Biliary Tract Procedures Except Only Cholecystectomy With Or Without C.D.E. With Mcc,,,,,0
MS-DRG,409,Biliary Tract Procedures Except Only Cholecystectomy With Or Without C.D.E. With Cc,,,,,0
MS-DRG,41,"Peripheral, Cranial Nerve And Other Nervous System Procedures With Cc Or Peripheral Neurostimulator",,,,,0
MS-DRG,410,Biliary Tract Procedures Except Only Cholecystectomy With Or Without C.D.E. Without Cc/Mcc,,,,,0
MS-DRG,411,Cholecystectomy With C.D.E. With Mcc,,,,,0
MS-DRG,412,Cholecystectomy With C.D.E. With Cc,,,,,0
MS-DRG,413,Cholecystectomy With C.D.E. Without Cc/Mcc,,,,,0
MS-DRG,414,Cholecystectomy Except By Laparoscope Without C.D.E. With Mcc,,,,,0
MS-DRG,415,Cholecystectomy Except By Laparoscope Without C.D.E. With Cc,,,,,0
MS-DRG,416,Cholecystectomy Except By Laparoscope Without C.D.E. Without Cc/Mcc,,,,,0
MS-DRG,417,Laparoscopic Cholecystectomy Without C.D.E. With Mcc,,,,,0
MS-DRG,418,Laparoscopic Cholecystectomy Without C.D.E. With Cc,,,,,0
MS-DRG,419,Laparoscopic Cholecystectomy Without C.D.E. Without Cc/Mcc,,,,,0
MS-DRG,42,"Peripheral, Cranial Nerve And Other Nervous System Procedures Without Cc/Mcc",,,,,0
MS-DRG,420,Hepatobiliary Diagnostic Procedures With Mcc,,,,,0
MS-DRG,421,Hepatobiliary Diagnostic Procedures With Cc,,,,,0
MS-DRG,422,Hepatobiliary Diagnostic Procedures Without Cc/Mcc,,,,,0
MS-DRG,423,Other Hepatobiliary Or Pancreas O.R. Procedures With Mcc,,,,,0
MS-DRG,424,Other Hepatobiliary Or Pancreas O.R. Procedures With Cc,,,,,0
MS-DRG,425,Other Hepatobiliary Or Pancreas O.R. Procedures Without Cc/Mcc,,,,,0
MS-DRG,426,Multiple Level Combined Anterior And Posterior Spinal Fusion Except Cervical With Mcc Or Custom-Made,,,,,0
MS-DRG,427,Multiple Level Combined Anterior And Posterior Spinal Fusion Except Cervical With Cc,,,,,0
MS-DRG,428,Multiple Level Combined Anterior And Posterior Spinal Fusion Except Cervical Without Cc/Mcc,,,,,0
MS-DRG,429,Combined Anterior And Posterior Cervical Spinal Fusion With Mcc,,,,,0
MS-DRG,43,Hyphema,,,,,0
MS-DRG,430,Combined Anterior And Posterior Cervical Spinal Fusion Without Mcc,,,,,0
MS-DRG,431,Childhood Mental Disorders,,,,,0
MS-DRG,432,Cirrhosis And Alcoholic Hepatitis With Mcc,,,,,0
MS-DRG,433,Cirrhosis And Alcoholic Hepatitis With Cc,,,,,0
MS-DRG,434,Cirrhosis And Alcoholic Hepatitis Without Cc/Mcc,,,,,0
MS-DRG,435,Malignancy Of Hepatobiliary System Or Pancreas With Mcc,,,,,0
MS-DRG,436,Malignancy Of Hepatobiliary System Or Pancreas With Cc,,,,,0
MS-DRG,437,Malignancy Of Hepatobiliary System Or Pancreas Without Cc/Mcc,,,,,0
MS-DRG,438,Disorders Of Pancreas Except Malignancy With Mcc,,,,,0
MS-DRG,439,Disorders Of Pancreas Except Malignancy With Cc,,,,,0
MS-DRG,44,Acute Major Eye Infections,,,,,0
MS-DRG,440,Disorders Of Pancreas Except Malignancy Without Cc/Mcc,,,,,0
MS-DRG,441,"Disorders Of Liver Except Malignancy, Cirrhosis Or Alcoholic Hepatitis With Mcc",,,,,0
MS-DRG,442,"Disorders Of Liver Except Malignancy, Cirrhosis Or Alcoholic Hepatitis With Cc",,,,,0
MS-DRG,443,"Disorders Of Liver Except Malignancy, Cirrhosis Or Alcoholic Hepatitis Without Cc/Mcc",,,,,0
MS-DRG,444,Disorders Of The Biliary Tract With Mcc,,,,,0
MS-DRG,445,Disorders Of The Biliary Tract With Cc,,,,,0
MS-DRG,446,Disorders Of The Biliary Tract Without Cc/Mcc,,,,,0
MS-DRG,447,Multiple Level Spinal Fusion Except Cervical With Mcc Or Custom-Made Anatomically Designed Interbody,,,,,0
MS-DRG,448,Multiple Level Spinal Fusion Except Cervical Without Mcc,,,,,0
MS-DRG,449,Poisoning & toxic Effects of Drugs Age >17 w CC,,,,,0
MS-DRG,45,Neurological eye disorders,,,,,0
MS-DRG,450,Single Level Spinal Fusion Except Cervical With Mcc Or Custom-Made Anatomically Designed Interbody F,,,,,0
MS-DRG,451,Single Level Spinal Fusion Except Cervical Without Mcc,,,,,0
MS-DRG,452,Complications of treatment w CC,,,,,0
MS-DRG,453,Combined Anterior And Posterior Spinal Fusion With Mcc,,,,,0
MS-DRG,454,Combined Anterior And Posterior Spinal Fusion With Cc,,,,,0
MS-DRG,455,Combined Anterior And Posterior Spinal Fusion Without Cc/Mcc,,,,,0
MS-DRG,456,"Spinal Fusion Except Cervical With Spinal Curvature, Malignancy, Infection Or Extensive Fusions With",,,,,0
MS-DRG,457,"Spinal Fusion Except Cervical With Spinal Curvature, Malignancy, Infection Or Extensive Fusions With",,,,,0
MS-DRG,458,"Spinal Fusion Except Cervical With Spinal Curvature, Malignancy, Infection Or Extensive Fusions With",,,,,0
MS-DRG,459,Spinal Fusion Except Cervical With Mcc,,,,,0
MS-DRG,46,Other Disorders of the Eye Age >17 w CC,,,,,0
MS-DRG,460,Spinal Fusion Except Cervical Without Mcc,,,,,0
MS-DRG,461,Bilateral Or Multiple Major Joint Procedures Of Lower Extremity With Mcc,,,,,0
MS-DRG,462,Bilateral Or Multiple Major Joint Procedures Of Lower Extremity Without Mcc,,,,,0
MS-DRG,463,Wound Debridement And Skin Graft Except Hand For Musculoskeletal And Connective Tissue Disorders Wit,,,,,0
MS-DRG,464,Wound Debridement And Skin Graft Except Hand For Musculoskeletal And Connective Tissue Disorders Wit,,,,,0
MS-DRG,465,Wound Debridement And Skin Graft Except Hand For Musculoskeletal And Connective Tissue Disorders Wit,,,,,0
MS-DRG,466,Revision Of Hip Or Knee Replacement With Mcc,,,,,0
MS-DRG,467,Revision Of Hip Or Knee Replacement With Cc,,,,,0
MS-DRG,468,Revision Of Hip Or Knee Replacement Without Cc/Mcc,,,,,0
MS-DRG,469,Major Hip And Knee Joint Replacement Or Reattachment Of Lower Extremity With Mcc Or Total Ankle Repl,,,,,0
MS-DRG,47,Other Disorders of the Eye Age >17 w/o CC,,,,,0
MS-DRG,470,Major Hip And Knee Joint Replacement Or Reattachment Of Lower Extremity Without Mcc,,,,,0
MS-DRG,471,Cervical Spinal Fusion With Mcc,,,,,0
MS-DRG,472,Cervical Spinal Fusion With Cc,,,,,0
MS-DRG,473,Cervical Spinal Fusion Without Cc/Mcc,,,,,0
MS-DRG,474,Amputation For Musculoskeletal System And Connective Tissue Disorders With Mcc,,,,,0
MS-DRG,475,Amputation For Musculoskeletal System And Connective Tissue Disorders With Cc,,,,,0
MS-DRG,476,Amputation For Musculoskeletal System And Connective Tissue Disorders Without Cc/Mcc,,,,,0
MS-DRG,477,Biopsies Of Musculoskeletal System And Connective Tissue With Mcc,,,,,0
MS-DRG,478,Biopsies Of Musculoskeletal System And Connective Tissue With Cc,,,,,0
MS-DRG,479,Biopsies Of Musculoskeletal System And Connective Tissue Without Cc/Mcc,,,,,0
MS-DRG,48,Other Disorders of the Eye Age 0-17,,,,,0
MS-DRG,480,Hip And Femur Procedures Except Major Joint With Mcc,,,,,0
MS-DRG,481,Hip And Femur Procedures Except Major Joint With Cc,,,,,0
MS-DRG,482,Hip And Femur Procedures Except Major Joint Without Cc/Mcc,,,,,0
MS-DRG,483,Major Joint Or Limb Reattachment Procedures Of Upper Extremities,,,,,0
MS-DRG,484,Major joint & limb reattachment proc of upper extremity w/o CC/MCC,,,,,0
MS-DRG,485,Knee Procedures With Principal Diagnosis Of Infection With Mcc,,,,,0
MS-DRG,486,Knee Procedures With Principal Diagnosis Of Infection With Cc,,,,,0
MS-DRG,487,Knee Procedures With Principal Diagnosis Of Infection Without Cc/Mcc,,,,,0
MS-DRG,488,Knee Procedures Without Principal Diagnosis Of Infection With Cc/Mcc,,,,,0
MS-DRG,489,Knee Procedures Without Principal Diagnosis Of Infection Without Cc/Mcc,,,,,0
MS-DRG,49,Major Head & Neck Procedures,,,,,0
MS-DRG,490,Back & neck proc exc spinal fusion w CC/MCC or disc device/neurostim,,,,,0
MS-DRG,491,Back & neck proc exc spinal fusion w/o CC/MCC,,,,,0
MS-DRG,492,"Lower Extremity And Humerus Procedures Except Hip, Foot And Femur With Mcc",,,,,0
MS-DRG,493,"Lower Extremity And Humerus Procedures Except Hip, Foot And Femur With Cc",,,,,0
MS-DRG,494,"Lower Extremity And Humerus Procedures Except Hip, Foot And Femur Without Cc/Mcc",,,,,0
MS-DRG,495,Local Excision And Removal Of Internal Fixation Devices Except Hip And Femur With Mcc,,,,,0
MS-DRG,496,Local Excision And Removal Of Internal Fixation Devices Except Hip And Femur With Cc,,,,,0
MS-DRG,497,Local Excision And Removal Of Internal Fixation Devices Except Hip And Femur Without Cc/Mcc,,,,,0
MS-DRG,498,Local Excision And Removal Of Internal Fixation Devices Of Hip And Femur With Cc/Mcc,,,,,0
MS-DRG,499,Local Excision And Removal Of Internal Fixation Devices Of Hip And Femur Without Cc/Mcc,,,,,0
MS-DRG,5,Liver Transplant With Mcc Or Intestinal Transplant,,,,,0
MS-DRG,50,Sialoadenectomy,,,,,0
MS-DRG,500,Soft Tissue Procedures With Mcc,,,,,0
MS-DRG,501,Soft Tissue Procedures With Cc,,,,,0
MS-DRG,502,Soft Tissue Procedures Without Cc/Mcc,,,,,0
MS-DRG,503,Foot Procedures With Mcc,,,,,0
MS-DRG,504,Foot Procedures With Cc,,,,,0
MS-DRG,505,Foot Procedures Without Cc/Mcc,,,,,0
MS-DRG,506,Major Thumb Or Joint Procedures,,,,,0
MS-DRG,507,Major Shoulder Or Elbow Joint Procedures With Cc/Mcc,,,,,0
MS-DRG,508,Major Shoulder Or Elbow Joint Procedures Without Cc/Mcc,,,,,0
MS-DRG,509,Arthroscopy,,,,,0
MS-DRG,51,Salivary Gland Procedures Except Sialoadenectomy,,,,,0
MS-DRG,510,"Shoulder, Elbow Or Forearm Procedures, Except Major Joint Procedures With Mcc",,,,,0
MS-DRG,511,"Shoulder, Elbow Or Forearm Procedures, Except Major Joint Procedures With Cc",,,,,0
MS-DRG,512,"Shoulder, Elbow Or Forearm Procedures, Except Major Joint Procedures Without Cc/Mcc",,,,,0
MS-DRG,513,"Hand Or Wrist Procedures, Except Major Thumb Or Joint Procedures With Cc/Mcc",,,,,0
MS-DRG,514,"Hand Or Wrist Procedures, Except Major Thumb Or Joint Procedures Without Cc/Mcc",,,,,0
MS-DRG,515,Other Musculoskeletal System And Connective Tissue O.R. Procedures With Mcc,,,,,0
MS-DRG,516,Other Musculoskeletal System And Connective Tissue O.R. Procedures With Cc,,,,,0
MS-DRG,517,Other Musculoskeletal System And Connective Tissue O.R. Procedures Without Cc/Mcc,,,,,0
MS-DRG,518,Back And Neck Procedures Except Spinal Fusion With Mcc Or Disc Device Or Neurostimulator,,,,,0
MS-DRG,519,Back And Neck Procedures Except Spinal Fusion With Cc,,,,,0
MS-DRG,52,Spinal Disorders And Injuries With Cc/Mcc,,,,,0
MS-DRG,520,Back And Neck Procedures Except Spinal Fusion Without Cc/Mcc,,,,,0
MS-DRG,521,Hip Replacement With Principal Diagnosis Of Hip Fracture With Mcc,,,,,0
MS-DRG,522,Hip Replacement With Principal Diagnosis Of Hip Fracture Without Mcc,,,,,0
MS-DRG,523,Alc/Drug Abuse or Depend w/o Rehabilitation therapy w/o CC,,,,,0
MS-DRG,524,Transient ischemia,,,,,0
MS-DRG,525,Other heart assist system implant,,,,,0
MS-DRG,526,No Longer Valid,,,,,0
MS-DRG,527,No Longer Valid,,,,,0
MS-DRG,528,Intracranial Vascular Proc w Pdx Hemorrhage,,,,,0
MS-DRG,529,Ventricular shunt procedures w CC,,,,,0
MS-DRG,53,Spinal Disorders And Injuries Without Cc/Mcc,,,,,0
MS-DRG,530,Ventricular Shunt Procedures w/o CC,,,,,0
MS-DRG,531,Spinal Procedures w CC,,,,,0
MS-DRG,532,Spinal Procedures w/o CC,,,,,0
MS-DRG,533,Fractures Of Femur With Mcc,,,,,0
MS-DRG,534,Fractures Of Femur Without Mcc,,,,,0
MS-DRG,535,Fractures Of Hip And Pelvis With Mcc,,,,,0
MS-DRG,536,Fractures Of Hip And Pelvis Without Mcc,,,,,0
MS-DRG,537,"Sprains, Strains, And Dislocations Of Hip, Pelvis And Thigh With Cc/Mcc",,,,,0
MS-DRG,538,"Sprains, Strains, And Dislocations Of Hip, Pelvis And Thigh Without Cc/Mcc",,,,,0
MS-DRG,539,Osteomyelitis With Mcc,,,,,0
MS-DRG,54,Nervous System Neoplasms With Mcc,,,,,0
MS-DRG,540,Osteomyelitis With Cc,,,,,0
MS-DRG,541,Osteomyelitis Without Cc/Mcc,,,,,0
MS-DRG,542,Pathological Fractures And Musculoskeletal And Connective Tissue Malignancy With Mcc,,,,,0
MS-DRG,543,Pathological Fractures And Musculoskeletal And Connective Tissue Malignancy With Cc,,,,,0
MS-DRG,544,Pathological Fractures And Musculoskeletal And Connective Tissue Malignancy Without Cc/Mcc,,,,,0
MS-DRG,545,Connective Tissue Disorders With Mcc,,,,,0
MS-DRG,546,Connective Tissue Disorders With Cc,,,,,0
MS-DRG,547,Connective Tissue Disorders Without Cc/Mcc,,,,,0
MS-DRG,548,Septic Arthritis With Mcc,,,,,0
MS-DRG,549,Septic Arthritis With Cc,,,,,0
MS-DRG,55,Nervous System Neoplasms Without Mcc,,,,,0
MS-DRG,550,Septic Arthritis Without Cc/Mcc,,,,,0
MS-DRG,551,Medical Back Problems With Mcc,,,,,0
MS-DRG,552,Medical Back Problems Without Mcc,,,,,0
MS-DRG,553,Bone Diseases And Arthropathies With Mcc,,,,,0
MS-DRG,554,Bone Diseases And Arthropathies Without Mcc,,,,,0
MS-DRG,555,Signs And Symptoms Of Musculoskeletal System And Connective Tissue With Mcc,,,,,0
MS-DRG,556,Signs And Symptoms Of Musculoskeletal System And Connective Tissue Without Mcc,,,,,0
MS-DRG,557,"Tendonitis, Myositis And Bursitis With Mcc",,,,,0
MS-DRG,558,"Tendonitis, Myositis And Bursitis Without Mcc",,,,,0
MS-DRG,559,"Aftercare, Musculoskeletal System And Connective Tissue With Mcc",,,,,0
MS-DRG,56,Degenerative Nervous System Disorders With Mcc,,,,,0
MS-DRG,560,"Aftercare, Musculoskeletal System And Connective Tissue With Cc",,,,,0
MS-DRG,561,"Aftercare, Musculoskeletal System And Connective Tissue Without Cc/Mcc",,,,,0
MS-DRG,562,"Fracture, Sprain, Strain And Dislocation Except Femur, Hip, Pelvis And Thigh With Mcc",,,,,0
MS-DRG,563,"Fracture, Sprain, Strain And Dislocation Except Femur, Hip, Pelvis And Thigh Without Mcc",,,,,0
MS-DRG,564,Other Musculoskeletal System And Connective Tissue Diagnoses With Mcc,,,,,0
MS-DRG,565,Other Musculoskeletal System And Connective Tissue Diagnoses With Cc,,,,,0
MS-DRG,566,Other Musculoskeletal System And Connective Tissue Diagnoses Without Cc/Mcc,,,,,0
MS-DRG,567,"Stomach, Esophageal & Duodenal Proc Age > 17 w CC w Major Gi Dx",,,,,0
MS-DRG,568,"Stomach, Esophageal & Duodenal Procedures Proc Age > 17 w CC w/o Major Gi Dx",,,,,0
MS-DRG,569,Major Small & Large Bowel Procedures w CC w Major Gi Dx,,,,,0
MS-DRG,57,Degenerative Nervous System Disorders Without Mcc,,,,,0
MS-DRG,570,Skin Debridement With Mcc,,,,,0
MS-DRG,571,Skin Debridement With Cc,,,,,0
MS-DRG,572,Skin Debridement Without Cc/Mcc,,,,,0
MS-DRG,573,Skin Graft For Skin Ulcer Or Cellulitis With Mcc,,,,,0
MS-DRG,574,Skin Graft For Skin Ulcer Or Cellulitis With Cc,,,,,0
MS-DRG,575,Skin Graft For Skin Ulcer Or Cellulitis Without Cc/Mcc,,,,,0
MS-DRG,576,Skin Graft Except For Skin Ulcer Or Cellulitis With Mcc,,,,,0
MS-DRG,577,Skin Graft Except For Skin Ulcer Or Cellulitis With Cc,,,,,0
MS-DRG,578,Skin Graft Except For Skin Ulcer Or Cellulitis Without Cc/Mcc,,,,,0
MS-DRG,579,"Other Skin, Subcutaneous Tissue And Breast Procedures With Mcc",,,,,0
MS-DRG,58,Multiple Sclerosis And Cerebellar Ataxia With Mcc,,,,,0
MS-DRG,580,"Other Skin, Subcutaneous Tissue And Breast Procedures With Cc",,,,,0
MS-DRG,581,"Other Skin, Subcutaneous Tissue And Breast Procedures Without Cc/Mcc",,,,,0
MS-DRG,582,Mastectomy For Malignancy With Cc/Mcc,,,,,0
MS-DRG,583,Mastectomy For Malignancy Without Cc/Mcc,,,,,0
MS-DRG,584,"Breast Biopsy, Local Excision And Other Breast Procedures With Cc/Mcc",,,,,0
MS-DRG,585,"Breast Biopsy, Local Excision And Other Breast Procedures Without Cc/Mcc",,,,,0
MS-DRG,59,Multiple Sclerosis And Cerebellar Ataxia With Cc,,,,,0
MS-DRG,592,Skin Ulcers With Mcc,,,,,0
MS-DRG,593,Skin Ulcers With Cc,,,,,0
MS-DRG,594,Skin Ulcers Without Cc/Mcc,,,,,0
MS-DRG,595,Major Skin Disorders With Mcc,,,,,0
MS-DRG,596,Major Skin Disorders Without Mcc,,,,,0
MS-DRG,597,Malignant Breast Disorders With Mcc,,,,,0
MS-DRG,598,Malignant Breast Disorders With Cc,,,,,0
MS-DRG,599,Malignant Breast Disorders Without Cc/Mcc,,,,,0
MS-DRG,6,Liver Transplant Without Mcc,,,,,0
MS-DRG,60,Multiple Sclerosis And Cerebellar Ataxia Without Cc/Mcc,,,,,0
MS-DRG,600,Non-Malignant Breast Disorders With Cc/Mcc,,,,,0
MS-DRG,601,Non-Malignant Breast Disorders Without Cc/Mcc,,,,,0
MS-DRG,602,Cellulitis With Mcc,,,,,0
MS-DRG,603,Cellulitis Without Mcc,,,,,0
MS-DRG,604,"Trauma To The Skin, Subcutaneous Tissue And Breast With Mcc",,,,,0
MS-DRG,605,"Trauma To The Skin, Subcutaneous Tissue And Breast Without Mcc",,,,,0
MS-DRG,606,Minor Skin Disorders With Mcc,,,,,0
MS-DRG,607,Minor Skin Disorders Without Mcc,,,,,0
MS-DRG,61,"Ischemic Stroke, Precerebral Occlusion Or Transient Ischemia With Thrombolytic Agent With Mcc",,,,,0
MS-DRG,614,Adrenal And Pituitary Procedures With Cc/Mcc,,,,,0
MS-DRG,615,Adrenal And Pituitary Procedures Without Cc/Mcc,,,,,0
MS-DRG,616,"Amputation Of Lower Limb For Endocrine, Nutritional And Metabolic Disorders With Mcc",,,,,0
MS-DRG,617,"Amputation Of Lower Limb For Endocrine, Nutritional And Metabolic Disorders With Cc",,,,,0
MS-DRG,618,"Amputation Of Lower Limb For Endocrine, Nutritional And Metabolic Disorders Without Cc/Mcc",,,,,0
MS-DRG,619,O.R. Procedures For Obesity With Mcc,,,,,0
MS-DRG,62,"Ischemic Stroke, Precerebral Occlusion Or Transient Ischemia With Thrombolytic Agent With Cc",,,,,0
MS-DRG,620,O.R. Procedures For Obesity With Cc,,,,,0
MS-DRG,621,O.R. Procedures For Obesity Without Cc/Mcc,,,,,0
MS-DRG,622,"Skin Grafts And Wound Debridement For Endocrine, Nutritional And Metabolic Disorders With Mcc",,,,,0
MS-DRG,623,"Skin Grafts And Wound Debridement For Endocrine, Nutritional And Metabolic Disorders With Cc",,,,,0
MS-DRG,624,"Skin Grafts And Wound Debridement For Endocrine, Nutritional And Metabolic Disorders Without Cc/Mcc",,,,,0
MS-DRG,625,"Thyroid, Parathyroid And Thyroglossal Procedures With Mcc",,,,,0
MS-DRG,626,"Thyroid, Parathyroid And Thyroglossal Procedures With Cc",,,,,0
MS-DRG,627,"Thyroid, Parathyroid And Thyroglossal Procedures Without Cc/Mcc",,,,,0
MS-DRG,628,"Other Endocrine, Nutritional And Metabolic O.R. Procedures With Mcc",,,,,0
MS-DRG,629,"Other Endocrine, Nutritional And Metabolic O.R. Procedures With Cc",,,,,0
MS-DRG,63,"Ischemic Stroke, Precerebral Occlusion Or Transient Ischemia With Thrombolytic Agent Without Cc/Mcc",,,,,0
MS-DRG,630,"Other Endocrine, Nutritional And Metabolic O.R. Procedures Without Cc/Mcc",,,,,0
MS-DRG,637,Diabetes With Mcc,,,,,0
MS-DRG,638,Diabetes With Cc,,,,,0
MS-DRG,639,Diabetes Without Cc/Mcc,,,,,0
MS-DRG,64,Intracranial Hemorrhage Or Cerebral Infarction With Mcc,,,,,0
MS-DRG,640,"Miscellaneous Disorders Of Nutrition, Metabolism, Fluids And Electrolytes With Mcc",,,,,0
MS-DRG,641,"Miscellaneous Disorders Of Nutrition, Metabolism, Fluids And Electrolytes Without Mcc",,,,,0
MS-DRG,642,Inborn And Other Disorders Of Metabolism,,,,,0
MS-DRG,643,Endocrine Disorders With Mcc,,,,,0
MS-DRG,644,Endocrine Disorders With Cc,,,,,0
MS-DRG,645,Endocrine Disorders Without Cc/Mcc,,,,,0
MS-DRG,65,Intracranial Hemorrhage Or Cerebral Infarction With Cc Or Tpa In 24 Hours,,,,,0
MS-DRG,650,Kidney Transplant With Hemodialysis With Mcc,,,,,0
MS-DRG,651,Kidney Transplant With Hemodialysis Without Mcc,,,,,0
MS-DRG,652,Kidney Transplant,,,,,0
MS-DRG,653,Major Bladder Procedures With Mcc,,,,,0
MS-DRG,654,Major Bladder Procedures With Cc,,,,,0
MS-DRG,655,Major Bladder Procedures Without Cc/Mcc,,,,,0
MS-DRG,656,Kidney And Ureter Procedures For Neoplasm With Mcc,,,,,0
MS-DRG,657,Kidney And Ureter Procedures For Neoplasm With Cc,,,,,0
MS-DRG,658,Kidney And Ureter Procedures For Neoplasm Without Cc/Mcc,,,,,0
MS-DRG,659,Kidney And Ureter Procedures For Non-Neoplasm With Mcc,,,,,0
MS-DRG,66,Intracranial Hemorrhage Or Cerebral Infarction Without Cc/Mcc,,,,,0
MS-DRG,660,Kidney And Ureter Procedures For Non-Neoplasm With Cc,,,,,0
MS-DRG,661,Kidney And Ureter Procedures For Non-Neoplasm Without Cc/Mcc,,,,,0
MS-DRG,662,Minor Bladder Procedures With Mcc,,,,,0
MS-DRG,663,Minor Bladder Procedures With Cc,,,,,0
MS-DRG,664,Minor Bladder Procedures Without Cc/Mcc,,,,,0
MS-DRG,665,Prostatectomy With Mcc,,,,,0
MS-DRG,666,Prostatectomy With Cc,,,,,0
MS-DRG,667,Prostatectomy Without Cc/Mcc,,,,,0
MS-DRG,668,Transurethral Procedures With Mcc,,,,,0
MS-DRG,669,Transurethral Procedures With Cc,,,,,0
MS-DRG,67,Precerebral Occlusion Without Infarction With Mcc,,,,,0
MS-DRG,670,Transurethral Procedures Without Cc/Mcc,,,,,0
MS-DRG,671,Urethral Procedures With Cc/Mcc,,,,,0
MS-DRG,672,Urethral Procedures Without Cc/Mcc,,,,,0
MS-DRG,673,Other Kidney And Urinary Tract Procedures With Mcc,,,,,0
MS-DRG,674,Other Kidney And Urinary Tract Procedures With Cc,,,,,0
MS-DRG,675,Other Kidney And Urinary Tract Procedures Without Cc/Mcc,,,,,0
MS-DRG,68,Precerebral Occlusion Without Infarction Without Mcc,,,,,0
MS-DRG,682,Renal Failure With Mcc,,,,,0
MS-DRG,683,Renal Failure With Cc,,,,,0
MS-DRG,684,Renal Failure Without Cc/Mcc,,,,,0
MS-DRG,685,Admit For Renal Dialysis,,,,,0
MS-DRG,686,Kidney And Urinary Tract Neoplasms With Mcc,,,,,0
MS-DRG,687,Kidney And Urinary Tract Neoplasms With Cc,,,,,0
MS-DRG,688,Kidney And Urinary Tract Neoplasms Without Cc/Mcc,,,,,0
MS-DRG,689,Kidney And Urinary Tract Infections With Mcc,,,,,0
MS-DRG,69,Transient Ischemia Without Thrombolytic,,,,,0
MS-DRG,690,Kidney And Urinary Tract Infections Without Mcc,,,,,0
MS-DRG,691,Urinary Stones W Esw Lithotripsy W Cc/Mcc,,,,,0
MS-DRG,692,Urinary Stones W Esw Lithotripsy W/O Cc/Mcc,,,,,0
MS-DRG,693,Urinary Stones With Mcc,,,,,0
MS-DRG,694,Urinary Stones Without Mcc,,,,,0
MS-DRG,695,Kidney And Urinary Tract Signs And Symptoms With Mcc,,,,,0
MS-DRG,696,Kidney And Urinary Tract Signs And Symptoms Without Mcc,,,,,0
MS-DRG,697,Urethral Stricture,,,,,0
MS-DRG,698,Other Kidney And Urinary Tract Diagnoses With Mcc,,,,,0
MS-DRG,699,Other Kidney And Urinary Tract Diagnoses With Cc,,,,,0
MS-DRG,7,Lung Transplant,,,,,0
MS-DRG,70,Other Cerebrovascular Disorders With Mcc,,,,,0
MS-DRG,700,Other Kidney And Urinary Tract Diagnoses Without Cc/Mcc,,,,,0
MS-DRG,707,Major Male Pelvic Procedures With Cc/Mcc,,,,,0
MS-DRG,708,Major Male Pelvic Procedures Without Cc/Mcc,,,,,0
MS-DRG,709,Penis Procedures With Cc/Mcc,,,,,0
MS-DRG,71,Other Cerebrovascular Disorders With Cc,,,,,0
MS-DRG,710,Penis Procedures Without Cc/Mcc,,,,,0
MS-DRG,711,Testes Procedures With Cc/Mcc,,,,,0
MS-DRG,712,Testes Procedures Without Cc/Mcc,,,,,0
MS-DRG,713,Transurethral Prostatectomy With Cc/Mcc,,,,,0
MS-DRG,714,Transurethral Prostatectomy Without Cc/Mcc,,,,,0
MS-DRG,715,Other Male Reproductive System O.R. Procedures For Malignancy With Cc/Mcc,,,,,0
MS-DRG,716,Other Male Reproductive System O.R. Procedures For Malignancy Without Cc/Mcc,,,,,0
MS-DRG,717,Other Male Reproductive System O.R. Procedures Except Malignancy With Cc/Mcc,,,,,0
MS-DRG,718,Other Male Reproductive System O.R. Procedures Except Malignancy Without Cc/Mcc,,,,,0
MS-DRG,72,Other Cerebrovascular Disorders Without Cc/Mcc,,,,,0
MS-DRG,722,"Malignancy, Male Reproductive System With Mcc",,,,,0
MS-DRG,723,"Malignancy, Male Reproductive System With Cc",,,,,0
MS-DRG,724,"Malignancy, Male Reproductive System Without Cc/Mcc",,,,,0
MS-DRG,725,Benign Prostatic Hypertrophy With Mcc,,,,,0
MS-DRG,726,Benign Prostatic Hypertrophy Without Mcc,,,,,0
MS-DRG,727,Inflammation Of The Male Reproductive System With Mcc,,,,,0
MS-DRG,728,Inflammation Of The Male Reproductive System Without Mcc,,,,,0
MS-DRG,729,Other Male Reproductive System Diagnoses With Cc/Mcc,,,,,0
MS-DRG,73,Cranial And Peripheral Nerve Disorders With Mcc,,,,,0
MS-DRG,730,Other Male Reproductive System Diagnoses Without Cc/Mcc,,,,,0
MS-DRG,734,"Pelvic Evisceration, Radical Hysterectomy And Radical Vulvectomy With Cc/Mcc",,,,,0
MS-DRG,735,"Pelvic Evisceration, Radical Hysterectomy And Radical Vulvectomy Without Cc/Mcc",,,,,0
MS-DRG,736,Uterine And Adnexa Procedures For Ovarian Or Adnexal Malignancy With Mcc,,,,,0
MS-DRG,737,Uterine And Adnexa Procedures For Ovarian Or Adnexal Malignancy With Cc,,,,,0
MS-DRG,738,Uterine And Adnexa Procedures For Ovarian Or Adnexal Malignancy Without Cc/Mcc,,,,,0
MS-DRG,739,Uterine And Adnexa Procedures For Non-Ovarian And Non-Adnexal Malignancy With Mcc,,,,,0
MS-DRG,74,Cranial And Peripheral Nerve Disorders Without Mcc,,,,,0
MS-DRG,740,Uterine And Adnexa Procedures For Non-Ovarian And Non-Adnexal Malignancy With Cc,,,,,0
MS-DRG,741,Uterine And Adnexa Procedures For Non-Ovarian And Non-Adnexal Malignancy Without Cc/Mcc,,,,,0
MS-DRG,742,Uterine And Adnexa Procedures For Non-Malignancy With Cc/Mcc,,,,,0
MS-DRG,743,Uterine And Adnexa Procedures For Non-Malignancy Without Cc/Mcc,,,,,0
MS-DRG,744,"D&C, Conization, Laparoscopy And Tubal Interruption With Cc/Mcc",,,,,0
MS-DRG,745,"D&C, Conization, Laparoscopy And Tubal Interruption Without Cc/Mcc",,,,,0
MS-DRG,746,"Vagina, Cervix And Vulva Procedures With Cc/Mcc",,,,,0
MS-DRG,747,"Vagina, Cervix And Vulva Procedures Without Cc/Mcc",,,,,0
MS-DRG,748,Female Reproductive System Reconstructive Procedures,,,,,0
MS-DRG,749,Other Female Reproductive System O.R. Procedures With Cc/Mcc,,,,,0
MS-DRG,75,Viral Meningitis With Cc/Mcc,,,,,0
MS-DRG,750,Other Female Reproductive System O.R. Procedures Without Cc/Mcc,,,,,0
MS-DRG,754,"Malignancy, Female Reproductive System With Mcc",,,,,0
MS-DRG,755,"Malignancy, Female Reproductive System With Cc",,,,,0
MS-DRG,756,"Malignancy, Female Reproductive System Without Cc/Mcc",,,,,0
MS-DRG,757,"Infections, Female Reproductive System With Mcc",,,,,0
MS-DRG,758,"Infections, Female Reproductive System With Cc",,,,,0
MS-DRG,759,"Infections, Female Reproductive System Without Cc/Mcc",,,,,0
MS-DRG,76,Viral Meningitis Without Cc/Mcc,,,,,0
MS-DRG,760,Menstrual And Other Female Reproductive System Disorders With Cc/Mcc,,,,,0
MS-DRG,761,Menstrual And Other Female Reproductive System Disorders Without Cc/Mcc,,,,,0
MS-DRG,765,Cesarean Section W Cc/Mcc,,,,,0
MS-DRG,766,Cesarean Section W/O Cc/Mcc,,,,,0
MS-DRG,767,Vaginal Delivery W Sterilization &/Or D&C,,,,,0
MS-DRG,768,Vaginal Delivery With O.R. Procedures Except Sterilization And/Or D&C,,,,,0
MS-DRG,769,Postpartum And Post Abortion Diagnoses With O.R. Procedures,,,,,0
MS-DRG,77,Hypertensive Encephalopathy With Mcc,,,,,0
MS-DRG,770,"Abortion With D&C, Aspiration Curettage Or Hysterotomy",,,,,0
MS-DRG,774,Vaginal Delivery W Complicating Diagnoses,,,,,0
MS-DRG,775,Vaginal Delivery W/O Complicating Diagnoses,,,,,0
MS-DRG,776,Postpartum And Post Abortion Diagnoses Without O.R. Procedures,,,,,0
MS-DRG,777,Ectopic Pregnancy,,,,,0
MS-DRG,778,Threatened Abortion,,,,,0
MS-DRG,779,Abortion Without D&C,,,,,0
MS-DRG,78,Hypertensive Encephalopathy With Cc,,,,,0
MS-DRG,780,False Labor,,,,,0
MS-DRG,781,Other Antepartum Diagnoses W Medical Complications,,,,,0
MS-DRG,782,Other Antepartum Diagnoses W/O Medical Complications,,,,,0
MS-DRG,783,Cesarean Section With Sterilization With Mcc,,,,,0
MS-DRG,784,Cesarean Section With Sterilization With Cc,,,,,0
MS-DRG,785,Cesarean Section With Sterilization Without Cc/Mcc,,,,,0
MS-DRG,786,Cesarean Section Without Sterilization With Mcc,,,,,0
MS-DRG,787,Cesarean Section Without Sterilization With Cc,,,,,0
MS-DRG,788,Cesarean Section Without Sterilization Without Cc/Mcc,,,,,0
MS-DRG,789,"Neonates, Died Or Transferred To Another Acute Care Facility",,,,,0
MS-DRG,79,Hypertensive Encephalopathy Without Cc/Mcc,,,,,0
MS-DRG,790,"Extreme Immaturity Or Respiratory Distress Syndrome, Neonate",,,,,0
MS-DRG,791,Prematurity With Major Problems,,,,,0
MS-DRG,792,Prematurity Without Major Problems,,,,,0
MS-DRG,793,Full Term Neonate With Major Problems,,,,,0
MS-DRG,794,Neonate With Other Significant Problems,,,,,0
MS-DRG,795,Normal Newborn,,,,,0
MS-DRG,796,Vaginal Delivery With Sterilization And/Or D&C With Mcc,,,,,0
MS-DRG,797,Vaginal Delivery With Sterilization And/Or D&C With Cc,,,,,0
MS-DRG,798,Vaginal Delivery With Sterilization And/Or D&C Without Cc/Mcc,,,,,0
MS-DRG,799,Splenic Procedures With Mcc,,,,,0
MS-DRG,8,Simultaneous Pancreas And Kidney Transplant,,,,,0
MS-DRG,80,Nontraumatic Stupor And Coma With Mcc,,,,,0
MS-DRG,800,Splenic Procedures With Cc,,,,,0
MS-DRG,801,Splenic Procedures Without Cc/Mcc,,,,,0
MS-DRG,802,Other O.R. Procedures Of The Blood And Blood Forming Organs With Mcc,,,,,0
MS-DRG,803,Other O.R. Procedures Of The Blood And Blood Forming Organs With Cc,,,,,0
MS-DRG,804,Other O.R. Procedures Of The Blood And Blood Forming Organs Without Cc/Mcc,,,,,0
MS-DRG,805,Vaginal Delivery Without Sterilization Or D&C With Mcc,,,,,0
MS-DRG,806,Vaginal Delivery Without Sterilization Or D&C With Cc,,,,,0
MS-DRG,807,Vaginal Delivery Without Sterilization Or D&C Without Cc/Mcc,,,,,0
MS-DRG,808,Major Hematological And Immunological Diagnoses Except Sickle Cell Crisis And Coagulation Disorders,,,,,0
MS-DRG,809,Major Hematological And Immunological Diagnoses Except Sickle Cell Crisis And Coagulation Disorders,,,,,0
MS-DRG,81,Nontraumatic Stupor And Coma Without Mcc,,,,,0
MS-DRG,810,Major Hematological And Immunological Diagnoses Except Sickle Cell Crisis And Coagulation Disorders,,,,,0
MS-DRG,811,Red Blood Cell Disorders With Mcc,,,,,0
MS-DRG,812,Red Blood Cell Disorders Without Mcc,,,,,0
MS-DRG,813,Coagulation Disorders,,,,,0
MS-DRG,814,Reticuloendothelial And Immunity Disorders With Mcc,,,,,0
MS-DRG,815,Reticuloendothelial And Immunity Disorders With Cc,,,,,0
MS-DRG,816,Reticuloendothelial And Immunity Disorders Without Cc/Mcc,,,,,0
MS-DRG,817,Other Antepartum Diagnoses With O.R. Procedures With Mcc,,,,,0
MS-DRG,818,Other Antepartum Diagnoses With O.R. Procedures With Cc,,,,,0
MS-DRG,819,Other Antepartum Diagnoses With O.R. Procedures Without Cc/Mcc,,,,,0
MS-DRG,82,Traumatic Stupor And Coma >1 Hour With Mcc,,,,,0
MS-DRG,820,Lymphoma And Leukemia With Major O.R. Procedures With Mcc,,,,,0
MS-DRG,821,Lymphoma And Leukemia With Major O.R. Procedures With Cc,,,,,0
MS-DRG,822,Lymphoma And Leukemia With Major O.R. Procedures Without Cc/Mcc,,,,,0
MS-DRG,823,Lymphoma And Non-Acute Leukemia With Other Procedures With Mcc,,,,,0
MS-DRG,824,Lymphoma And Non-Acute Leukemia With Other Procedures With Cc,,,,,0
MS-DRG,825,Lymphoma And Non-Acute Leukemia With Other Procedures Without Cc/Mcc,,,,,0
MS-DRG,826,Myeloproliferative Disorders Or Poorly Differentiated Neoplasms With Major O.R. Procedures With Mcc,,,,,0
MS-DRG,827,Myeloproliferative Disorders Or Poorly Differentiated Neoplasms With Major O.R. Procedures With Cc,,,,,0
MS-DRG,828,Myeloproliferative Disorders Or Poorly Differentiated Neoplasms With Major O.R. Procedures Without C,,,,,0
MS-DRG,829,Myeloproliferative Disorders Or Poorly Differentiated Neoplasms With Other Procedures With Cc/Mcc,,,,,0
MS-DRG,83,Traumatic Stupor And Coma >1 Hour With Cc,,,,,0
MS-DRG,830,Myeloproliferative Disorders Or Poorly Differentiated Neoplasms With Other Procedures Without Cc/Mcc,,,,,0
MS-DRG,831,Other Antepartum Diagnoses Without O.R. Procedures With Mcc,,,,,0
MS-DRG,832,Other Antepartum Diagnoses Without O.R. Procedures With Cc,,,,,0
MS-DRG,833,Other Antepartum Diagnoses Without O.R. Procedures Without Cc/Mcc,,,,,0
MS-DRG,834,Acute Leukemia With Mcc,,,,,0
MS-DRG,835,Acute Leukemia With Cc,,,,,0
MS-DRG,836,Acute Leukemia Without Cc/Mcc,,,,,0
MS-DRG,837,Chemotherapy With Acute Leukemia As Secondary Diagnosis Or With High Dose Chemotherapy Agent With Mc,,,,,0
MS-DRG,838,Chemotherapy With Acute Leukemia As Secondary Diagnosis With Cc Or High Dose Chemotherapy Agent,,,,,0
MS-DRG,839,Chemotherapy With Acute Leukemia As Secondary Diagnosis Without Cc/Mcc,,,,,0
MS-DRG,84,Traumatic Stupor And Coma >1 Hour Without Cc/Mcc,,,,,0
MS-DRG,840,Lymphoma And Non-Acute Leukemia With Mcc,,,,,0
MS-DRG,841,Lymphoma And Non-Acute Leukemia With Cc,,,,,0
MS-DRG,842,Lymphoma And Non-Acute Leukemia Without Cc/Mcc,,,,,0
MS-DRG,843,Other Myeloproliferative Disorders Or Poorly Differentiated Neoplastic Diagnoses With Mcc,,,,,0
MS-DRG,844,Other Myeloproliferative Disorders Or Poorly Differentiated Neoplastic Diagnoses With Cc,,,,,0
MS-DRG,845,Other Myeloproliferative Disorders Or Poorly Differentiated Neoplastic Diagnoses Without Cc/Mcc,,,,,0
MS-DRG,846,Chemotherapy Without Acute Leukemia As Secondary Diagnosis With Mcc,,,,,0
MS-DRG,847,Chemotherapy Without Acute Leukemia As Secondary Diagnosis With Cc,,,,,0
MS-DRG,848,Chemotherapy Without Acute Leukemia As Secondary Diagnosis Without Cc/Mcc,,,,,0
MS-DRG,849,Radiotherapy,,,,,0
MS-DRG,85,Traumatic Stupor And Coma <1 Hour With Mcc,,,,,0
MS-DRG,850,Acute Leukemia With Other Procedures,,,,,0
MS-DRG,853,Infectious And Parasitic Diseases With O.R. Procedures With Mcc,,,,,0
MS-DRG,854,Infectious And Parasitic Diseases With O.R. Procedures With Cc,,,,,0
MS-DRG,855,Infectious And Parasitic Diseases With O.R. Procedures Without Cc/Mcc,,,,,0
MS-DRG,856,Postoperative Or Post-Traumatic Infections With O.R. Procedures With Mcc,,,,,0
MS-DRG,857,Postoperative Or Post-Traumatic Infections With O.R. Procedures With Cc,,,,,0
MS-DRG,858,Postoperative Or Post-Traumatic Infections With O.R. Procedures Without Cc/Mcc,,,,,0
MS-DRG,86,Traumatic Stupor And Coma <1 Hour With Cc,,,,,0
MS-DRG,862,Postoperative And Post-Traumatic Infections With Mcc,,,,,0
MS-DRG,863,Postoperative And Post-Traumatic Infections Without Mcc,,,,,0
MS-DRG,864,Fever And Inflammatory Conditions,,,,,0
MS-DRG,865,Viral Illness With Mcc,,,,,0
MS-DRG,866,Viral Illness Without Mcc,,,,,0
MS-DRG,867,Other Infectious And Parasitic Diseases Diagnoses With Mcc,,,,,0
MS-DRG,868,Other Infectious And Parasitic Diseases Diagnoses With Cc,,,,,0
MS-DRG,869,Other Infectious And Parasitic Diseases Diagnoses Without Cc/Mcc,,,,,0
MS-DRG,87,Traumatic Stupor And Coma <1 Hour Without Cc/Mcc,,,,,0
MS-DRG,870,Septicemia Or Severe Sepsis With Mv >96 Hours,,,,,0
MS-DRG,871,Septicemia Or Severe Sepsis Without Mv >96 Hours With Mcc,,,,,0
MS-DRG,872,Septicemia Or Severe Sepsis Without Mv >96 Hours Without Mcc,,,,,0
MS-DRG,876,O.R. Procedures With Principal Diagnosis Of Mental Illness,,,,,0
MS-DRG,88,Concussion With Mcc,,,,,0
MS-DRG,880,Acute Adjustment Reaction And Psychosocial Dysfunction,,,,,0
MS-DRG,881,Depressive Neuroses,,,,,0
MS-DRG,882,Neuroses Except Depressive,,,,,0
MS-DRG,883,Disorders Of Personality And Impulse Control,,,,,0
MS-DRG,884,Organic Disturbances And Intellectual Disability,,,,,0
MS-DRG,885,Psychoses,,,,,0
MS-DRG,886,Behavioral And Developmental Disorders,,,,,0
MS-DRG,887,Other Mental Disorder Diagnoses,,,,,0
MS-DRG,89,Concussion With Cc,,,,,0
MS-DRG,894,"Alcohol, Drug Abuse Or Dependence, Left Ama",,,,,0
MS-DRG,895,"Alcohol, Drug Abuse Or Dependence With Rehabilitation Therapy",,,,,0
MS-DRG,896,"Alcohol, Drug Abuse Or Dependence Without Rehabilitation Therapy With Mcc",,,,,0
MS-DRG,897,"Alcohol, Drug Abuse Or Dependence Without Rehabilitation Therapy Without Mcc",,,,,0
MS-DRG,9,Bone marrow transplant,,,,,0
MS-DRG,90,Concussion Without Cc/Mcc,,,,,0
MS-DRG,901,Wound Debridements For Injuries With Mcc,,,,,0
MS-DRG,902,Wound Debridements For Injuries With Cc,,,,,0
MS-DRG,903,Wound Debridements For Injuries Without Cc/Mcc,,,,,0
MS-DRG,904,Skin Grafts For Injuries With Cc/Mcc,,,,,0
MS-DRG,905,Skin Grafts For Injuries Without Cc/Mcc,,,,,0
MS-DRG,906,Hand Procedures For Injuries,,,,,0
MS-DRG,907,Other O.R. Procedures For Injuries With Mcc,,,,,0
MS-DRG,908,Other O.R. Procedures For Injuries With Cc,,,,,0
MS-DRG,909,Other O.R. Procedures For Injuries Without Cc/Mcc,,,,,0
MS-DRG,91,Other Disorders Of Nervous System With Mcc,,,,,0
MS-DRG,913,Traumatic Injury With Mcc,,,,,0
MS-DRG,914,Traumatic Injury Without Mcc,,,,,0
MS-DRG,915,Allergic Reactions With Mcc,,,,,0
MS-DRG,916,Allergic Reactions Without Mcc,,,,,0
MS-DRG,917,Poisoning And Toxic Effects Of Drugs With Mcc,,,,,0
MS-DRG,918,Poisoning And Toxic Effects Of Drugs Without Mcc,,,,,0
MS-DRG,919,Complications Of Treatment With Mcc,,,,,0
MS-DRG,92,Other Disorders Of Nervous System With Cc,,,,,0
MS-DRG,920,Complications Of Treatment With Cc,,,,,0
MS-DRG,921,Complications Of Treatment Without Cc/Mcc,,,,,0
MS-DRG,922,"Other Injury, Poisoning And Toxic Effect Diagnoses With Mcc",,,,,0
MS-DRG,923,"Other Injury, Poisoning And Toxic Effect Diagnoses Without Mcc",,,,,0
MS-DRG,927,Extensive Burns Or Full Thickness Burns With Mv >96 Hours With Skin Graft,,,,,0
MS-DRG,928,Full Thickness Burn With Skin Graft Or Inhalation Injury With Cc/Mcc,,,,,0
MS-DRG,929,Full Thickness Burn With Skin Graft Or Inhalation Injury Without Cc/Mcc,,,,,0
MS-DRG,93,Other Disorders Of Nervous System Without Cc/Mcc,,,,,0
MS-DRG,933,Extensive Burns Or Full Thickness Burns With Mv >96 Hours Without Skin Graft,,,,,0
MS-DRG,934,Full Thickness Burn Without Skin Graft Or Inhalation Injury,,,,,0
MS-DRG,935,Non-Extensive Burns,,,,,0
MS-DRG,939,O.R. Procedures With Diagnoses Of Other Contact With Health Services With Mcc,,,,,0
MS-DRG,94,Bacterial And Tuberculous Infections Of Nervous System With Mcc,,,,,0
MS-DRG,940,O.R. Procedures With Diagnoses Of Other Contact With Health Services With Cc,,,,,0
MS-DRG,941,O.R. Procedures With Diagnoses Of Other Contact With Health Services Without Cc/Mcc,,,,,0
MS-DRG,945,Rehabilitation With Cc/Mcc,,,,,0
MS-DRG,946,Rehabilitation Without Cc/Mcc,,,,,0
MS-DRG,947,Signs And Symptoms With Mcc,,,,,0
MS-DRG,948,Signs And Symptoms Without Mcc,,,,,0
MS-DRG,949,Aftercare With Cc/Mcc,,,,,0
MS-DRG,95,Bacterial And Tuberculous Infections Of Nervous System With Cc,,,,,0
MS-DRG,950,Aftercare Without Cc/Mcc,,,,,0
MS-DRG,951,Other Factors Influencing Health Status,,,,,0
MS-DRG,955,Craniotomy For Multiple Significant Trauma,,,,,0
MS-DRG,956,"Limb Reattachment, Hip And Femur Procedures For Multiple Significant Trauma",,,,,0
MS-DRG,957,Other O.R. Procedures For Multiple Significant Trauma With Mcc,,,,,0
MS-DRG,958,Other O.R. Procedures For Multiple Significant Trauma With Cc,,,,,0
MS-DRG,959,Other O.R. Procedures For Multiple Significant Trauma Without Cc/Mcc,,,,,0
MS-DRG,96,Bacterial And Tuberculous Infections Of Nervous System Without Cc/Mcc,,,,,0
MS-DRG,963,Other Multiple Significant Trauma With Mcc,,,,,0
MS-DRG,964,Other Multiple Significant Trauma With Cc,,,,,0
MS-DRG,965,Other Multiple Significant Trauma Without Cc/Mcc,,,,,0
MS-DRG,969,Hiv With Extensive O.R. Procedures With Mcc,,,,,0
MS-DRG,97,Non-Bacterial Infection Of Nervous System Except Viral Meningitis With Mcc,,,,,0
MS-DRG,970,Hiv With Extensive O.R. Procedures Without Mcc,,,,,0
MS-DRG,974,Hiv With Major Related Condition With Mcc,,,,,0
MS-DRG,975,Hiv With Major Related Condition With Cc,,,,,0
MS-DRG,976,Hiv With Major Related Condition Without Cc/Mcc,,,,,0
MS-DRG,977,Hiv With Or Without Other Related Condition,,,,,0
MS-DRG,98,Non-Bacterial Infection Of Nervous System Except Viral Meningitis With Cc,,,,,0
MS-DRG,981,Extensive O.R. Procedures Unrelated To Principal Diagnosis With Mcc,,,,,0
MS-DRG,982,Extensive O.R. Procedures Unrelated To Principal Diagnosis With Cc,,,,,0
MS-DRG,983,Extensive O.R. Procedures Unrelated To Principal Diagnosis Without Cc/Mcc,,,,,0
MS-DRG,984,Prostatic O.R. Procedure Unrelated To Principal Diagnosis W Mcc,,,,,0
MS-DRG,985,Prostatic O.R. Procedure Unrelated To Principal Diagnosis W Cc,,,,,0
MS-DRG,986,Prostatic O.R. Procedure Unrelated To Principal Diagnosis W/O Cc/Mcc,,,,,0
MS-DRG,987,Non-Extensive O.R. Procedures Unrelated To Principal Diagnosis With Mcc,,,,,0
MS-DRG,988,Non-Extensive O.R. Procedures Unrelated To Principal Diagnosis With Cc,,,,,0
MS-DRG,989,Non-Extensive O.R. Procedures Unrelated To Principal Diagnosis Without Cc/Mcc,,,,,0
MS-DRG,99,Non-Bacterial Infection Of Nervous System Except Viral Meningitis Without Cc/Mcc,,,,,0
MS-DRG,998,Principal Diagnosis Invalid As Discharge Diagnosis,,,,,0
MS-DRG,999,Ungroupable,,,,,0
RC,250,1 VIAL in 1 CARTON (0069-0248-01)  / 100 mL in 1 VIAL,0.17,0.17,,,0
RC,250,"10 BLISTER PACK in 1 CARTON (50580-600-02)  / 10 TABLET, FILM COATED in 1 BLISTER PACK",0.02,0.02,,,0
RC,250,"100 BLISTER PACK in 1 CARTON (0310-0275-39)  / 1 TABLET, FILM COATED in 1 BLISTER PACK",0.24,0.24,,,0
RC,250,"100 BLISTER PACK in 1 CARTON (59762-1710-1)  / 1 TABLET, FILM COATED in 1 BLISTER PACK",4.22,4.22,,,0
RC,250,240 mL in 1 BOTTLE (52380-1905-8),2.32,2.32,,,0
RC,250,"465 mL in 1 BOTTLE, PLASTIC (0131-5410-70)",42.32,42.32,,,0
RC,250,"5 BLISTER PACK in 1 CARTON (16837-855-25)  / 5 TABLET, FILM COATED in 1 BLISTER PACK",0.33,0.33,,,0
RC,250,8 CONTAINER in 1 CASE (0264-2201-50)  / 2000 mL in 1 CONTAINER,3.78,3.78,,,0
RC,250,"ATORVASTATIN CALCIUM: 500 TABLET, FILM COATED in 1 BOTTLE (59762-0158-2)",0.55,0.55,,,0
RC,250,"Abacavir And Lamivudine: 30 Tablet, Film Coated In 1 Bottle (69097-362-02)",2.63,2.63,,,0
RC,250,"Abacavir Sulfate: 1 Bottle, Plastic In 1 Carton (0378-4105-91)  / 60 Tablet, Film Coated In 1 Bottle, Plastic",3.63,3.63,,,0
RC,250,"Acamprosate Calcium: 180 Tablet, Delayed Release In 1 Bottle (68462-435-18)",1.99,1.99,,,0
RC,250,"Acamprosate Calcium: 180 Tablet, Delayed Release In 1 Bottle, Plastic (0378-6333-80)",1.14,1.14,,,0
RC,250,Acetaminophen Pain Reliever Fever Reducer: 1 Suppository In 1 Blister Pack (45802-730-00),0.52,0.52,,,0
RC,250,Acetaminophen Pain Reliever Fever Reducer: 100 Blister Pack In 1 Carton (45802-730-33)  / 1 Suppository In 1 Blister Pack,0.38,0.38,,,0
RC,250,"Acetaminophen: 10 Blister Pack In 1 Box, Unit-Dose (0904-6730-61)  / 10 Tablet In 1 Blister Pack",0.06,0.06,,,0
RC,250,"Acetaminophen: 10 Blister Pack In 1 Box, Unit-Dose (0904-6773-61)  / 10 Tablet In 1 Blister Pack",0.1,0.1,,,0
RC,250,"Acetaminophen: 10 Vial, Glass In 1 Carton (0781-3156-95)  / 100 Ml In 1 Vial, Glass (0781-3156-06)",0.16,0.16,,,0
RC,250,Acetaminophen: 24 Container In 1 Case (0264-4100-90)  / 100 Ml In 1 Container,0.09,0.09,,,0
RC,250,"Acetaminophen: 3 Tray In 1 Case (68094-330-62)  / 10 Cup, Unit-Dose In 1 Tray / 10.15 Ml In 1 Cup, Unit-Dose (68094-330-59)",1.79,1.79,,,0
RC,250,Acetaminophen: 40 Bag In 1 Carton (36000-306-60)  / 100 Ml In 1 Bag,0.17,0.17,,,0
RC,250,Acetaminophen: 500 Tablet In 1 Bottle (0904-6720-40),0.03,0.03,,,0
RC,250,"Acetazolamide: 1 Vial In 1 Box, Unit-Dose (0143-9503-01)  / 1 Injection, Powder, Lyophilized, For Solution In 1 Vial",22.14,22.14,,,0
RC,250,Acetazolamide: 1 Vial In 1 Carton (67457-853-50)  / 5 Ml In 1 Vial,36.14,36.14,,,0
RC,250,"Acetazolamide: 1 Vial, Glass In 1 Carton (39822-0190-1)  / 5 Ml In 1 Vial, Glass",35.25,35.25,,,0
RC,250,Acetazolamide: 100 Tablet In 1 Bottle (51672-4022-1),0.48,0.48,,,0
RC,250,Acetazolamide: 100 Tablet In 1 Bottle (51672-4023-1),0.63,0.63,,,0
RC,250,Acetazolamide: 100 Tablet In 1 Bottle (64380-833-06),0.36,0.36,,,0
RC,250,Acetazolamide: 100 Tablet In 1 Bottle (64380-834-06),0.5,0.5,,,0
RC,250,Acetazolamide: 100 Tablet In 1 Bottle (70756-721-11),0.27,0.27,,,0
RC,250,"Acetazolamide: 5 Ml In 1 Vial, Glass (23155-313-31)",27.07,27.07,,,0
RC,250,Acetic Acid: 16 Container In 1 Case (0264-2304-10)  / 500 Ml In 1 Container,10.52,10.52,,,0
RC,250,Acetylcysteine: 25 Vial In 1 Carton (63323-694-04)  / 4 Ml In 1 Vial (63323-694-22),21.66,21.66,,,0
RC,250,"Acetylcysteine: 25 Vial, Glass In 1 Tray (0517-7604-25)  / 4 Ml In 1 Vial, Glass",7.46,7.46,,,0
RC,250,Acetylcysteine: 3 Vial In 1 Carton (0409-3308-03)  / 30 Ml In 1 Vial (0409-3308-11),13.41,13.41,,,0
RC,250,Acetylcysteine: 3 Vial In 1 Carton (63323-690-30)  / 30 Ml In 1 Vial (63323-690-22),41.55,41.55,,,0
RC,250,"Acetylcysteine: 4 Vial, Single-Dose In 1 Carton (55150-259-30)  / 30 Ml In 1 Vial, Single-Dose",0.9,0.9,,,0
RC,250,"Acid Gone Antacid Extra Strength: 100 Tablet, Chewable In 1 Bottle (0904-5365-60)",0.07,0.07,,,0
RC,250,Actidose Aqua: 240 Ml In 1 Tube (0574-0521-76),27.29,27.29,,,0
RC,250,"Acyclovir Sodium: 10 Vial, Single-Dose In 1 Carton (55150-154-10)  / 10 Ml In 1 Vial, Single-Dose",0.04,0.04,,,0
RC,250,"Acyclovir Sodium: 10 Vial, Single-Dose In 1 Carton (55150-155-20)  / 20 Ml In 1 Vial, Single-Dose",0.04,0.04,,,0
RC,250,"Acyclovir: 10 Vial, Single-Dose In 1 Tray (63323-325-20)  / 20 Ml In 1 Vial, Single-Dose (63323-325-09)",0.04,0.04,,,0
RC,250,Acyclovir: 100 Blister Pack In 1 Carton (0904-5789-61)  / 1 Capsule In 1 Blister Pack,0.21,0.21,,,0
RC,250,Acyclovir: 100 Capsule In 1 Bottle (72578-002-01),0.14,0.14,,,0
RC,250,Ad First Aid Multipurpose: 1 Tube In 1 Box (65197-400-10)  / 42.5 G In 1 Tube,5.0,5.0,,,0
RC,250,"Adempas: 9 Tablet, Film Coated In 1 Bottle (50419-254-91)",268.13,268.13,,,0
RC,250,"Adempas: 90 Tablet, Film Coated In 1 Bottle (50419-254-01)",284.22,284.22,,,0
RC,250,"Adenosine: 1 VIAL, SINGLE-DOSE in 1 CARTON (0409-1932-02)  / 30 mL in 1 VIAL, SINGLE-DOSE",2.0,2.0,,,0
RC,250,"Adenosine: 1 Vial, Single-Dose In 1 Carton (55150-193-01)  / 30 Ml In 1 Vial, Single-Dose",0.37,0.37,,,0
RC,250,Adrenalin: 1 Vial In 1 Carton (42023-168-01)  / 30 Ml In 1 Vial,0.77,0.77,,,0
RC,250,Adrenalin: 25 Vial In 1 Carton (42023-159-25)  / 1 Ml In 1 Vial (42023-159-01),2.3,2.3,,,0
RC,250,"Adult Low Dose Enteric Coated Aspirin: 1000 Tablet, Coated In 1 Bottle (57896-981-10)",0.01,0.01,,,0
RC,250,"Adult Low Dose Enteric Coated Aspirin: 120 Tablet, Coated In 1 Bottle (57896-981-12)",0.02,0.02,,,0
RC,250,"Albuterol Sulfate Hfa: 1 Inhaler In 1 Carton (0093-3174-31)  / 200 Aerosol, Metered In 1 Inhaler",65.05,65.05,,,0
RC,250,"Albuterol Sulfate: 1 BOTTLE, GLASS in 1 CARTON (50383-741-20)  / 20 mL in 1 BOTTLE, GLASS",86.75,86.75,,,0
RC,250,"Albuterol Sulfate: 1 Canister In 1 Carton (0054-0742-87)  / 200 Aerosol, Metered In 1 Canister",43.09,43.09,,,0
RC,250,"Albuterol Sulfate: 30 Pouch In 1 Carton (0487-9501-01)  / 1 Vial, Single-Dose In 1 Pouch / 3 Ml In 1 Vial, Single-Dose",0.35,0.35,,,0
RC,250,Albuterol Sulfate: 30 Pouch In 1 Carton (76204-200-01)  / 1 Ampule In 1 Pouch / 3 Ml In 1 Ampule,0.19,0.19,,,0
RC,250,"Allergy Relief: 1 Bottle, Plastic In 1 Carton (70677-1015-2)  / 100 Capsule In 1 Bottle, Plastic",0.09,0.09,,,0
RC,250,"Allopurinol: 10 Blister Pack In 1 Box, Unit-Dose (63739-410-10)  / 10 Tablet In 1 Blister Pack",0.37,0.37,,,0
RC,250,Allopurinol: 100 Blister Pack In 1 Carton (0904-7041-61)  / 1 Tablet In 1 Blister Pack,0.36,0.36,,,0
RC,250,Allopurinol: 100 Tablet In 1 Bottle (0378-0137-01),0.24,0.24,,,0
RC,250,Allopurinol: 100 Tablet In 1 Bottle (16714-041-10),0.24,0.24,,,0
RC,250,Allopurinol: 100 Tablet In 1 Bottle (16714-576-02),0.16,0.16,,,0
RC,250,"Allopurinol: 100 Tablet In 1 Bottle, Plastic (0591-5543-01)",0.19,0.19,,,0
RC,250,Alprazolam: 100 Tablet In 1 Bottle (0228-2031-10),0.05,0.05,,,0
RC,250,Alprazolam: 100 Tablet In 1 Bottle (0781-1061-01),0.05,0.05,,,0
RC,250,Alprazolam: 100 Tablet In 1 Bottle (0781-1077-01),0.05,0.05,,,0
RC,250,Alprazolam: 100 Tablet In 1 Bottle (0781-1079-01),0.05,0.05,,,0
RC,250,"Amantadine Hydrochloride: 10 Tray In 1 Case (0121-0646-10)  / 10 Cup, Unit-Dose In 1 Tray / 10 Ml In 1 Cup, Unit-Dose",4.06,4.06,,,0
RC,250,Amantadine: 100 Capsule In 1 Bottle (62332-246-31),0.58,0.58,,,0
RC,250,"Ambrisentan: 30 Tablet, Film Coated In 1 Bottle (47335-237-83)",60.08,60.08,,,0
RC,250,"Ambrisentan: 30 Tablet, Film Coated In 1 Bottle, Plastic (69097-387-02)",75.27,75.27,,,0
RC,250,"Amidate: 10 Vial, Single-Dose In 1 Tray (0409-6695-01)  / 10 Ml In 1 Vial, Single-Dose (0409-6695-11)",10.44,10.44,,,0
RC,250,Amiloride Hydrochloride: 100 Tablet In 1 Bottle (0574-0292-01),0.32,0.32,,,0
RC,250,Amiodarone Hydrochloride: 25 Vial In 1 Box (0143-9875-25)  / 3 Ml In 1 Vial (0143-9875-01),0.65,0.65,,,0
RC,250,Amiodarone Hydrochloride: 30 Tablet In 1 Bottle (51672-4055-6),2.41,2.41,,,0
RC,250,Amiodarone Hydrochloride: 30 Tablet In 1 Bottle (68382-297-06),2.2,2.2,,,0
RC,250,Amiodarone Hydrochloride: 60 Tablet In 1 Bottle (29300-359-16),0.25,0.25,,,0
RC,250,"Amitiza: 60 Capsule, Gelatin Coated In 1 Bottle (64764-240-60)",11.16,11.16,,,0
RC,250,"Amitriptyline Hydrochloride: 100 Tablet, Film Coated In 1 Bottle (0781-1487-01)",0.45,0.45,,,0
RC,250,"Amitriptyline Hydrochloride: 100 Tablet, Film Coated In 1 Bottle (0781-1488-01)",0.91,0.91,,,0
RC,250,"Amitriptyline Hydrochloride: 100 Tablet, Film Coated In 1 Bottle (16714-257-01)",0.13,0.13,,,0
RC,250,Amlodipine Besylate: 100 Blister Pack In 1 Carton (0904-6369-61)  / 1 Tablet In 1 Blister Pack,0.2,0.2,,,0
RC,250,Amlodipine Besylate: 100 Blister Pack In 1 Carton (0904-6370-61)  / 1 Tablet In 1 Blister Pack,0.12,0.12,,,0
RC,250,Amlodipine Besylate: 90 Tablet In 1 Bottle (67877-198-90),0.03,0.03,,,0
RC,250,Amlodipine Besylate: 90 Tablet In 1 Bottle (68382-121-16),0.05,0.05,,,0
RC,250,Ammonia Inhalants: 12 AMPULE in 1 CARTON (39822-9900-2)  / .3 mL in 1 AMPULE,1.38,1.38,,,0
RC,250,"Ammonium Lactate: 400 G In 1 Bottle, Plastic (45802-419-26)",42.34,42.34,,,0
RC,250,"Amoxicillin And Clavulanate Potassium: 100 Tablet, Film Coated In 1 Bottle (65862-503-01)",0.7,0.7,,,0
RC,250,Amoxicillin And Clavulanate Potassium: 125 Ml In 1 Bottle (16714-294-02),0.87,0.87,,,0
RC,250,Amoxicillin And Clavulanate Potassium: 150 Ml In 1 Bottle (59651-026-55),9.8,9.8,,,0
RC,250,Amoxicillin And Clavulanate Potassium: 150 Ml In 1 Bottle (69097-098-08),11.16,11.16,,,0
RC,250,Amoxicillin And Clavulanate Potassium: 150 Ml In 1 Bottle (73043-010-03),7.02,7.02,,,0
RC,250,"Amoxicillin And Clavulanate Potassium: 20 Tablet, Film Coated In 1 Bottle (0781-1831-20)",1.72,1.72,,,0
RC,250,"Amoxicillin And Clavulanate Potassium: 20 Tablet, Film Coated In 1 Bottle (16714-296-01)",0.83,0.83,,,0
RC,250,"Amoxicillin And Clavulanate Potassium: 20 Tablet, Film Coated In 1 Bottle (16714-477-01)",1.17,1.17,,,0
RC,250,"Amoxicillin And Clavulanate Potassium: 20 Tablet, Film Coated In 1 Bottle (65862-503-20)",0.66,0.66,,,0
RC,250,"Amoxicillin And Clavulanate Potassium: 40 Tablet, Multilayer, Extended Release In 1 Bottle (0781-1943-39)",8.57,8.57,,,0
RC,250,"Amoxicillin And Clavulanate Potassium: 75 Ml In 1 Bottle, Plastic (60432-065-75)",2.0,2.0,,,0
RC,250,Amoxicillin: 100 Capsule In 1 Bottle (0093-3107-01),0.22,0.22,,,0
RC,250,Amoxicillin: 100 Capsule In 1 Bottle (16714-298-01),0.07,0.07,,,0
RC,250,Amoxicillin: 100 Capsule In 1 Bottle (16714-299-03),0.14,0.14,,,0
RC,250,Amoxicillin: 100 Ml In 1 Bottle (0143-9889-01),0.71,0.71,,,0
RC,250,Amoxicillin: 100 Ml In 1 Bottle (65862-707-01),0.03,0.03,,,0
RC,250,Amoxicillin: 150 Ml In 1 Bottle (65862-707-55),0.18,0.18,,,0
RC,250,Amphotericin B: 10 Ml In 1 Vial (39822-1055-5),68.23,68.23,,,0
RC,250,"Ampicillin And Sulbactam: 1 Injection, Powder, For Solution In 1 Vial, Single-Dose (72603-220-01)",3.41,3.41,,,0
RC,250,"Ampicillin And Sulbactam: 10 Vial In 1 Carton (25021-142-20)  / 1 Injection, Powder, For Solution In 1 Vial",9.95,9.95,,,0
RC,250,"Ampicillin And Sulbactam: 10 Vial In 1 Carton (55150-116-20)  / 1 Injection, Powder, For Solution In 1 Vial",3.41,3.41,,,0
RC,250,"Ampicillin And Sulbactam: 10 Vial In 1 Carton (55150-117-20)  / 1 Injection, Powder, For Solution In 1 Vial",3.29,3.29,,,0
RC,250,"Ampicillin: 10 Vial In 1 Box (55150-114-20)  / 1 Injection, Powder, For Solution In 1 Vial",1.0,1.0,,,0
RC,250,"Ampicillin: 10 Vial In 1 Carton (25021-136-10)  / 1 Injection, Powder, For Solution In 1 Vial",3.95,3.95,,,0
RC,250,"Ampicillin: 10 Vial In 1 Tray (44567-101-10)  / 1 Injection, Powder, For Solution In 1 Vial",0.86,0.86,,,0
RC,250,Anoro Ellipta: 1 Tray In 1 Carton (0173-0869-06)  / 1 Inhaler In 1 Tray / 7 Powder In 1 Inhaler,138.63,138.63,,,0
RC,250,Anoro Ellipta: 1 Tray In 1 Carton (0173-0869-10)  / 1 Inhaler In 1 Tray / 30 Powder In 1 Inhaler,578.83,578.83,,,0
RC,250,Antibiotic Bacitracin Zinc: 1 Tube In 1 Carton (49348-154-72)  / 28.4 G In 1 Tube,4.45,4.45,,,0
RC,250,Antifungal: 1 TUBE in 1 CARTON (0472-0735-56)  / 28 g in 1 TUBE,4.24,4.24,,,0
RC,250,Aplicare Povidone-Iodine: 1 G In 1 Packet (52380-0126-2),0.03,0.03,,,0
RC,250,Apraclonidine: 5 Ml In 1 Bottle (61314-665-05),116.1,116.1,,,0
RC,250,Aptiom: 30 Tablet In 1 Bottle (63402-208-30),80.95,80.95,,,0
RC,250,Aripiprazole: 30 Tablet In 1 Bottle (16714-141-01),0.42,0.42,,,0
RC,250,Aripiprazole: 30 Tablet In 1 Bottle (16714-142-01),0.34,0.34,,,0
RC,250,Aripiprazole: 30 Tablet In 1 Bottle (16714-143-01),0.27,0.27,,,0
RC,250,Aripiprazole: 30 Tablet In 1 Bottle (16714-144-01),0.39,0.39,,,0
RC,250,Aripiprazole: 30 Tablet In 1 Bottle (31722-820-30),0.38,0.38,,,0
RC,250,Arnuity Ellipta: 1 Inhaler In 1 Carton (0173-0874-10)  / 30 Powder In 1 Inhaler,365.2,365.2,,,0
RC,250,Arnuity Ellipta: 1 Inhaler In 1 Carton (0173-0874-14)  / 14 Powder In 1 Inhaler,125.13,125.13,,,0
RC,250,Arnuity Ellipta: 1 Inhaler In 1 Carton (0173-0876-14)  / 14 Powder In 1 Inhaler,168.1,168.1,,,0
RC,250,Aromasin: 30 Tablet In 1 Bottle (0009-7663-04),69.34,69.34,,,0
RC,250,Asclera: 2 Ml In 1 Ampule (67850-141-05),29.28,29.28,,,0
RC,250,Aspirin Chewable: 30 Blister Pack In 1 Box (63739-434-02)  / 10 Tablet In 1 Blister Pack,0.11,0.11,,,0
RC,250,"Aspirin Low Dose Chewable Orange: 1000 Tablet, Chewable In 1 Package (0904-6794-80)",0.01,0.01,,,0
RC,250,"Aspirin Low Dose Chewable Orange: 300 Blister Pack In 1 Carton (0904-6794-30)  / 1 Tablet, Chewable In 1 Blister Pack",0.1,0.1,,,0
RC,250,"Aspirin Low Dose Chewable Orange: 300 Blister Pack In 1 Carton (0904-7509-30)  / 1 Tablet, Chewable In 1 Blister Pack",0.1,0.1,,,0
RC,250,"Aspirin Low Dose: 1 Bottle, Plastic In 1 Carton (0536-1234-41)  / 120 Tablet, Delayed Release In 1 Bottle, Plastic",0.02,0.02,,,0
RC,250,"Aspirin Regular Strength: 1 Bottle, Plastic In 1 Carton (0536-1232-01)  / 100 Tablet, Delayed Release In 1 Bottle, Plastic",0.04,0.04,,,0
RC,250,Aspirin: 12 Packet In 1 Carton (0574-7034-12)  / 1 Suppository In 1 Packet,2.09,2.09,,,0
RC,250,"Asthmanefrin: 30 Pouch In 1 Carton (0487-2784-01)  / 1 Vial, Single-Use In 1 Pouch / .5 Ml In 1 Vial, Single-Use",3.92,3.92,,,0
RC,250,Atazanavir Sulfate: 60 Capsule In 1 Bottle (65862-711-60),5.37,5.37,,,0
RC,250,Atenolol: 100 Blister Pack In 1 Carton (0904-7187-61)  / 1 Tablet In 1 Blister Pack,0.26,0.26,,,0
RC,250,Atenolol: 100 TABLET in 1 BOTTLE (0781-1507-01),0.11,0.11,,,0
RC,250,Atenolol: 100 Tablet In 1 Bottle (68382-022-01),0.04,0.04,,,0
RC,250,Atenolol: 100 Tablet In 1 Bottle (68382-023-01),0.12,0.12,,,0
RC,250,Athletes Foot: 1 Tube In 1 Carton (49348-790-72)  / 30 G In 1 Tube,12.76,12.76,,,0
RC,250,Atomoxetine: 30 Capsule In 1 Bottle (16714-755-01),3.37,3.37,,,0
RC,250,Atomoxetine: 30 Capsule In 1 Bottle (64980-375-03),2.94,2.94,,,0
RC,250,"Atorvastatin Calcium: 100 Blister Pack In 1 Carton (0904-6292-61)  / 1 Tablet, Film Coated In 1 Blister Pack",0.35,0.35,,,0
RC,250,"Atorvastatin Calcium: 30 Blister Pack In 1 Carton (0904-6293-04)  / 1 Tablet, Film Coated In 1 Blister Pack",0.56,0.56,,,0
RC,250,"Atorvastatin Calcium: 90 Tablet, Film Coated In 1 Bottle (60505-2578-9)",0.31,0.31,,,0
RC,250,"Atorvastatin Calcium: 90 Tablet, Film Coated In 1 Bottle (60505-2579-9)",0.25,0.25,,,0
RC,250,"Atorvastatin Calcium: 90 Tablet, Film Coated In 1 Bottle (60505-2671-9)",0.35,0.35,,,0
RC,250,"Atovaquone: 42 Cup, Unit-Dose In 1 Carton (81033-104-42)  / 5 Ml In 1 Cup, Unit-Dose (81033-104-05)",34.0,34.0,,,0
RC,250,"Atovaquone: 5 Ml In 1 Cup, Unit-Dose (0904-7459-41)",39.23,39.23,,,0
RC,250,"Atropine Sulfate: 10 Carton In 1 Package (0409-4911-34)  / 1 Syringe, Glass In 1 Carton / 10 Ml In 1 Syringe, Glass (0409-4911-11)",0.31,0.31,,,0
RC,250,Atropine Sulfate: 10 Carton In 1 Package (76329-3340-1)  / 1 Syringe In 1 Carton / 10 Ml In 1 Syringe,0.19,0.19,,,0
RC,250,"Atropine Sulfate: 25 Vial, Glass In 1 Tray (0517-1001-25)  / 1 Ml In 1 Vial, Glass (0517-1001-01)",0.13,0.13,,,0
RC,250,"Atropine: 1 BOTTLE, DROPPER in 1 CARTON (17478-215-02)  / 2 mL in 1 BOTTLE, DROPPER",1.0,1.0,,,0
RC,250,"Atropine: 1 Bottle, Dropper In 1 Carton (60219-1748-2)  / 2 Ml In 1 Bottle, Dropper",1.0,1.0,,,0
RC,250,"Atropine: 1 Bottle, Dropper In 1 Carton (60505-6226-0)  / 2 Ml In 1 Bottle, Dropper",1.0,1.0,,,0
RC,250,"Atrovent Hfa: 1 Canister In 1 Carton (0597-0087-17)  / 200 Aerosol, Metered In 1 Canister",554.56,554.56,,,0
RC,250,"Avycaz: 10 Vial, Single-Dose In 1 Carton (0456-2700-10)  / 1 Powder, For Solution In 1 Vial, Single-Dose (0456-2700-01)",178.29,178.29,,,0
RC,250,"Azactam: 10 Vial, Single-Dose In 1 Carton (0003-2570-16)  / 1 Injection, Powder, For Solution In 1 Vial, Single-Dose",5.37,5.37,,,0
RC,250,"Azelastine Hydrochloride: 1 Bottle, Spray In 1 Carton (42291-094-30)  / 30 Ml In 1 Bottle, Spray",20.35,20.35,,,0
RC,250,"Azelastine Hydrochloride: 1 Bottle, Spray In 1 Carton (59651-214-30)  / 200 Spray, Metered In 1 Bottle, Spray",26.02,26.02,,,0
RC,250,"Azelastine Hydrochloride: 1 Bottle, Spray In 1 Carton (65162-676-84)  / 30 Ml In 1 Bottle, Spray",36.17,36.17,,,0
RC,250,"Azithromycin: 1 Blister Pack In 1 Carton (65862-641-69)  / 6 Tablet, Film Coated In 1 Blister Pack",1.07,1.07,,,0
RC,250,Azithromycin: 10 Vial In 1 Box (70436-019-82)  / 5 Ml In 1 Vial,3.86,3.86,,,0
RC,250,"Azithromycin: 10 Vial, Single-Dose In 1 Carton (55150-174-10)  / 1 Injection, Powder, Lyophilized, For Solution In 1 Vial, Single-Dose",3.34,3.34,,,0
RC,250,"Azithromycin: 30 Tablet, Film Coated In 1 Bottle (50111-787-10)",3.84,3.84,,,0
RC,250,"Azithromycin: 50 Blister Pack In 1 Carton (0904-7350-06)  / 1 Tablet, Film Coated In 1 Blister Pack",1.17,1.17,,,0
RC,250,Bacitracin Zinc And Polymyxin B Sulfate: 1 Tube In 1 Carton (24208-555-55)  / 3.5 G In 1 Tube,10.7,10.7,,,0
RC,250,Bacitracin Zinc: 1 Tube In 1 Box (58980-011-10)  / 28.35 G In 1 Tube,5.7,5.7,,,0
RC,250,Bacitracin Zinc: 12 Jar In 1 Case (67777-008-60)  / 425 G In 1 Jar (67777-008-61),28.26,28.26,,,0
RC,250,Bacitracin Zinc: 425.3 g in 1 JAR (67777-220-07),33.15,33.15,,,0
RC,250,Bacitracin Zinc: 453.6 g in 1 JAR (0168-0011-16),68.35,68.35,,,0
RC,250,Baclofen: 100 Blister Pack In 1 Carton (0904-6475-61)  / 1 Tablet In 1 Blister Pack,0.61,0.61,,,0
RC,250,Baclofen: 100 Tablet In 1 Bottle (31722-138-01),1.63,1.63,,,0
RC,250,Baclofen: 100 Tablet In 1 Bottle (52817-319-10),0.25,0.25,,,0
RC,250,"Baclofen: 100 Tablet In 1 Bottle, Plastic (0603-2406-21)",0.33,0.33,,,0
RC,250,Balmex Diaper Rash: 1 TUBE in 1 CARTON (16864-908-03)  / 56 g in 1 TUBE,4.18,4.18,,,0
RC,250,Banophen: 100 Capsule In 1 Bottle (0904-5307-60),0.04,0.04,,,0
RC,250,"Banzel: 120 Tablet, Film Coated In 1 Bottle (62856-583-52)",47.71,47.71,,,0
RC,250,Baraclude: 1 Bottle In 1 Carton (0003-1614-12)  / 210 Ml In 1 Bottle,82.68,82.68,,,0
RC,250,"Benzoin Compound Tincture: 59 Ml In 1 Bottle, Plastic (0395-0243-92)",15.73,15.73,,,0
RC,250,Benzonatate: 10 Blister Pack In 1 Carton (68084-214-01)  / 10 Capsule In 1 Blister Pack (68084-214-11),0.66,0.66,,,0
RC,250,Benzonatate: 100 Blister Pack In 1 Carton (0904-7153-61)  / 1 Capsule In 1 Blister Pack,0.67,0.67,,,0
RC,250,Benzonatate: 100 Capsule In 1 Bottle (42806-714-01),0.19,0.19,,,0
RC,250,Benztropine Mesylate: 100 Blister Pack In 1 Carton (0904-7288-61)  / 1 Tablet In 1 Blister Pack,0.56,0.56,,,0
RC,250,"Benztropine Mesylate: 100 Tablet In 1 Bottle, Plastic (0603-2434-21)",0.3,0.3,,,0
RC,250,Betamethasone Dipropionate: 1 Tube In 1 Carton (45802-376-35)  / 15 G In 1 Tube,5.44,5.44,,,0
RC,250,Betamethasone Valerate: 45 G In 1 Tube (0168-0033-46),34.49,34.49,,,0
RC,250,"Betaxolol Hydrochloride: 1 Bottle, Plastic In 1 Carton (61314-245-01)  / 5 Ml In 1 Bottle, Plastic",92.14,92.14,,,0
RC,250,Bethanechol Chloride: 100 Tablet In 1 Bottle (53746-571-01),0.35,0.35,,,0
RC,250,Beyfortus: 1 Syringe In 1 Carton (49281-575-00)  / .5 Ml In 1 Syringe,1031.82,1031.82,,,0
RC,250,Bicalutamide: 30 Tablet In 1 Bottle (16729-023-10),1.1,1.1,,,0
RC,250,Biktarvy: 30 Tablet In 1 Blister Pack (61958-2501-3),252.22,252.22,,,0
RC,250,"Biktarvy: 30 Tablet In 1 Bottle, Plastic (61958-2501-1)",254.0,254.0,,,0
RC,250,"Bisacodyl: 10 Blister Pack In 1 Box (0904-6407-61)  / 10 Tablet, Delayed Release In 1 Blister Pack",0.05,0.05,,,0
RC,250,Bisacodyl: 12 Blister Pack In 1 Carton (0574-7050-12)  / 1 Suppository In 1 Blister Pack,0.64,0.64,,,0
RC,250,Bisacodyl: 50 Blister Pack In 1 Carton (0574-7050-50)  / 1 Suppository In 1 Blister Pack,0.38,0.38,,,0
RC,250,Bismatrol: 236 mL in 1 BOTTLE (0904-1313-09),0.24,0.24,,,0
RC,250,"Bisoprolol Fumarate: 30 Tablet In 1 Bottle, Plastic (29300-126-13)",0.44,0.44,,,0
RC,250,Boostrix: 10 Syringe In 1 Carton (58160-842-52)  / .5 Ml In 1 Syringe (58160-842-43),73.33,73.33,,,0
RC,250,"Botox: 1 Vial In 1 Carton (0023-1145-01)  / 1 Injection, Powder, Lyophilized, For Solution In 1 Vial",12.63,12.63,,,0
RC,250,Breo Ellipta: 1 Tray In 1 Carton (0173-0859-14)  / 1 Inhaler In 1 Tray / 14 Powder In 1 Inhaler,114.81,114.81,,,0
RC,250,Breo Ellipta: 1 Tray In 1 Carton (0173-0882-14)  / 1 Inhaler In 1 Tray / 14 Powder In 1 Inhaler,115.07,115.07,,,0
RC,250,"Bridion: 10 Vial, Single-Dose In 1 Carton (0006-5425-15)  / 5 Ml In 1 Vial, Single-Dose (0006-5425-05)",182.07,182.07,,,0
RC,250,"Brilinta: 10 Blister Pack In 1 Box, Unit-Dose (0186-0777-39)  / 10 Tablet In 1 Blister Pack",13.81,13.81,,,0
RC,250,Brimonidine Tartrate: 1 Bottle In 1 Carton (70069-231-01)  / 5 Ml In 1 Bottle,8.26,8.26,,,0
RC,250,"Briviact: 1 Bottle In 1 Carton (50474-670-66)  / 60 Tablet, Film Coated In 1 Bottle",44.34,44.34,,,0
RC,250,"Briviact: 1 Bottle In 1 Carton (50474-770-66)  / 60 Tablet, Film Coated In 1 Bottle",44.37,44.37,,,0
RC,250,"Briviact: 100 Blister Pack In 1 Carton (50474-570-09)  / 1 Tablet, Film Coated In 1 Blister Pack",43.29,43.29,,,0
RC,250,"Briviact: 100 Blister Pack In 1 Carton (50474-770-09)  / 1 Tablet, Film Coated In 1 Blister Pack",44.36,44.36,,,0
RC,250,"Bromocriptine Mesylate: 100 Tablet In 1 Bottle, Plastic (0574-0106-01)",3.26,3.26,,,0
RC,250,Bss: 15 Ml In 1 Bottle (0065-0795-15),11.29,11.29,,,0
RC,250,Budesonide And Formoterol Fumarate Dihydrate: 1 Pouch In 1 Carton (0310-7372-20)  / 1 Canister In 1 Pouch / 120 Aerosol In 1 Canister,316.24,316.24,,,0
RC,250,Budesonide: 1 Bottle In 1 Carton (0574-9855-10)  / 100 Capsule In 1 Bottle,1.73,1.73,,,0
RC,250,"Budesonide: 100 Capsule, Delayed Release In 1 Bottle (65162-778-10)",4.02,4.02,,,0
RC,250,"Budesonide: 30 Tablet, Extended Release In 1 Bottle (68682-309-30)",62.07,62.07,,,0
RC,250,Budesonide: 6 Pouch In 1 Carton (0487-9601-01)  / 5 Ampule In 1 Pouch / 2 Ml In 1 Ampule,7.69,7.69,,,0
RC,250,Budesonide: 6 Pouch In 1 Carton (0487-9701-01)  / 5 Ampule In 1 Pouch / 2 Ml In 1 Ampule,16.82,16.82,,,0
RC,250,Bumetanide: 10 Vial In 1 Carton (25021-321-04)  / 4 Ml In 1 Vial,1.61,1.61,,,0
RC,250,Bumetanide: 100 Tablet In 1 Bottle (69238-1489-1),0.43,0.43,,,0
RC,250,Bumetanide: 100 Tablet In 1 Bottle (69238-1490-1),0.5,0.5,,,0
RC,250,Bumetanide: 50 Blister Pack In 1 Carton (0904-7016-06)  / 1 Tablet In 1 Blister Pack,1.5,1.5,,,0
RC,250,"Bupivacaine Hydrochloride And Epinephrine: 10 Vial, Single-Dose In 1 Carton (0409-9042-01)  / 10 Ml In 1 Vial, Single-Dose (0409-9042-11)",6.76,6.76,,,0
RC,250,"Bupivacaine Hydrochloride: 1 Vial, Single-Dose In 1 Carton (71288-721-11)  / 10 Ml In 1 Vial, Single-Dose",0.05,0.05,,,0
RC,250,"Bupivacaine Hydrochloride: 10 Vial, Single-Dose In 1 Carton (0143-9334-10)  / 30 Ml In 1 Vial, Single-Dose (0143-9334-01)",0.01,0.01,,,0
RC,250,"Bupivacaine Hydrochloride: 25 Vial, Multi-Dose In 1 Tray (0409-1160-01)  / 50 Ml In 1 Vial, Multi-Dose (0409-1160-18)",0.02,0.02,,,0
RC,250,"Bupivacaine Hydrochloride: 25 Vial, Single-Dose In 1 Carton (55150-167-10)  / 10 Ml In 1 Vial, Single-Dose",0.05,0.05,,,0
RC,250,"Bupivacaine Hydrochloride: 25 Vial, Single-Dose In 1 Tray (0409-1159-01)  / 10 Ml In 1 Vial, Single-Dose (0409-1159-18)",0.07,0.07,,,0
RC,250,"Bupivacaine Hydrochloride: 25 Vial, Single-Dose In 1 Tray (0409-1159-02)  / 30 Ml In 1 Vial, Single-Dose (0409-1159-19)",0.02,0.02,,,0
RC,250,"Bupivacaine Hydrochloride: 25 Vial, Single-Dose In 1 Tray (0409-1162-01)  / 10 Ml In 1 Vial, Single-Dose (0409-1162-18)",0.04,0.04,,,0
RC,250,"Bupivacaine Hydrochloride: 25 Vial, Single-Dose In 1 Tray (0409-1162-02)  / 30 Ml In 1 Vial, Single-Dose (0409-1162-19)",0.01,0.01,,,0
RC,250,"Bupivacaine Hydrochloride: 25 Vial, Single-Dose In 1 Tray (0409-1165-01)  / 10 Ml In 1 Vial, Single-Dose (0409-1165-18)",0.2,0.2,,,0
RC,250,Buprenorphine: 30 Tablet In 1 Bottle (0054-0176-13),0.72,0.72,,,0
RC,250,Buprenorphine: 30 Tablet In 1 Bottle (42858-502-03),0.12,0.12,,,0
RC,250,Buprenorphine: 30 Tablet In 1 Bottle (62756-459-83),0.29,0.29,,,0
RC,250,Buprenorphine: 30 Tablet In 1 Bottle (62756-460-83),0.33,0.33,,,0
RC,250,"Bupropion Hydrochloride (Xl): 90 Tablet, Extended Release In 1 Bottle, Plastic (24979-101-07)",0.2,0.2,,,0
RC,250,"Bupropion Hydrochloride Sr: 100 Blister Pack In 1 Carton (0904-7214-61)  / 1 Tablet, Extended Release In 1 Blister Pack",0.73,0.73,,,0
RC,250,"Bupropion Hydrochloride Sr: 100 Tablet, Film Coated, Extended Release In 1 Bottle (43547-289-10)",0.46,0.46,,,0
RC,250,"Bupropion Hydrochloride Sr: 60 Tablet, Film Coated, Extended Release In 1 Bottle, Plastic (0591-3541-60)",0.32,0.32,,,0
RC,250,"Bupropion Hydrochloride Xl: 100 Blister Pack In 1 Carton (0904-7084-61)  / 1 Tablet, Extended Release In 1 Blister Pack",2.59,2.59,,,0
RC,250,"Bupropion Hydrochloride Xl: 100 Blister Pack In 1 Carton (0904-7505-61)  / 1 Tablet, Extended Release In 1 Blister Pack",2.31,2.31,,,0
RC,250,"Bupropion Hydrochloride Xl: 90 Tablet, Extended Release In 1 Bottle (68180-319-09)",0.27,0.27,,,0
RC,250,"Bupropion Hydrochloride: 100 Tablet, Film Coated In 1 Bottle (60505-0157-1)",1.26,1.26,,,0
RC,250,"Bupropion Hydrochloride: 100 Tablet, Film Coated In 1 Bottle (60505-0158-1)",0.97,0.97,,,0
RC,250,Buspirone Hydrochloride: 100 Blister Pack In 1 Carton (0904-7122-61)  / 1 Tablet In 1 Blister Pack,0.19,0.19,,,0
RC,250,Buspirone Hydrochloride: 100 Tablet In 1 Bottle (0093-0053-01),0.04,0.04,,,0
RC,250,Buspirone Hydrochloride: 100 Tablet In 1 Bottle (16729-200-01),0.06,0.06,,,0
RC,250,Buspirone Hydrochloride: 100 Tablet In 1 Bottle (64380-741-06),0.09,0.09,,,0
RC,250,Buspirone Hydrochloride: 100 Tablet In 1 Bottle (68382-180-01),0.09,0.09,,,0
RC,250,"Buspirone Hydrochloride: 100 Tablet In 1 Bottle, Plastic (0378-1150-01)",0.2,0.2,,,0
RC,250,"Buspirone Hydrochloride: 500 Tablet In 1 Bottle, Plastic (0378-1150-05)",0.2,0.2,,,0
RC,250,Bystolic: 30 Tablet In 1 Bottle (0456-1405-30),10.52,10.52,,,0
RC,250,"COREG: 100 TABLET, FILM COATED in 1 BOTTLE (0007-4142-20)",12.42,12.42,,,0
RC,250,COUMADIN: 1 BOTTLE in 1 CARTON (0056-0170-70)  / 100 TABLET in 1 BOTTLE,0.16,0.16,,,0
RC,250,Cabergoline: 1 Bottle In 1 Carton (0093-5420-88)  / 8 Tablet In 1 Bottle,3.52,3.52,,,0
RC,250,Caffeine Citrate: 1 Vial In 1 Carton (51754-0500-1)  / 3 Ml In 1 Vial,0.91,0.91,,,0
RC,250,"Caffeine Citrate: 1 Vial, Glass In 1 Carton (72485-104-01)  / 3 Ml In 1 Vial, Glass",0.72,0.72,,,0
RC,250,"Calamine: 177 Ml In 1 Bottle, Plastic (0904-2533-21)",2.09,2.09,,,0
RC,250,"Calcitonin Salmon: 1 Bottle, Glass In 1 Carton (60505-0823-6)  / 30 Spray, Metered In 1 Bottle, Glass",105.51,105.51,,,0
RC,250,"Calcitonin Salmon: 1 Vial, Multi-Dose In 1 Carton (43598-051-11)  / 2 Ml In 1 Vial, Multi-Dose",1838.15,1838.15,,,0
RC,250,"Calcitriol: 1 Bottle, Glass In 1 Carton (0054-3120-41)  / 15 Ml In 1 Bottle, Glass",34.51,34.51,,,0
RC,250,"Calcitriol: 1 Bottle, Glass In 1 Carton (64980-447-15)  / 15 Ml In 1 Bottle, Glass",24.1,24.1,,,0
RC,250,"Calcitriol: 100 Capsule In 1 Bottle, Plastic (0054-0007-25)",1.71,1.71,,,0
RC,250,Calcium Acetate: 200 Capsule In 1 Bottle (29033-026-02),0.46,0.46,,,0
RC,250,Calcium Acetate: 200 Capsule In 1 Bottle (69097-862-83),0.46,0.46,,,0
RC,250,Calcium Acetate: 50 Blister Pack In 1 Carton (0904-7119-06)  / 1 Capsule In 1 Blister Pack,1.69,1.69,,,0
RC,250,"Calcium Carbonate 10 Gr (648 Mg) (Antacid): 1000 Tablet In 1 Bottle, Plastic (0536-1206-10)",0.02,0.02,,,0
RC,250,"Calcium Carbonate 500 Mg: 150 Tablet, Chewable In 1 Bottle, Plastic (69618-020-15)",0.03,0.03,,,0
RC,250,Calcium Carbonate: 12 Bottle In 1 Case (0121-0766-16)  / 473 Ml In 1 Bottle,0.04,0.04,,,0
RC,250,Calcium Chloride: 10 Carton In 1 Container (0409-4928-34)  / 1 Syringe In 1 Carton / 10 Ml In 1 Syringe,30.8,30.8,,,0
RC,250,Calcium Chloride: 10 Syringe In 1 Package (76329-3304-1)  / 10 Ml In 1 Syringe,19.15,19.15,,,0
RC,250,Capsaicin External Analgesic: 1 Tube In 1 Carton (50268-195-60)  / 60 G In 1 Tube,6.21,6.21,,,0
RC,250,Capsaicin: 1 Tube In 1 Carton (0536-2525-25)  / 60 G In 1 Tube,10.12,10.12,,,0
RC,250,Captopril: 100 Blister Pack In 1 Carton (0904-7105-61)  / 1 Tablet In 1 Blister Pack,1.64,1.64,,,0
RC,250,Captopril: 100 Blister Pack In 1 Carton (0904-7106-61)  / 1 Tablet In 1 Blister Pack,2.7,2.7,,,0
RC,250,"Captopril: 100 TABLET in 1 BOTTLE, PLASTIC (0378-3012-01)",1.97,1.97,,,0
RC,250,Captopril: 100 Tablet In 1 Bottle (0143-1171-01),0.57,0.57,,,0
RC,250,Captopril: 100 Tablet In 1 Bottle (0781-8052-01),0.7,0.7,,,0
RC,250,Captopril: 100 Tablet In 1 Bottle (27241-162-01),2.53,2.53,,,0
RC,250,Carbamazepine: 1 Bottle In 1 Carton (70954-240-10)  / 450 Ml In 1 Bottle,0.18,0.18,,,0
RC,250,"Carbamazepine: 100 Blister Pack In 1 Carton (0904-3854-61)  / 1 Tablet, Chewable In 1 Blister Pack",0.93,0.93,,,0
RC,250,Carbamazepine: 100 Blister Pack In 1 Carton (0904-6172-61)  / 1 Tablet In 1 Blister Pack,0.95,0.95,,,0
RC,250,"Carbamazepine: 100 Tablet, Extended Release In 1 Bottle (51672-4123-1)",0.81,0.81,,,0
RC,250,"Carbamazepine: 100 Tablet, Extended Release In 1 Bottle (51672-4124-1)",1.63,1.63,,,0
RC,250,Carbamazepine: 450 Ml In 1 Bottle (51672-4047-9),0.18,0.18,,,0
RC,250,Carbidopa And Levodopa: 100 Blister Pack In 1 Carton (0904-6238-61)  / 1 Tablet In 1 Blister Pack,0.45,0.45,,,0
RC,250,Carbidopa And Levodopa: 100 Blister Pack In 1 Carton (0904-7257-61)  / 1 Tablet In 1 Blister Pack,0.35,0.35,,,0
RC,250,Carbidopa And Levodopa: 100 Blister Pack In 1 Carton (0904-7501-61)  / 1 Tablet In 1 Blister Pack,0.31,0.31,,,0
RC,250,Carbidopa And Levodopa: 100 Tablet In 1 Bottle (0093-9701-01),0.21,0.21,,,0
RC,250,Carbidopa And Levodopa: 100 Tablet In 1 Bottle (42291-472-01),0.13,0.13,,,0
RC,250,Carbidopa And Levodopa: 100 Tablet In 1 Bottle (50228-459-01),0.16,0.16,,,0
RC,250,Carbidopa And Levodopa: 100 Tablet In 1 Bottle (59651-457-01),0.1,0.1,,,0
RC,250,Carbidopa And Levodopa: 100 Tablet In 1 Bottle (62756-518-88),0.24,0.24,,,0
RC,250,"Carbidopa And Levodopa: 100 Tablet In 1 Bottle, Plastic (0378-0085-01)",1.08,1.08,,,0
RC,250,"Carbidopa And Levodopa: 100 Tablet In 1 Bottle, Plastic (0378-1133-01)",0.17,0.17,,,0
RC,250,"Carbidopa And Levodopa: 30 Tablet In 1 Bottle, Plastic (71205-877-30)",0.25,0.25,,,0
RC,250,"Carbidopa and Levodopa: 10 BLISTER PACK in 1 BOX, UNIT-DOSE (63739-047-10)  / 10 TABLET in 1 BLISTER PACK",0.54,0.54,,,0
RC,250,"Carbidopa and Levodopa: 10 BLISTER PACK in 1 BOX, UNIT-DOSE (63739-048-10)  / 10 TABLET in 1 BLISTER PACK",0.22,0.22,,,0
RC,250,Carbidopa and Levodopa: 100 TABLET in 1 BOTTLE (0093-0294-01),0.24,0.24,,,0
RC,250,"Carbidopa, Levodopa And Entacapone: 100 Tablet, Film Coated In 1 Bottle (16571-691-01)",1.82,1.82,,,0
RC,250,"Carbidopa, Levodopa And Entacapone: 100 Tablet, Film Coated In 1 Bottle (16571-693-01)",1.82,1.82,,,0
RC,250,"Carbidopa, Levodopa, And Entacapone: 100 Tablet, Film Coated In 1 Bottle (0781-5654-01)",5.43,5.43,,,0
RC,250,"Carbidopa, Levodopa, And Entacapone: 100 Tablet, Film Coated In 1 Bottle (0781-5669-01)",1.1,1.1,,,0
RC,250,"Carbocaine: 1 VIAL, SINGLE-DOSE in 1 CARTON (0409-1041-30)  / 30 mL in 1 VIAL, SINGLE-DOSE",2.27,2.27,,,0
RC,250,"Carboprost Tromethamine: 1 Vial, Single-Dose In 1 Carton (43598-698-11)  / 1 Ml In 1 Vial, Single-Dose",70.36,70.36,,,0
RC,250,Cardene Iv: 10 Bag In 1 Carton (43066-016-10)  / 200 Ml In 1 Bag,111.4,111.4,,,0
RC,250,Carospir: 118 Ml In 1 Bottle (46287-020-04),18.91,18.91,,,0
RC,250,"Cartia Xt: 90 Capsule, Extended Release In 1 Bottle (62037-598-90)",1.02,1.02,,,0
RC,250,"Carvedilol: 100 Blister Pack In 1 Carton (0904-7305-61)  / 1 Tablet, Film Coated In 1 Blister Pack",0.14,0.14,,,0
RC,250,"Carvedilol: 100 Blister Pack In 1 Carton (0904-7308-61)  / 1 Tablet, Film Coated In 1 Blister Pack",0.15,0.15,,,0
RC,250,"Carvedilol: 100 Tablet, Film Coated In 1 Bottle (0093-0051-01)",0.11,0.11,,,0
RC,250,"Carvedilol: 100 Tablet, Film Coated In 1 Bottle (0093-0135-01)",0.11,0.11,,,0
RC,250,"Carvedilol: 100 Tablet, Film Coated In 1 Bottle (0093-7295-01)",0.11,0.11,,,0
RC,250,"Carvedilol: 100 Tablet, Film Coated In 1 Bottle (68382-092-01)",0.06,0.06,,,0
RC,250,"Carvedilol: 100 Tablet, Film Coated In 1 Bottle (72888-034-01)",0.05,0.05,,,0
RC,250,"Carvedilol: 100 Tablet, Film Coated In 1 Box, Unit-Dose (0904-6300-61)",0.12,0.12,,,0
RC,250,"Carvedilol: 100 Tablet, Film Coated In 1 Box, Unit-Dose (0904-6303-61)",0.15,0.15,,,0
RC,250,"Carvedilol: 500 Tablet, Film Coated In 1 Bottle (0093-7296-05)",0.11,0.11,,,0
RC,250,Cathflo Activase: 1 Vial In 1 Carton (50242-041-64)  / 2 Ml In 1 Vial,161.14,161.14,,,0
RC,250,Cathflo Activase: 10 Vial In 1 Carton (50242-041-10)  / 2 Ml In 1 Vial,176.01,176.01,,,0
RC,250,Cefadroxil: 100 Capsule In 1 Bottle (16714-388-02),0.62,0.62,,,0
RC,250,Cefadroxil: 50 Capsule In 1 Bottle (16714-388-01),0.58,0.58,,,0
RC,250,Cefadroxil: 75 Ml In 1 Bottle (16714-390-01),5.61,5.61,,,0
RC,250,Cefazolin: 25 VIAL in 1 CARTON (25021-101-67)  / 3 mL in 1 VIAL,0.81,0.81,,,0
RC,250,"Cefazolin: 25 Vial In 1 Carton (44567-707-25)  / 1 Injection, Powder, For Solution In 1 Vial",1.45,1.45,,,0
RC,250,Cefazolin: 3 Ml In 1 Vial (0143-9924-90),0.54,0.54,,,0
RC,250,Cefdinir: 1 Bottle In 1 Carton (65862-218-60)  / 60 Ml In 1 Bottle,5.12,5.12,,,0
RC,250,Cefdinir: 60 Capsule In 1 Bottle (67877-543-60),1.5,1.5,,,0
RC,250,"Cefepime: 1 Vial, Single-Dose In 1 Carton (60505-6146-0)  / 1 Injection, Powder, For Solution In 1 Vial, Single-Dose",2.5,2.5,,,0
RC,250,"Cefepime: 1 Vial, Single-Dose In 1 Carton (60505-6147-0)  / 1 Injection, Powder, For Solution In 1 Vial, Single-Dose",2.32,2.32,,,0
RC,250,"Cefepime: 10 VIAL, SINGLE-DOSE in 1 CARTON (66794-210-41)  / 2 INJECTION, POWDER, FOR SOLUTION in 1 VIAL, SINGLE-DOSE (66794-210-02)",2.57,2.57,,,0
RC,250,"Cefepime: 10 Vial In 1 Carton (25021-121-20)  / 1 Injection, Powder, For Solution In 1 Vial",4.86,4.86,,,0
RC,250,Cefepime: 10 Vial In 1 Carton (44567-240-10)  / 20 Ml In 1 Vial,2.49,2.49,,,0
RC,250,Cefepime: 10 Vial In 1 Carton (44567-241-10)  / 20 Ml In 1 Vial,2.07,2.07,,,0
RC,250,Cefotetan: 10 Vial In 1 Carton (63323-385-10)  / 10 Ml In 1 Vial (63323-385-01),42.2,42.2,,,0
RC,250,"Cefpodoxime Proxetil: 20 Tablet, Film Coated In 1 Bottle (0781-5439-20)",9.2,9.2,,,0
RC,250,"Cefpodoxime Proxetil: 20 Tablet, Film Coated In 1 Bottle (16714-394-01)",5.28,5.28,,,0
RC,250,"Cefpodoxime Proxetil: 20 Tablet, Film Coated In 1 Bottle (16714-395-01)",8.38,8.38,,,0
RC,250,"Cefpodoxime Proxetil: 20 Tablet, Film Coated In 1 Bottle (65862-096-20)",6.75,6.75,,,0
RC,250,"Ceftazidime: 10 Vial In 1 Carton (44567-236-10)  / 1 Injection, Powder, For Solution In 1 Vial",1.46,1.46,,,0
RC,250,"Ceftriaxone Sodium: 1 Vial, Single-Use In 1 Carton (60505-6148-0)  / 1 Injection, Powder, For Solution In 1 Vial, Single-Use",1.54,1.54,,,0
RC,250,"Ceftriaxone: 25 VIAL in 1 CARTON (25021-106-67)  / 1 INJECTION, POWDER, FOR SOLUTION in 1 VIAL",0.65,0.65,,,0
RC,250,"Ceftriaxone: 25 Vial In 1 Carton (25021-107-20)  / 1 Injection, Powder, For Solution In 1 Vial",0.78,0.78,,,0
RC,250,"Ceftriaxone: 25 Vial In 1 Carton (44567-701-25)  / 1 Injection, Powder, For Solution In 1 Vial",0.56,0.56,,,0
RC,250,Cefuroxime Axetil: 20 Tablet In 1 Bottle (16714-400-01),0.68,0.68,,,0
RC,250,"Cefuroxime Axetil: 60 Tablet, Film Coated In 1 Bottle (57237-058-60)",1.63,1.63,,,0
RC,250,Celecoxib: 100 Blister Pack In 1 Carton (0904-6502-61)  / 1 Capsule In 1 Blister Pack,1.72,1.72,,,0
RC,250,Celecoxib: 100 Blister Pack In 1 Carton (0904-6503-61)  / 1 Capsule In 1 Blister Pack,3.61,3.61,,,0
RC,250,Celecoxib: 100 Capsule In 1 Bottle (50228-158-01),0.55,0.55,,,0
RC,250,Celecoxib: 100 Capsule In 1 Bottle (65862-908-01),0.2,0.2,,,0
RC,250,Celecoxib: 100 Capsule In 1 Bottle (72241-023-05),0.13,0.13,,,0
RC,250,Celecoxib: 100 Capsule In 1 Bottle (72241-024-05),0.19,0.19,,,0
RC,250,"Celestone Soluspan: 1 Vial, Multi-Dose In 1 Box (78206-118-01)  / 5 Ml In 1 Vial, Multi-Dose",10.6,10.6,,,0
RC,250,"Cephalexin: 100 Blister Pack In 1 Box, Unit-Dose (60687-163-01)  / 1 Capsule In 1 Blister Pack (60687-163-11)",0.44,0.44,,,0
RC,250,Cephalexin: 100 Capsule In 1 Bottle (65862-019-01),0.33,0.33,,,0
RC,250,Cephalexin: 100 Ml In 1 Bottle (68180-441-01),2.3,2.3,,,0
RC,250,Cervidil: 1 Pouch In 1 Carton (55566-2800-1)  / 10 Mg In 1 Pouch (55566-2800-0),988.38,988.38,,,0
RC,250,Cetirizine Hydrochloride: 100 Tablet In 1 Bottle (16571-401-10),0.1,0.1,,,0
RC,250,"Cetirizine: 100 Blister Pack In 1 Carton (0904-6717-61)  / 1 Tablet, Film Coated In 1 Blister Pack",0.18,0.18,,,0
RC,250,"Cetirizine: 100 Blister Pack In 1 Carton (0904-7510-61)  / 1 Tablet, Film Coated In 1 Blister Pack",0.18,0.18,,,0
RC,250,Childrens Acetaminophen: 1 Bottle In 1 Carton (0904-7445-20)  / 118 Ml In 1 Bottle,0.02,0.02,,,0
RC,250,Childrens Acetaminophen: 1 Bottle In 1 Carton (45802-201-26)  / 118 Ml In 1 Bottle,0.02,0.02,,,0
RC,250,"Childrens Acetaminophen: 10 Tray In 1 Case (0121-1781-00)  / 10 Cup, Unit-Dose In 1 Tray / 5 Ml In 1 Cup, Unit-Dose (0121-1781-05)",2.1,2.1,,,0
RC,250,Childrens Loratadine Oral: 1 Bottle In 1 Carton (0904-6767-20)  / 120 Ml In 1 Bottle,0.49,0.49,,,0
RC,250,Chlordiazepoxide Hydrochloride: 100 Capsule In 1 Bottle (0555-0033-02),0.2,0.2,,,0
RC,250,Chlordiazepoxide Hydrochloride: 100 Capsule In 1 Bottle (0555-0159-02),0.25,0.25,,,0
RC,250,Chlorhexidine Gluconate: 473 Ml In 1 Bottle (0116-2001-16),3.69,3.69,,,0
RC,250,"Chloroquine Phosphate: 50 Tablet In 1 Bottle, Plastic (64980-177-50)",4.42,4.42,,,0
RC,250,Chlorothiazide Sodium: 1 Vial In 1 Carton (0517-1820-01)  / 18 Ml In 1 Vial,168.04,168.04,,,0
RC,250,Chlorothiazide Sodium: 1 Vial In 1 Carton (25021-305-20)  / 18 Ml In 1 Vial,53.31,53.31,,,0
RC,250,Chlorothiazide: 1 Vial In 1 Box (63323-658-20)  / 18 Ml In 1 Vial,49.05,49.05,,,0
RC,250,"Chlorpromazine Hydrochloride: 100 Blister Pack In 1 Carton (0904-7130-61)  / 1 Tablet, Film Coated In 1 Blister Pack",1.5,1.5,,,0
RC,250,"Chlorpromazine Hydrochloride: 100 Tablet, Film Coated In 1 Bottle (16714-048-01)",0.48,0.48,,,0
RC,250,"Chlorpromazine Hydrochloride: 100 Tablet, Film Coated In 1 Bottle (16714-049-01)",0.24,0.24,,,0
RC,250,"Chlorthalidone: 100 Tablet In 1 Bottle, Plastic (0378-0222-01)",0.71,0.71,,,0
RC,250,Cilostazol: 60 Tablet In 1 Bottle (0093-2064-06),0.21,0.21,,,0
RC,250,Cilostazol: 60 Tablet In 1 Bottle (0093-2065-06),0.22,0.22,,,0
RC,250,Ciloxan: 3.5 G In 1 Tube (0078-0841-01),491.32,491.32,,,0
RC,250,"Cinacalcet: 30 Tablet, Film Coated In 1 Bottle (31722-103-30)",1.08,1.08,,,0
RC,250,"Cinacalcet: 30 Tablet, Film Coated In 1 Bottle (42291-459-30)",0.8,0.8,,,0
RC,250,"Cinacalcet: 30 Tablet, Film Coated In 1 Bottle (64380-883-04)",0.82,0.82,,,0
RC,250,"Cinacalcet: 90 Tablet, Film Coated In 1 Bottle, Plastic (16729-440-15)",0.91,0.91,,,0
RC,250,"Cipro: 1 Kit In 1 Kit (50419-777-01)  *  100 Ml In 1 Bottle, Glass *  100 Ml In 1 Bottle, Plastic",28.63,28.63,,,0
RC,250,"Ciprofloxacin And Dexamethasone: 1 Bottle, Dropper In 1 Carton (43598-326-75)  / 7.5 Ml In 1 Bottle, Dropper",166.81,166.81,,,0
RC,250,"Ciprofloxacin Hydrochloride: 1 Bottle, Plastic In 1 Carton (61314-656-25)  / 2.5 Ml In 1 Bottle, Plastic",1.0,1.0,,,0
RC,250,"Ciprofloxacin: 1 Bottle, Plastic In 1 Carton (69315-308-02)  / 2.5 Ml In 1 Bottle, Plastic",1.0,1.0,,,0
RC,250,"Ciprofloxacin: 100 Blister Pack In 1 Carton (0904-7083-61)  / 1 Tablet, Film Coated In 1 Blister Pack",0.53,0.53,,,0
RC,250,"Ciprofloxacin: 100 Blister Pack In 1 Carton (0904-7243-61)  / 1 Tablet, Film Coated In 1 Blister Pack",0.38,0.38,,,0
RC,250,Ciprofloxacin: 100 Tablet In 1 Bottle (43547-688-10),0.17,0.17,,,0
RC,250,Ciprofloxacin: 100 Tablet In 1 Bottle (43547-689-10),0.28,0.28,,,0
RC,250,"Ciprofloxacin: 100 Tablet, Coated In 1 Bottle (58657-675-01)",0.28,0.28,,,0
RC,250,Ciprofloxacin: 24 Pouch In 1 Carton (25021-114-87)  / 1 Bag In 1 Pouch / 200 Ml In 1 Bag,2.39,2.39,,,0
RC,250,Ciprofloxacin: 24 Pouch In 1 Carton (25021-192-87)  / 1 Bag In 1 Pouch / 200 Ml In 1 Bag,2.52,2.52,,,0
RC,250,"Cisatracurium Besylate: 10 Vial, Multi-Dose In 1 Carton (0781-3152-95)  / 10 Ml In 1 Vial, Multi-Dose (0781-3152-70)",9.6,9.6,,,0
RC,250,Cisatracurium: 10 Vial In 1 Carton (63323-417-10)  / 10 Ml In 1 Vial (63323-417-01),4.94,4.94,,,0
RC,250,"Citalopram Hydrobromide: 240 mL in 1 BOTTLE, PLASTIC (54838-540-70)",13.68,13.68,,,0
RC,250,"Citalopram: 1 Bottle, Plastic In 1 Carton (0054-0062-58)  / 240 Ml In 1 Bottle, Plastic",5.92,5.92,,,0
RC,250,"Citalopram: 100 Blister Pack In 1 Carton (0904-6084-61)  / 1 Tablet, Film Coated In 1 Blister Pack",0.09,0.09,,,0
RC,250,"Citalopram: 100 Blister Pack In 1 Carton (0904-6085-61)  / 1 Tablet, Film Coated In 1 Blister Pack",0.09,0.09,,,0
RC,250,"Citalopram: 100 Tablet, Film Coated In 1 Bottle (13668-009-01)",0.08,0.08,,,0
RC,250,"Citalopram: 100 Tablet, Film Coated In 1 Bottle (65862-006-01)",0.11,0.11,,,0
RC,250,"Citalopram: 500 Tablet, Film Coated In 1 Bottle (65862-006-05)",0.1,0.1,,,0
RC,250,Clarithromycin: 50 Ml In 1 Bottle (0781-6023-52),22.2,22.2,,,0
RC,250,Clindamycin Hydrochloride: 100 Blister Pack In 1 Carton (0904-5959-61)  / 1 Capsule In 1 Blister Pack,0.33,0.33,,,0
RC,250,Clindamycin Hydrochloride: 100 Capsule In 1 Bottle (63304-692-01),0.22,0.22,,,0
RC,250,"Clindamycin Palmitate Hydrochloride (Pediatric): 1 Bottle, Plastic In 1 Carton (16714-483-02)  / 100 Ml In 1 Bottle, Plastic",0.29,0.29,,,0
RC,250,Clindamycin Phosphate: 1 Bottle In 1 Carton (0168-0201-60)  / 60 Ml In 1 Bottle,60.57,60.57,,,0
RC,250,"Clindamycin Phosphate: 1 Bottle, With Applicator In 1 Carton (45802-562-02)  / 60 Ml In 1 Bottle, With Applicator",43.4,43.4,,,0
RC,250,Clobazam: 1 Bottle In 1 Carton (59651-401-12)  / 120 Ml In 1 Bottle,0.53,0.53,,,0
RC,250,"Clobazam: 1 Bottle, Glass In 1 Carton (16714-087-01)  / 120 Ml In 1 Bottle, Glass",0.64,0.64,,,0
RC,250,Clobazam: 100 Tablet In 1 Bottle (16714-887-01),0.55,0.55,,,0
RC,250,"Clobetasol Propionate Cream Usp, 0.05% Clobetasol Propionate Cream Usp, 0.05%: 15 G In 1 Tube (21922-016-04)",7.21,7.21,,,0
RC,250,Clobetasol Propionate: 1 Tube In 1 Carton (21922-017-04)  / 15 G In 1 Tube,7.24,7.24,,,0
RC,250,Clobetasol Propionate: 1 Tube In 1 Carton (51672-1258-1)  / 15 G In 1 Tube,14.47,14.47,,,0
RC,250,Clobetasol Propionate: 1 Tube In 1 Carton (51672-1259-1)  / 15 G In 1 Tube,9.03,9.03,,,0
RC,250,Clobetasol Propionate: 1 Tube In 1 Carton (69238-1532-5)  / 15 G In 1 Tube,6.5,6.5,,,0
RC,250,Clomipramine Hydrochloride: 30 Capsule In 1 Bottle (16714-850-01),6.02,6.02,,,0
RC,250,Clonazepam: 100 Blister Pack In 1 Carton (0904-7227-61)  / 1 Tablet In 1 Blister Pack,0.66,0.66,,,0
RC,250,Clonazepam: 100 Blister Pack In 1 Carton (0904-7728-61)  / 1 Tablet In 1 Blister Pack,0.95,0.95,,,0
RC,250,Clonazepam: 100 Tablet In 1 Bottle (0093-0832-01),0.03,0.03,,,0
RC,250,Clonazepam: 100 Tablet In 1 Bottle (59651-722-01),0.05,0.05,,,0
RC,250,Clonazepam: 100 Tablet In 1 Bottle (59651-723-01),0.07,0.07,,,0
RC,250,Clonazepam: 100 Tablet In 1 Bottle (72888-152-01),0.04,0.04,,,0
RC,250,"Clonazepam: 100 Tablet In 1 Bottle, Plastic (16729-136-00)",0.04,0.04,,,0
RC,250,"Clonazepam: 100 Tablet In 1 Bottle, Plastic (16729-137-00)",0.07,0.07,,,0
RC,250,"Clonazepam: 500 Tablet In 1 Bottle, Plastic (16729-136-16)",0.04,0.04,,,0
RC,250,"Clonazepam: 60 Blister Pack In 1 Carton (62332-364-06)  / 6 Tablet, Orally Disintegrating In 1 Blister Pack",1.69,1.69,,,0
RC,250,"Clonazepam: 60 Blister Pack In 1 Carton (62332-365-06)  / 6 Tablet, Orally Disintegrating In 1 Blister Pack",1.69,1.69,,,0
RC,250,"Clonazepam: 60 Blister Pack In 1 Carton (62332-366-06)  / 6 Tablet, Orally Disintegrating In 1 Blister Pack",1.69,1.69,,,0
RC,250,"Clonazepam: 60 Blister Pack In 1 Carton (62332-367-06)  / 6 Tablet, Orally Disintegrating In 1 Blister Pack",1.93,1.93,,,0
RC,250,Clonidine Hydrochloride: 100 Blister Pack In 1 Carton (0904-7442-61)  / 1 Tablet In 1 Blister Pack,0.51,0.51,,,0
RC,250,Clonidine Hydrochloride: 100 Tablet In 1 Bottle (0228-2127-10),0.04,0.04,,,0
RC,250,Clonidine Hydrochloride: 100 Tablet In 1 Bottle (0228-2128-10),0.11,0.11,,,0
RC,250,"Clonidine Hydrochloride: 100 Tablet In 1 Bottle, Plastic (29300-135-01)",0.07,0.07,,,0
RC,250,"Clonidine Transdermal System Usp, 0.2 Mg/Day: 4 Pouch In 1 Carton (52817-611-04)  / 1 Patch In 1 Pouch / 1 D In 1 Patch",24.25,24.25,,,0
RC,250,"Clopidogrel Bisulfate: 5 Blister Pack In 1 Carton (63739-178-30)  / 6 Tablet, Film Coated In 1 Blister Pack",20.85,20.85,,,0
RC,250,"Clopidogrel Bisulfate: 500 Tablet, Film Coated In 1 Bottle (55111-196-05)",0.31,0.31,,,0
RC,250,"Clopidogrel Bisulfate: 90 Tablet, Film Coated In 1 Bottle (55111-196-90)",0.31,0.31,,,0
RC,250,"Clopidogrel: 100 Blister Pack In 1 Carton (0904-6294-61)  / 1 Tablet, Film Coated In 1 Blister Pack",0.23,0.23,,,0
RC,250,"Clopidogrel: 20 Blister Pack In 1 Box (50268-184-12)  / 1 Tablet, Film Coated In 1 Blister Pack (50268-184-11)",10.38,10.38,,,0
RC,250,"Clopidogrel: 20 Blister Pack In 1 Carton (0904-6467-10)  / 1 Tablet, Film Coated In 1 Blister Pack",9.55,9.55,,,0
RC,250,"Clopidogrel: 30 Blister Pack In 1 Carton (0904-6467-07)  / 1 Tablet, Film Coated In 1 Blister Pack",13.15,13.15,,,0
RC,250,Clorazepate Dipotassium: 30 Tablet In 1 Bottle (70954-159-30),2.27,2.27,,,0
RC,250,Clorpactin Wcs-90: 5 Vial In 1 Box (0327-0001-10)  / 2 G In 1 Vial,11.26,11.26,,,0
RC,250,"Clotrimazole: 70 Lozenge In 1 Bottle, Plastic (0574-0107-70)",1.13,1.13,,,0
RC,250,"Clozapine: 100 Tablet In 1 Bottle, Plastic (0378-0825-01)",0.36,0.36,,,0
RC,250,Coartem: 24 Tablet In 1 Bottle (0078-0568-45),10.15,10.15,,,0
RC,250,"Cobenfy: 60 Capsule, Coated Pellets In 1 Bottle (0003-0050-60)",54.01,54.01,,,0
RC,250,"Cobenfy: 60 Capsule, Coated Pellets In 1 Bottle (0003-1100-60)",54.01,54.01,,,0
RC,250,"Cocaine Hydrochloride: 1 Bottle, Glass In 1 Carton (70839-362-04)  / 4 Ml In 1 Bottle, Glass",487.07,487.07,,,0
RC,250,Codeine Sulfate: 10 Blister Pack In 1 Box (0054-0243-24)  / 10 Tablet In 1 Blister Pack,1.04,1.04,,,0
RC,250,Colchicine: 100 Tablet In 1 Bottle (59651-455-01),0.3,0.3,,,0
RC,250,Colchicine: 100 Tablet In 1 Bottle (67877-589-01),0.28,0.28,,,0
RC,250,"Colchicine: 100 Tablet, Film Coated In 1 Bottle (0591-2562-01)",1.35,1.35,,,0
RC,250,Colchicine: 30 Tablet In 1 Bottle (43598-372-30),2.37,2.37,,,0
RC,250,"Colcrys: 100 Tablet, Film Coated In 1 Bottle, Plastic (64764-119-01)",0.32,0.32,,,0
RC,250,Colesevelam Hydrochloride: 180 Tablet In 1 Bottle (27808-190-01),0.59,0.59,,,0
RC,250,Colistimethate: 1 Vial In 1 Box (63323-393-06)  / 2 Ml In 1 Vial,19.84,19.84,,,0
RC,250,Collagenase Santyl: 1 Tube In 1 Carton (50484-010-30)  / 30 G In 1 Tube,544.48,544.48,,,0
RC,250,Compro: 12 Packet In 1 Carton (0574-7226-12)  / 1 Suppository In 1 Packet,12.57,12.57,,,0
RC,250,"Corlanor: 60 Tablet, Film Coated In 1 Bottle (55513-800-60)",18.67,18.67,,,0
RC,250,"Corlanor: 60 Tablet, Film Coated In 1 Bottle (55513-810-60)",18.36,18.36,,,0
RC,250,Cortrosyn: 10 Vial In 1 Carton (0548-5900-00)  / 1 Ml In 1 Vial,33.18,33.18,,,0
RC,250,"Creon: 1 Bottle In 1 Carton (0032-1203-70)  / 70 Capsule, Delayed Release In 1 Bottle",3.34,3.34,,,0
RC,250,"Creon: 100 Capsule, Delayed Release Pellets In 1 Bottle (0032-0046-70)",3.99,3.99,,,0
RC,250,"Creon: 100 Capsule, Delayed Release Pellets In 1 Bottle (0032-0047-70)",7.9,7.9,,,0
RC,250,"Creon: 100 Capsule, Delayed Release Pellets In 1 Bottle (0032-2636-01)",16.03,16.03,,,0
RC,250,"Creon: 100 Capsule, Delayed Release Pellets In 1 Bottle (0032-3016-13)",24.56,24.56,,,0
RC,250,"Creon: 250 Capsule, Delayed Release Pellets In 1 Bottle (0032-3016-28)",21.58,21.58,,,0
RC,250,"Creon: 70 Capsule, Delayed Release In 1 Bottle (0032-0045-70)",3.43,3.43,,,0
RC,250,Cresemba: 2 Blister Pack In 1 Carton (0469-0520-02)  / 7 Capsule In 1 Blister Pack,165.28,165.28,,,0
RC,250,Critic Aid Clear Af: 57 G In 1 Tube (11701-067-23),12.34,12.34,,,0
RC,250,"Curosurf: 1.5 Ml In 1 Vial, Glass (10122-510-01)",871.35,871.35,,,0
RC,250,"Curosurf: 3 Ml In 1 Vial, Glass (10122-510-03)",1526.33,1526.33,,,0
RC,250,Cuvposa: 1 Bottle In 1 Carton (0259-0501-16)  / 473 Ml In 1 Bottle,9.55,9.55,,,0
RC,250,"Cyanokit: 1 VIAL, GLASS in 1 CARTON (11704-370-01)  / 250 mL in 1 VIAL, GLASS",1414.07,1414.07,,,0
RC,250,"Cyanokit: 1 Vial, Glass In 1 Carton (50633-310-11)  / 250 Ml In 1 Vial, Glass",1819.16,1819.16,,,0
RC,250,"Cyclobenzaprine Hydrochloride: 100 TABLET, FILM COATED in 1 BOTTLE, PLASTIC (0378-0771-01)",0.09,0.09,,,0
RC,250,"Cyclobenzaprine Hydrochloride: 100 TABLET, FILM COATED in 1 BOTTLE, PLASTIC (0603-3078-21)",0.05,0.05,,,0
RC,250,"Cyclobenzaprine Hydrochloride: 100 Tablet, Film Coated In 1 Bottle (29300-413-01)",0.06,0.06,,,0
RC,250,"Cyclobenzaprine Hydrochloride: 100 Tablet, Film Coated In 1 Bottle (52817-332-10)",0.05,0.05,,,0
RC,250,"Cyclobenzaprine Hydrochloride: 100 Tablet, Film Coated In 1 Bottle (59746-211-06)",0.3,0.3,,,0
RC,250,"Cyclobenzaprine Hydrochloride: 100 Tablet, Film Coated In 1 Bottle (69097-846-07)",0.09,0.09,,,0
RC,250,"Cyclobenzaprine Hydrochloride: 100 Tablet, Film Coated In 1 Bottle, Plastic (43547-399-10)",0.12,0.12,,,0
RC,250,"Cyclobenzaprine Hydrochloride: 500 Tablet, Film Coated In 1 Bottle (52817-330-50)",0.04,0.04,,,0
RC,250,"Cyclogyl: 1 Bottle, Plastic In 1 Carton (0065-0395-15)  / 15 Ml In 1 Bottle, Plastic",166.18,166.18,,,0
RC,250,"Cyclomydril: 2 Ml In 1 Bottle, Plastic (0065-0359-02)",1.0,1.0,,,0
RC,250,"Cyclopentolate Hydrochloride: 1 Bottle, Dropper In 1 Carton (24208-735-01)  / 2 Ml In 1 Bottle, Dropper",1.0,1.0,,,0
RC,250,Cyclophosphamide: 100 Capsule In 1 Bottle (62332-618-31),2.43,2.43,,,0
RC,250,Cyclosporine: 10 AMPULE in 1 CARTON (0574-0866-10)  / 5 mL in 1 AMPULE,16.76,16.76,,,0
RC,250,Cyclosporine: 60 Vial In 1 Tray (60505-6202-2)  / .4 Ml In 1 Vial,0.94,0.94,,,0
RC,250,Cytomel: 100 Tablet In 1 Bottle (60793-116-01),1.49,1.49,,,0
RC,250,Dantrolene Sodium: 100 Capsule In 1 Bottle (0115-4411-01),0.99,0.99,,,0
RC,250,"Dapagliflozin: 30 Tablet, Film Coated In 1 Bottle, Plastic (66993-456-30)",22.81,22.81,,,0
RC,250,"Dapagliflozin: 30 Tablet, Film Coated In 1 Bottle, Plastic (66993-457-30)",22.75,22.75,,,0
RC,250,Dapsone: 2 Blister Pack In 1 Carton (49938-101-30)  / 15 Tablet In 1 Blister Pack,5.08,5.08,,,0
RC,250,Dapsone: 30 Tablet In 1 Bottle (70954-136-10),1.75,1.75,,,0
RC,250,"Daptomycin: 1 Vial, Single-Dose In 1 Carton (71288-016-15)  / 10 Ml In 1 Vial, Single-Dose",0.06,0.06,,,0
RC,250,"Daptomycin: 1 Vial, Single-Dose In 1 Carton (72603-152-01)  / 10 Ml In 1 Vial, Single-Dose",0.05,0.05,,,0
RC,250,"Daptomycin: 1 Vial, Single-Dose In 1 Carton (83090-011-01)  / 10 Ml In 1 Vial, Single-Dose",0.03,0.03,,,0
RC,250,"Daraprim: 30 Tablet In 1 Bottle, Plastic (69413-330-30)",1470.0,1470.0,,,0
RC,250,"Darunavir: 30 Tablet, Film Coated In 1 Bottle (59651-086-30)",2.81,2.81,,,0
RC,250,"Deferasirox: 30 Tablet In 1 Bottle, Plastic (70700-269-30)",0.86,0.86,,,0
RC,250,Derma-Smoothe/Fs: 1 Bottle In 1 Carton (68791-102-04)  / 118.28 Ml In 1 Bottle,59.45,59.45,,,0
RC,250,Dermoplast Pain Relieving: 78 G In 1 Can (16864-680-01),11.28,11.28,,,0
RC,250,Dermoplast Pain Relieving: 85 G In 1 Can (16864-680-03),10.62,10.62,,,0
RC,250,"Descovy: 30 Tablet In 1 Bottle, Plastic (61958-2002-1)",132.67,132.67,,,0
RC,250,Desmopressin Acetate: 1 Bottle In 1 Carton (69918-101-01)  / 100 Tablet In 1 Bottle,1.33,1.33,,,0
RC,250,Desmopressin Acetate: 1 Bottle In 1 Carton (69918-201-01)  / 100 Tablet In 1 Bottle,2.13,2.13,,,0
RC,250,"Desmopressin Acetate: 1 Bottle, Spray In 1 Carton (60505-0815-0)  / 50 Spray In 1 Bottle, Spray",177.95,177.95,,,0
RC,250,Desmopressin Acetate: 1 Ml In 1 Ampule (69918-899-01),8.47,8.47,,,0
RC,250,Desmopressin Acetate: 100 TABLET in 1 BOTTLE (16714-883-01),0.59,0.59,,,0
RC,250,"Desmopressin Acetate: 100 TABLET in 1 BOTTLE, PLASTIC (0591-2464-01)",0.79,0.79,,,0
RC,250,"Desvenlafaxine Succinate: 30 Tablet, Film Coated, Extended Release In 1 Bottle (68180-593-06)",1.41,1.41,,,0
RC,250,"Desvenlafaxine: 30 Tablet, Extended Release In 1 Bottle (0591-3659-30)",1.73,1.73,,,0
RC,250,"Desvenlafaxine: 30 Tablet, Extended Release In 1 Bottle, Plastic (70436-036-04)",1.85,1.85,,,0
RC,250,"Desvenlafaxine: 30 Tablet, Extended Release In 1 Package (72888-144-30)",1.06,1.06,,,0
RC,250,"Desvenlafaxine: 30 Tablet, Extended Release In 1 Package (72888-175-30)",0.7,0.7,,,0
RC,250,"Dexamethasone Intensol: 30 Ml In 1 Bottle, Glass (0054-3176-44)",0.28,0.28,,,0
RC,250,"Dexamethasone Sodium Phosphate: 1 Bottle, Dropper In 1 Carton (24208-720-02)  / 5 Ml In 1 Bottle, Dropper",77.43,77.43,,,0
RC,250,Dexamethasone Sodium Phosphate: 25 Vial In 1 Carton (25021-052-05)  / 5 Ml In 1 Vial,0.05,0.05,,,0
RC,250,Dexamethasone: 100 Blister Pack In 1 Carton (0054-8174-25)  / 1 Tablet In 1 Blister Pack,0.14,0.14,,,0
RC,250,Dexamethasone: 100 Blister Pack In 1 Carton (0054-8183-25)  / 1 Tablet In 1 Blister Pack,0.1,0.1,,,0
RC,250,"Dexamethasone: 100 Tablet In 1 Bottle, Plastic (0054-4181-25)",0.11,0.11,,,0
RC,250,"Dexamethasone: 100 Tablet In 1 Bottle, Plastic (0054-4183-25)",0.11,0.11,,,0
RC,250,"Dexamethasone: 100 Tablet In 1 Bottle, Plastic (0054-4184-25)",0.09,0.09,,,0
RC,250,Dexmedetomidine Hydrochloride In 0.9% Sodium Chloride: 10 Vial In 1 Carton (0781-3493-95)  / 20 Ml In 1 Vial,1.68,1.68,,,0
RC,250,Dexmedetomidine Hydrochloride: 12 Bag In 1 Carton (0338-9557-12)  / 100 Ml In 1 Bag,29.48,29.48,,,0
RC,250,Dexmedetomidine Hydrochloride: 25 Vial In 1 Carton (42023-146-25)  / 2 Ml In 1 Vial,6.15,6.15,,,0
RC,250,Dexmedetomidine: 25 Vial In 1 Carton (16729-239-93)  / 2 Ml In 1 Vial (16729-239-30),3.51,3.51,,,0
RC,250,Dexmedetomidine: 25 Vial In 1 Carton (55150-209-02)  / 2 Ml In 1 Vial,3.5,3.5,,,0
RC,250,"Dexmethylphenidate Hydrochloride Extended-Release: 100 Capsule, Extended Release In 1 Bottle (0527-8106-37)",2.19,2.19,,,0
RC,250,Dexmethylphenidate Hydrochloride: 100 Tablet In 1 Bottle (57664-378-88),0.48,0.48,,,0
RC,250,"Dextroamphetamine Saccharate, Amphetamine Aspartate Monohydrate, Dextroamphetamine Sulfate And Amphetamine Sulfate: 100 Capsule, Extended Release In 1 Bottle (31722-186-01)",1.0,1.0,,,0
RC,250,"Dextroamphetamine Saccharate, Amphetamine Aspartate Monohydrate, Dextroamphetamine Sulfate And Amphetamine Sulfate: 100 Capsule, Extended Release In 1 Bottle (70010-030-01)",0.87,0.87,,,0
RC,250,"Dextroamphetamine Saccharate, Amphetamine Aspartate Monohydrate, Dextroamphetamine Sulfate And Amphetamine Sulfate: 100 Tablet In 1 Bottle (0185-0842-01)",0.68,0.68,,,0
RC,250,"Dextroamphetamine Saccharate, Amphetamine Aspartate Monohydrate, Dextroamphetamine Sulfate, And Amphetamine Sulfate: 100 Capsule, Extended Release In 1 Bottle (64850-511-01)",0.76,0.76,,,0
RC,250,"Dextroamphetamine Saccharate, Amphetamine Aspartate, Dextroamphetamine Sulfate And Amphetamine Sulfate: 100 Tablet In 1 Bottle (16714-950-01)",0.53,0.53,,,0
RC,250,"Dextroamphetamine Saccharate, Amphetamine Aspartate, Dextroamphetamine Sulfate And Amphetamine Sulfate: 100 Tablet In 1 Bottle (64850-502-01)",0.32,0.32,,,0
RC,250,"Dextroamphetamine Saccharate, Amphetamine Aspartate, Dextroamphetamine Sulfate And Amphetamine Sulfate: 100 Tablet In 1 Bottle (70010-113-01)",0.34,0.34,,,0
RC,250,"Dextroamphetamine Saccharate, Amphetamine Aspartate, Dextroamphetamine Sulfate And Amphetamine Sulfate: 100 Tablet In 1 Bottle, Plastic (42806-339-01)",0.53,0.53,,,0
RC,250,Dextromethorphan Polistirex Extended Release: 1 Bottle In 1 Carton (45802-433-21)  / 89 Ml In 1 Bottle,0.88,0.88,,,0
RC,250,Dextrose And Sodium Chloride: 12 Container In 1 Case (0264-7610-00)  / 1000 Ml In 1 Container,2.93,2.93,,,0
RC,250,Dextrose And Sodium Chloride: 12 Container In 1 Case (0264-7612-00)  / 1000 Ml In 1 Container,5.84,5.84,,,0
RC,250,Dextrose And Sodium Chloride: 12 Container In 1 Case (0264-7622-00)  / 1000 Ml In 1 Container,15.39,15.39,,,0
RC,250,Dextrose And Sodium Chloride: 14 Bag In 1 Carton (0338-0077-04)  / 1000 Ml In 1 Bag,3.92,3.92,,,0
RC,250,Dextrose And Sodium Chloride: 14 Bag In 1 Carton (0338-0085-04)  / 1000 Ml In 1 Bag,3.65,3.65,,,0
RC,250,Dextrose And Sodium Chloride: 14 Bag In 1 Carton (0338-0089-04)  / 1000 Ml In 1 Bag,1.89,1.89,,,0
RC,250,Dextrose And Sodium Chloride: 24 Container In 1 Case (0264-7612-10)  / 500 Ml In 1 Container,4.9,4.9,,,0
RC,250,Dextrose And Sodium Chloride: 24 Container In 1 Case (0264-7623-20)  / 250 Ml In 1 Container,3.43,3.43,,,0
RC,250,Dextrose In Lactated Ringers: 12 Container In 1 Case (0264-7751-00)  / 1000 Ml In 1 Container,5.85,5.85,,,0
RC,250,Dextrose Monohydrate: 1 Syringe In 1 Carton (76329-3302-1)  / 50 Ml In 1 Syringe,25.43,25.43,,,0
RC,250,Dextrose and Sodium Chloride: 12 POUCH in 1 CASE (0409-7941-09)  / 1 BAG in 1 POUCH / 1000 mL in 1 BAG,4.48,4.48,,,0
RC,250,Dextrose: 1000 Ml In 1 Bag (0338-0017-04),1.84,1.84,,,0
RC,250,Dextrose: 1000 Ml In 1 Bag (0338-0023-04),2.57,2.57,,,0
RC,250,Dextrose: 12 Container In 1 Case (0264-7510-00)  / 1000 Ml In 1 Container,5.89,5.89,,,0
RC,250,Dextrose: 12 Container In 1 Case (0264-7520-00)  / 1000 Ml In 1 Container,3.92,3.92,,,0
RC,250,Dextrose: 12 Pouch In 1 Case (0990-7918-19)  / 1 Bag In 1 Pouch / 500 Ml In 1 Bag,1.75,1.75,,,0
RC,250,Dextrose: 12 Pouch In 1 Case (0990-7935-19)  / 1 Bag In 1 Pouch / 500 Ml In 1 Bag,18.13,18.13,,,0
RC,250,Dextrose: 16 Bag In 1 Pouch (0338-0017-31)  / 50 Ml In 1 Bag,0.42,0.42,,,0
RC,250,Dextrose: 20 Pouch In 1 Case (0990-7923-36)  / 4 Bag In 1 Pouch / 50 Ml In 1 Bag,0.13,0.13,,,0
RC,250,Dextrose: 24 Container In 1 Case (0264-7510-10)  / 500 Ml In 1 Container,4.9,4.9,,,0
RC,250,Dextrose: 24 Container In 1 Case (0264-7510-20)  / 250 Ml In 1 Container,2.89,2.89,,,0
RC,250,Dextrose: 24 Container In 1 Case (0264-7520-10)  / 500 Ml In 1 Container,3.92,3.92,,,0
RC,250,Dextrose: 24 Container In 1 Case (0264-7520-20)  / 250 Ml In 1 Container,4.42,4.42,,,0
RC,250,Dextrose: 24 POUCH in 1 CASE (0409-7922-02)  / 1 BAG in 1 POUCH / 250 mL in 1 BAG,1.0,1.0,,,0
RC,250,Dextrose: 24 Pouch In 1 Case (0990-7922-03)  / 1 Bag In 1 Pouch / 500 Ml In 1 Bag,9.65,9.65,,,0
RC,250,"Dextrose: 25 Vial, Single-Dose In 1 Tray (0409-6648-02)  / 50 Ml In 1 Vial, Single-Dose (0409-6648-16)",7.45,7.45,,,0
RC,250,Dextrose: 250 Ml In 1 Bag (0338-0017-02),2.82,2.82,,,0
RC,250,Dextrose: 250 Ml In 1 Bag (0338-0023-02),3.11,3.11,,,0
RC,250,Dextrose: 30 Bag In 1 Case (17271-720-05)  / 250 Ml In 1 Bag,5.85,5.85,,,0
RC,250,Dextrose: 4 Bag In 1 Pouch (0338-0017-11)  / 50 Ml In 1 Bag,0.13,0.13,,,0
RC,250,Dextrose: 4 Bag In 1 Pouch (0338-0017-18)  / 100 Ml In 1 Bag,2.44,2.44,,,0
RC,250,Dextrose: 500 Ml In 1 Bag (0338-0017-03),2.88,2.88,,,0
RC,250,Dextrose: 500 Ml In 1 Bag (0338-0023-03),6.55,6.55,,,0
RC,250,Dextrose: 64 Container In 1 Case (0264-1510-32)  / 100 Ml In 1 Container,1.0,1.0,,,0
RC,250,Dianeal Low Calcium With Dextrose: 2500 Ml In 1 Bag (0941-0424-53),19.5,19.5,,,0
RC,250,Dianeal Low Calcium With Dextrose: 2500 Ml In 1 Bag (0941-0430-53),19.53,19.53,,,0
RC,250,Dianeal Low Calcium With Dextrose: 2500 Ml In 1 Bag (0941-0433-53),14.7,14.7,,,0
RC,250,Dianeal Pd-2 With Dextrose: 1000 Ml In 1 Bag (0941-0411-05),16.1,16.1,,,0
RC,250,Dianeal Pd-2 With Dextrose: 1000 Ml In 1 Bag (0941-0413-05),19.6,19.6,,,0
RC,250,Dianeal Pd-2 With Dextrose: 1000 Ml In 1 Bag (0941-0415-05),9.8,9.8,,,0
RC,250,Dianeal Pd-2 With Dextrose: 2000 Ml In 1 Bag (0941-0411-06),39.2,39.2,,,0
RC,250,Dianeal Pd-2 With Dextrose: 2500 Ml In 1 Bag (0941-0427-53),24.5,24.5,,,0
RC,250,Diazepam: 10 Cartridge In 1 Carton (0409-1273-32)  / 2 Ml In 1 Cartridge (0409-1273-03),21.51,21.51,,,0
RC,250,Diazepam: 100 Tablet In 1 Bottle (0172-3925-60),0.04,0.04,,,0
RC,250,"Diazoxide: 1 Bottle, Dropper In 1 Carton (0254-1010-19)  / 30 Ml In 1 Bottle, Dropper",11.3,11.3,,,0
RC,250,"Diazoxide: 1 Bottle, Dropper In 1 Carton (13517-100-30)  / 30 Ml In 1 Bottle, Dropper",10.4,10.4,,,0
RC,250,Dibucaine: 1 Tube In 1 Box (57896-131-01)  / 28 G In 1 Tube,7.13,7.13,,,0
RC,250,"Diclegis: 100 Tablet, Delayed Release In 1 Bottle (55494-100-10)",3.65,3.65,,,0
RC,250,Diclofenac Sodium: 1 Tube In 1 Carton (21922-009-09)  / 100 G In 1 Tube,17.64,17.64,,,0
RC,250,Diclofenac Sodium: 1 Tube In 1 Carton (43598-977-10)  / 100 G In 1 Tube,18.23,18.23,,,0
RC,250,Diclofenac Sodium: 1 Tube In 1 Carton (58602-604-07)  / 100 G In 1 Tube,13.88,13.88,,,0
RC,250,Dicyclomine Hydrochloride: 100 Blister Pack In 1 Carton (0904-6988-61)  / 1 Tablet In 1 Blister Pack,0.72,0.72,,,0
RC,250,Dicyclomine Hydrochloride: 473 Ml In 1 Bottle (0054-0622-63),0.25,0.25,,,0
RC,250,"Dificid: 1 Bottle In 1 Carton (52015-080-01)  / 20 Tablet, Film Coated In 1 Bottle",230.48,230.48,,,0
RC,250,Digoxin: 100 Blister Pack In 1 Carton (0904-5921-61)  / 1 Tablet In 1 Blister Pack,1.74,1.74,,,0
RC,250,Digoxin: 100 Tablet In 1 Bottle (16714-590-01),1.19,1.19,,,0
RC,250,Digoxin: 60 Ml In 1 Bottle (0054-0057-46),3.11,3.11,,,0
RC,250,Dilantin: 100 Capsule In 1 Bottle (0071-3740-66),2.62,2.62,,,0
RC,250,"Diltiazem Hydrochloride Extended-Release: 100 Blister Pack In 1 Box, Unit-Dose (60687-206-01)  / 1 Capsule, Coated, Extended Release In 1 Blister Pack (60687-206-11)",1.46,1.46,,,0
RC,250,Diltiazem Hydrochloride: 10 Vial In 1 Carton (0641-6014-10)  / 10 Ml In 1 Vial (0641-6014-01),4.14,4.14,,,0
RC,250,Diltiazem Hydrochloride: 10 Vial In 1 Carton (25021-319-25)  / 25 Ml In 1 Vial,14.8,14.8,,,0
RC,250,"Diltiazem Hydrochloride: 100 Blister Pack In 1 Carton (0904-7219-61)  / 1 Capsule, Extended Release In 1 Blister Pack",0.63,0.63,,,0
RC,250,"Diltiazem Hydrochloride: 100 Tablet, Film Coated In 1 Bottle (0093-0318-01)",0.25,0.25,,,0
RC,250,"Diltiazem Hydrochloride: 90 Capsule, Extended Release In 1 Bottle (50742-248-90)",0.24,0.24,,,0
RC,250,"Diltiazem Hydrochloride: 90 Capsule, Extended Release In 1 Bottle (50742-251-90)",0.52,0.52,,,0
RC,250,Diphenhydramine Hcl: 100 Capsule In 1 Bottle (71399-1027-1),0.04,0.04,,,0
RC,250,Diphenhydramine Hcl: 100 Capsule In 1 Bottle (71399-1028-1),0.03,0.03,,,0
RC,250,"Diphenhydramine Hydrochloride And Lidocaine Hydrochloride And Aluminum Hydroxide And Magnesium Hydro: 1 Kit In 1 Container (65628-050-01)  *  236 Ml In 1 Bottle, Plastic *  .2 G In 1 Bottle, Glass *  ",9.53,9.53,,,0
RC,250,Diphenhydramine Hydrochloride: 10 Blister Pack In 1 Box (0904-2056-61)  / 10 Capsule In 1 Blister Pack,0.07,0.07,,,0
RC,250,"Diphenhydramine Hydrochloride: 10 Blister Pack In 1 Box, Unit-Dose (0904-7237-61)  / 10 Capsule In 1 Blister Pack",0.06,0.06,,,0
RC,250,Diphenhydramine Hydrochloride: 100 Capsule In 1 Bottle (0904-7237-60),0.04,0.04,,,0
RC,250,Diphenhydramine Hydrochloride: 25 Vial In 1 Package (0641-0376-25)  / 1 Ml In 1 Vial (0641-0376-21),0.54,0.54,,,0
RC,250,Diphenoxylate Hydrochloride And Atropine Sulfate: 100 Tablet In 1 Bottle (0406-1236-01),0.27,0.27,,,0
RC,250,Diphenoxylate hydrochloride and atropine sulfate: 100 TABLET in 1 BOTTLE (0832-0590-11),0.8,0.8,,,0
RC,250,Diprivan: 10 Vial In 1 Box (63323-269-10)  / 10 Ml In 1 Vial (63323-269-01),0.2,0.2,,,0
RC,250,Diprivan: 10 Vial In 1 Box (63323-269-29)  / 20 Ml In 1 Vial (63323-269-22),0.18,0.18,,,0
RC,250,Diprivan: 10 Vial In 1 Box (63323-269-65)  / 100 Ml In 1 Vial (63323-269-35),0.18,0.18,,,0
RC,250,Diprivan: 20 Vial In 1 Box (63323-269-50)  / 50 Ml In 1 Vial (63323-269-30),0.18,0.18,,,0
RC,250,"Disulfiram: 30 Tablet In 1 Bottle, Plastic (47781-607-30)",3.68,3.68,,,0
RC,250,Diuril: 1 Bottle In 1 Carton (65649-311-12)  / 237 Ml In 1 Bottle,0.3,0.3,,,0
RC,250,"Divalproex Sodium: 100 Blister Pack In 1 Carton (0832-7124-01)  / 1 Tablet, Delayed Release In 1 Blister Pack (0832-7124-89)",0.53,0.53,,,0
RC,250,"Divalproex Sodium: 100 Blister Pack In 1 Carton (0904-6860-61)  / 1 Tablet, Delayed Release In 1 Blister Pack",0.29,0.29,,,0
RC,250,"Divalproex Sodium: 100 Blister Pack In 1 Carton (0904-6861-61)  / 1 Tablet, Delayed Release In 1 Blister Pack",0.29,0.29,,,0
RC,250,"Divalproex Sodium: 100 Tablet, Delayed Release In 1 Bottle (0832-7122-11)",0.17,0.17,,,0
RC,250,"Divalproex Sodium: 100 Tablet, Delayed Release In 1 Bottle (62756-797-88)",0.18,0.18,,,0
RC,250,"Divalproex Sodium: 100 Tablet, Delayed Release In 1 Bottle, Plastic (29300-140-01)",0.42,0.42,,,0
RC,250,"Divalproex Sodium: 100 Tablet, Extended Release In 1 Bottle (55111-533-01)",0.78,0.78,,,0
RC,250,"Divalproex Sodium: 100 Tablet, Extended Release In 1 Bottle (65162-757-10)",0.77,0.77,,,0
RC,250,"Divalproex Sodium: 90 Blister Pack In 1 Carton (0904-6861-90)  / 1 Tablet, Delayed Release In 1 Blister Pack",0.56,0.56,,,0
RC,250,Dobutamine Hydrochloride In Dextrose: 18 Bag In 1 Carton (0338-1075-02)  / 250 Ml In 1 Bag,16.83,16.83,,,0
RC,250,"Dobutamine: 10 Vial, Single-Dose In 1 Tray (0409-2344-02)  / 20 Ml In 1 Vial, Single-Dose (0409-2344-62)",9.56,9.56,,,0
RC,250,Docosanol: 1 Tube In 1 Package (61269-981-35)  / 2 G In 1 Tube,26.19,26.19,,,0
RC,250,"Docusate Sodium - Stool Softener Laxative: 10 Blister Pack In 1 Carton (0904-7183-61)  / 10 Capsule, Liquid Filled In 1 Blister Pack",0.08,0.08,,,0
RC,250,Dofetilide: 40 Blister Pack In 1 Carton (0904-6681-08)  / 1 Capsule In 1 Blister Pack,6.33,6.33,,,0
RC,250,Dofetilide: 60 Capsule In 1 Bottle (72205-039-60),0.48,0.48,,,0
RC,250,Dofetilide: 60 Capsule In 1 Bottle (72205-040-60),0.61,0.61,,,0
RC,250,Dofetilide: 60 Capsule In 1 Bottle (72205-041-60),0.49,0.49,,,0
RC,250,"Dofetilide: 60 Capsule In 1 Bottle, Plastic (42291-412-60)",0.59,0.59,,,0
RC,250,"Donepezil Hydrochloride: 100 Blister Pack In 1 Carton (0904-6477-61)  / 1 Tablet, Film Coated In 1 Blister Pack",0.2,0.2,,,0
RC,250,"Donepezil Hydrochloride: 90 Tablet, Film Coated In 1 Bottle (24979-004-07)",1.5,1.5,,,0
RC,250,"Donepezil Hydrochloride: 90 Tablet, Film Coated In 1 Bottle, Plastic (43547-276-09)",0.09,0.09,,,0
RC,250,"Doptelet: 1 Blister Pack In 1 Carton (71369-020-10)  / 10 Tablet, Film Coated In 1 Blister Pack (71369-020-11)",826.93,826.93,,,0
RC,250,"Doptelet: 1 Blister Pack In 1 Carton (71369-020-15)  / 15 Tablet, Film Coated In 1 Blister Pack (71369-020-16)",821.21,821.21,,,0
RC,250,"Dorzolamide Hcl: 1 Bottle, Dropper In 1 Carton (24208-485-10)  / 10 Ml In 1 Bottle, Dropper",21.73,21.73,,,0
RC,250,Dorzolamide Hydrochloride And Timolol Maleate Ophthalmic Solution: 1 Bottle In 1 Carton (42571-147-26)  / 10 Ml In 1 Bottle,90.38,90.38,,,0
RC,250,Dorzolamide Hydrochloride And Timolol Maleate: 1 Bottle In 1 Carton (70069-051-01)  / 10 Ml In 1 Bottle,27.73,27.73,,,0
RC,250,"Dorzolamide Hydrochloride And Timolol Maleate: 1 Bottle, Dropper In 1 Carton (24208-486-10)  / 10 Ml In 1 Bottle, Dropper",41.61,41.61,,,0
RC,250,Dorzolamide Hydrochloride Ophthalmic Solution: 1 Bottle In 1 Carton (42571-141-26)  / 10 Ml In 1 Bottle,24.31,24.31,,,0
RC,250,Doxazosin: 100 Blister Pack In 1 Carton (0904-5522-61)  / 1 Tablet In 1 Blister Pack,1.53,1.53,,,0
RC,250,Doxazosin: 100 Blister Pack In 1 Carton (0904-5524-61)  / 1 Tablet In 1 Blister Pack,1.55,1.55,,,0
RC,250,Doxepin Hydrochloride: 100 Blister Pack In 1 Carton (0904-7053-61)  / 1 Capsule In 1 Blister Pack,1.12,1.12,,,0
RC,250,Doxepin Hydrochloride: 100 Capsule In 1 Bottle (23155-795-01),0.32,0.32,,,0
RC,250,"Doxepin Hydrochloride: 120 Ml In 1 Bottle, Plastic (54838-512-40)",0.99,0.99,,,0
RC,250,Doxy 100: 10 Vial In 1 Tray (63323-130-11)  / 10 Ml In 1 Vial (63323-130-02),26.08,26.08,,,0
RC,250,Doxycycline Hyclate: 50 Capsule In 1 Bottle (69238-1100-2),0.51,0.51,,,0
RC,250,"Doxycycline Hyclate: 50 Capsule In 1 Bottle, Plastic (53489-118-02)",0.61,0.61,,,0
RC,250,"Doxycycline Hyclate: 50 Capsule, Gelatin Coated In 1 Bottle, Plastic (0143-3142-50)",2.18,2.18,,,0
RC,250,"Doxycycline Hyclate: 500 Tablet, Coated In 1 Bottle (0143-2112-05)",0.51,0.51,,,0
RC,250,Doxycycline: 50 Capsule In 1 Bottle (27808-233-01),0.29,0.29,,,0
RC,250,Doxycycline: 60 Ml In 1 Bottle (68180-657-01),7.03,7.03,,,0
RC,250,"Doxylamine Succinate And Pyridoxine Hydrochloride: 100 Tablet, Delayed Release In 1 Bottle (70505-100-10)",5.34,5.34,,,0
RC,250,Dronabinol: 100 Blister Pack In 1 Carton (0904-7144-61)  / 1 Capsule In 1 Blister Pack,6.55,6.55,,,0
RC,250,Dronabinol: 60 Capsule In 1 Bottle (42858-867-06),2.19,2.19,,,0
RC,250,Dronabinol: 60 Capsule In 1 Bottle (67877-753-60),2.66,2.66,,,0
RC,250,Droxidopa: 90 CAPSULE in 1 BOTTLE (0054-0532-22),2.52,2.52,,,0
RC,250,Droxidopa: 90 Capsule In 1 Bottle (31722-014-90),1.3,1.3,,,0
RC,250,Droxidopa: 90 Capsule In 1 Bottle (63304-086-90),2.01,2.01,,,0
RC,250,Droxidopa: 90 Capsule In 1 Bottle (70436-140-06),2.01,2.01,,,0
RC,250,Droxidopa: 90 Capsule In 1 Bottle (70710-1389-9),2.59,2.59,,,0
RC,250,"Duloxetine: 30 Capsule, Delayed Release In 1 Bottle (27241-098-03)",0.55,0.55,,,0
RC,250,"Duloxetine: 30 Capsule, Delayed Release Pellets In 1 Bottle (0228-2891-03)",2.46,2.46,,,0
RC,250,"Duloxetine: 30 Capsule, Delayed Release Pellets In 1 Bottle (0228-2892-03)",2.46,2.46,,,0
RC,250,"Duloxetine: 60 Capsule, Delayed Release Pellets In 1 Bottle (0228-2890-06)",2.29,2.29,,,0
RC,250,E.E.S: 200 Ml In 1 Bottle (24338-136-10),38.81,38.81,,,0
RC,250,ENALAPRIL MALEATE: 100 TABLET in 1 BOTTLE (64679-923-02),0.68,0.68,,,0
RC,250,"Edurant: 30 Tablet, Film Coated In 1 Bottle (59676-278-01)",89.37,89.37,,,0
RC,250,"Eliquis: 10 Blister Pack In 1 Carton (0003-0893-31)  / 10 Tablet, Film Coated In 1 Blister Pack",2.71,2.71,,,0
RC,250,"Eliquis: 10 Blister Pack In 1 Carton (0003-0894-31)  / 10 Tablet, Film Coated In 1 Blister Pack",2.71,2.71,,,0
RC,250,"Emtricitabine And Tenofovir Disoproxil Fumarate: 30 Blister Pack In 1 Carton (0904-7172-07)  / 1 Tablet, Film Coated In 1 Blister Pack",2.56,2.56,,,0
RC,250,Emtricitabine: 30 Capsule In 1 Bottle (65862-301-30),22.87,22.87,,,0
RC,250,"Emtriva: 30 Capsule In 1 Bottle, Plastic (61958-0601-1)",32.33,32.33,,,0
RC,250,Enalapril Maleate: 100 Tablet In 1 Bottle (16714-444-01),0.54,0.54,,,0
RC,250,Enalapril Maleate: 100 Tablet In 1 Bottle (51672-4037-1),0.3,0.3,,,0
RC,250,Enalapril Maleate: 100 Tablet In 1 Bottle (51672-4245-1),0.4,0.4,,,0
RC,250,Enoxaparin Sodium: 1 Vial In 1 Carton (0548-5608-00)  / 3 Ml In 1 Vial,1.93,1.93,,,0
RC,250,"Enoxaparin Sodium: 1 Vial, Multi-Dose In 1 Carton (71288-426-03)  / 3 Ml In 1 Vial, Multi-Dose",1.2,1.2,,,0
RC,250,Enoxaparin Sodium: 10 Blister Pack In 1 Carton (63323-584-99)  / 1 Syringe In 1 Blister Pack (63323-584-21)  / .8 Ml In 1 Syringe,1.33,1.33,,,0
RC,250,Enoxaparin Sodium: 10 Syringe In 1 Carton (0548-5601-00)  / .3 Ml In 1 Syringe,2.37,2.37,,,0
RC,250,Entacapone: 100 Tablet In 1 Bottle (27241-049-10),0.87,0.87,,,0
RC,250,Entecavir: 30 Tablet In 1 Bottle (31722-833-30),1.93,1.93,,,0
RC,250,"Entecavir: 30 Tablet In 1 Bottle, Plastic (42806-658-30)",0.39,0.39,,,0
RC,250,"Entecavir: 30 Tablet In 1 Bottle, Plastic (42806-659-30)",0.55,0.55,,,0
RC,250,"Entecavir: 30 Tablet, Film Coated In 1 Bottle, Plastic (16714-717-01)",3.12,3.12,,,0
RC,250,"Entecavir: 30 Tablet, Film Coated In 1 Bottle, Plastic (16714-718-01)",3.3,3.3,,,0
RC,250,"Entresto: 60 Tablet, Film Coated In 1 Bottle (0078-0659-20)",17.46,17.46,,,0
RC,250,"Entresto: 60 Tablet, Film Coated In 1 Bottle (0078-0696-20)",20.94,20.94,,,0
RC,250,"Entresto: 60 Tablet, Film Coated In 1 Bottle (0078-0777-20)",20.8,20.8,,,0
RC,250,"Envarsus Xr: 1 Pouch In 1 Carton (68992-3040-3)  / 1 Bottle, Plastic In 1 Pouch / 30 Tablet, Extended Release In 1 Bottle, Plastic",0.35,0.35,,,0
RC,250,"Ephedrine Sulfate: 10 Ml In 1 Vial, Single-Dose (42023-243-01)",5.56,5.56,,,0
RC,250,"Ephedrine Sulfate: 10 Vial, Single-Dose In 1 Carton (0781-3269-95)  / 1 Ml In 1 Vial, Single-Dose (0781-3269-71)",2.75,2.75,,,0
RC,250,Ephedrine Sulfate: 25 Vial In 1 Carton (42023-216-25)  / 1 Ml In 1 Vial (42023-216-01),15.28,15.28,,,0
RC,250,"Ephedrine Sulfate: 25 Vial, Single-Dose In 1 Carton (43598-725-25)  / 1 Ml In 1 Vial, Single-Dose (43598-725-11)",1.74,1.74,,,0
RC,250,Epinephrine: 1 Vial In 1 Carton (54288-120-01)  / 10 Ml In 1 Vial,0.77,0.77,,,0
RC,250,Epinephrine: 1 Vial In 1 Carton (76329-9060-0)  / 30 Ml In 1 Vial,1.01,1.01,,,0
RC,250,"Epinephrine: 1 Vial, Multi-Dose In 1 Carton (68462-760-10)  / 10 Ml In 1 Vial, Multi-Dose",0.72,0.72,,,0
RC,250,Epinephrine: 10 Carton In 1 Package (76329-3318-1)  / 1 Syringe In 1 Carton / 10 Ml In 1 Syringe,1.95,1.95,,,0
RC,250,Epivir: 240 Ml In 1 Bottle (49702-205-48),9.98,9.98,,,0
RC,250,"Eplerenone: 30 Tablet, Film Coated In 1 Bottle (16729-294-10)",1.61,1.61,,,0
RC,250,"Eplerenone: 30 Tablet, Film Coated In 1 Bottle (51991-877-33)",1.06,1.06,,,0
RC,250,"Eplerenone: 30 Tablet, Film Coated In 1 Bottle (51991-878-33)",2.01,2.01,,,0
RC,250,"Eplerenone: 30 Tablet, Film Coated In 1 Bottle (59762-1720-1)",2.53,2.53,,,0
RC,250,"Eplerenone: 90 Tablet, Coated In 1 Bottle (42291-454-90)",0.74,0.74,,,0
RC,250,Eprontia: 473 Ml In 1 Bottle (52652-9001-1),11.28,11.28,,,0
RC,250,Eptifibatide: 1 Vial In 1 Carton (25021-408-51)  / 100 Ml In 1 Vial,26.9,26.9,,,0
RC,250,"Eptifibatide: 1 Vial, Single-Dose In 1 Carton (55150-219-10)  / 10 Ml In 1 Vial, Single-Dose",9.11,9.11,,,0
RC,250,"Ergocalciferol: 100 Capsule, Liquid Filled In 1 Bottle, Plastic (69452-151-20)",0.43,0.43,,,0
RC,250,"Ertapenem: 10 Vial, Single-Dose In 1 Carton (55150-282-20)  / 1 Injection In 1 Vial, Single-Dose",22.32,22.32,,,0
RC,250,Erythromycin Ethylsuccinate: 200 Ml In 1 Bottle (62559-440-02),12.2,12.2,,,0
RC,250,Erythromycin: 1 Bottle In 1 Carton (45802-038-46)  / 60 Ml In 1 Bottle,72.33,72.33,,,0
RC,250,Erythromycin: 1 Tube In 1 Carton (24208-910-55)  / 3.5 G In 1 Tube,21.98,21.98,,,0
RC,250,"Erythromycin: 100 Tablet, Film Coated In 1 Bottle (0093-5571-01)",11.96,11.96,,,0
RC,250,"Erythromycin: 30 Tablet, Film Coated In 1 Bottle (75834-242-30)",6.9,6.9,,,0
RC,250,Erythromycin: 50 Tube In 1 Box (24208-910-19)  / 1 G In 1 Tube,11.11,11.11,,,0
RC,250,Erythromycin: 50 Tube In 1 Carton (72485-670-31)  / 1 G In 1 Tube,8.53,8.53,,,0
RC,250,Escitalopram Oxalate: 240 Ml In 1 Bottle (65162-705-88),6.21,6.21,,,0
RC,250,"Escitalopram: 100 Blister Pack In 1 Carton (0904-6426-61)  / 1 Tablet, Film Coated In 1 Blister Pack",0.23,0.23,,,0
RC,250,"Escitalopram: 100 Tablet, Film Coated In 1 Bottle (65862-373-01)",0.13,0.13,,,0
RC,250,Esmolol Hydrochloride: 10 Bag In 1 Carton (25021-308-84)  / 250 Ml In 1 Bag,0.48,0.48,,,0
RC,250,"Esmolol Hydrochloride: 25 Vial, Single-Dose In 1 Carton (55150-194-10)  / 10 Ml In 1 Vial, Single-Dose",0.8,0.8,,,0
RC,250,"Esomeprazole Magnesium: 30 Capsule, Delayed Release In 1 Bottle (0093-6451-56)",0.93,0.93,,,0
RC,250,"Esomeprazole Magnesium: 30 Capsule, Delayed Release In 1 Bottle (43598-510-30)",1.55,1.55,,,0
RC,250,"Esomeprazole Magnesium: 30 Capsule, Delayed Release In 1 Bottle (65862-784-30)",0.61,0.61,,,0
RC,250,"Esomeprazole Magnesium: 90 Capsule, Delayed Release In 1 Bottle (16714-980-02)",0.49,0.49,,,0
RC,250,Estradiol: 100 Tablet In 1 Bottle (42806-087-01),0.14,0.14,,,0
RC,250,Estradiol: 100 Tablet In 1 Bottle (42806-089-01),0.25,0.25,,,0
RC,250,Ethacrynate Sodium: 1 Vial In 1 Carton (42023-157-01)  / 50 Ml In 1 Vial,1006.46,1006.46,,,0
RC,250,Ethambutol Hydrochloride: 100 Tablet In 1 Bottle (68180-280-01),0.65,0.65,,,0
RC,250,"Ethambutol Hydrochloride: 100 Tablet, Film Coated In 1 Bottle (42806-102-01)",0.88,0.88,,,0
RC,250,"Ethosuximide: 100 Capsule, Liquid Filled In 1 Bottle, Plastic (69452-152-20)",0.61,0.61,,,0
RC,250,"Etomidate: 10 Vial, Single-Dose In 1 Carton (55150-221-10)  / 10 Ml In 1 Vial, Single-Dose",3.66,3.66,,,0
RC,250,"Etomidate: 10 Vial, Single-Dose In 1 Carton (55150-222-20)  / 20 Ml In 1 Vial, Single-Dose",8.17,8.17,,,0
RC,250,"Etravirine: 120 Tablet In 1 Bottle, Plastic (60219-1721-7)",11.74,11.74,,,0
RC,250,"Etravirine: 60 Tablet In 1 Bottle, Plastic (60219-1722-6)",24.45,24.45,,,0
RC,250,"Exemestane: 30 Tablet, Film Coated In 1 Bottle (0054-0080-13)",19.63,19.63,,,0
RC,250,"Exemestane: 30 Tablet, Film Coated In 1 Bottle (59651-516-30)",2.41,2.41,,,0
RC,250,Extended Phenytoin Sodium: 1000 Capsule In 1 Bottle (65862-692-99),0.62,0.62,,,0
RC,250,Ezetimibe: 30 Tablet In 1 Bottle (16714-813-01),0.44,0.44,,,0
RC,250,Ezetimibe: 30 Tablet In 1 Bottle (69238-1154-3),0.44,0.44,,,0
RC,250,Ezetimibe: 90 Tablet In 1 Bottle (10135-787-90),0.09,0.09,,,0
RC,250,Ezetimibe: 90 Tablet In 1 Bottle (16714-813-02),0.27,0.27,,,0
RC,250,"Famotidine: 1 Bottle In 1 Carton (69230-326-01)  / 100 Tablet, Film Coated In 1 Bottle",0.14,0.14,,,0
RC,250,"Famotidine: 10 Blister Pack In 1 Box, Unit-Dose (63739-645-10)  / 10 Tablet In 1 Blister Pack",0.16,0.16,,,0
RC,250,"Famotidine: 100 Blister Pack In 1 Carton (0904-7193-61)  / 1 Tablet, Film Coated In 1 Blister Pack",0.14,0.14,,,0
RC,250,"Famotidine: 100 Tablet, Film Coated In 1 Bottle (65862-859-01)",0.19,0.19,,,0
RC,250,"Famotidine: 25 Vial, Single-Dose In 1 Tray (63323-739-12)  / 2 Ml In 1 Vial, Single-Dose (63323-739-11)",1.25,1.25,,,0
RC,250,"Famotidine: 50 Blister Pack In 1 Carton (0904-7193-06)  / 1 Tablet, Film Coated In 1 Blister Pack",0.19,0.19,,,0
RC,250,Famotidine: 50 Ml In 1 Bottle (68180-150-01),0.68,0.68,,,0
RC,250,Famotidine: 50 Ml In 1 Bottle (70377-113-11),0.51,0.51,,,0
RC,250,"Farxiga: 30 Tablet, Film Coated In 1 Bottle, Plastic (0310-6205-30)",24.52,24.52,,,0
RC,250,"Farxiga: 30 Tablet, Film Coated In 1 Bottle, Plastic (0310-6210-30)",24.26,24.26,,,0
RC,250,Febuxostat: 30 Tablet In 1 Bottle (72578-136-06),0.94,0.94,,,0
RC,250,"Fenofibrate: 90 Tablet, Film Coated In 1 Bottle, Plastic (0378-3066-77)",0.94,0.94,,,0
RC,250,"Fentanyl Citrate: 1 Vial, Single-Dose In 1 Carton (63323-806-50)  / 50 Ml In 1 Vial, Single-Dose",1.22,1.22,,,0
RC,250,Fentanyl Citrate: 10 Ampule In 1 Cello Pack (0409-9093-32)  / 2 Ml In 1 Ampule (0409-9093-37),2.96,2.96,,,0
RC,250,"Fentanyl Citrate: 25 Carton In 1 Tray (0409-9094-61)  / 1 Vial, Single-Dose In 1 Carton / 50 Ml In 1 Vial, Single-Dose (0409-9094-41)",5.1,5.1,,,0
RC,250,"Fentanyl Citrate: 25 Vial, Single-Dose In 1 Tray (0409-9094-22)  / 2 Ml In 1 Vial, Single-Dose (0409-9094-12)",3.45,3.45,,,0
RC,250,Fentanyl Citrate: 50 Ml In 1 Vial (0641-6030-01),1.13,1.13,,,0
RC,250,Fentanyl Transdermal: 5 Pouch In 1 Carton (0406-9112-76)  / 1 Patch In 1 Pouch / 72 H In 1 Patch,29.36,29.36,,,0
RC,250,"Fetzima: 30 Capsule, Extended Release In 1 Bottle, Plastic (0456-2220-30)",31.69,31.69,,,0
RC,250,"Finasteride: 30 Tablet, Film Coated In 1 Bottle (65862-927-30)",0.12,0.12,,,0
RC,250,"Finasteride: 50 Blister Pack In 1 Carton (0904-6830-06)  / 1 Tablet, Film Coated In 1 Blister Pack",0.89,0.89,,,0
RC,250,"Finasteride: 90 Tablet, Film Coated In 1 Bottle (65862-149-90)",0.16,0.16,,,0
RC,250,Flecainide Acetate: 100 Blister Pack In 1 Carton (0054-0010-20)  / 1 Tablet In 1 Blister Pack,0.73,0.73,,,0
RC,250,Flecainide Acetate: 100 Tablet In 1 Bottle (0054-0010-25),1.04,1.04,,,0
RC,250,Flecainide Acetate: 60 Tablet In 1 Bottle (0054-0011-21),1.19,1.19,,,0
RC,250,Fleet: 12 SUPPOSITORY in 1 JAR (0132-0079-12),0.2,0.2,,,0
RC,250,"Fleet: 133 Ml In 1 Bottle, With Applicator (0132-0201-40)",2.09,2.09,,,0
RC,250,Flexbumin: 12 Bag In 1 Carton (0944-0493-01)  / 50 Ml In 1 Bag (0944-0493-03),56.72,56.72,,,0
RC,250,Flexbumin: 2 Bag In 1 Carton (0944-0495-05)  / 250 Ml In 1 Bag (0944-0495-06),23.96,23.96,,,0
RC,250,"Flolan: 1 Injection, Powder, Lyophilized, For Solution In 1 Carton (0173-0517-00)",27.2,27.2,,,0
RC,250,"Flolan: 1 Injection, Powder, Lyophilized, For Solution In 1 Carton (0173-0519-00)",35.74,35.74,,,0
RC,250,Fluconazole: 1 Bottle In 1 Carton (16714-696-01)  / 35 Ml In 1 Bottle,7.17,7.17,,,0
RC,250,Fluconazole: 10 Bag In 1 Carton (0338-6045-37)  / 200 Ml In 1 Bag,8.73,8.73,,,0
RC,250,Fluconazole: 10 Pouch In 1 Carton (25021-184-67)  / 1 Bag In 1 Pouch / 200 Ml In 1 Bag,3.92,3.92,,,0
RC,250,Fluconazole: 10 Pouch In 1 Carton (25021-184-82)  / 1 Bag In 1 Pouch / 100 Ml In 1 Bag,7.26,7.26,,,0
RC,250,Fluconazole: 10 Pouch In 1 Carton (25021-184-87)  / 1 Bag In 1 Pouch / 200 Ml In 1 Bag,3.91,3.91,,,0
RC,250,Fluconazole: 100 Blister Pack In 1 Carton (0904-6500-61)  / 1 Tablet In 1 Blister Pack,1.93,1.93,,,0
RC,250,Fluconazole: 100 Blister Pack In 1 Carton (0904-6501-61)  / 1 Tablet In 1 Blister Pack,2.94,2.94,,,0
RC,250,Fluconazole: 30 Tablet In 1 Bottle (16714-691-01),0.98,0.98,,,0
RC,250,Fluconazole: 30 Tablet In 1 Bottle (16714-693-01),1.47,1.47,,,0
RC,250,Fluconazole: 30 Tablet In 1 Bottle (16714-694-01),1.05,1.05,,,0
RC,250,Fluconazole: 30 Tablet In 1 Bottle (68462-101-30),1.21,1.21,,,0
RC,250,Flucytosine: 100 Capsule In 1 Bottle (43386-770-01),28.64,28.64,,,0
RC,250,Flucytosine: 100 Capsule In 1 Bottle (43386-771-01),14.04,14.04,,,0
RC,250,Flucytosine: 30 Capsule In 1 Bottle (42794-009-08),54.22,54.22,,,0
RC,250,Fludrocortisone Acetate: 100 Tablet In 1 Bottle (0115-7033-01),1.07,1.07,,,0
RC,250,Fludrocortisone Acetate: 100 Tablet In 1 Bottle (0555-0997-02),0.32,0.32,,,0
RC,250,"Fludrocortisone Acetate: 50 Blister Pack In 1 Box, Unit-Dose (50268-330-15)  / 1 Tablet In 1 Blister Pack (50268-330-11)",0.66,0.66,,,0
RC,250,Fluorescite: 12 Vial In 1 Carton (0065-0092-65)  / 5 Ml In 1 Vial,62.32,62.32,,,0
RC,250,"Fluorometholone: 1 Bottle, Dropper In 1 Carton (60758-880-05)  / 5 Ml In 1 Bottle, Dropper",6.27,6.27,,,0
RC,250,"Fluoxetine Hydrochloride: 120 Ml In 1 Bottle, Plastic (70954-600-10)",3.56,3.56,,,0
RC,250,Fluoxetine: 100 Blister Pack In 1 Carton (0904-5784-61)  / 1 Capsule In 1 Blister Pack,0.16,0.16,,,0
RC,250,Fluoxetine: 100 Capsule In 1 Bottle (65862-192-01),0.11,0.11,,,0
RC,250,Fluoxetine: 100 Capsule In 1 Bottle (65862-193-01),0.12,0.12,,,0
RC,250,Fluoxetine: 1000 Capsule In 1 Bottle (65862-193-99),0.07,0.07,,,0
RC,250,"Fluoxetine: 120 Ml In 1 Bottle, Plastic (29033-503-31)",3.02,3.02,,,0
RC,250,"Fluphenazine Hydrochloride: 100 Blister Pack In 1 Carton (0904-7158-61)  / 1 Tablet, Film Coated In 1 Blister Pack",6.91,6.91,,,0
RC,250,"Fluphenazine Hydrochloride: 100 Tablet, Film Coated In 1 Bottle, Plastic (0527-1790-01)",5.67,5.67,,,0
RC,250,"Fluphenazine Hydrochloride: 100 Tablet, Film Coated In 1 Bottle, Plastic (43598-036-01)",6.69,6.69,,,0
RC,250,Fluticasone Propionate And Salmeterol: 1 Pouch In 1 Carton (0054-0328-56)  / 1 Inhaler In 1 Pouch / 60 Powder In 1 Inhaler,3.67,3.67,,,0
RC,250,"Fluticasone Propionate Hfa: 1 Inhaler In 1 Carton (66993-078-96)  / 120 Aerosol, Metered In 1 Inhaler",239.81,239.81,,,0
RC,250,"Fluticasone Propionate Hfa: 1 Inhaler In 1 Carton (66993-079-96)  / 120 Aerosol, Metered In 1 Inhaler",319.32,319.32,,,0
RC,250,"Fluticasone Propionate: 1 Bottle, Glass In 1 Carton (0054-3270-99)  / 120 Spray, Metered In 1 Bottle, Glass",15.35,15.35,,,0
RC,250,"Fluticasone Propionate: 1 Bottle, Spray In 1 Carton (60505-0829-1)  / 120 Spray, Metered In 1 Bottle, Spray",33.8,33.8,,,0
RC,250,Fluvoxamine Maleate: 100 Tablet In 1 Bottle (60505-0164-1),0.42,0.42,,,0
RC,250,Fluvoxamine Maleate: 100 Tablet In 1 Bottle (60505-0165-1),0.56,0.56,,,0
RC,250,"Fluvoxamine Maleate: 100 Tablet, Coated In 1 Bottle (62559-160-01)",1.18,1.18,,,0
RC,250,"Folic Acid: 1 Vial, Multi-Dose In 1 Carton (39822-1100-1)  / 10 Ml In 1 Vial, Multi-Dose",0.11,0.11,,,0
RC,250,"Folic Acid: 1 Vial, Multi-Dose In 1 Carton (63323-184-10)  / 10 Ml In 1 Vial, Multi-Dose",0.14,0.14,,,0
RC,250,Folic Acid: 100 Tablet In 1 Bottle (53746-361-01),0.07,0.07,,,0
RC,250,Fomepizole: 1 Vial In 1 Carton (0517-0710-01)  / 1.5 Ml In 1 Vial,10.1,10.1,,,0
RC,250,Fomepizole: 1 Vial In 1 Carton (70710-1478-1)  / 1.5 Ml In 1 Vial,9.15,9.15,,,0
RC,250,Fondaparinux Sodium: 10 Syringe In 1 Carton (55111-678-10)  / .5 Ml In 1 Syringe (55111-678-11),2.88,2.88,,,0
RC,250,"Fosaprepitant Dimeglumine: 1 Vial, Single-Dose In 1 Carton (0143-9384-01)  / 5 Ml In 1 Vial, Single-Dose",0.28,0.28,,,0
RC,250,"Fosaprepitant: 1 Vial, Single-Dose In 1 Carton (16714-248-01)  / 5 Ml In 1 Vial, Single-Dose",0.27,0.27,,,0
RC,250,"Fosfomycin Tromethamine: 1 Dose Pack In 1 Carton (69097-579-67)  / 1 Granule, For Solution In 1 Dose Pack",86.32,86.32,,,0
RC,250,Fosfomycin Tromethamine: 1 Dose Pack In 1 Carton (70700-268-94)  / 1 Powder In 1 Dose Pack,145.16,145.16,,,0
RC,250,Fosfomycin Tromethamine: 1 Powder In 1 Packet (70700-268-99),145.16,145.16,,,0
RC,250,"Foster And Thrive Nasal: 1 Bottle, Spray In 1 Carton (70677-1037-1)  / 30 Ml In 1 Bottle, Spray",3.34,3.34,,,0
RC,250,Foster And Thrive Ready To Use Saline Laxative: 1 Bottle In 1 Carton (70677-1089-1)  / 133 Ml In 1 Bottle,2.09,2.09,,,0
RC,250,Foster And Thrive Stomach Relief: 1 Bottle In 1 Carton (70677-1082-1)  / 40 Tablet In 1 Bottle,0.16,0.16,,,0
RC,250,Furosemide: 10 Blister Pack In 1 Carton (0054-8297-25)  / 10 Tablet In 1 Blister Pack,0.22,0.22,,,0
RC,250,Furosemide: 10 Blister Pack In 1 Carton (0054-8299-25)  / 10 Tablet In 1 Blister Pack,0.25,0.25,,,0
RC,250,Furosemide: 10 Blister Pack In 1 Carton (0054-8301-25)  / 10 Tablet In 1 Blister Pack,0.57,0.57,,,0
RC,250,Furosemide: 100 Blister Pack In 1 Carton (0904-7177-61)  / 1 Tablet In 1 Blister Pack,0.11,0.11,,,0
RC,250,Furosemide: 100 Blister Pack In 1 Carton (0904-7178-61)  / 1 Tablet In 1 Blister Pack,0.1,0.1,,,0
RC,250,Furosemide: 100 Tablet In 1 Bottle (69315-116-01),0.07,0.07,,,0
RC,250,Furosemide: 120 Ml In 1 Bottle (0054-3294-50),0.09,0.09,,,0
RC,250,Furosemide: 25 Vial In 1 Carton (25021-311-04)  / 4 Ml In 1 Vial,0.09,0.09,,,0
RC,250,Furosemide: 25 Vial In 1 Tray (63323-280-02)  / 2 Ml In 1 Vial (63323-280-01),3.3,3.3,,,0
RC,250,"Furosemide: 25 Vial, Single-Dose In 1 Box (36000-282-25)  / 2 Ml In 1 Vial, Single-Dose",0.05,0.05,,,0
RC,250,"Furosemide: 25 Vial, Single-Dose In 1 Box (36000-283-25)  / 4 Ml In 1 Vial, Single-Dose",0.02,0.02,,,0
RC,250,"Furosemide: 25 Vial, Single-Dose In 1 Box (36000-284-25)  / 10 Ml In 1 Vial, Single-Dose",0.02,0.02,,,0
RC,250,"Furosemide: 25 Vial, Single-Dose In 1 Tray (0409-6102-04)  / 4 Ml In 1 Vial, Single-Dose (0409-6102-18)",1.76,1.76,,,0
RC,250,Furosemide: 60 Ml In 1 Bottle (0054-3294-46),0.08,0.08,,,0
RC,250,Fycompa: 30 Tablet In 1 Bottle (62856-272-30),35.32,35.32,,,0
RC,250,Fycompa: 30 Tablet In 1 Bottle (69616-272-30),37.42,37.42,,,0
RC,250,Fycompa: 30 Tablet In 1 Bottle (69616-274-30),73.92,73.92,,,0
RC,250,"Gabapentin: 10 BLISTER PACK in 1 BOX, UNIT-DOSE (63739-236-10)  / 10 CAPSULE in 1 BLISTER PACK",0.22,0.22,,,0
RC,250,"Gabapentin: 10 BLISTER PACK in 1 BOX, UNIT-DOSE (63739-984-10)  / 10 CAPSULE in 1 BLISTER PACK",0.26,0.26,,,0
RC,250,Gabapentin: 10 Blister Pack In 1 Carton (63739-902-10)  / 10 Capsule In 1 Blister Pack,0.14,0.14,,,0
RC,250,Gabapentin: 10 Blister Pack In 1 Carton (63739-903-10)  / 10 Capsule In 1 Blister Pack,0.21,0.21,,,0
RC,250,Gabapentin: 10 Blister Pack In 1 Carton (63739-904-10)  / 10 Capsule In 1 Blister Pack,0.18,0.18,,,0
RC,250,Gabapentin: 100 Blister Pack In 1 Carton (0904-6665-61)  / 1 Capsule In 1 Blister Pack,0.14,0.14,,,0
RC,250,Gabapentin: 100 Blister Pack In 1 Carton (0904-6666-61)  / 1 Capsule In 1 Blister Pack,0.21,0.21,,,0
RC,250,Gabapentin: 100 Blister Pack In 1 Carton (0904-6667-61)  / 1 Capsule In 1 Blister Pack,0.24,0.24,,,0
RC,250,Gabapentin: 100 Capsule In 1 Bottle (16714-661-01),0.05,0.05,,,0
RC,250,Gabapentin: 100 Capsule In 1 Bottle (16714-663-01),0.14,0.14,,,0
RC,250,Gabapentin: 470 Ml In 1 Bottle (42192-608-16),0.2,0.2,,,0
RC,250,Gabapentin: 500 Capsule In 1 Bottle (16714-661-02),0.05,0.05,,,0
RC,250,Gabapentin: 500 Capsule In 1 Bottle (16714-662-02),0.07,0.07,,,0
RC,250,"Gabapentin: 6 Ml In 1 Cup, Unit-Dose (42192-608-06)",5.87,5.87,,,0
RC,250,"Galantamine: 60 Tablet, Film Coated In 1 Bottle (57237-049-60)",0.95,0.95,,,0
RC,250,"Galantamine: 60 Tablet, Film Coated In 1 Bottle (57237-050-60)",0.95,0.95,,,0
RC,250,"Gamunex-C: 1 Vial, Glass In 1 Carton (13533-800-12)  / 10 Ml In 1 Vial, Glass (13533-800-13)",69.0,69.0,,,0
RC,250,"Gamunex-C: 1 Vial, Glass In 1 Carton (13533-800-20)  / 50 Ml In 1 Vial, Glass (13533-800-21)",69.0,69.0,,,0
RC,250,"Gamunex-C: 1 Vial, Glass In 1 Carton (13533-800-24)  / 200 Ml In 1 Vial, Glass (13533-800-25)",69.0,69.0,,,0
RC,250,"Gamunex-C: 1 Vial, Glass In 1 Carton (13533-800-71)  / 100 Ml In 1 Vial, Glass (13533-800-72)",69.0,69.0,,,0
RC,250,"Gas Relief Drops Infants: 1 Bottle, Dropper In 1 Carton (49348-740-27)  / 30 Ml In 1 Bottle, Dropper",0.28,0.28,,,0
RC,250,"Gas Relief: 30 Blister Pack In 1 Box (63739-225-02)  / 10 Tablet, Chewable In 1 Blister Pack",0.2,0.2,,,0
RC,250,Gavilyte-N: 438.4 G In 1 Bottle (43386-050-19),18.04,18.04,,,0
RC,250,"Gentamicin Sulfate: 1 Bottle, Dropper In 1 Carton (24208-580-60)  / 5 Ml In 1 Bottle, Dropper",1.0,1.0,,,0
RC,250,Gentamicin Sulfate: 1 Tube In 1 Carton (0713-0683-15)  / 15 G In 1 Tube,71.39,71.39,,,0
RC,250,Gentamicin Sulfate: 1 Tube In 1 Carton (45802-056-35)  / 15 G In 1 Tube,56.83,56.83,,,0
RC,250,Gentamicin: 25 Vial In 1 Tray (63323-010-02)  / 2 Ml In 1 Vial (63323-010-01),2.42,2.42,,,0
RC,250,Genteal Tears Night-Time: 1 Tube In 1 Carton (0065-0518-01)  / 3.5 G In 1 Tube,13.95,13.95,,,0
RC,250,"Genvoya: 30 Tablet In 1 Bottle, Plastic (61958-1901-1)",252.69,252.69,,,0
RC,250,Geri-Lanta Antacid Antigas: 355 Ml In 1 Bottle (57896-629-12),0.06,0.06,,,0
RC,250,Geri-Lanta Maximum Strength: 355 Ml In 1 Bottle (57896-619-12),0.33,0.33,,,0
RC,250,Geri-Mox Antacid Antigas: 355 Ml In 1 Bottle (57896-639-12),0.27,0.27,,,0
RC,250,"Gleolan: 1 Vial, Single-Dose In 1 Carton (59137-231-01)  / 1 Powder, For Solution In 1 Vial, Single-Dose",4259.63,4259.63,,,0
RC,250,"Gleolan: 1 Vial, Single-Dose In 1 Carton (71469-231-01)  / 1 Powder, For Solution In 1 Vial, Single-Dose",3717.18,3717.18,,,0
RC,250,Glipizide: 100 Blister Pack In 1 Carton (0904-6637-61)  / 1 Tablet In 1 Blister Pack,0.41,0.41,,,0
RC,250,Glipizide: 100 Tablet In 1 Bottle (60505-0141-0),0.03,0.03,,,0
RC,250,"Glucagon: 1 Kit In 1 Carton (63323-593-03)  *  1 Ml In 1 Vial, Single-Dose (63323-596-03)  *  1 Ml In 1 Vial, Single-Dose (63323-185-03)",134.67,134.67,,,0
RC,250,Glyburide: 100 Tablet In 1 Bottle (0093-8343-01),0.17,0.17,,,0
RC,250,Glyburide: 100 Tablet In 1 Bottle (0093-8344-01),0.23,0.23,,,0
RC,250,Glyburide: 100 Tablet In 1 Bottle (23155-057-01),0.37,0.37,,,0
RC,250,Glycerin Children: 2 Blister Pack In 1 Carton (57237-326-21)  / 6 Suppository In 1 Blister Pack (57237-326-16),0.98,0.98,,,0
RC,250,Glycerin Children: 5 Blister Pack In 1 Carton (57237-326-52)  / 5 Suppository In 1 Blister Pack (57237-326-51),0.23,0.23,,,0
RC,250,Glycopyrrolate: 1 Bottle In 1 Carton (72603-240-01)  / 473 Ml In 1 Bottle,2.61,2.61,,,0
RC,250,Glycopyrrolate: 100 Blister Pack In 1 Carton (0904-6709-61)  / 1 Tablet In 1 Blister Pack,1.9,1.9,,,0
RC,250,Glycopyrrolate: 100 Tablet In 1 Bottle (13107-014-01),0.24,0.24,,,0
RC,250,Glycopyrrolate: 25 Vial In 1 Carton (0143-9682-25)  / 1 Ml In 1 Vial (0143-9682-01),0.52,0.52,,,0
RC,250,"Glycopyrrolate: 25 Vial, Single-Dose In 1 Tray (0517-4602-25)  / 2 Ml In 1 Vial, Single-Dose",9.41,9.41,,,0
RC,250,Glydo: 10 Syringe In 1 Carton (25021-673-76)  / 6 Ml In 1 Syringe,6.53,6.53,,,0
RC,250,Glydo: 10 Syringe In 1 Carton (25021-673-77)  / 11 Ml In 1 Syringe,8.34,8.34,,,0
RC,250,Grafco Applicator 15 Cm: 100 Stick In 1 Tube (12165-100-01),0.83,0.83,,,0
RC,250,"Guanfacine Extended-Release: 100 Tablet, Extended Release In 1 Bottle (60505-3927-1)",0.76,0.76,,,0
RC,250,Guanfacine Hydrochloride: 100 Tablet In 1 Bottle (65162-711-10),0.86,0.86,,,0
RC,250,"Guanfacine: 100 Tablet In 1 Bottle, Plastic (0591-0444-01)",0.37,0.37,,,0
RC,250,"Haloperidol: 10 Tray In 1 Case (0121-0581-05)  / 10 Cup, Unit-Dose In 1 Tray / 5 Ml In 1 Cup, Unit-Dose",0.36,0.36,,,0
RC,250,Haloperidol: 100 Blister Pack In 1 Carton (0904-6782-61)  / 1 Tablet In 1 Blister Pack,1.09,1.09,,,0
RC,250,Haloperidol: 100 Blister Pack In 1 Carton (0904-7391-61)  / 1 Tablet In 1 Blister Pack,0.92,0.92,,,0
RC,250,Haloperidol: 100 Tablet In 1 Bottle (0832-1510-11),0.48,0.48,,,0
RC,250,"Heartburn Relief Original Strength: 1 Bottle In 1 Carton (0904-5529-52)  / 60 Tablet, Film Coated In 1 Bottle",0.11,0.11,,,0
RC,250,"Heartburn Relief Original Strength: 30 Blister Pack In 1 Carton (0904-5529-87)  / 1 Tablet, Film Coated In 1 Blister Pack",0.14,0.14,,,0
RC,250,Hemabate: 10 Ampule In 1 Package (0009-0856-08)  / 1 Ml In 1 Ampule (0009-0856-05),241.3,241.3,,,0
RC,250,Heparin Sodium In Dextrose: 24 Container In 1 Case (0264-9587-20)  / 250 Ml In 1 Container,0.82,0.82,,,0
RC,250,Heparin Sodium: 25 Vial In 1 Carton (25021-400-30)  / 30 Ml In 1 Vial,0.25,0.25,,,0
RC,250,Heparin Sodium: 25 Vial In 1 Carton (25021-402-01)  / 1 Ml In 1 Vial,0.26,0.26,,,0
RC,250,"Heparin Sodium: 25 Vial, Multi-Dose In 1 Carton (0781-3545-25)  / 1 Ml In 1 Vial, Multi-Dose (0781-3545-10)",0.21,0.21,,,0
RC,250,"Heparin Sodium: 25 Vial, Multi-Dose In 1 Tray (0409-2720-03)  / 30 Ml In 1 Vial, Multi-Dose (0409-2720-32)",0.45,0.45,,,0
RC,250,"Heparin Sodium: 25 Vial, Single-Dose In 1 Tray (0409-2720-01)  / 1 Ml In 1 Vial, Single-Dose (0409-2720-30)",2.99,2.99,,,0
RC,250,Hetastarch In Sodium Chloride: 12 Container In 1 Case (0409-7248-03)  / 500 Ml In 1 Container (0409-7248-13),13.07,13.07,,,0
RC,250,"Humulin R: 1 Vial, Multi-Dose In 1 Carton (0002-0213-01)  / 3 Ml In 1 Vial, Multi-Dose",0.31,0.31,,,0
RC,250,"Humulin R: 1 Vial, Multi-Dose In 1 Carton (0002-8215-01)  / 10 Ml In 1 Vial, Multi-Dose",1.78,1.78,,,0
RC,250,Hurricaine Topical Anesthetic: 59.7 G In 1 Can (0283-0679-02),57.85,57.85,,,0
RC,250,Hydralazine Hydrochloride: 10 Blister Pack In 1 Case (63739-327-10)  / 10 Tablet In 1 Blister Pack,0.15,0.15,,,0
RC,250,Hydralazine Hydrochloride: 100 Tablet In 1 Bottle (50111-327-01),0.28,0.28,,,0
RC,250,Hydralazine Hydrochloride: 100 Tablet In 1 Bottle (50111-328-01),0.38,0.38,,,0
RC,250,Hydralazine Hydrochloride: 100 Tablet In 1 Bottle (50111-398-01),0.22,0.22,,,0
RC,250,"Hydrochlorothiazide: 100 Capsule, Gelatin Coated In 1 Bottle (0591-0347-01)",0.15,0.15,,,0
RC,250,Hydrochlorothiazide: 100 Tablet In 1 Bottle (0172-2089-60),0.06,0.06,,,0
RC,250,Hydrochlorothiazide: 100 Tablet In 1 Bottle (16729-184-01),0.04,0.04,,,0
RC,250,"Hydrochlorothiazide: 500 Capsule, Gelatin Coated In 1 Bottle (0591-0347-05)",0.12,0.12,,,0
RC,250,Hydrocortisone Acetate: 24 Suppository In 1 Carton (50268-411-24),2.07,2.07,,,0
RC,250,Hydrocortisone: 1 Tube In 1 Carton (45802-276-03)  / 28 G In 1 Tube,3.02,3.02,,,0
RC,250,Hydrocortisone: 1 Tube In 1 Carton (45802-438-03)  / 28 G In 1 Tube,2.96,2.96,,,0
RC,250,Hydrocortisone: 100 Tablet In 1 Bottle (59762-0074-1),0.5,0.5,,,0
RC,250,Hydrocortisone: 100 Tablet In 1 Bottle (59762-0075-1),0.03,0.03,,,0
RC,250,Hydrocortisone: 29 G In 1 Tube (0168-0146-30),4.67,4.67,,,0
RC,250,"Hydrocortisone: 50 Tablet In 1 Bottle, Plastic (64380-970-25)",0.52,0.52,,,0
RC,250,Hydromorphone Hydrochloride: 1 Vial In 1 Carton (0703-0018-01)  / 50 Ml In 1 Vial,0.04,0.04,,,0
RC,250,"Hydromorphone Hydrochloride: 1 Vial, Single-Dose In 1 Box (0409-2634-50)  / 50 Ml In 1 Vial, Single-Dose",0.06,0.06,,,0
RC,250,Hydromorphone Hydrochloride: 10 Cartridge In 1 Carton (0409-1312-30)  / 1 Ml In 1 Cartridge (0409-1312-03),0.18,0.18,,,0
RC,250,Hydromorphone Hydrochloride: 10 Vial In 1 Carton (0703-0110-03)  / 1 Ml In 1 Vial (0703-0110-01),0.06,0.06,,,0
RC,250,Hydromorphone Hydrochloride: 10 Vial In 1 Carton (0703-0113-03)  / 5 Ml In 1 Vial (0703-0113-01),0.07,0.07,,,0
RC,250,Hydromorphone Hydrochloride: 100 Tablet In 1 Bottle (0406-3243-01),0.27,0.27,,,0
RC,250,Hydromorphone Hydrochloride: 100 Tablet In 1 Bottle (0406-3244-01),0.27,0.27,,,0
RC,250,"Hydromorphone Hydrochloride: 100 Tablet In 1 Bottle, Plastic (42858-302-01)",0.61,0.61,,,0
RC,250,Hydromorphone Hydrochloride: 4 Blister Pack In 1 Carton (42858-301-25)  / 25 Tablet In 1 Blister Pack,0.31,0.31,,,0
RC,250,Hydromorphone Hydrochloride: 4 Blister Pack In 1 Carton (42858-302-25)  / 25 Tablet In 1 Blister Pack,0.35,0.35,,,0
RC,250,Hydromorphone Hydrochloride: 473 Ml In 1 Bottle (0054-0386-63),1.6,1.6,,,0
RC,250,"Hydromorphone Hydrochloride: 473 Ml In 1 Bottle, Plastic (42858-304-16)",2.13,2.13,,,0
RC,250,"Hydromorphone Hydrochloride: 50 Ml In 1 Vial, Single-Dose (63323-851-50)",0.02,0.02,,,0
RC,250,"Hydroxychloroquine Sulfate: 100 Tablet, Film Coated In 1 Bottle (16714-110-01)",0.48,0.48,,,0
RC,250,"Hydroxychloroquine Sulfate: 100 Tablet, Film Coated In 1 Bottle (69238-1544-1)",0.6,0.6,,,0
RC,250,Hydroxyzine Hydrochloride: 100 Tablet In 1 Bottle (16714-081-10),0.09,0.09,,,0
RC,250,"Hydroxyzine Hydrochloride: 25 Vial, Single-Dose In 1 Tray (0517-5601-25)  / 1 Ml In 1 Vial, Single-Dose (0517-5601-01)",18.05,18.05,,,0
RC,250,Hydroxyzine Hydrochloride: 473 Ml In 1 Bottle (62135-502-47),1.91,1.91,,,0
RC,250,"Hydroxyzine Hydrochloride: 473 Ml In 1 Bottle, Plastic (54838-502-80)",0.44,0.44,,,0
RC,250,Hydroxyzine Pamoate: 100 Capsule In 1 Bottle (0185-0674-01),0.11,0.11,,,0
RC,250,Hydroxyzine Pamoate: 100 Capsule In 1 Bottle (0185-0676-01),0.07,0.07,,,0
RC,250,Hydroxyzine Pamoate: 500 Capsule In 1 Bottle (0185-0674-05),0.11,0.11,,,0
RC,250,Hyoscyamine Sulfate Sl: 100 Tablet In 1 Bottle (42192-339-01),0.35,0.35,,,0
RC,250,Hyoscyamine Sulfate: 100 TABLET in 1 BOTTLE (70156-105-01),0.42,0.42,,,0
RC,250,Hyperrab: 1 Vial In 1 Carton (13533-318-05)  / 5 Ml In 1 Vial (13533-318-50),421.99,421.99,,,0
RC,250,"Hypertet: 1 Syringe, Glass In 1 Box (13533-634-02)  / 1 Ml In 1 Syringe, Glass (13533-634-20)",1029.98,1029.98,,,0
RC,250,"INFANTS GAS RELIEF: 1 BOTTLE, DROPPER in 1 CARTON (0904-5894-30)  / 30 mL in 1 BOTTLE, DROPPER",0.12,0.12,,,0
RC,250,"Ibuprofen: 10 Blister Pack In 1 Carton (0904-7914-61)  / 10 Tablet, Film Coated In 1 Blister Pack",0.1,0.1,,,0
RC,250,Ibuprofen: 100 Tablet In 1 Bottle (0904-5853-60),0.11,0.11,,,0
RC,250,Ibuprofen: 100 Tablet In 1 Bottle (65162-464-10),0.1,0.1,,,0
RC,250,Ibuprofen: 100 Tablet In 1 Bottle (65162-465-10),0.14,0.14,,,0
RC,250,"Ibuprofen: 100 Tablet, Film Coated In 1 Bottle (67877-319-01)",0.13,0.13,,,0
RC,250,Ibuprofen: 500 Tablet In 1 Bottle (0904-5853-40),0.1,0.1,,,0
RC,250,"Imipramine Hydrochloride: 100 Tablet, Film Coated In 1 Bottle (69315-134-01)",0.22,0.22,,,0
RC,250,Indocin: 30 Suppository In 1 Box (69344-102-33),391.59,391.59,,,0
RC,250,"Indocyanine Green: 6 Package In 1 Carton (70100-424-02)  / 1 Kit In 1 Package *  1 Injection, Powder, Lyophilized, For Solution In 1 Vial *  10 Ml In 1 Vial, Plastic (0409-4887-17)",86.05,86.05,,,0
RC,250,Indomethacin: 100 Capsule In 1 Bottle (68462-406-01),0.39,0.39,,,0
RC,250,Indomethacin: 5 Blister Pack In 1 Carton (70710-1852-7)  / 6 Suppository In 1 Blister Pack (70710-1852-6),330.72,330.72,,,0
RC,250,"Infants Gas Relief Drops: 1 Bottle, Dropper In 1 Carton (69618-059-51)  / 30 Ml In 1 Bottle, Dropper",0.75,0.75,,,0
RC,250,"Infants: 1 Bottle, Dropper In 1 Carton (0536-1303-75)  / 30 Ml In 1 Bottle, Dropper",0.18,0.18,,,0
RC,250,"Infed: 10 Vial, Single-Dose In 1 Carton (0023-6082-10)  / 2 Ml In 1 Vial, Single-Dose (0023-6082-01)",31.57,31.57,,,0
RC,250,Infumorph 200: 20 Ml In 1 Ampule (0641-6039-01),14.98,14.98,,,0
RC,250,"Insulin Aspart: 1 Vial, Glass In 1 Carton (73070-100-11)  / 10 Ml In 1 Vial, Glass",0.09,0.09,,,0
RC,250,"Intelence: 120 Tablet In 1 Bottle, Plastic (59676-570-01)",22.56,22.56,,,0
RC,250,"Iodine And Potassium Iodide: 473 Ml In 1 Bottle, Plastic (0395-2775-16)",4.56,4.56,,,0
RC,250,"Ipratropium Bromide And Albuterol Sulfate: 30 Pouch In 1 Carton (0487-0201-01)  / 1 Vial, Single-Use In 1 Pouch / 3 Ml In 1 Vial, Single-Use",0.72,0.72,,,0
RC,250,Ipratropium Bromide And Albuterol Sulfate: 30 Pouch In 1 Carton (76204-600-01)  / 1 Ampule In 1 Pouch / 3 Ml In 1 Ampule,0.7,0.7,,,0
RC,250,"Ipratropium Bromide: 30 Pouch In 1 Carton (0487-9801-01)  / 1 Vial, Single-Dose In 1 Pouch / 2.5 Ml In 1 Vial, Single-Dose",0.37,0.37,,,0
RC,250,Ipratropium Bromide: 30 Pouch In 1 Carton (76204-100-01)  / 1 Ampule In 1 Pouch / 2.5 Ml In 1 Ampule,0.59,0.59,,,0
RC,250,Irbesartan: 30 Tablet In 1 Bottle (31722-729-30),0.33,0.33,,,0
RC,250,Irbesartan: 30 Tablet In 1 Bottle (31722-730-30),0.43,0.43,,,0
RC,250,Irbesartan: 30 Tablet In 1 Bottle (43547-374-03),0.28,0.28,,,0
RC,250,"Irbesartan: 90 Tablet, Film Coated In 1 Bottle (42658-122-04)",0.32,0.32,,,0
RC,250,"Isentress: 60 Tablet, Film Coated In 1 Bottle (0006-0227-61)",62.51,62.51,,,0
RC,250,Isolyte S Ph 7.4: 12 Container In 1 Case (0264-7707-00)  / 1000 Ml In 1 Container,8.23,8.23,,,0
RC,250,Isolyte S Ph 7.4: 24 Container In 1 Case (0264-7707-10)  / 500 Ml In 1 Container,8.21,8.21,,,0
RC,250,Isoniazid: 100 Tablet In 1 Bottle (64950-217-10),5.28,5.28,,,0
RC,250,"Isoniazid: 100 Tablet In 1 Bottle, Plastic (81665-108-10)",4.7,4.7,,,0
RC,250,"Isoniazid: 30 Tablet In 1 Bottle, Plastic (81665-108-30)",5.64,5.64,,,0
RC,250,"Isoniazid: 30 Tablet In 1 Bottle, Unit-Dose (0555-0071-01)",0.59,0.59,,,0
RC,250,"Isoproterenol Hydrochloride: 10 Vial, Single-Dose In 1 Carton (14789-011-01)  / 1 Ml In 1 Vial, Single-Dose",175.83,175.83,,,0
RC,250,Isosorbide Dinitrate: 100 Tablet In 1 Bottle (0781-1556-01),0.96,0.96,,,0
RC,250,Isosorbide Dinitrate: 100 Tablet In 1 Bottle (0781-1635-01),0.98,0.98,,,0
RC,250,Isosorbide Dinitrate: 100 Tablet In 1 Bottle (0781-1695-01),1.26,1.26,,,0
RC,250,Isosorbide Dinitrate: 1000 Tablet In 1 Bottle (0781-1556-10),0.76,0.76,,,0
RC,250,Isosorbide Dinitrate: 1000 Tablet In 1 Bottle (0781-1695-10),1.03,1.03,,,0
RC,250,"Isosorbide Mononitrate: 100 Tablet, Extended Release In 1 Bottle (13668-104-01)",0.21,0.21,,,0
RC,250,"Isosorbide Mononitrate: 100 Tablet, Extended Release In 1 Bottle (13668-105-01)",0.19,0.19,,,0
RC,250,Itraconazole: 150 Ml In 1 Bottle (10147-0150-1),69.74,69.74,,,0
RC,250,"Itraconazole: 150 Ml In 1 Bottle, Glass (65162-087-74)",35.52,35.52,,,0
RC,250,"Itraconazole: 30 Capsule, Coated Pellets In 1 Bottle (16714-743-02)",3.78,3.78,,,0
RC,250,"Ivabradine: 60 Tablet, Film Coated In 1 Bottle (31722-053-60)",8.55,8.55,,,0
RC,250,"Ivabradine: 60 Tablet, Film Coated In 1 Bottle (50742-362-60)",3.83,3.83,,,0
RC,250,"Ivabradine: 60 Tablet, Film Coated In 1 Bottle (50742-363-60)",3.16,3.16,,,0
RC,250,Ivermectin: 2 Blister Pack In 1 Carton (42799-806-01)  / 10 Tablet In 1 Blister Pack,6.81,6.81,,,0
RC,250,"Januvia: 100 Blister Pack In 1 Carton (0006-0221-28)  / 1 Tablet, Film Coated In 1 Blister Pack (0006-0221-01)",24.62,24.62,,,0
RC,250,"Januvia: 30 Tablet, Film Coated In 1 Bottle (0006-0277-31)",21.6,21.6,,,0
RC,250,"Jardiance: 30 Blister Pack In 1 Carton (0597-0152-37)  / 1 Tablet, Film Coated In 1 Blister Pack",24.9,24.9,,,0
RC,250,"Jardiance: 30 Blister Pack In 1 Carton (0597-0153-37)  / 1 Tablet, Film Coated In 1 Blister Pack",24.89,24.89,,,0
RC,250,Jencycla: 1 Blister Pack In 1 Carton (68180-877-73)  / 28 Tablet In 1 Blister Pack,0.98,0.98,,,0
RC,250,Ketamine Hydrochloride: 10 Vial In 1 Box (0143-9509-10)  / 5 Ml In 1 Vial (0143-9509-01),11.34,11.34,,,0
RC,250,Ketamine Hydrochloride: 10 Vial In 1 Carton (25021-684-05)  / 5 Ml In 1 Vial,12.48,12.48,,,0
RC,250,Ketamine Hydrochloride: 10 Vial In 1 Tray (65219-188-10)  / 10 Ml In 1 Vial (65219-188-01),1.9,1.9,,,0
RC,250,"Ketamine Hydrochloride: 10 Vial, Multi-Dose In 1 Box (0409-2051-05)  / 5 Ml In 1 Vial, Multi-Dose (0409-2051-15)",4.92,4.92,,,0
RC,250,Ketoconazole: 1 Tube In 1 Carton (0168-0099-15)  / 15 G In 1 Tube,21.67,21.67,,,0
RC,250,Ketoconazole: 120 Ml In 1 Bottle (45802-465-64),32.38,32.38,,,0
RC,250,"Ketoconazole: 120 Ml In 1 Bottle, Plastic (63646-010-04)",18.82,18.82,,,0
RC,250,Ketoconazole: 30 Tablet In 1 Bottle (35573-433-30),1.12,1.12,,,0
RC,250,Ketorolac Tromethamine: 1 Bottle In 1 Carton (61314-126-05)  / 5 Ml In 1 Bottle,21.07,21.07,,,0
RC,250,Ketorolac Tromethamine: 10 Vial In 1 Carton (0338-0069-10)  / 1 Ml In 1 Vial,1.38,1.38,,,0
RC,250,Ketorolac Tromethamine: 25 Vial In 1 Carton (0338-0072-25)  / 1 Ml In 1 Vial,0.85,0.85,,,0
RC,250,"Ketorolac Tromethamine: 25 Vial, Single-Use In 1 Tray (63323-161-01)  / 1 Ml In 1 Vial, Single-Use (63323-161-00)",0.82,0.82,,,0
RC,250,Ketorolac Tromethamine: 5 Ml In 1 Bottle (42571-137-25),54.22,54.22,,,0
RC,250,"Kineret: 7 Syringe, Glass In 1 Carton (66658-234-07)  / .67 Ml In 1 Syringe, Glass",399.44,399.44,,,0
RC,250,Kinevac: 10 Vial In 1 Package (0270-0556-15)  / 5 Ml In 1 Vial,58.02,58.02,,,0
RC,250,"Klor-Con M: 100 Blister Pack In 1 Carton (0245-5319-01)  / 1 Tablet, Extended Release In 1 Blister Pack (0245-5319-89)",0.79,0.79,,,0
RC,250,"Klor-Con M: 100 Tablet, Extended Release In 1 Bottle (0245-5319-11)",0.21,0.21,,,0
RC,250,"Klor-Con M: 500 Tablet, Extended Release In 1 Bottle (0245-5319-15)",0.27,0.27,,,0
RC,250,"Klor-Con: 100 Blister Pack In 1 Blister Pack (0245-5316-01)  / 1 Tablet, Film Coated, Extended Release In 1 Blister Pack (0245-5316-89)",0.48,0.48,,,0
RC,250,"Labetalol Hydrochloride: 1 Vial, Multi-Dose In 1 Carton (72266-102-01)  / 20 Ml In 1 Vial, Multi-Dose",0.51,0.51,,,0
RC,250,"Labetalol Hydrochloride: 100 Tablet, Film Coated In 1 Bottle, Plastic (0591-0605-01)",0.75,0.75,,,0
RC,250,"Labetalol Hydrochloride: 100 Tablet, Film Coated In 1 Bottle, Plastic (0591-0606-01)",1.06,1.06,,,0
RC,250,"Labetalol Hydrochloride: 100 Tablet, Film Coated In 1 Bottle, Plastic (0591-0607-01)",1.4,1.4,,,0
RC,250,"Lacosamide: 1 Tray In 1 Case (0121-1012-95)  / 10 Cup, Unit-Dose In 1 Tray / 5 Ml In 1 Cup, Unit-Dose (0121-1012-05)",45.58,45.58,,,0
RC,250,"Lacosamide: 10 Vial, Glass In 1 Carton (25021-791-20)  / 20 Ml In 1 Vial, Glass",0.1,0.1,,,0
RC,250,"Lacosamide: 60 Blister Pack In 1 Carton (0904-7244-68)  / 1 Tablet, Film Coated In 1 Blister Pack",1.78,1.78,,,0
RC,250,"Lacosamide: 60 Blister Pack In 1 Carton (0904-7245-68)  / 1 Tablet, Film Coated In 1 Blister Pack",2.95,2.95,,,0
RC,250,"Lacosamide: 60 Blister Pack In 1 Carton (0904-7246-68)  / 1 Tablet, Film Coated In 1 Blister Pack",3.56,3.56,,,0
RC,250,"Lacosamide: 60 Blister Pack In 1 Carton (0904-7247-68)  / 1 Tablet, Film Coated In 1 Blister Pack",3.49,3.49,,,0
RC,250,"Lacosamide: 60 Tablet, Film Coated In 1 Bottle (50228-192-60)",0.16,0.16,,,0
RC,250,"Lacosamide: 60 Tablet, Film Coated In 1 Bottle (50228-193-60)",0.29,0.29,,,0
RC,250,"Lacosamide: 60 Tablet, Film Coated In 1 Bottle (50228-194-60)",0.38,0.38,,,0
RC,250,"Lacosamide: 60 Tablet, Film Coated In 1 Bottle (51991-349-06)",0.49,0.49,,,0
RC,250,"Lacosamide: 60 Tablet, Film Coated In 1 Bottle, Plastic (69367-349-60)",0.37,0.37,,,0
RC,250,Lactated Ringers And Dextrose: 1000 Ml In 1 Bag (0338-0125-04),3.67,3.67,,,0
RC,250,Lactated Ringers and Dextrose: 12 POUCH in 1 CASE (0409-7929-09)  / 1 BAG in 1 POUCH / 1000 mL in 1 BAG,8.55,8.55,,,0
RC,250,Lactated Ringers: 1000 Ml In 1 Bag (0338-0117-04),3.27,3.27,,,0
RC,250,Lactated Ringers: 12 Container In 1 Case (0264-7750-00)  / 1000 Ml In 1 Container,3.42,3.42,,,0
RC,250,Lactated Ringers: 12 Container In 1 Case (0264-7750-07)  / 1000 Ml In 1 Container,3.53,3.53,,,0
RC,250,Lactated Ringers: 12 POUCH in 1 CASE (0409-7953-09)  / 1 BAG in 1 POUCH / 1000 mL in 1 BAG,9.8,9.8,,,0
RC,250,Lactated Ringers: 24 Container In 1 Case (0264-7750-10)  / 500 Ml In 1 Container,4.85,4.85,,,0
RC,250,Lactated Ringers: 24 POUCH in 1 CASE (0409-7953-03)  / 1 BAG in 1 POUCH / 500 mL in 1 BAG,10.79,10.79,,,0
RC,250,Lactated Ringers: 24 Pouch In 1 Case (0990-7953-02)  / 1 Bag In 1 Pouch / 250 Ml In 1 Bag,9.0,9.0,,,0
RC,250,Lactated Ringers: 500 Ml In 1 Bag (0338-0117-03),2.94,2.94,,,0
RC,250,"Lactulose: 10 Tray In 1 Case (0121-1154-00)  / 10 Cup, Unit-Dose In 1 Tray / 30 Ml In 1 Cup, Unit-Dose (0121-1154-30)",2.65,2.65,,,0
RC,250,"Lactulose: 30 Ml In 1 Cup, Unit-Dose (0116-4005-30)",1.79,1.79,,,0
RC,250,"Lactulose: 4 Tray In 1 Case (0121-1154-40)  / 10 Cup, Unit-Dose In 1 Tray / 30 Ml In 1 Cup, Unit-Dose (0121-1154-30)",3.06,3.06,,,0
RC,250,Lactulose: 473 Ml In 1 Bottle (0121-0873-16),12.35,12.35,,,0
RC,250,Lamivudine: 240 Ml In 1 Bottle (57237-274-24),6.41,6.41,,,0
RC,250,"Lamivudine: 240 Ml In 1 Bottle, Plastic (54838-566-70)",6.8,6.8,,,0
RC,250,"Lamivudine: 60 Tablet, Film Coated In 1 Bottle (60505-3250-6)",11.78,11.78,,,0
RC,250,"Lamivudine: 60 Tablet, Film Coated In 1 Bottle (60505-3251-6)",6.76,6.76,,,0
RC,250,Lamotrigine: 100 Blister Pack In 1 Carton (0904-7007-61)  / 1 Tablet In 1 Blister Pack,0.25,0.25,,,0
RC,250,Lamotrigine: 100 Blister Pack In 1 Carton (0904-7008-61)  / 1 Tablet In 1 Blister Pack,0.2,0.2,,,0
RC,250,Lamotrigine: 60 Tablet In 1 Bottle (16714-197-01),0.15,0.15,,,0
RC,250,Lamotrigine: 60 Tablet In 1 Bottle (51672-4132-4),0.16,0.16,,,0
RC,250,"Lamotrigine: 60 Tablet In 1 Bottle, Plastic (29300-113-16)",0.2,0.2,,,0
RC,250,"Lansoprazole: 1 Kit In 1 Container (65628-080-10)  *  300 Ml In 1 Bottle, Plastic *  .9 G In 1 Bottle, Plastic",10.55,10.55,,,0
RC,250,"Lansoprazole: 90 Capsule, Delayed Release In 1 Bottle (67877-275-90)",0.04,0.04,,,0
RC,250,"Lansoprazole: 90 Capsule, Delayed Release In 1 Bottle (70756-807-90)",0.14,0.14,,,0
RC,250,"Lantus: 1 Vial, Glass In 1 Carton (0088-2220-33)  / 10 Ml In 1 Vial, Glass",0.56,0.56,,,0
RC,250,Latanoprost: 1 Bottle In 1 Carton (24208-463-25)  / 2.5 Ml In 1 Bottle,17.67,17.67,,,0
RC,250,Latanoprost: 1 Bottle In 1 Carton (61314-547-01)  / 2.5 Ml In 1 Bottle,15.41,15.41,,,0
RC,250,"Latanoprost: 1 Bottle, Dropper In 1 Carton (59762-0333-2)  / 2.5 Ml In 1 Bottle, Dropper",3.77,3.77,,,0
RC,250,"Latuda: 30 Tablet, Film Coated In 1 Bottle (63402-302-30)",72.65,72.65,,,0
RC,250,"Leflunomide: 30 Tablet, Film Coated In 1 Bottle (70748-129-06)",0.7,0.7,,,0
RC,250,"Leflunomide: 30 Tablet, Film Coated In 1 Bottle (70748-130-06)",0.73,0.73,,,0
RC,250,"Leucovorin Calcium: 20 Blister Pack In 1 Box, Unit-Dose (60687-227-94)  / 1 Tablet In 1 Blister Pack (60687-227-11)",12.56,12.56,,,0
RC,250,Leucovorin Calcium: 30 Tablet In 1 Bottle (42806-358-30),1.25,1.25,,,0
RC,250,Levetiracetam: 10 Pouch In 1 Carton (55150-247-47)  / 1 Bag In 1 Pouch / 100 Ml In 1 Bag,0.16,0.16,,,0
RC,250,"Levetiracetam: 10 Vial, Single-Dose In 1 Carton (55150-177-05)  / 5 Ml In 1 Vial, Single-Dose",0.04,0.04,,,0
RC,250,"Levetiracetam: 100 Blister Pack In 1 Carton (0904-7123-61)  / 1 Tablet, Film Coated In 1 Blister Pack",0.27,0.27,,,0
RC,250,"Levetiracetam: 100 Blister Pack In 1 Carton (0904-7124-61)  / 1 Tablet, Film Coated In 1 Blister Pack",0.28,0.28,,,0
RC,250,"Levetiracetam: 120 Tablet, Film Coated In 1 Bottle (16714-354-01)",0.17,0.17,,,0
RC,250,"Levetiracetam: 120 Tablet, Film Coated In 1 Bottle (65862-246-08)",0.11,0.11,,,0
RC,250,"Levetiracetam: 473 Ml In 1 Bottle, Plastic (16714-358-01)",0.41,0.41,,,0
RC,250,Levocarnitine: 118 Ml In 1 Bottle (70954-140-10),1.92,1.92,,,0
RC,250,Levocarnitine: 9 BLISTER PACK in 1 CARTON (50383-172-90)  / 10 TABLET in 1 BLISTER PACK,1.6,1.6,,,0
RC,250,Levocarnitine: 9 Blister Pack In 1 Carton (16571-762-09)  / 10 Tablet In 1 Blister Pack,1.28,1.28,,,0
RC,250,"Levofloxacin: 1 Bottle, Plastic In 1 Carton (0527-1948-66)  / 100 Ml In 1 Bottle, Plastic",139.24,139.24,,,0
RC,250,"Levofloxacin: 100 Blister Pack In 1 Carton (0904-6351-61)  / 1 Tablet, Film Coated In 1 Blister Pack",0.32,0.32,,,0
RC,250,"Levofloxacin: 100 Blister Pack In 1 Carton (0904-6352-61)  / 1 Tablet, Film Coated In 1 Blister Pack",0.35,0.35,,,0
RC,250,"Levofloxacin: 100 Blister Pack In 1 Carton (0904-6353-61)  / 1 Tablet, Film Coated In 1 Blister Pack",0.8,0.8,,,0
RC,250,Levofloxacin: 24 Pouch In 1 Carton (25021-132-81)  / 1 Bag In 1 Pouch / 50 Ml In 1 Bag,12.65,12.65,,,0
RC,250,Levofloxacin: 24 Pouch In 1 Carton (25021-132-83)  / 1 Bag In 1 Pouch / 150 Ml In 1 Bag,6.07,6.07,,,0
RC,250,"Levothyroxine Sodium: 1 Vial, Single-Dose In 1 Carton (63323-885-10)  / 5 Ml In 1 Vial, Single-Dose",81.6,81.6,,,0
RC,250,"Levothyroxine Sodium: 100 Blister Pack In 1 Box, Unit-Dose (60687-464-01)  / 1 Tablet In 1 Blister Pack (60687-464-11)",0.69,0.69,,,0
RC,250,Levothyroxine Sodium: 100 Blister Pack In 1 Carton (0904-6949-61)  / 1 Tablet In 1 Blister Pack,0.63,0.63,,,0
RC,250,Levothyroxine Sodium: 100 Blister Pack In 1 Carton (0904-6950-61)  / 1 Tablet In 1 Blister Pack,0.61,0.61,,,0
RC,250,Levothyroxine Sodium: 100 Blister Pack In 1 Carton (0904-6951-61)  / 1 Tablet In 1 Blister Pack,0.7,0.7,,,0
RC,250,Levothyroxine Sodium: 100 Blister Pack In 1 Carton (0904-6952-61)  / 1 Tablet In 1 Blister Pack,0.68,0.68,,,0
RC,250,Levothyroxine Sodium: 100 Blister Pack In 1 Carton (0904-6954-61)  / 1 Tablet In 1 Blister Pack,0.79,0.79,,,0
RC,250,Levothyroxine Sodium: 100 Blister Pack In 1 Carton (0904-6955-61)  / 1 Tablet In 1 Blister Pack,0.8,0.8,,,0
RC,250,Levothyroxine Sodium: 90 Tablet In 1 Bottle (0527-3281-46),0.15,0.15,,,0
RC,250,Levothyroxine Sodium: 90 Tablet In 1 Bottle (47781-643-90),0.13,0.13,,,0
RC,250,Levothyroxine Sodium: 90 Tablet In 1 Bottle (47781-668-90),0.22,0.22,,,0
RC,250,"Levothyroxine Sodium: 90 Tablet In 1 Bottle, Plastic (0378-1800-77)",0.48,0.48,,,0
RC,250,"Levothyroxine Sodium: 90 Tablet In 1 Bottle, Plastic (0378-1805-77)",0.57,0.57,,,0
RC,250,"Levothyroxine Sodium: 90 Tablet In 1 Bottle, Plastic (0378-1809-77)",0.62,0.62,,,0
RC,250,"Levothyroxine Sodium: 90 Tablet In 1 Bottle, Plastic (0378-1811-77)",0.61,0.61,,,0
RC,250,"Levothyroxine Sodium: 90 Tablet In 1 Bottle, Plastic (0378-1813-77)",0.66,0.66,,,0
RC,250,Levothyroxine sodium: 90 TABLET in 1 BOTTLE (0781-5181-92),0.75,0.75,,,0
RC,250,Levothyroxine sodium: 90 TABLET in 1 BOTTLE (0781-5186-92),1.0,1.0,,,0
RC,250,Lidocaine 5%: 30 POUCH in 1 PACKAGE (42858-118-30)  / 1 PATCH in 1 POUCH,3.93,3.93,,,0
RC,250,Lidocaine 5%: 30 Pouch In 1 Package (82347-0505-5)  / 14 G In 1 Pouch (82347-0505-4),4.1,4.1,,,0
RC,250,Lidocaine And Prilocaine: 1 Tube In 1 Carton (0168-0357-30)  / 30 G In 1 Tube,25.41,25.41,,,0
RC,250,Lidocaine And Prilocaine: 1 Tube In 1 Carton (0168-0357-55)  / 5 G In 1 Tube (0168-0357-05),13.87,13.87,,,0
RC,250,Lidocaine And Prilocaine: 1 Tube In 1 Carton (62332-582-04)  / 5 G In 1 Tube,14.94,14.94,,,0
RC,250,Lidocaine And Prilocaine: 1 Tube In 1 Carton (62332-582-31)  / 30 G In 1 Tube,40.93,40.93,,,0
RC,250,Lidocaine Hydrochloride And Dextrose: 24 Bag In 1 Carton (0338-0411-02)  / 250 Ml In 1 Bag,13.58,13.58,,,0
RC,250,Lidocaine Hydrochloride And Epinephrine: 10 Ampule In 1 Tray (0409-1209-01)  / 5 Ml In 1 Ampule (0409-1209-10),4.45,4.45,,,0
RC,250,"Lidocaine Hydrochloride And Epinephrine: 10 Vial, Multi-Dose In 1 Carton (0409-0007-10)  / 20 Ml In 1 Vial, Multi-Dose (0409-0007-01)",2.16,2.16,,,0
RC,250,"Lidocaine Hydrochloride And Epinephrine: 25 Vial, Multi-Dose In 1 Tray (0409-3178-01)  / 20 Ml In 1 Vial, Multi-Dose (0409-3178-16)",2.62,2.62,,,0
RC,250,"Lidocaine Hydrochloride And Epinephrine: 25 Vial, Multi-Dose In 1 Tray (0409-3182-01)  / 20 Ml In 1 Vial, Multi-Dose (0409-3182-11)",4.49,4.49,,,0
RC,250,"Lidocaine Hydrochloride And Epinephrine: 5 Vial, Single-Dose In 1 Carton (0409-3181-01)  / 30 Ml In 1 Vial, Single-Dose (0409-3181-11)",3.27,3.27,,,0
RC,250,Lidocaine Hydrochloride: 1 Bottle In 1 Carton (0527-6004-80)  / 50 Ml In 1 Bottle,45.28,45.28,,,0
RC,250,"Lidocaine Hydrochloride: 1 Bottle, Glass In 1 Carton (0121-0972-51)  / 50 Ml In 1 Bottle, Glass",28.19,28.19,,,0
RC,250,"Lidocaine Hydrochloride: 1 Vial, Single-Dose In 1 Carton (55150-163-30)  / 30 Ml In 1 Vial, Single-Dose",0.01,0.01,,,0
RC,250,Lidocaine Hydrochloride: 10 Ampule In 1 Carton (55150-159-74)  / 5 Ml In 1 Ampule,1.94,1.94,,,0
RC,250,"Lidocaine Hydrochloride: 10 Carton In 1 Container (0409-1323-05)  / 1 Syringe, Plastic In 1 Carton / 5 Ml In 1 Syringe, Plastic (0409-1323-15)",8.74,8.74,,,0
RC,250,"Lidocaine Hydrochloride: 10 Vial, Single-Dose In 1 Carton (55150-162-05)  / 5 Ml In 1 Vial, Single-Dose",1.41,1.41,,,0
RC,250,"Lidocaine Hydrochloride: 10 Vial, Single-Dose In 1 Carton (55150-165-05)  / 5 Ml In 1 Vial, Single-Dose",1.34,1.34,,,0
RC,250,Lidocaine Hydrochloride: 100 Ml In 1 Bottle (62135-712-42),5.91,5.91,,,0
RC,250,Lidocaine Hydrochloride: 100 Ml In 1 Bottle (72888-125-26),0.51,0.51,,,0
RC,250,Lidocaine Hydrochloride: 12 Bottle In 1 Case (0121-0950-03)  / 100 Ml In 1 Bottle,0.63,0.63,,,0
RC,250,Lidocaine Hydrochloride: 25 Ampule In 1 Carton (0409-4282-02)  / 10 Ml In 1 Ampule (0409-4282-12),3.58,3.58,,,0
RC,250,Lidocaine Hydrochloride: 25 Ampule In 1 Carton (65282-1605-1)  / 5 Ml In 1 Ampule,1.55,1.55,,,0
RC,250,"Lidocaine Hydrochloride: 25 Vial, Multi-Dose In 1 Carton (55150-251-10)  / 10 Ml In 1 Vial, Multi-Dose",0.02,0.02,,,0
RC,250,"Lidocaine Hydrochloride: 25 Vial, Multi-Dose In 1 Tray (0409-4276-01)  / 20 Ml In 1 Vial, Multi-Dose (0409-4276-16)",0.01,0.01,,,0
RC,250,"Lidocaine Hydrochloride: 25 Vial, Multi-Dose In 1 Tray (0409-4277-01)  / 20 Ml In 1 Vial, Multi-Dose (0409-4277-16)",0.01,0.01,,,0
RC,250,"Lidocaine Hydrochloride: 25 Vial, Multi-Dose In 1 Tray (0409-4277-02)  / 50 Ml In 1 Vial, Multi-Dose (0409-4277-17)",0.01,0.01,,,0
RC,250,"Lidocaine Hydrochloride: 25 Vial, Single-Dose In 1 Carton (0143-9595-25)  / 5 Ml In 1 Vial, Single-Dose (0143-9595-01)",1.66,1.66,,,0
RC,250,Lidocaine Hydrochloride: 50 Ml In 1 Bottle (0054-3505-47),72.33,72.33,,,0
RC,250,Lidocaine: 1 Tube In 1 Carton (10135-672-99)  / 30 G In 1 Tube,36.11,36.11,,,0
RC,250,Lidocaine: 1 Tube In 1 Carton (39328-024-30)  / 30 G In 1 Tube,38.41,38.41,,,0
RC,250,Lidocaine: 1 Tube In 1 Carton (42291-399-30)  / 30 G In 1 Tube,21.17,21.17,,,0
RC,250,Lidocaine: 1 Tube In 1 Carton (51672-3020-2)  / 30 G In 1 Tube,43.22,43.22,,,0
RC,250,Lidocaine: 25 Vial In 1 Tray (63323-201-10)  / 10 Ml In 1 Vial (63323-201-03),0.03,0.03,,,0
RC,250,"Lidocaine: 25 Vial, Single-Dose In 1 Tray (63323-208-05)  / 5 Ml In 1 Vial, Single-Dose (63323-208-01)",2.01,2.01,,,0
RC,250,"Linezolid: 1 Blister Pack In 1 Carton (67877-419-33)  / 10 Tablet, Film Coated In 1 Blister Pack",5.03,5.03,,,0
RC,250,Linezolid: 10 Pouch In 1 Carton (55150-242-51)  / 1 Bag In 1 Pouch / 300 Ml In 1 Bag,3.92,3.92,,,0
RC,250,"Linezolid: 20 Tablet, Film Coated In 1 Bottle (31722-749-20)",4.54,4.54,,,0
RC,250,"Linezolid: 30 Blister Pack In 1 Carton (0904-6553-04)  / 1 Tablet, Film Coated In 1 Blister Pack",6.86,6.86,,,0
RC,250,"Linzess: 1 Bottle In 1 Carton (0456-1201-30)  / 30 Capsule, Gelatin Coated In 1 Bottle",32.93,32.93,,,0
RC,250,"Linzess: 1 Bottle In 1 Carton (0456-1202-30)  / 30 Capsule, Gelatin Coated In 1 Bottle",34.21,34.21,,,0
RC,250,"Linzess: 1 Bottle In 1 Carton (0456-1203-30)  / 30 Capsule, Gelatin Coated In 1 Bottle",32.58,32.58,,,0
RC,250,Liothyronine Sodium: 100 Tablet In 1 Bottle (0093-2179-01),0.8,0.8,,,0
RC,250,Liothyronine Sodium: 100 Tablet In 1 Bottle (62756-589-88),0.99,0.99,,,0
RC,250,Liothyronine Sodium: 90 Tablet In 1 Bottle (42794-019-12),1.59,1.59,,,0
RC,250,Lisdexamfetamine Dimesylate: 100 Capsule In 1 Bottle (0054-0660-25),4.94,4.94,,,0
RC,250,Lisdexamfetamine Dimesylate: 100 Capsule In 1 Bottle (0480-3565-01),5.79,5.79,,,0
RC,250,Lisinopril: 100 Blister Pack In 1 Carton (0904-6797-61)  / 1 Tablet In 1 Blister Pack,0.09,0.09,,,0
RC,250,Lisinopril: 100 Blister Pack In 1 Carton (0904-6798-61)  / 1 Tablet In 1 Blister Pack,0.08,0.08,,,0
RC,250,Lisinopril: 100 Blister Pack In 1 Carton (0904-6799-61)  / 1 Tablet In 1 Blister Pack,0.1,0.1,,,0
RC,250,Lisinopril: 100 Tablet In 1 Bottle (43547-352-10),0.04,0.04,,,0
RC,250,Lisinopril: 100 Tablet In 1 Bottle (43547-354-10),0.12,0.12,,,0
RC,250,Lisinopril: 100 Tablet In 1 Bottle (68180-981-01),0.07,0.07,,,0
RC,250,"Lithium Carbonate: 10 Capsule, Gelatin Coated In 1 Blister Pack (0054-8526-25)",0.22,0.22,,,0
RC,250,"Lithium Carbonate: 100 Capsule, Gelatin Coated In 1 Bottle (0054-2526-25)",0.25,0.25,,,0
RC,250,"Lithium Carbonate: 100 Capsule, Gelatin Coated In 1 Bottle (0054-2527-25)",0.4,0.4,,,0
RC,250,"Lithium Carbonate: 100 Tablet, Extended Release In 1 Bottle, Plastic (0054-0020-25)",0.78,0.78,,,0
RC,250,"Lithium Carbonate: 100 Tablet, Extended Release In 1 Bottle, Plastic (0054-0021-25)",0.61,0.61,,,0
RC,250,Loperamide Hydrochloride: 100 Capsule In 1 Bottle (0093-0311-01),0.43,0.43,,,0
RC,250,Loratadine: 1 Blister Pack In 1 Carton (58602-702-83)  / 10 Tablet In 1 Blister Pack,0.29,0.29,,,0
RC,250,Loratadine: 100 Blister Pack In 1 Carton (0904-6852-61)  / 1 Tablet In 1 Blister Pack,0.33,0.33,,,0
RC,250,Loratadine: 100 Blister Pack In 1 Carton (0904-7511-61)  / 1 Tablet In 1 Blister Pack,0.44,0.44,,,0
RC,250,Loratadine: 100 Tablet In 1 Bottle (70010-162-01),0.05,0.05,,,0
RC,250,"Lorazepam: 1 Bottle, Dropper In 1 Carton (0121-0770-01)  / 30 Ml In 1 Bottle, Dropper",0.37,0.37,,,0
RC,250,Lorazepam: 100 Blister Pack In 1 Carton (0904-6007-61)  / 1 Tablet In 1 Blister Pack,0.12,0.12,,,0
RC,250,Lorazepam: 100 Blister Pack In 1 Carton (0904-6008-61)  / 1 Tablet In 1 Blister Pack,0.17,0.17,,,0
RC,250,Lorazepam: 100 TABLET in 1 BOTTLE (0228-2057-10),0.03,0.03,,,0
RC,250,Lorazepam: 100 Tablet In 1 Bottle (0904-6007-60),0.03,0.03,,,0
RC,250,Lorazepam: 100 Tablet In 1 Bottle (63304-772-01),0.14,0.14,,,0
RC,250,Lorazepam: 100 Tablet In 1 Bottle (69315-904-01),0.14,0.14,,,0
RC,250,Lorazepam: 100 Tablet In 1 Bottle (69315-905-01),0.15,0.15,,,0
RC,250,"Lorazepam: 100 Tablet In 1 Bottle, Plastic (0093-3425-01)",0.07,0.07,,,0
RC,250,"Lorazepam: 100 Tablet In 1 Bottle, Plastic (0093-3426-01)",0.06,0.06,,,0
RC,250,Lorazepam: 1000 Tablet In 1 Bottle (69315-905-10),0.06,0.06,,,0
RC,250,"Lorazepam: 1000 Tablet In 1 Bottle, Plastic (0093-3426-10)",0.05,0.05,,,0
RC,250,"Losartan Potassium: 10 Blister Pack In 1 Box, Unit-Dose (63739-686-10)  / 10 Tablet, Film Coated In 1 Blister Pack",0.95,0.95,,,0
RC,250,"Losartan Potassium: 100 Blister Pack In 1 Carton (0904-7048-61)  / 1 Tablet, Film Coated In 1 Blister Pack",0.57,0.57,,,0
RC,250,Losartan Potassium: 90 TABLET in 1 BOTTLE (13668-113-90),0.03,0.03,,,0
RC,250,"Losartan Potassium: 90 Tablet, Film Coated In 1 Bottle (31722-700-90)",0.09,0.09,,,0
RC,250,"Losartan Potassium: 90 Tablet, Film Coated In 1 Bottle (65862-201-90)",0.04,0.04,,,0
RC,250,"Losartan Potassium: 90 Tablet, Film Coated In 1 Bottle (65862-202-90)",0.18,0.18,,,0
RC,250,"Low Dose Aspirin: 30 Blister Pack In 1 Box (63739-212-02)  / 10 Tablet, Coated In 1 Blister Pack",0.07,0.07,,,0
RC,250,"Loxapine: 100 Capsule In 1 Bottle, Plastic (0527-1395-01)",0.72,0.72,,,0
RC,250,"Loxapine: 100 Capsule In 1 Bottle, Plastic (0591-0371-01)",1.04,1.04,,,0
RC,250,"Lubiprostone: 60 Capsule, Gelatin Coated In 1 Bottle (0254-3028-02)",1.44,1.44,,,0
RC,250,"Lubiprostone: 60 Capsule, Gelatin Coated In 1 Bottle (0254-3029-02)",1.36,1.36,,,0
RC,250,Lupron Depot: 1 Kit In 1 Carton (0074-3663-03)  *  1.5 Ml In 1 Syringe *  1 Ml In 1 Packet,3255.2,3255.2,,,0
RC,250,"Lurasidone Hydrochloride: 100 Blister Pack In 1 Carton (0904-7356-61)  / 1 Tablet, Film Coated In 1 Blister Pack",1.68,1.68,,,0
RC,250,"Lurasidone Hydrochloride: 30 Blister Pack In 1 Carton (0904-7355-04)  / 1 Tablet, Film Coated In 1 Blister Pack",1.26,1.26,,,0
RC,250,"Lurasidone Hydrochloride: 30 Tablet, Coated In 1 Bottle (65162-082-03)",1.21,1.21,,,0
RC,250,"Lurasidone Hydrochloride: 30 Tablet, Coated In 1 Bottle (65162-879-03)",1.14,1.14,,,0
RC,250,"Lurasidone Hydrochloride: 30 Tablet, Coated In 1 Bottle (65162-880-03)",1.21,1.21,,,0
RC,250,"Lurasidone Hydrochloride: 30 Tablet, Film Coated In 1 Bottle (62332-494-30)",1.21,1.21,,,0
RC,250,"Lurasidone Hydrochloride: 30 Tablet, Film Coated In 1 Bottle (62332-495-30)",0.97,0.97,,,0
RC,250,"Lurasidone Hydrochloride: 30 Tablet, Film Coated In 1 Bottle (62332-496-30)",0.97,0.97,,,0
RC,250,"Lurasidone Hydrochloride: 30 Tablet, Film Coated In 1 Bottle (67877-638-30)",0.69,0.69,,,0
RC,250,"Lurasidone Hydrochloride: 30 Tablet, Film Coated In 1 Bottle (67877-639-30)",0.97,0.97,,,0
RC,250,M-Dryl: 473 Ml In 1 Bottle (58657-528-16),0.1,0.1,,,0
RC,250,"MONSELS SOLUTION: 8 g in 1 BOTTLE, GLASS (10481-0112-8)",35.08,35.08,,,0
RC,250,"Mag-Al Plus Xs: 10 Tray In 1 Case (0121-1762-30)  / 10 Cup, Unit-Dose In 1 Tray / 30 Ml In 1 Cup, Unit-Dose",2.6,2.6,,,0
RC,250,"Mag-Al Plus: 10 Tray In 1 Case (0121-1761-30)  / 10 Cup, Unit-Dose In 1 Tray / 30 Ml In 1 Cup, Unit-Dose",1.59,1.59,,,0
RC,250,"Magnesium Citrate: 296 Ml In 1 Bottle, Plastic (0904-7418-44)",4.07,4.07,,,0
RC,250,"Magnesium Citrate: 296 Ml In 1 Bottle, Plastic (70677-1111-1)",3.49,3.49,,,0
RC,250,"Magnesium Citrate: 296 Ml In 1 Bottle, Plastic (70677-1112-1)",3.45,3.45,,,0
RC,250,Magnesium Sulfate In Dextrose: 24 Bag In 1 Carton (44567-410-24)  / 100 Ml In 1 Bag,2.48,2.48,,,0
RC,250,Magnesium Sulfate In Dextrose: 24 Container In 1 Case (0264-4400-54)  / 100 Ml In 1 Container,1.96,1.96,,,0
RC,250,Magnesium Sulfate In Dextrose: 40 Bag In 1 Case (0338-1709-40)  / 100 Ml In 1 Bag,1.38,1.38,,,0
RC,250,Magnesium Sulfate In Water: 24 Pouch In 1 Carton (44567-420-24)  / 1 Bag In 1 Pouch / 50 Ml In 1 Bag,1.92,1.92,,,0
RC,250,Magnesium Sulfate In Water: 24 Pouch In 1 Carton (44567-421-24)  / 1 Bag In 1 Pouch / 100 Ml In 1 Bag,0.83,0.83,,,0
RC,250,Magnesium Sulfate In Water: 24 Pouch In 1 Case (0409-6729-23)  / 1 Bag In 1 Pouch / 100 Ml In 1 Bag (0409-6729-41),1.03,1.03,,,0
RC,250,Magnesium Sulfate: 24 Bag In 1 Case (63323-106-05)  / 50 Ml In 1 Bag (63323-106-02),3.32,3.32,,,0
RC,250,Magnesium Sulfate: 24 Bag In 1 Case (63323-106-15)  / 500 Ml In 1 Bag,0.17,0.17,,,0
RC,250,Major Lubrifresh Pm: 1 Tube In 1 Carton (0904-6488-38)  / 3.5 G In 1 Tube,8.24,8.24,,,0
RC,250,"Major Nasal Decongestant: 1 Bottle, Pump In 1 Carton (0904-7427-30)  / 30 Ml In 1 Bottle, Pump",0.02,0.02,,,0
RC,250,"Major Regular Strength Assorted Flavors: 150 Tablet, Chewable In 1 Bottle, Plastic (0904-6412-92)",0.03,0.03,,,0
RC,250,"Maraviroc: 60 Tablet, Film Coated In 1 Bottle (31722-580-60)",16.31,16.31,,,0
RC,250,"Maraviroc: 60 Tablet, Film Coated In 1 Bottle (72319-024-02)",20.36,20.36,,,0
RC,250,"Maraviroc: 60 Tablet, Film Coated In 1 Bottle (72319-025-02)",20.26,20.26,,,0
RC,250,"Marcaine With Epinephrine: 10 Vial, Single-Dose In 1 Carton (0409-1746-30)  / 30 Ml In 1 Vial, Single-Dose (0409-1746-71)",19.19,19.19,,,0
RC,250,"Marcaine: 1 Vial, Multi-Dose In 1 Carton (0409-1610-50)  / 50 Ml In 1 Vial, Multi-Dose",0.02,0.02,,,0
RC,250,"Maxi Nicotine: 3 Bottle, Plastic In 1 Box (0536-1338-09)  / 24 Lozenge In 1 Bottle, Plastic",0.49,0.49,,,0
RC,250,Meclizine Hydrochloride: 100 BLISTER PACK in 1 CARTON (0904-6516-61)  / 1 TABLET in 1 BLISTER PACK,0.79,0.79,,,0
RC,250,Meclizine Hydrochloride: 100 Blister Pack In 1 Carton (0904-7375-61)  / 1 Tablet In 1 Blister Pack,0.5,0.5,,,0
RC,250,"Medroxyprogesterone Acetate: 1 Vial, Single-Dose In 1 Carton (0548-5400-00)  / 1 Ml In 1 Vial, Single-Dose",0.47,0.47,,,0
RC,250,Medroxyprogesterone Acetate: 100 Tablet In 1 Bottle (0555-0779-02),0.24,0.24,,,0
RC,250,Medroxyprogesterone Acetate: 100 Tablet In 1 Bottle (0555-0872-02),0.14,0.14,,,0
RC,250,Medroxyprogesterone Acetate: 25 Vial In 1 Carton (67457-887-01)  / 1 Ml In 1 Vial (67457-887-00),0.11,0.11,,,0
RC,250,Megestrol Acetate: 100 Tablet In 1 Bottle (0555-0606-02),0.08,0.08,,,0
RC,250,Megestrol Acetate: 100 Tablet In 1 Bottle (49884-289-01),0.15,0.15,,,0
RC,250,"Mekinist: 30 Tablet, Film Coated In 1 Bottle (0078-1105-15)",327.9,327.9,,,0
RC,250,Meloxicam: 100 Tablet In 1 Bottle (68382-051-01),0.05,0.05,,,0
RC,250,"Memantine Hydrochloride: 100 Blister Pack In 1 Carton (0904-6505-61)  / 1 Tablet, Film Coated In 1 Blister Pack",0.59,0.59,,,0
RC,250,"Memantine Hydrochloride: 100 Blister Pack In 1 Carton (0904-6506-61)  / 1 Tablet, Film Coated In 1 Blister Pack",0.59,0.59,,,0
RC,250,Menthol And Zinc Oxide: 113 G In 1 Tube (10135-701-04),4.66,4.66,,,0
RC,250,"Menveo: 1 Kit In 1 Carton (58160-955-09)  *  .5 Ml In 1 Vial, Single-Dose (58160-958-01)  *  .5 Ml In 1 Vial, Single-Dose (58160-959-01)",220.36,220.36,,,0
RC,250,Meperidine Hydrochloride: 25 Vial In 1 Carton (0641-6053-25)  / 1 Ml In 1 Vial (0641-6053-01),3.8,3.8,,,0
RC,250,Mephyton: 1 BOTTLE in 1 CARTON (25010-405-15)  / 100 TABLET in 1 BOTTLE,21.51,21.51,,,0
RC,250,"Meropenem: 10 Vial In 1 Carton (44567-401-10)  / 1 Injection, Powder, For Solution In 1 Vial (44567-401-01)",0.85,0.85,,,0
RC,250,"Meropenem: 10 Vial In 1 Carton (55150-207-20)  / 1 Injection, Powder, For Solution In 1 Vial",0.57,0.57,,,0
RC,250,"Meropenem: 10 Vial In 1 Carton (55150-208-30)  / 1 Injection, Powder, For Solution In 1 Vial",0.6,0.6,,,0
RC,250,Meropenem: 10 Vial In 1 Carton (63323-508-30)  / 20 Ml In 1 Vial (63323-508-01),0.9,0.9,,,0
RC,250,"Mesalamine: 120 Capsule, Extended Release In 1 Bottle (62332-724-35)",1.51,1.51,,,0
RC,250,"Mesalamine: 120 Capsule, Extended Release In 1 Bottle (67877-717-12)",1.18,1.18,,,0
RC,250,"Mesalamine: 120 Capsule, Extended Release In 1 Bottle (68382-452-19)",2.26,2.26,,,0
RC,250,"Mesalamine: 180 Capsule, Delayed Release In 1 Bottle (59762-0117-1)",3.14,3.14,,,0
RC,250,Mesalamine: 60 Ml In 1 Bottle (45802-098-46),23.64,23.64,,,0
RC,250,Mestinon: 473 Ml In 1 Bottle (0187-3012-20),31.36,31.36,,,0
RC,250,Metamucil Therapy For Regularity: 30 Packet In 1 Carton (37000-024-04)  / 5.8 G In 1 Packet,0.9,0.9,,,0
RC,250,Metamucil Therapy For Regularity: 5.8 G In 1 Packet (37000-024-10),0.67,0.67,,,0
RC,250,Metformin Hydrochloride: 100 Blister Pack In 1 Carton (0904-7162-61)  / 1 Tablet In 1 Blister Pack,0.1,0.1,,,0
RC,250,Metformin Hydrochloride: 100 Tablet In 1 Bottle (57664-397-51),0.09,0.09,,,0
RC,250,"Metformin Hydrochloride: 100 Tablet, Extended Release In 1 Bottle (29033-056-01)",2.34,2.34,,,0
RC,250,"Metformin Hydrochloride: 100 Tablet, Extended Release In 1 Bottle (67877-414-01)",0.13,0.13,,,0
RC,250,"Metformin: 100 Tablet, Extended Release In 1 Bottle (70010-491-01)",0.09,0.09,,,0
RC,250,Methadone Hydrochloride: 1 Blister Pack In 1 Carton (0054-0709-20)  / 100 Tablet In 1 Blister Pack,0.31,0.31,,,0
RC,250,Methadone Hydrochloride: 1 Tablet In 1 Blister Pack (0406-5771-23),0.51,0.51,,,0
RC,250,"Methadone Hydrochloride: 1 Vial, Multi-Dose In 1 Carton (67457-217-20)  / 20 Ml In 1 Vial, Multi-Dose",33.06,33.06,,,0
RC,250,Methadone Hydrochloride: 1000 Ml In 1 Bottle (0054-0391-68),0.85,0.85,,,0
RC,250,Methadone Hydrochloride: 500 Ml In 1 Bottle (0054-3555-63),0.04,0.04,,,0
RC,250,"Methadose: 1000 Ml In 1 Bottle, Plastic (0406-0527-10)",0.99,0.99,,,0
RC,250,Methenamine Hippurate: 100 Tablet In 1 Bottle (42571-332-01),3.15,3.15,,,0
RC,250,Methimazole: 100 TABLET in 1 BOTTLE (0185-0210-01),0.12,0.12,,,0
RC,250,Methimazole: 100 TABLET in 1 BOTTLE (49884-640-01),0.12,0.12,,,0
RC,250,Methimazole: 100 Tablet In 1 Bottle (23155-070-01),0.22,0.22,,,0
RC,250,"Methocarbamol: 10 Blister Pack In 1 Box, Unit-Dose (63739-991-10)  / 10 Tablet, Coated In 1 Blister Pack",0.22,0.22,,,0
RC,250,"Methocarbamol: 100 Blister Pack In 1 Box, Unit-Dose (60687-559-01)  / 1 Tablet In 1 Blister Pack (60687-559-11)",0.19,0.19,,,0
RC,250,"Methocarbamol: 100 Tablet, Coated In 1 Bottle (70010-754-01)",0.07,0.07,,,0
RC,250,"Methocarbamol: 100 Tablet, Coated In 1 Bottle (70010-770-01)",0.1,0.1,,,0
RC,250,"Methocarbamol: 25 Vial, Single-Dose In 1 Carton (55150-223-10)  / 10 Ml In 1 Vial, Single-Dose",4.81,4.81,,,0
RC,250,Methotrexate: 100 Tablet In 1 Bottle (16729-486-01),0.29,0.29,,,0
RC,250,Methylergonovine Maleate: 28 Tablet In 1 Bottle (69238-1605-8),23.86,23.86,,,0
RC,250,Methylphenidate Hydrochloride: 100 Tablet In 1 Bottle (0406-1142-01),0.2,0.2,,,0
RC,250,Methylphenidate Hydrochloride: 100 Tablet In 1 Bottle (10702-100-01),0.29,0.29,,,0
RC,250,Methylphenidate Hydrochloride: 100 Tablet In 1 Bottle (31722-173-01),0.36,0.36,,,0
RC,250,"Methylphenidate Hydrochloride: 100 Tablet, Extended Release In 1 Bottle (13811-706-10)",1.03,1.03,,,0
RC,250,"Methylphenidate Hydrochloride: 100 Tablet, Extended Release In 1 Bottle (13811-707-10)",1.36,1.36,,,0
RC,250,"Methylphenidate Hydrochloride: 100 Tablet, Extended Release In 1 Bottle (31722-952-01)",1.27,1.27,,,0
RC,250,"Methylphenidate Hydrochloride: 100 Tablet, Extended Release In 1 Bottle (62175-310-37)",5.96,5.96,,,0
RC,250,"Methylphenidate Hydrochloride: 500 Ml In 1 Bottle, Plastic (70752-131-14)",4.11,4.11,,,0
RC,250,Methylprednisolone: 25 Tablet In 1 Bottle (59762-0049-1),1.45,1.45,,,0
RC,250,"Metoclopramide: 10 Tray In 1 Case (0121-1576-10)  / 10 Cup, Unit-Dose In 1 Tray / 10 Ml In 1 Cup, Unit-Dose",5.85,5.85,,,0
RC,250,"Metoclopramide: 100 Blister Pack In 1 Box, Unit-Dose (60687-631-01)  / 1 Tablet In 1 Blister Pack (60687-631-11)",1.09,1.09,,,0
RC,250,Metoclopramide: 100 Tablet In 1 Bottle (0093-2203-01),0.07,0.07,,,0
RC,250,Metoclopramide: 100 Tablet In 1 Bottle (0093-2204-01),0.07,0.07,,,0
RC,250,Metoclopramide: 100 Tablet In 1 Bottle (50228-232-01),0.06,0.06,,,0
RC,250,"Metoclopramide: 25 Vial, Single-Dose In 1 Tray (0409-3414-01)  / 2 Ml In 1 Vial, Single-Dose (0409-3414-18)",1.43,1.43,,,0
RC,250,"Metoclopramide: 25 Vial, Single-Dose In 1 Tray (0409-3414-11)  / 2 Ml In 1 Vial, Single-Dose (0409-3414-21)",2.15,2.15,,,0
RC,250,Metolazone: 100 Tablet In 1 Bottle (69292-564-01),1.22,1.22,,,0
RC,250,"Metoprolol Succinate: 100 Blister Pack In 1 Carton (0904-6322-61)  / 1 Tablet, Film Coated, Extended Release In 1 Blister Pack",1.08,1.08,,,0
RC,250,"Metoprolol Succinate: 100 Tablet, Extended Release In 1 Bottle (50742-615-01)",0.22,0.22,,,0
RC,250,"Metoprolol Succinate: 100 Tablet, Film Coated, Extended Release In 1 Bottle (55111-466-01)",0.31,0.31,,,0
RC,250,"Metoprolol Succinate: 100 Tablet, Film Coated, Extended Release In 1 Bottle (55111-467-01)",0.44,0.44,,,0
RC,250,"Metoprolol Succinate: 100 Tablet, Film Coated, Extended Release In 1 Bottle (55111-468-01)",0.67,0.67,,,0
RC,250,"Metoprolol Succinate: 50 Blister Pack In 1 Carton (0904-6322-06)  / 1 Tablet, Film Coated, Extended Release In 1 Blister Pack",0.76,0.76,,,0
RC,250,Metoprolol Tartrate: 10 Vial In 1 Carton (0143-9660-10)  / 5 Ml In 1 Vial (0143-9660-01),0.61,0.61,,,0
RC,250,"Metoprolol Tartrate: 100 Tablet, Film Coated In 1 Bottle, Plastic (0378-0018-01)",0.04,0.04,,,0
RC,250,"Metoprolol Tartrate: 100 Tablet, Film Coated In 1 Bottle, Plastic (0378-0047-01)",0.14,0.14,,,0
RC,250,"Metoprolol Tartrate: 500 Tablet, Film Coated In 1 Bottle, Plastic (0378-0018-05)",0.06,0.06,,,0
RC,250,Metronidazole Vaginal: 1 Tube In 1 Carton (45802-139-70)  / 70 G In 1 Tube,13.11,13.11,,,0
RC,250,Metronidazole: 1 Bag In 1 Pouch (47335-993-01)  / 100 Ml In 1 Bag,0.09,0.09,,,0
RC,250,Metronidazole: 1 Tube In 1 Carton (0713-0637-37)  / 45 G In 1 Tube,94.7,94.7,,,0
RC,250,Metronidazole: 1 Tube In 1 Carton (51672-4116-6)  / 45 G In 1 Tube,72.15,72.15,,,0
RC,250,"Metronidazole: 1 Tube, With Applicator In 1 Carton (68462-184-49)  / 70 G In 1 Tube, With Applicator",2.5,2.5,,,0
RC,250,"Metronidazole: 1 Tube, With Applicator In 1 Carton (68682-455-70)  / 70 G In 1 Tube, With Applicator",240.93,240.93,,,0
RC,250,Metronidazole: 100 Blister Pack In 1 Carton (0904-7126-61)  / 1 Tablet In 1 Blister Pack,0.89,0.89,,,0
RC,250,Metronidazole: 100 Blister Pack In 1 Carton (0904-7156-61)  / 1 Tablet In 1 Blister Pack,0.59,0.59,,,0
RC,250,Metronidazole: 100 Tablet In 1 Bottle (16571-664-01),0.26,0.26,,,0
RC,250,Metronidazole: 100 Tablet In 1 Bottle (50111-334-01),0.93,0.93,,,0
RC,250,"Metronidazole: 100 Tablet, Film Coated In 1 Bottle, Plastic (29300-227-01)",0.93,0.93,,,0
RC,250,Metronidazole: 24 Bag In 1 Carton (0338-1055-48)  / 100 Ml In 1 Bag,0.07,0.07,,,0
RC,250,Metronidazole: 24 POUCH in 1 CASE (0409-7811-24)  / 1 BAG in 1 POUCH / 100 mL in 1 BAG (0409-7811-31),0.08,0.08,,,0
RC,250,Metronidazole: 24 Pouch In 1 Carton (25021-131-82)  / 1 Bag In 1 Pouch / 100 Ml In 1 Bag,0.09,0.09,,,0
RC,250,Metronidazole: 6 Carton In 1 Case (0264-5535-32)  / 4 Container In 1 Carton / 100 Ml In 1 Container,0.1,0.1,,,0
RC,250,Mexiletine Hydrochloride: 100 Capsule In 1 Bottle (0093-8739-01),1.5,1.5,,,0
RC,250,Mexiletine Hydrochloride: 100 Capsule In 1 Bottle (50742-239-01),0.49,0.49,,,0
RC,250,Mexiletine Hydrochloride: 100 Capsule In 1 Bottle (63629-9179-1),1.7,1.7,,,0
RC,250,"Miacalcin: 1 Vial, Multi-Dose In 1 Carton (67457-675-02)  / 2 Ml In 1 Vial, Multi-Dose",1023.74,1023.74,,,0
RC,250,Micafungin: 1 Vial In 1 Carton (25021-191-10)  / 5 Ml In 1 Vial,0.42,0.42,,,0
RC,250,Micafungin: 1 Vial In 1 Carton (70710-1725-1)  / 5 Ml In 1 Vial,0.5,0.5,,,0
RC,250,Miconazole 7: 7 Suppository In 1 Box (61269-736-07),2.29,2.29,,,0
RC,250,Miconazole Nitrate 2% Cream Antifungal: 1 Tube In 1 Box (0536-1375-75)  / 28.3 G In 1 Tube,4.59,4.59,,,0
RC,250,Miconazole Nitrate: 1 Tube In 1 Carton (61269-735-56)  / 28 G In 1 Tube,3.46,3.46,,,0
RC,250,Miconazole Nitrate: 1 Tube In 1 Carton (70677-1000-1)  / 30 G In 1 Tube,3.88,3.88,,,0
RC,250,"Miconazole Nitrate: 1 Tube, With Applicator In 1 Carton (51672-2035-6)  / 45 G In 1 Tube, With Applicator",5.73,5.73,,,0
RC,250,"Midazolam Hydrochloride: 118 mL in 1 BOTTLE, GLASS (63304-205-18)",0.6,0.6,,,0
RC,250,"Midazolam: 25 Vial, Single-Dose In 1 Carton (0409-0001-25)  / 2 Ml In 1 Vial, Single-Dose (0409-0001-01)",0.68,0.68,,,0
RC,250,"Midazolam: 25 Vial, Single-Dose In 1 Tray (0409-2305-17)  / 2 Ml In 1 Vial, Single-Dose (0409-2305-16)",0.74,0.74,,,0
RC,250,"Midodrine Hydrochloride: 10 Blister Pack In 1 Box, Unit-Dose (63739-145-10)  / 10 Tablet In 1 Blister Pack",0.66,0.66,,,0
RC,250,Midodrine Hydrochloride: 100 Blister Pack In 1 Carton (0904-6817-61)  / 1 Tablet In 1 Blister Pack,1.56,1.56,,,0
RC,250,Midodrine Hydrochloride: 100 Tablet In 1 Bottle (0245-0211-11),0.36,0.36,,,0
RC,250,Midodrine Hydrochloride: 100 Tablet In 1 Bottle (0245-0212-11),0.53,0.53,,,0
RC,250,Midodrine Hydrochloride: 100 Tablet In 1 Bottle (60505-1321-1),1.33,1.33,,,0
RC,250,Midodrine Hydrochloride: 100 Tablet In 1 Bottle (72888-114-01),0.23,0.23,,,0
RC,250,Midodrine Hydrochloride: 50 Blister Pack In 1 Carton (0904-6817-06)  / 1 Tablet In 1 Blister Pack,0.85,0.85,,,0
RC,250,Midodrine Hydrochloride: 50 Blister Pack In 1 Carton (0904-6818-06)  / 1 Tablet In 1 Blister Pack,0.86,0.86,,,0
RC,250,"Milk Of Magnesia: 10 Tray In 1 Case (0121-0431-30)  / 10 Cup, Unit-Dose In 1 Tray / 30 Ml In 1 Cup, Unit-Dose",2.31,2.31,,,0
RC,250,"Mineral Oil: 30 Ml In 1 Cup, Unit-Dose (48433-202-30)",3.42,3.42,,,0
RC,250,Minocycline Hydrochloride: 50 Capsule In 1 Bottle (13668-484-50),0.67,0.67,,,0
RC,250,"Mirabegron: 30 Tablet, Extended Release In 1 Bottle (70710-1159-3)",15.53,15.53,,,0
RC,250,"Mirabegron: 30 Tablet, Extended Release In 1 Bottle (70710-1160-3)",16.92,16.92,,,0
RC,250,"Mirabegron: 30 Tablet, Film Coated, Extended Release In 1 Bottle (68180-152-06)",19.07,19.07,,,0
RC,250,"Mirabegron: 90 Tablet, Extended Release In 1 Bottle (70710-1159-9)",15.46,15.46,,,0
RC,250,Mirena: 1 Intrauterine Device In 1 Carton (50419-423-01),1781.59,1781.59,,,0
RC,250,"Mirtazapine: 100 Blister Pack In 1 Carton (0904-6519-61)  / 1 Tablet, Film Coated In 1 Blister Pack",0.23,0.23,,,0
RC,250,"Mirtazapine: 30 Tablet, Film Coated In 1 Bottle (13107-001-30)",1.56,1.56,,,0
RC,250,"Mirtazapine: 30 Tablet, Film Coated In 1 Bottle (13107-003-34)",0.22,0.22,,,0
RC,250,"Mirtazapine: 30 Tablet, Film Coated In 1 Bottle (13107-031-34)",0.21,0.21,,,0
RC,250,"Mirtazapine: 5 Blister Pack In 1 Carton (65862-021-06)  / 6 Tablet, Orally Disintegrating In 1 Blister Pack",0.62,0.62,,,0
RC,250,"Mirtazapine: 5 Blister Pack In 1 Carton (65862-022-06)  / 6 Tablet, Orally Disintegrating In 1 Blister Pack",0.91,0.91,,,0
RC,250,Misoprostol: 120 Tablet In 1 Bottle (43386-160-12),0.78,0.78,,,0
RC,250,Misoprostol: 120 Tablet In 1 Bottle (59762-5007-2),0.39,0.39,,,0
RC,250,Misoprostol: 60 Tablet In 1 Bottle (59762-5008-1),1.22,1.22,,,0
RC,250,"Mixed Salts Of A Single Entity Amphetamine Product Xr: 100 Capsule, Extended Release In 1 Bottle (0406-8951-01)",1.99,1.99,,,0
RC,250,Modafinil: 30 Tablet In 1 Bottle (57237-155-30),1.6,1.6,,,0
RC,250,Modafinil: 30 Tablet In 1 Bottle (65862-601-30),0.58,0.58,,,0
RC,250,Mometasone Furoate: 1 Tube In 1 Carton (0713-0634-15)  / 15 G In 1 Tube,21.14,21.14,,,0
RC,250,Mometasone Furoate: 1 Tube In 1 Carton (0713-0635-15)  / 15 G In 1 Tube,8.33,8.33,,,0
RC,250,"Montelukast Sodium: 30 Tablet, Chewable In 1 Bottle (31722-727-30)",0.42,0.42,,,0
RC,250,"Montelukast Sodium: 90 Tablet, Coated In 1 Bottle (55111-725-90)",0.77,0.77,,,0
RC,250,"Morphine Sulfate Extended Release: 100 Blister Pack In 1 Carton (0904-6557-61)  / 1 Tablet, Film Coated, Extended Release In 1 Blister Pack",1.16,1.16,,,0
RC,250,"Morphine Sulfate Extended Release: 100 Blister Pack In 1 Carton (0904-6558-61)  / 1 Tablet, Film Coated, Extended Release In 1 Blister Pack",1.88,1.88,,,0
RC,250,"Morphine Sulfate: 1 Tablet, Extended Release In 1 Blister Pack (0406-8315-23)",0.88,0.88,,,0
RC,250,"Morphine Sulfate: 1 Tablet, Extended Release In 1 Blister Pack (0406-8330-23)",1.73,1.73,,,0
RC,250,"Morphine Sulfate: 1 Tablet, Extended Release In 1 Blister Pack (0406-8390-23)",4.9,4.9,,,0
RC,250,Morphine Sulfate: 10 Cartridge In 1 Carton (0409-1890-01)  / 1 Ml In 1 Cartridge (0409-1890-03),0.12,0.12,,,0
RC,250,Morphine Sulfate: 10 Cartridge In 1 Carton (0409-1891-01)  / 1 Ml In 1 Cartridge (0409-1891-03),2.0,2.0,,,0
RC,250,Morphine Sulfate: 15 Ml In 1 Bottle (0054-0517-41),0.26,0.26,,,0
RC,250,"Morphine Sulfate: 25 Vial, Single-Dose In 1 Package (0641-6127-25)  / 1 Ml In 1 Vial, Single-Dose (0641-6127-01)",1.58,1.58,,,0
RC,250,Morphine Sulfate: 30 mL in 1 BOTTLE (0054-0404-44),0.09,0.09,,,0
RC,250,"Morphine Sulfate: 5 Vial, Glass In 1 Carton (0409-3815-12)  / 10 Ml In 1 Vial, Glass (0409-3815-11)",1.65,1.65,,,0
RC,250,Morphine Sulfate: 500 Ml In 1 Bottle (0054-0237-63),1.78,1.78,,,0
RC,250,Moxifloxacin Hydrochloride: 1 Bag In 1 Carton (67457-323-25)  / 250 Ml In 1 Bag,19.02,19.02,,,0
RC,250,"Moxifloxacin Hydrochloride: 30 Tablet, Film Coated In 1 Bottle (65862-603-30)",4.11,4.11,,,0
RC,250,Moxifloxacin Ophthalmic Solution: 1 Bottle In 1 Carton (62332-505-03)  / 3 Ml In 1 Bottle,18.07,18.07,,,0
RC,250,Moxifloxacin Ophthalmic Solution: 1 Bottle In 1 Carton (72266-158-01)  / 3 Ml In 1 Bottle,16.76,16.76,,,0
RC,250,"Mucus Relief Er: 100 Blister Pack In 1 Carton (0904-6718-39)  / 1 Tablet, Extended Release In 1 Blister Pack",1.04,1.04,,,0
RC,250,"Multaq: 60 Tablet, Film Coated In 1 Bottle (0024-4142-60)",23.92,23.92,,,0
RC,250,Mupirocin: 1 Tube In 1 Carton (0093-1010-42)  / 22 G In 1 Tube,11.0,11.0,,,0
RC,250,Mupirocin: 1 Tube In 1 Carton (16714-055-01)  / 15 G In 1 Tube,204.56,204.56,,,0
RC,250,Mupirocin: 1 Tube In 1 Carton (21922-029-04)  / 15 G In 1 Tube,44.56,44.56,,,0
RC,250,Mupirocin: 1 Tube In 1 Carton (45802-112-22)  / 22 G In 1 Tube,11.56,11.56,,,0
RC,250,Mupirocin: 1 Tube In 1 Carton (51672-1312-0)  / 22 G In 1 Tube,11.35,11.35,,,0
RC,250,Mupirocin: 15 G In 1 Tube (68462-564-17),255.58,255.58,,,0
RC,250,Mupirocin: 22 G In 1 Tube (68462-180-22),11.13,11.13,,,0
RC,250,My Way: 1 Blister Pack In 1 Carton (68180-852-11)  / 1 Tablet In 1 Blister Pack,18.77,18.77,,,0
RC,250,Mycophenolate Mofetil: 1 Bottle In 1 Carton (31722-878-01)  / 100 Capsule In 1 Bottle,0.26,0.26,,,0
RC,250,Mycophenolate Mofetil: 100 Capsule In 1 Bottle (0054-0163-25),0.79,0.79,,,0
RC,250,"Myrbetriq: 1 Bottle In 1 Carton (0469-2601-30)  / 30 Tablet, Film Coated, Extended Release In 1 Bottle",27.74,27.74,,,0
RC,250,"Myrbetriq: 1 Bottle In 1 Carton (0469-2602-30)  / 30 Tablet, Film Coated, Extended Release In 1 Bottle",27.74,27.74,,,0
RC,250,Myxredlin: 12 Container In 1 Carton (0338-0126-12)  / 100 Ml In 1 Container,1.9,1.9,,,0
RC,250,NDC Description Not Available,8.29,8.29,,,0
RC,250,"Nabi-Hb: 1 Vial, Single-Use In 1 Carton (69800-4203-1)  / 5 Ml In 1 Vial, Single-Use (69800-4203-2)",356.34,356.34,,,0
RC,250,Nadolol: 100 Tablet In 1 Bottle (76282-347-01),0.12,0.12,,,0
RC,250,Nadolol: 100 Tablet In 1 Bottle (76385-133-01),0.26,0.26,,,0
RC,250,Naloxone Hydrochloride: 10 Syringe In 1 Box (76329-3369-1)  / 2 Ml In 1 Syringe,17.97,17.97,,,0
RC,250,"Naltrexone Hydrochloride: 30 Blister Pack In 1 Carton (0904-7036-04)  / 1 Tablet, Film Coated In 1 Blister Pack",2.18,2.18,,,0
RC,250,"Naltrexone Hydrochloride: 30 Tablet, Film Coated In 1 Bottle (0406-1170-03)",2.23,2.23,,,0
RC,250,Naproxen: 100 Tablet In 1 Bottle (65162-188-10),0.1,0.1,,,0
RC,250,Naproxen: 500 Tablet In 1 Bottle (65162-188-50),0.08,0.08,,,0
RC,250,"Naropin: 25 Vial, Single-Dose In 1 Carton (63323-285-23)  / 20 Ml In 1 Vial, Single-Dose (63323-285-07)",0.29,0.29,,,0
RC,250,"Naropin: 25 Vial, Single-Dose In 1 Carton (63323-286-35)  / 30 Ml In 1 Vial, Single-Dose (63323-286-11)",0.06,0.06,,,0
RC,250,"Naropin: 25 Vial, Single-Dose In 1 Carton (63323-287-21)  / 20 Ml In 1 Vial, Single-Dose (63323-287-03)",0.06,0.06,,,0
RC,250,"Nasal Decongestant: 1 Bottle, Spray In 1 Carton (0904-6761-30)  / 30 Ml In 1 Bottle, Spray",3.74,3.74,,,0
RC,250,"Neo-Synephrine Mild: 15 Ml In 1 Bottle, Spray (0225-0800-47)",6.8,6.8,,,0
RC,250,Neomycin And Polymyxin B Sulfates And Bacitracin Zinc: 1 Tube In 1 Carton (24208-780-55)  / 3.5 G In 1 Tube,81.78,81.78,,,0
RC,250,"Neomycin And Polymyxin B Sulfates And Gramicidin: 1 Bottle, Dropper In 1 Carton (24208-790-62)  / 10 Ml In 1 Bottle, Dropper",68.66,68.66,,,0
RC,250,"Neomycin And Polymyxin B Sulfates And Hydrocortisone: 1 Bottle, Dropper In 1 Carton (24208-635-62)  / 10 Ml In 1 Bottle, Dropper",114.46,114.46,,,0
RC,250,"Neomycin And Polymyxin B Sulfates And Hydrocortisone: 10 Ml In 1 Bottle, Plastic (61314-645-11)",120.76,120.76,,,0
RC,250,"Neomycin And Polymyxin B Sulfates And Hydrocortisone: 7.5 Ml In 1 Bottle, Plastic (61314-641-75)",266.36,266.36,,,0
RC,250,"Neomycin And Polymyxin B Sulfates, Bacitracin Zinc And Hydrocortisone: 1 Tube In 1 Carton (24208-785-55)  / 3.5 G In 1 Tube",75.19,75.19,,,0
RC,250,Neomycin Sulfate: 100 Tablet In 1 Bottle (0093-1177-01),1.24,1.24,,,0
RC,250,Nevirapine: 240 Ml In 1 Bottle (65862-057-24),1.24,1.24,,,0
RC,250,"Nexobrid: 1 Kit In 1 Carton (69866-2005-3)  *  5 G In 1 Vial, Glass (69866-2003-1)  *  50 G In 1 Jar (69866-2004-2)",6165.44,6165.44,,,0
RC,250,Nexplanon: 1 Blister Pack In 1 Carton (78206-145-01)  / 1 Implant In 1 Blister Pack,2266.31,2266.31,,,0
RC,250,Nexterone: 100 Ml In 1 Bag (43066-150-10),8.91,8.91,,,0
RC,250,Nexterone: 200 Ml In 1 Bag (43066-360-20),3.78,3.78,,,0
RC,250,"Niacin: 90 Tablet, Extended Release In 1 Bottle (59651-018-90)",0.51,0.51,,,0
RC,250,Nicardipine Hydrochloride: 10 Vial In 1 Carton (72485-116-10)  / 10 Ml In 1 Vial (72485-116-01),0.16,0.16,,,0
RC,250,Nicotine: 14 Pouch In 1 Carton (0536-5895-88)  / 1 H In 1 Pouch,2.47,2.47,,,0
RC,250,Nicotine: 14 Pouch In 1 Carton (0536-5896-88)  / 1 H In 1 Pouch,2.47,2.47,,,0
RC,250,"Nifedipine: 100 Blister Pack In 1 Box, Unit-Dose (68084-597-01)  / 1 Tablet, Film Coated, Extended Release In 1 Blister Pack (68084-597-11)",2.05,2.05,,,0
RC,250,Nifedipine: 100 Capsule In 1 Bottle (23155-194-01),0.56,0.56,,,0
RC,250,"Nifedipine: 100 Tablet, Extended Release In 1 Bottle (24979-010-01)",1.0,1.0,,,0
RC,250,"Nifedipine: 100 Tablet, Extended Release In 1 Bottle (50742-261-01)",0.4,0.4,,,0
RC,250,"Nifedipine: 100 Tablet, Film Coated, Extended Release In 1 Bottle (62175-262-37)",3.85,3.85,,,0
RC,250,"Nifedipine: 300 Tablet, Extended Release In 1 Bottle (50742-261-03)",0.25,0.25,,,0
RC,250,Nitro-Bid: 48 Packet In 1 Box (0281-0326-08)  / 1 G In 1 Packet,3.99,3.99,,,0
RC,250,Nitrofurantoin (Monohydrate/Macrocrystals): 100 Capsule In 1 Bottle (0185-0122-01),0.81,0.81,,,0
RC,250,Nitrofurantoin (Monohydrate/Macrocrystals): 100 Capsule In 1 Bottle (16714-439-01),1.88,1.88,,,0
RC,250,Nitrofurantoin (Monohydrate/Macrocrystals): 100 Capsule In 1 Bottle (70756-404-11),0.61,0.61,,,0
RC,250,Nitrofurantoin Monohydrate/ Macrocrystalline: 100 Blister Pack In 1 Carton (0904-7137-61)  / 1 Capsule In 1 Blister Pack,3.19,3.19,,,0
RC,250,"Nitrofurantoin: 1 Bottle, Glass In 1 Carton (69238-2512-9)  / 230 Ml In 1 Bottle, Glass",136.42,136.42,,,0
RC,250,"Nitrofurantoin: 1 Bottle, Glass In 1 Carton (70069-829-01)  / 230 Ml In 1 Bottle, Glass",86.53,86.53,,,0
RC,250,"Nitrofurantoin: 1 Bottle, Glass In 1 Carton (70377-118-31)  / 230 Ml In 1 Bottle, Glass",112.27,112.27,,,0
RC,250,Nitrofurantoin: 230 Ml In 1 Bottle (70954-496-10),128.31,128.31,,,0
RC,250,"Nitroglycerin In Dextrose: 12 Bottle, Glass In 1 Box (0338-1051-02)  / 250 Ml In 1 Bottle, Glass",1.81,1.81,,,0
RC,250,"Nitroglycerin: 25 Vial, Single-Dose In 1 Tray (0517-4810-25)  / 10 Ml In 1 Vial, Single-Dose (0517-4810-01)",1.1,1.1,,,0
RC,250,Nitroglycerin: 30 Pouch In 1 Carton (0378-9104-93)  / 1 Patch In 1 Pouch (0378-9104-16)  / 14 H In 1 Patch,0.8,0.8,,,0
RC,250,Nivagen Zinc Oxide: 28.4 G In 1 Tube (75834-170-01),6.13,6.13,,,0
RC,250,Norepinephrine Bitartrate In Sodium Chloride: 10 Bag In 1 Carton (44567-641-10)  / 250 Ml In 1 Bag (44567-641-01),0.75,0.75,,,0
RC,250,Norepinephrine Bitartrate: 10 Vial In 1 Carton (0143-9318-10)  / 4 Ml In 1 Vial (0143-9318-01),5.37,5.37,,,0
RC,250,"Norepinephrine Bitartrate: 10 Vial, Single-Dose In 1 Carton (0781-3755-95)  / 4 Ml In 1 Vial, Single-Dose (0781-3755-75)",6.16,6.16,,,0
RC,250,"Norepinephrine Bitartrate: 10 Vial, Single-Dose In 1 Carton (43066-997-10)  / 4 Ml In 1 Vial, Single-Dose (43066-997-01)",3.91,3.91,,,0
RC,250,"Norepinephrine Bitartrate: 10 Vial, Single-Dose In 1 Carton (67457-852-04)  / 4 Ml In 1 Vial, Single-Dose (67457-852-00)",8.01,8.01,,,0
RC,250,Norethindrone Acetate: 50 Tablet In 1 Bottle (50742-267-50),0.87,0.87,,,0
RC,250,Norethindrone Acetate: 50 Tablet In 1 Bottle (68462-304-50),0.87,0.87,,,0
RC,250,Northera: 90 Capsule In 1 Bottle (67386-820-19),83.58,83.58,,,0
RC,250,Northera: 90 Capsule In 1 Bottle (67386-821-19),159.2,159.2,,,0
RC,250,Nortriptyline Hydrochloride: 100 Capsule In 1 Bottle (0093-0810-01),0.36,0.36,,,0
RC,250,Nortriptyline Hydrochloride: 100 Capsule In 1 Bottle (0093-0811-01),0.26,0.26,,,0
RC,250,Nortriptyline Hydrochloride: 100 Capsule In 1 Bottle (0093-0812-01),0.28,0.28,,,0
RC,250,Nortriptyline Hydrochloride: 473 Ml In 1 Bottle (0121-0678-16),2.8,2.8,,,0
RC,250,Nortriptyline Hydrochloride: 500 Capsule In 1 Bottle (0093-0810-05),0.15,0.15,,,0
RC,250,Nortriptyline Hydrochloride: 90 Capsule In 1 Bottle (51672-4002-5),0.26,0.26,,,0
RC,250,Nortriptyline Hydrochloride: 90 Capsule In 1 Bottle (51672-4003-5),0.31,0.31,,,0
RC,250,Novolin 70/30: 1 Vial In 1 Carton (0169-1837-11)  / 10 Ml In 1 Vial,1.38,1.38,,,0
RC,250,Novolin N: 1 Vial In 1 Carton (0169-1834-11)  / 10 Ml In 1 Vial,2.0,2.0,,,0
RC,250,Novolin R: 1 Vial In 1 Carton (0169-1833-11)  / 10 Ml In 1 Vial,0.03,0.03,,,0
RC,250,"Novolog: 1 Vial, Glass In 1 Carton (0169-7501-11)  / 10 Ml In 1 Vial, Glass",0.09,0.09,,,0
RC,250,"Noxafil: 1 Bottle, Glass In 1 Carton (0085-1328-01)  / 105 Ml In 1 Bottle, Glass",126.43,126.43,,,0
RC,250,Np Thyroid 15: 100 Tablet In 1 Bottle (42192-327-01),0.83,0.83,,,0
RC,250,Np Thyroid 30: 100 Tablet In 1 Bottle (42192-329-01),1.0,1.0,,,0
RC,250,"Nuplazid: 30 Capsule In 1 Bottle, Plastic (63090-340-30)",237.69,237.69,,,0
RC,250,"Nurtec Odt: 1 Blister Pack In 1 Carton (72618-3000-2)  / 8 Tablet, Orally Disintegrating In 1 Blister Pack",229.95,229.95,,,0
RC,250,"Nyamyc: 1 Bottle, Plastic In 1 Carton (0832-0465-60)  / 60 G In 1 Bottle, Plastic",68.68,68.68,,,0
RC,250,Nystatin: 1 Tube In 1 Carton (0713-0678-15)  / 15 G In 1 Tube,11.64,11.64,,,0
RC,250,Nystatin: 1 Tube In 1 Carton (45802-048-35)  / 15 G In 1 Tube,13.38,13.38,,,0
RC,250,Nystatin: 1 Tube In 1 Carton (45802-059-35)  / 15 G In 1 Tube,14.0,14.0,,,0
RC,250,"Nystatin: 15 G In 1 Bottle, Plastic (68308-152-15)",12.65,12.65,,,0
RC,250,"Nystatin: 15 G In 1 Bottle, Plastic (69315-306-15)",14.77,14.77,,,0
RC,250,"Nystatin: 4 TRAY in 1 CASE (0121-4785-05)  / 10 CUP, UNIT-DOSE in 1 TRAY / 5 mL in 1 CUP, UNIT-DOSE",8.89,8.89,,,0
RC,250,Nystatin: 473 Ml In 1 Bottle (0121-0868-16),0.24,0.24,,,0
RC,250,Nystatin: 473 Ml In 1 Bottle (0121-1045-16),0.52,0.52,,,0
RC,250,"Nystatin: 5 Ml In 1 Cup, Unit-Dose (63739-160-70)",1.91,1.91,,,0
RC,250,"Nystatin: 60 Ml In 1 Bottle, Dropper (0121-0868-02)",0.77,0.77,,,0
RC,250,"Nystatin: 72 Cup, Unit-Dose In 1 Box, Unit-Dose (17856-1045-1)  / 5 Ml In 1 Cup, Unit-Dose (17856-1045-2)",8.32,8.32,,,0
RC,250,"Nystop: 15 G In 1 Bottle, Plastic (0574-2008-15)",9.52,9.52,,,0
RC,250,"Ofloxacin: 1 Bottle, Dropper In 1 Carton (72485-613-10)  / 5 Ml In 1 Bottle, Dropper",18.39,18.39,,,0
RC,250,"Ofloxacin: 1 Bottle, Plastic In 1 Carton (64980-515-05)  / 5 Ml In 1 Bottle, Plastic",21.64,21.64,,,0
RC,250,"Oil: 473 Ml In 1 Bottle, Plastic (0869-0831-43)",0.83,0.83,,,0
RC,250,Olanzapine: 1 Vial In 1 Carton (0781-3159-72)  / 2 Ml In 1 Vial,1.47,1.47,,,0
RC,250,Olanzapine: 1 Vial In 1 Carton (31722-308-01)  / 2 Ml In 1 Vial,1.18,1.18,,,0
RC,250,"Olanzapine: 1 Vial, Single-Dose In 1 Carton (55150-308-01)  / 1 Injection, Powder, Lyophilized, For Solution In 1 Vial, Single-Dose",1.48,1.48,,,0
RC,250,"Olanzapine: 10 Blister Pack In 1 Carton (60505-3111-0)  / 10 Tablet, Film Coated In 1 Blister Pack",0.34,0.34,,,0
RC,250,"Olanzapine: 10 Blister Pack In 1 Carton (60505-3113-0)  / 10 Tablet, Film Coated In 1 Blister Pack",0.51,0.51,,,0
RC,250,"Olanzapine: 10 Blister Pack In 1 Carton (60505-3276-0)  / 10 Tablet, Orally Disintegrating In 1 Blister Pack",2.11,2.11,,,0
RC,250,"Olanzapine: 10 Tablet, Orally Disintegrating In 1 Blister Pack (55111-262-79)",3.13,3.13,,,0
RC,250,"Olanzapine: 10 Tablet, Orally Disintegrating In 1 Blister Pack (55111-263-79)",4.6,4.6,,,0
RC,250,"Olanzapine: 100 Blister Pack In 1 Carton (0904-6377-61)  / 1 Tablet, Film Coated In 1 Blister Pack",0.52,0.52,,,0
RC,250,"Olanzapine: 30 Tablet, Film Coated In 1 Bottle (60505-3110-3)",0.61,0.61,,,0
RC,250,"Olopatadine Hydrochloride: 1 BOTTLE, PLASTIC in 1 CARTON (60505-0575-1)  / 5 mL in 1 BOTTLE, PLASTIC",69.49,69.49,,,0
RC,250,"Olopatadine Hydrochloride: 1 Bottle, Plastic In 1 Carton (58602-006-40)  / 5 Ml In 1 Bottle, Plastic",13.74,13.74,,,0
RC,250,"Ondansetron Hydrochloride: 25 VIAL, SINGLE-DOSE in 1 CARTON (67457-440-22)  / 2 mL in 1 VIAL, SINGLE-DOSE (67457-440-00)",0.18,0.18,,,0
RC,250,"Ondansetron Hydrochloride: 25 Vial, Single-Dose In 1 Carton (36000-012-25)  / 2 Ml In 1 Vial, Single-Dose",0.15,0.15,,,0
RC,250,"Ondansetron: 100 Blister Pack In 1 Carton (0904-6552-61)  / 1 Tablet, Film Coated In 1 Blister Pack",0.09,0.09,,,0
RC,250,"Ondansetron: 25 Vial, Single-Use In 1 Carton (60505-6130-5)  / 2 Ml In 1 Vial, Single-Use (60505-6130-0)",0.19,0.19,,,0
RC,250,"Ondansetron: 3 Blister Pack In 1 Carton (57237-077-10)  / 10 Tablet, Orally Disintegrating In 1 Blister Pack",0.09,0.09,,,0
RC,250,"Ondansetron: 3 Blister Pack In 1 Carton (65862-390-10)  / 10 Tablet, Orally Disintegrating In 1 Blister Pack",0.1,0.1,,,0
RC,250,"Ondansetron: 30 Tablet, Film Coated In 1 Bottle (55111-153-30)",0.21,0.21,,,0
RC,250,"Ondansetron: 30 Tablet, Film Coated In 1 Bottle (63304-458-30)",0.2,0.2,,,0
RC,250,Onelax Saline Laxative: 296 Ml In 1 Bottle (71399-0051-1),5.7,5.7,,,0
RC,250,"Opsumit: 1 Blister Pack In 1 Carton (66215-501-15)  / 15 Tablet, Film Coated In 1 Blister Pack",924.57,924.57,,,0
RC,250,"Oscimin: 100 Tablet, Orally Disintegrating In 1 Bottle (68047-253-01)",0.42,0.42,,,0
RC,250,Oseltamivir Phosphate: 1 Blister Pack In 1 Carton (0527-4591-13)  / 10 Capsule In 1 Blister Pack,1.52,1.52,,,0
RC,250,Oseltamivir Phosphate: 1 Blister Pack In 1 Carton (33342-256-66)  / 10 Capsule In 1 Blister Pack,2.13,2.13,,,0
RC,250,Oseltamivir Phosphate: 1 Blister Pack In 1 Carton (33342-258-66)  / 10 Capsule In 1 Blister Pack,3.42,3.42,,,0
RC,250,Oseltamivir Phosphate: 1 Blister Pack In 1 Carton (47781-468-13)  / 10 Capsule In 1 Blister Pack,16.91,16.91,,,0
RC,250,Oseltamivir Phosphate: 1 Blister Pack In 1 Carton (60219-1266-1)  / 10 Capsule In 1 Blister Pack,15.66,15.66,,,0
RC,250,Oseltamivir Phosphate: 1 Blister Pack In 1 Carton (72205-044-11)  / 10 Capsule In 1 Blister Pack,3.35,3.35,,,0
RC,250,"Oseltamivir Phosphate: 1 Bottle, Glass In 1 Carton (68180-678-01)  / 60 Ml In 1 Bottle, Glass",5.74,5.74,,,0
RC,250,"Oseltamivir Phosphate: 1 Bottle, Plastic In 1 Carton (0527-5137-62)  / 60 Ml In 1 Bottle, Plastic",1.65,1.65,,,0
RC,250,Oseltamivir Phosphate: 1 Pouch In 1 Carton (27241-139-09)  / 1 Bottle In 1 Pouch / 60 Ml In 1 Bottle,5.75,5.75,,,0
RC,250,Oseltamivir Phosphate: 10 Capsule In 1 Blister Pack (64380-797-01),2.17,2.17,,,0
RC,250,Oseltamivir Phosphate: 10 Capsule In 1 Blister Pack (64380-799-01),3.35,3.35,,,0
RC,250,Oseltamivir Phosphate: 10 Capsule In 1 Carton (31722-630-31),4.66,4.66,,,0
RC,250,Oseltamivir Phosphate: 10 Capsule In 1 Carton (31722-632-31),4.7,4.7,,,0
RC,250,Oseltamivir: 1 Carton In 1 Blister Pack (62332-415-10)  / 10 Capsule In 1 Carton,13.8,13.8,,,0
RC,250,Osmitrol: 500 Ml In 1 Bag (0338-0357-03),53.8,53.8,,,0
RC,250,"Oxacillin: 10 Vial In 1 Box (55150-128-24)  / 1 Injection, Powder, For Solution In 1 Vial",1.27,1.27,,,0
RC,250,"Oxcarbazepine: 100 Blister Pack In 1 Carton (0904-7263-61)  / 1 Tablet, Film Coated In 1 Blister Pack",1.18,1.18,,,0
RC,250,"Oxcarbazepine: 100 Blister Pack In 1 Carton (60687-722-01)  / 1 Tablet, Film Coated In 1 Blister Pack (60687-722-11)",1.08,1.08,,,0
RC,250,"Oxybutynin Chloride: 100 Blister Pack In 1 Carton (0904-6570-61)  / 1 Tablet, Extended Release In 1 Blister Pack",2.24,2.24,,,0
RC,250,Oxybutynin Chloride: 100 Blister Pack In 1 Carton (0904-7027-61)  / 1 Tablet In 1 Blister Pack,0.75,0.75,,,0
RC,250,Oxybutynin Chloride: 100 Tablet In 1 Bottle (0832-0038-00),0.23,0.23,,,0
RC,250,"Oxybutynin Chloride: 100 Tablet In 1 Bottle, Plastic (10702-201-01)",0.16,0.16,,,0
RC,250,"Oxybutynin: 100 Tablet, Film Coated, Extended Release In 1 Bottle (68382-256-01)",0.5,0.5,,,0
RC,250,"Oxybutynin: 100 Tablet, Film Coated, Extended Release In 1 Bottle (68382-257-01)",0.51,0.51,,,0
RC,250,"Oxycodone Hydrochloride: 1 BOTTLE, PLASTIC in 1 CARTON (68462-347-37)  / 30 mL in 1 BOTTLE, PLASTIC",5.53,5.53,,,0
RC,250,Oxycodone Hydrochloride: 1 Tablet In 1 Blister Pack (0406-0552-23),0.61,0.61,,,0
RC,250,Oxycodone Hydrochloride: 1 Tablet In 1 Blister Pack (0406-8510-23),0.95,0.95,,,0
RC,250,Oxycodone Hydrochloride: 1 Tablet In 1 Blister Pack (0406-8515-23),1.24,1.24,,,0
RC,250,Oxycodone Hydrochloride: 10 Blister Pack In 1 Carton (42858-001-10)  / 10 Tablet In 1 Blister Pack,0.56,0.56,,,0
RC,250,Oxycodone Hydrochloride: 10 Blister Pack In 1 Carton (42858-002-10)  / 10 Tablet In 1 Blister Pack,0.86,0.86,,,0
RC,250,Oxycodone Hydrochloride: 100 Blister Pack In 1 Carton (0904-6966-61)  / 1 Tablet In 1 Blister Pack,0.38,0.38,,,0
RC,250,"Oxycodone Hydrochloride: 100 Tablet In 1 Bottle, Plastic (42858-001-01)",0.24,0.24,,,0
RC,250,"Oxycodone Hydrochloride: 100 Tablet In 1 Bottle, Plastic (42858-002-01)",0.16,0.16,,,0
RC,250,"Oxycodone Hydrochloride: 100 Tablet In 1 Bottle, Plastic (42858-003-01)",0.51,0.51,,,0
RC,250,Oxycodone Hydrochloride: 30 mL in 1 BOTTLE (0054-0393-44),3.91,3.91,,,0
RC,250,"Oxycodone Hydrochloride: 4 Tray In 1 Carton (0904-6828-94)  / 10 Cup, Unit-Dose In 1 Tray / 5 Ml In 1 Cup, Unit-Dose (0904-6828-05)",2.19,2.19,,,0
RC,250,"Oxycontin: 2 Blister Pack In 1 Carton (59011-410-20)  / 10 Tablet, Film Coated, Extended Release In 1 Blister Pack",8.99,8.99,,,0
RC,250,"Oxycontin: 2 Blister Pack In 1 Carton (59011-440-20)  / 10 Tablet, Film Coated, Extended Release In 1 Blister Pack",28.73,28.73,,,0
RC,250,"PROPECIA: 30 TABLET, FILM COATED in 1 BOTTLE (0006-0071-31)",6.07,6.07,,,0
RC,250,Pacerone: 100 Blister Pack In 1 Carton (0245-0147-01)  / 1 Tablet In 1 Blister Pack (0245-0147-89),0.42,0.42,,,0
RC,250,Pacerone: 30 Tablet In 1 Bottle (0245-0144-30),1.06,1.06,,,0
RC,250,"Paclitaxel: 1 Vial, Multi-Dose In 1 Carton (16714-137-01)  / 50 Ml In 1 Vial, Multi-Dose",0.19,0.19,,,0
RC,250,"Paliperidone: 30 TABLET, FILM COATED, EXTENDED RELEASE in 1 BOTTLE, PLASTIC (0378-3979-93)",20.36,20.36,,,0
RC,250,"Paliperidone: 30 Tablet, Extended Release In 1 Bottle (16714-867-01)",5.61,5.61,,,0
RC,250,"Paliperidone: 30 Tablet, Extended Release In 1 Bottle (16714-868-01)",5.6,5.6,,,0
RC,250,"Paliperidone: 30 Tablet, Extended Release In 1 Bottle (43975-349-03)",3.92,3.92,,,0
RC,250,"Paliperidone: 30 Tablet, Extended Release In 1 Bottle (65162-282-03)",3.08,3.08,,,0
RC,250,Pantoprazole Sodium: 10 Vial In 1 Carton (25021-751-10)  / 10 Ml In 1 Vial,2.66,2.66,,,0
RC,250,"Pantoprazole Sodium: 90 Tablet, Delayed Release In 1 Bottle (65862-560-90)",0.09,0.09,,,0
RC,250,"Papaverine Hydrochloride: 10 Vial, Single-Use In 1 Carton (14789-121-05)  / 2 Ml In 1 Vial, Single-Use (14789-121-07)",30.08,30.08,,,0
RC,250,Papaverine Hydrochloride: 25 Vial In 1 Carton (0517-4002-25)  / 2 Ml In 1 Vial (0517-4002-01),26.22,26.22,,,0
RC,250,Paragard T 380A: 1 Pouch In 1 Carton (59365-5128-1)  / 1 Intrauterine Device In 1 Pouch,2126.6,2126.6,,,0
RC,250,"Paroxetine: 10 Blister Pack In 1 Box, Unit-Dose (63739-963-10)  / 10 Tablet, Film Coated In 1 Blister Pack",0.34,0.34,,,0
RC,250,"Paroxetine: 100 Blister Pack In 1 Box, Unit-Dose (0904-5676-61)  / 1 Tablet, Film Coated In 1 Blister Pack",0.51,0.51,,,0
RC,250,"Paroxetine: 100 Blister Pack In 1 Box, Unit-Dose (0904-5677-61)  / 1 Tablet, Film Coated In 1 Blister Pack",0.46,0.46,,,0
RC,250,"Paroxetine: 100 Tablet, Film Coated In 1 Bottle (60505-0083-2)",0.26,0.26,,,0
RC,250,"Paroxetine: 100 Tablet, Film Coated In 1 Bottle (60505-0084-2)",0.35,0.35,,,0
RC,250,Paroxetine: 250 Ml In 1 Bottle (70954-319-10),48.59,48.59,,,0
RC,250,"Paroxetine: 30 Tablet, Film Coated In 1 Bottle (13107-154-30)",0.42,0.42,,,0
RC,250,Paxil: 250 Ml In 1 Bottle (60505-0402-5),64.14,64.14,,,0
RC,250,"Paxlovid: 10 Blister Pack In 1 Carton (0069-5045-30)  / 1 Kit In 1 Blister Pack (0069-5045-06)  *  2 Tablet, Film Coated In 1 Blister Pack (0069-2085-02)  *  1 Tablet, Film Coated In 1 Blister Pack (0",90.11,90.11,,,0
RC,250,"Paxlovid: 10 Blister Pack In 1 Carton (0069-5317-20)  / 1 Kit In 1 Blister Pack (0069-5317-02)  *  1 Tablet, Film Coated In 1 Blister Pack (0069-2085-11)  *  1 Tablet, Film Coated In 1 Blister Pack (0",135.2,135.2,,,0
RC,250,"Paxlovid: 10 Blister Pack In 1 Carton (0069-5321-30)  / 1 Kit In 1 Blister Pack (0069-5321-03)  *  2 Tablet, Film Coated In 1 Blister Pack (0069-2085-02)  *  1 Tablet, Film Coated In 1 Blister Pack (0",87.51,87.51,,,0
RC,250,Pedia-Lax: 12 Suppository In 1 Jar (0132-0081-12),0.06,0.06,,,0
RC,250,"Pedia-Lax: 66 Ml In 1 Bottle, With Applicator (0132-0202-20)",2.72,2.72,,,0
RC,250,"Peg-3350, Sodium Chloride, Sodium Bicarbonate And Potassium Chloride: 4 L In 1 Bottle (10572-302-01)",35.28,35.28,,,0
RC,250,"Penicillin G Potassium: 1 Vial In 1 Carton (0781-6136-94)  / 1 Injection, Powder, For Solution In 1 Vial",0.66,0.66,,,0
RC,250,"Penicillin G Potassium: 10 Vial In 1 Carton (0781-6135-95)  / 1 Injection, Powder, For Solution In 1 Vial (0781-6135-94)",2.2,2.2,,,0
RC,250,"Penicillin V Potassium: 100 Tablet, Film Coated In 1 Bottle (16714-234-01)",0.15,0.15,,,0
RC,250,"Penicillin V Potassium: 100 Tablet, Film Coated In 1 Bottle (16714-235-01)",0.44,0.44,,,0
RC,250,Pentasa: 240 Capsule In 1 Bottle (54092-189-81),5.49,5.49,,,0
RC,250,"Pentoxifylline: 100 Blister Pack In 1 Carton (0904-5448-61)  / 1 Tablet, Extended Release In 1 Blister Pack",0.34,0.34,,,0
RC,250,Permethrin: 1 Tube In 1 Container (16714-897-01)  / 60 G In 1 Tube,29.13,29.13,,,0
RC,250,"Perphenazine: 100 Tablet, Film Coated In 1 Bottle (0591-4103-01)",0.55,0.55,,,0
RC,250,Petroleum: 1 Tube In 1 Box (53329-068-01)  / 28.4 G In 1 Tube,3.07,3.07,,,0
RC,250,"Pfizerpen: 1 Vial In 1 Carton (0049-0530-28)  / 1 Powder, For Solution In 1 Vial",1.94,1.94,,,0
RC,250,Phenazopyridine Hydrochloride: 100 Tablet In 1 Bottle (65162-681-10),0.47,0.47,,,0
RC,250,"Phenobarbital Sodium: 10 Vial, Glass In 1 Carton (14789-128-05)  / 1 Ml In 1 Vial, Glass (14789-128-07)",36.55,36.55,,,0
RC,250,Phenobarbital: 10 Blister Pack In 1 Box (63739-192-10)  / 10 Tablet In 1 Blister Pack,0.9,0.9,,,0
RC,250,Phenobarbital: 100 Blister Pack In 1 Carton (0904-6575-61)  / 1 Tablet In 1 Blister Pack,0.52,0.52,,,0
RC,250,Phenobarbital: 100 Tablet In 1 Bottle (16571-668-01),0.32,0.32,,,0
RC,250,Phenobarbital: 100 Tablet In 1 Bottle (16571-671-01),0.13,0.13,,,0
RC,250,Phenobarbital: 100 Tablet In 1 Bottle (16571-673-01),0.22,0.22,,,0
RC,250,"Phenobarbital: 100 Tablet In 1 Bottle, Plastic (13517-628-01)",0.82,0.82,,,0
RC,250,"Phenobarbital: 100 Tablet In 1 Bottle, Plastic (51293-628-01)",1.73,1.73,,,0
RC,250,Phentolamine Mesylate: 1 Vial In 1 Box (0143-9564-01)  / 1 Ml In 1 Vial,841.26,841.26,,,0
RC,250,"Phenylephrine Hydrochloride: 1 Bottle, Dropper In 1 Carton (17478-201-15)  / 15 Ml In 1 Bottle, Dropper",1.0,1.0,,,0
RC,250,"Phenylephrine Hydrochloride: 1 Bottle, Dropper In 1 Carton (42702-102-10)  / 10 Ml In 1 Bottle, Dropper",1.0,1.0,,,0
RC,250,"Phenylephrine Hydrochloride: 1 Bottle, Dropper In 1 Carton (70756-629-25)  / 2 Ml In 1 Bottle, Dropper",1.0,1.0,,,0
RC,250,"Phenylephrine Hydrochloride: 1 Bottle, Dropper In 1 Carton (70756-649-35)  / 15 Ml In 1 Bottle, Dropper",1.0,1.0,,,0
RC,250,"Phenytoin Sodium: 100 Capsule, Extended Release In 1 Bottle (51672-4111-1)",0.26,0.26,,,0
RC,250,"Phenytoin Sodium: 100 Capsule, Extended Release In 1 Bottle (57664-808-88)",0.19,0.19,,,0
RC,250,"Phenytoin: 100 Tablet, Chewable In 1 Bottle (51672-4146-1)",0.38,0.38,,,0
RC,250,Phenytoin: 237 Ml In 1 Bottle (51672-4069-1),0.89,0.89,,,0
RC,250,Phytonadione: 1 Bottle In 1 Carton (69238-1051-3)  / 30 Tablet In 1 Bottle,57.84,57.84,,,0
RC,250,Phytonadione: 1 Bottle In 1 Carton (70710-1014-1)  / 100 Tablet In 1 Bottle,49.29,49.29,,,0
RC,250,Phytonadione: 1 Bottle In 1 Carton (76282-740-30)  / 30 Tablet In 1 Bottle,12.94,12.94,,,0
RC,250,Phytonadione: 1 Syringe In 1 Carton (76329-1240-1)  / .5 Ml In 1 Syringe,40.06,40.06,,,0
RC,250,Phytonadione: 30 Tablet In 1 Bottle (69097-999-02),11.15,11.15,,,0
RC,250,"Pifeltro: 30 Tablet, Film Coated In 1 Bottle (0006-3069-01)",110.82,110.82,,,0
RC,250,Pilocarpine Hydrochloride: 1 Bottle In 1 Carton (61314-203-15)  / 15 Ml In 1 Bottle,113.42,113.42,,,0
RC,250,Pilocarpine Hydrochloride: 1 Bottle In 1 Carton (61314-204-15)  / 15 Ml In 1 Bottle,1.0,1.0,,,0
RC,250,Pilocarpine Hydrochloride: 1 Bottle In 1 Carton (70069-191-01)  / 15 Ml In 1 Bottle,1.0,1.0,,,0
RC,250,"Pilocarpine Hydrochloride: 100 Tablet, Film Coated In 1 Bottle (0527-1313-01)",0.59,0.59,,,0
RC,250,Pimozide: 100 Tablet In 1 Bottle (49884-347-01),1.86,1.86,,,0
RC,250,Pioglitazone: 100 Blister Pack In 1 Carton (0904-7090-61)  / 1 Tablet In 1 Blister Pack,1.48,1.48,,,0
RC,250,"Piperacillin And Tazobactam: 10 Vial In 1 Box (44567-801-10)  / 1 Injection, Powder, For Solution In 1 Vial",2.17,2.17,,,0
RC,250,"Piperacillin And Tazobactam: 10 Vial In 1 Box (55150-119-30)  / 1 Injection, Powder, Lyophilized, For Solution In 1 Vial",1.49,1.49,,,0
RC,250,"Piperacillin And Tazobactam: 10 Vial In 1 Box (55150-120-30)  / 1 Injection, Powder, Lyophilized, For Solution In 1 Vial",1.21,1.21,,,0
RC,250,"Piperacillin And Tazobactam: 10 Vial In 1 Box (55150-121-50)  / 1 Injection, Powder, Lyophilized, For Solution In 1 Vial",1.11,1.11,,,0
RC,250,"Plaquenil: 100 TABLET, FILM COATED in 1 BOTTLE (0024-1562-10)",0.29,0.29,,,0
RC,250,Plasma-Lyte A: 1000 Ml In 1 Bag (0338-0221-04),5.28,5.28,,,0
RC,250,"Polyethylene Glycol 3350, Sodium Chloride, Sodium Bicarbonate And Potassium Chloride With Lemon Flavor: 4 L In 1 Jug (64380-769-21)",50.51,50.51,,,0
RC,250,Polyethylene Glycol 3350: 100 Packet In 1 Carton (63739-760-04)  / 17 G In 1 Packet (63739-760-01),2.3,2.3,,,0
RC,250,Polyethylene Glycol 3350: 17 G In 1 Packet (0904-6931-86),2.06,2.06,,,0
RC,250,"Polymyxin B: 1 Vial, Glass In 1 Carton (70594-049-01)  / 1 Injection, Powder, For Solution In 1 Vial, Glass",19.12,19.12,,,0
RC,250,"Polymyxin B: 10 Vial In 1 Carton (55150-234-10)  / 1 Injection, Powder, Lyophilized, For Solution In 1 Vial",5.74,5.74,,,0
RC,250,Polyvinyl Alcohol: 15 Ml In 1 Bottle (50268-678-15),15.68,15.68,,,0
RC,250,"Posaconazole: 1 Bottle, Glass In 1 Carton (0054-0449-49)  / 105 Ml In 1 Bottle, Glass",115.99,115.99,,,0
RC,250,"Posaconazole: 60 Tablet, Delayed Release In 1 Bottle (0527-2133-35)",15.61,15.61,,,0
RC,250,"Posaconazole: 60 Tablet, Delayed Release In 1 Bottle (70748-258-07)",10.85,10.85,,,0
RC,250,"Potassium Acetate: 25 Vial, Single-Dose In 1 Carton (51754-2001-4)  / 20 Ml In 1 Vial, Single-Dose",3.68,3.68,,,0
RC,250,Potassium Chloride Extended-Release: 100 Tablet In 1 Bottle (68001-567-00),0.56,0.56,,,0
RC,250,"Potassium Chloride Extended-Release: 100 Tablet, Extended Release In 1 Bottle (70010-135-01)",0.38,0.38,,,0
RC,250,"Potassium Chloride Extended-Release: 100 Tablet, Extended Release In 1 Bottle, Plastic (24979-231-01)",0.18,0.18,,,0
RC,250,Potassium Chloride In Dextrose And Sodium Chloride: 1000 Ml In 1 Bag (0338-0669-04),7.35,7.35,,,0
RC,250,Potassium Chloride In Dextrose And Sodium Chloride: 1000 Ml In 1 Bag (0338-0671-04),7.38,7.38,,,0
RC,250,Potassium Chloride In Dextrose And Sodium Chloride: 1000 Ml In 1 Bag (0338-0675-04),17.64,17.64,,,0
RC,250,Potassium Chloride In Dextrose And Sodium Chloride: 1000 Ml In 1 Bag (0338-0803-04),8.59,8.59,,,0
RC,250,Potassium Chloride In Dextrose And Sodium Chloride: 12 Container In 1 Case (0264-7634-00)  / 1000 Ml In 1 Container,13.51,13.51,,,0
RC,250,Potassium Chloride In Dextrose And Sodium Chloride: 12 Container In 1 Case (0264-7635-00)  / 1000 Ml In 1 Container,5.91,5.91,,,0
RC,250,Potassium Chloride In Dextrose And Sodium Chloride: 12 Container In 1 Case (0264-7638-00)  / 1000 Ml In 1 Container,11.74,11.74,,,0
RC,250,Potassium Chloride In Dextrose And Sodium Chloride: 12 Container In 1 Case (0264-7652-00)  / 1000 Ml In 1 Container,7.91,7.91,,,0
RC,250,Potassium Chloride In Dextrose: 1000 Ml In 1 Bag (0338-0683-04),0.57,0.57,,,0
RC,250,Potassium Chloride In Sodium Chloride: 12 Container In 1 Case (0264-7865-00)  / 1000 Ml In 1 Container,3.53,3.53,,,0
RC,250,Potassium Chloride In Sodium Chloride: 14 Bag In 1 Carton (0338-0691-04)  / 1000 Ml In 1 Bag,1.76,1.76,,,0
RC,250,Potassium Chloride In Sodium Chloride: 14 Bag In 1 Carton (0338-0704-34)  / 1000 Ml In 1 Bag,1.18,1.18,,,0
RC,250,Potassium Chloride in Dextrose and Sodium Chloride: 12 POUCH in 1 CASE (0409-7902-09)  / 1 BAG in 1 POUCH / 1000 mL in 1 BAG,13.72,13.72,,,0
RC,250,"Potassium Chloride: 100 Blister Pack In 1 Carton (0904-7293-61)  / 1 Tablet, Extended Release In 1 Blister Pack",0.5,0.5,,,0
RC,250,"Potassium Chloride: 100 Tablet, Extended Release In 1 Bottle (69238-1069-1)",0.32,0.32,,,0
RC,250,"Potassium Chloride: 100 Tablet, Film Coated, Extended Release In 1 Bottle (42806-423-01)",0.2,0.2,,,0
RC,250,Potassium Chloride: 24 Bag In 1 Carton (0338-0705-48)  / 100 Ml In 1 Bag,0.61,0.61,,,0
RC,250,Potassium Chloride: 24 Bag In 1 Carton (0338-0709-48)  / 100 Ml In 1 Bag,1.23,1.23,,,0
RC,250,Potassium Chloride: 24 Pouch In 1 Case (0990-7074-26)  / 1 Bag In 1 Pouch / 100 Ml In 1 Bag,1.84,1.84,,,0
RC,250,Potassium Chloride: 24 Pouch In 1 Case (0990-7075-26)  / 1 Bag In 1 Pouch / 100 Ml In 1 Bag,0.91,0.91,,,0
RC,250,"Potassium Chloride: 25 Vial, Single-Dose In 1 Tray (0409-6635-01)  / 5 Ml In 1 Vial, Single-Dose (0409-6635-18)",1.44,1.44,,,0
RC,250,Potassium Chloride: 473 Ml In 1 Bottle (0121-0948-16),0.22,0.22,,,0
RC,250,Potassium Chloride: 473 Ml In 1 Bottle (42571-357-07),21.23,21.23,,,0
RC,250,"Potassium Chloride: 473 Ml In 1 Bottle, Plastic (0603-1542-58)",0.84,0.84,,,0
RC,250,"Potassium Citrate: 100 Tablet, Extended Release In 1 Bottle (51407-449-01)",0.28,0.28,,,0
RC,250,"Potassium Iodide: 30 Ml In 1 Bottle, With Applicator (75834-280-30)",4.66,4.66,,,0
RC,250,Potassium Phosphate: 25 Bottle In 1 Carton (70069-747-25)  / 15 Ml In 1 Bottle,6.48,6.48,,,0
RC,250,"Potassium Phosphates: 25 Vial, Single-Dose In 1 Tray (65219-052-29)  / 5 Ml In 1 Vial, Single-Dose (65219-052-09)",20.58,20.58,,,0
RC,250,"Potassium Phosphates: 5 Vial, Single-Dose In 1 Carton (80830-1693-3)  / 5 Ml In 1 Vial, Single-Dose (80830-1693-1)",17.0,17.0,,,0
RC,250,Pradaxa: 10 Blister Pack In 1 Carton (0597-0108-60)  / 6 Capsule In 1 Blister Pack,5.68,5.68,,,0
RC,250,Pradaxa: 60 Blister Pack In 1 Carton (0597-0355-56)  / 1 Capsule In 1 Blister Pack,5.66,5.66,,,0
RC,250,Pradaxa: 60 Blister Pack In 1 Carton (0597-0360-82)  / 1 Capsule In 1 Blister Pack,5.66,5.66,,,0
RC,250,Pramipexole Dihydrochloride: 100 Blister Pack In 1 Carton (0904-6704-61)  / 1 Tablet In 1 Blister Pack,0.47,0.47,,,0
RC,250,Pramipexole Dihydrochloride: 90 Tablet In 1 Bottle (57237-181-90),0.1,0.1,,,0
RC,250,Pramipexole Dihydrochloride: 90 Tablet In 1 Bottle (68462-330-90),0.09,0.09,,,0
RC,250,Pramipexole Dihydrochloride: 90 Tablet In 1 Bottle (68462-333-90),0.2,0.2,,,0
RC,250,"Prasugrel: 30 Tablet, Film Coated In 1 Bottle (60505-4642-3)",0.81,0.81,,,0
RC,250,"Prasugrel: 30 Tablet, Film Coated In 1 Bottle (60505-4643-3)",1.2,1.2,,,0
RC,250,"Prasugrel: 30 Tablet, Film Coated In 1 Bottle (65862-830-30)",1.19,1.19,,,0
RC,250,"Pravastatin Sodium: 100 Blister Pack In 1 Box, Unit-Dose (0904-5891-61)  / 1 Tablet In 1 Blister Pack",0.52,0.52,,,0
RC,250,"Pravastatin Sodium: 100 Blister Pack In 1 Box, Unit-Dose (0904-5892-61)  / 1 Tablet In 1 Blister Pack",0.67,0.67,,,0
RC,250,Pravastatin Sodium: 90 Tablet In 1 Bottle (0093-0771-98),0.49,0.49,,,0
RC,250,Pravastatin Sodium: 90 Tablet In 1 Bottle (16714-559-01),0.35,0.35,,,0
RC,250,Prazosin Hydrochloride: 100 Capsule In 1 Bottle (10135-667-01),0.19,0.19,,,0
RC,250,Prazosin Hydrochloride: 100 Capsule In 1 Bottle (70954-019-10),0.21,0.21,,,0
RC,250,Prazosin Hydrochloride: 100 Capsule In 1 Bottle (70954-020-10),0.28,0.28,,,0
RC,250,Prazosin Hydrochloride: 100 Capsule In 1 Bottle (70954-021-10),0.4,0.4,,,0
RC,250,"Prazosin Hydrochloride: 100 Capsule In 1 Bottle, Plastic (0378-3205-01)",2.37,2.37,,,0
RC,250,Prazosin Hydrochloride: 90 Capsule In 1 Bottle (70954-019-50),0.36,0.36,,,0
RC,250,"Prednisolone Acetate: 1 Bottle, Plastic In 1 Carton (61314-637-05)  / 5 Ml In 1 Bottle, Plastic",1.0,1.0,,,0
RC,250,Prednisolone Sodium Phosphate: 237 Ml In 1 Bottle (0121-0759-08),0.19,0.19,,,0
RC,250,Prednisone: 100 Blister Pack In 1 Carton (0904-6923-61)  / 1 Tablet In 1 Blister Pack,0.02,0.02,,,0
RC,250,Prednisone: 100 Tablet In 1 Bottle (10135-779-01),0.01,0.01,,,0
RC,250,Prednisone: 100 Tablet In 1 Bottle (59651-484-01),0.14,0.14,,,0
RC,250,Prednisone: 100 Tablet In 1 Bottle (59651-485-01),0.05,0.05,,,0
RC,250,Prednisone: 100 Tablet In 1 Bottle (59651-489-01),0.01,0.01,,,0
RC,250,Prednisone: 100 Tablet In 1 Bottle (59746-172-06),0.06,0.06,,,0
RC,250,Prednisone: 100 Tablet In 1 Bottle (59746-173-06),0.03,0.03,,,0
RC,250,Prednisone: 100 Tablet In 1 Bottle (59746-175-06),0.01,0.01,,,0
RC,250,"Prednisone: 100 Tablet In 1 Bottle, Plastic (0054-0019-25)",0.01,0.01,,,0
RC,250,"Pregabalin: 100 Blister Pack In 1 Box, Unit-Dose (60687-473-01)  / 1 Capsule In 1 Blister Pack (60687-473-11)",0.8,0.8,,,0
RC,250,"Pregabalin: 100 Blister Pack In 1 Box, Unit-Dose (60687-484-01)  / 1 Capsule In 1 Blister Pack (60687-484-11)",0.76,0.76,,,0
RC,250,Pregabalin: 100 Blister Pack In 1 Carton (0904-6992-61)  / 1 Capsule In 1 Blister Pack,0.85,0.85,,,0
RC,250,Pregabalin: 100 Blister Pack In 1 Carton (0904-7000-61)  / 1 Capsule In 1 Blister Pack,1.39,1.39,,,0
RC,250,Pregabalin: 100 Blister Pack In 1 Carton (0904-7001-61)  / 1 Capsule In 1 Blister Pack,0.86,0.86,,,0
RC,250,Pregabalin: 90 Capsule In 1 Bottle (72205-011-90),0.1,0.1,,,0
RC,250,Pregabalin: 90 Capsule In 1 Bottle (72205-012-90),0.1,0.1,,,0
RC,250,"Premarin Vaginal: 1 Tube, With Applicator In 1 Carton (0046-0872-21)  / 30 G In 1 Tube, With Applicator",821.32,821.32,,,0
RC,250,Premarin: 1 Vial In 1 Carton (0046-0749-05)  / 5 Ml In 1 Vial,681.14,681.14,,,0
RC,250,Prevalite: 42 Packet In 1 Carton (0245-0036-42)  / 5.5 G In 1 Packet (0245-0036-89),3.6,3.6,,,0
RC,250,Prevnar 20: 1 Syringe In 1 Carton (0005-2000-02)  / .5 Ml In 1 Syringe (0005-2000-01),444.7,444.7,,,0
RC,250,"Prezcobix: 30 Tablet, Film Coated In 1 Bottle (59676-575-30)",148.34,148.34,,,0
RC,250,"Prezista: 30 Tablet, Film Coated In 1 Bottle, Plastic (59676-566-30)",129.95,129.95,,,0
RC,250,Primidone: 100 Tablet In 1 Bottle (0527-1231-01),0.18,0.18,,,0
RC,250,Primidone: 100 Tablet In 1 Bottle (0527-1301-01),0.1,0.1,,,0
RC,250,"Pristiq Extended-Release: 90 Tablet, Extended Release In 1 Bottle, Plastic (0008-1222-01)",26.39,26.39,,,0
RC,250,"Probenecid: 100 Tablet, Film Coated In 1 Bottle, Plastic (0591-5347-01)",0.86,0.86,,,0
RC,250,"Prochlorperazine Edisylate: 1 Vial, Multi-Dose In 1 Carton (55150-360-01)  / 2 Ml In 1 Vial, Multi-Dose",1.54,1.54,,,0
RC,250,Prochlorperazine Edisylate: 10 Vial In 1 Carton (25021-790-02)  / 2 Ml In 1 Vial,3.0,3.0,,,0
RC,250,Prochlorperazine Maleate: 100 Tablet In 1 Bottle (59746-113-06),0.5,0.5,,,0
RC,250,Prochlorperazine Maleate: 100 Tablet In 1 Bottle (59746-115-06),0.42,0.42,,,0
RC,250,Proctofoam Hc: 1 Canister In 1 Carton (0037-6822-10)  / 10 G In 1 Canister,329.06,329.06,,,0
RC,250,Progesterone: 100 Capsule In 1 Bottle (69452-233-20),0.44,0.44,,,0
RC,250,"Promacta: 30 Tablet, Film Coated In 1 Bottle (0078-0685-15)",511.33,511.33,,,0
RC,250,Promethazine Hydrochloride: 100 Tablet In 1 Bottle (53746-745-01),0.12,0.12,,,0
RC,250,"Propafenone Hydrochloride: 100 Tablet, Coated In 1 Bottle (62559-231-01)",0.74,0.74,,,0
RC,250,Proparacaine Hydrochloride: 1 Bottle In 1 Carton (61314-016-01)  / 15 Ml In 1 Bottle,1.0,1.0,,,0
RC,250,"Proparacaine Hydrochloride: 1 Bottle, Dropper In 1 Carton (24208-730-06)  / 15 Ml In 1 Bottle, Dropper",1.0,1.0,,,0
RC,250,Propofol: 10 Vial In 1 Tray (0409-4699-24)  / 100 Ml In 1 Vial (0409-4699-54),0.19,0.19,,,0
RC,250,Propofol: 20 Vial In 1 Carton (80830-2364-8)  / 50 Ml In 1 Vial (80830-2364-1),0.12,0.12,,,0
RC,250,Propofol: 20 Vial In 1 Tray (0409-4699-33)  / 50 Ml In 1 Vial (0409-4699-53),0.16,0.16,,,0
RC,250,Propofol: 25 Vial In 1 Carton (25021-608-20)  / 20 Ml In 1 Vial,0.48,0.48,,,0
RC,250,Propranolol Hydrochloride: 100 Blister Pack In 1 Carton (0904-6550-61)  / 1 Tablet In 1 Blister Pack,0.3,0.3,,,0
RC,250,Propranolol Hydrochloride: 100 Tablet In 1 Bottle (69238-2077-1),0.3,0.3,,,0
RC,250,"Propranolol Hydrochloride: 100 Tablet In 1 Bottle, Plastic (0378-0182-01)",0.3,0.3,,,0
RC,250,"Propranolol Hydrochloride: 500 Ml In 1 Bottle, Plastic (0054-3727-63)",0.29,0.29,,,0
RC,250,"Protamine Sulfate: 1 Vial, Single-Dose In 1 Box (63323-229-30)  / 25 Ml In 1 Vial, Single-Dose",2.25,2.25,,,0
RC,250,"Protamine Sulfate: 1 Vial, Single-Dose In 1 Box (63323-229-95)  / 25 Ml In 1 Vial, Single-Dose",1.41,1.41,,,0
RC,250,Protonix I.V.: 1 Vial In 1 Carton (0008-0923-51)  / 10 Ml In 1 Vial,4.71,4.71,,,0
RC,250,Pseudoephedrine Hydrochloride: 30 Tablet In 1 Bottle (0904-6728-46),0.11,0.11,,,0
RC,250,Pseudoephedrine Hydrochloride: 5 Blister Pack In 1 Box (0904-6907-06)  / 10 Tablet In 1 Blister Pack,0.1,0.1,,,0
RC,250,Pyrazinamide: 100 Tablet In 1 Bottle (10135-735-01),6.46,6.46,,,0
RC,250,Pyrazinamide: 60 Tablet In 1 Bottle (70954-484-10),8.22,8.22,,,0
RC,250,Pyrazinamide: 60 Tablet In 1 Container (0054-0812-21),6.57,6.57,,,0
RC,250,Pyridostigmine Bromide: 100 Tablet In 1 Bottle (0115-3511-01),0.47,0.47,,,0
RC,250,Pyridostigmine: 473 Ml In 1 Bottle (70954-148-10),7.82,7.82,,,0
RC,250,Pyridoxine Hydrochloride: 25 Vial In 1 Tray (63323-180-01)  / 1 Ml In 1 Vial (63323-180-00),19.1,19.1,,,0
RC,250,"Pyrimethamine: 30 Tablet In 1 Bottle, Plastic (43598-672-30)",409.29,409.29,,,0
RC,250,Quetiapine Fumarate: 100 Tablet In 1 Bottle (0054-0221-25),0.59,0.59,,,0
RC,250,"Quetiapine Fumarate: 100 Tablet, Film Coated In 1 Bottle (65862-489-01)",0.03,0.03,,,0
RC,250,Quetiapine Fumarate: 1000 Tablet In 1 Bottle (68180-445-03),0.05,0.05,,,0
RC,250,"Quetiapine: 100 Blister Pack In 1 Carton (0904-6638-61)  / 1 Tablet, Film Coated In 1 Blister Pack",0.4,0.4,,,0
RC,250,"Quetiapine: 100 Blister Pack In 1 Carton (0904-6640-61)  / 1 Tablet, Film Coated In 1 Blister Pack",0.59,0.59,,,0
RC,250,"Quetiapine: 100 Blister Pack In 1 Carton (0904-6642-61)  / 1 Tablet, Film Coated In 1 Blister Pack",0.47,0.47,,,0
RC,250,"Quetiapine: 100 Tablet, Film Coated In 1 Bottle (16714-452-01)",0.32,0.32,,,0
RC,250,"Quetiapine: 100 Tablet, Film Coated In 1 Bottle (16729-145-01)",0.19,0.19,,,0
RC,250,Quillivant Xr: 1 Bottle In 1 Carton (24478-321-02)  / 60 Ml In 1 Bottle,79.17,79.17,,,0
RC,250,"Qvar Redihaler: 1 Inhaler In 1 Carton (59310-302-40)  / 1 Canister In 1 Inhaler / 120 Aerosol, Metered In 1 Canister",394.1,394.1,,,0
RC,250,"Qvar Redihaler: 1 Inhaler In 1 Carton (59310-304-80)  / 1 Canister In 1 Inhaler / 120 Aerosol, Metered In 1 Canister",530.0,530.0,,,0
RC,250,R-Gene: 1 Container In 1 Carton (0009-0436-01)  / 300 Ml In 1 Container,8.49,8.49,,,0
RC,250,"Rabavert: 1 Kit In 1 Carton (50632-010-01)  *  1 Ml In 1 Syringe (50632-011-01)  *  1 Ml In 1 Vial, Glass (50632-013-01)",538.5,538.5,,,0
RC,250,"Ranolazine: 60 Tablet, Film Coated, Extended Release In 1 Bottle (70756-703-60)",0.43,0.43,,,0
RC,250,Ready-To-Use: 1 Bottle In 1 Carton (0536-7415-51)  / 133 Ml In 1 Bottle,2.87,2.87,,,0
RC,250,Recothrom: 1 Kit In 1 Kit (0338-0322-01)  *  5 Ml In 1 Vial (0338-0324-01)  *  5 Ml In 1 Syringe,134.01,134.01,,,0
RC,250,"Refresh Celluvisc: 30 Vial, Single-Use In 1 Carton (0023-4554-30)  / .4 Ml In 1 Vial, Single-Use",0.11,0.11,,,0
RC,250,Refresh Lacri-Lube: 1 Tube In 1 Carton (0023-0312-04)  / 3.5 G In 1 Tube,19.15,19.15,,,0
RC,250,"Regadenoson: 1 Syringe, Plastic In 1 Carton (71288-201-85)  / 5 Ml In 1 Syringe, Plastic",4.35,4.35,,,0
RC,250,"Reglan: 100 Tablet In 1 Bottle, Plastic (62559-166-01)",6.74,6.74,,,0
RC,250,Regular Strength Antacid/Antigas: 355 Ml In 1 Bottle (0536-1317-83),0.05,0.05,,,0
RC,250,"Relistor: 1 Vial, Single-Dose In 1 Carton (65649-551-02)  / .6 Ml In 1 Vial, Single-Dose",169.33,169.33,,,0
RC,250,"Relpax: 12 Blister Pack In 1 Carton (0049-2340-05)  / 1 Tablet, Film Coated In 1 Blister Pack (0049-2340-79)",145.94,145.94,,,0
RC,250,"Restasis: 30 Vial, Single-Use In 1 Tray (0023-9163-30)  / .4 Ml In 1 Vial, Single-Use",2.43,2.43,,,0
RC,250,"Retacrit: 10 Vial, Single-Dose In 1 Carton (0069-1306-10)  / 1 Ml In 1 Vial, Single-Dose (0069-1306-01)",1.78,1.78,,,0
RC,250,"Retacrit: 10 Vial, Single-Dose In 1 Carton (0069-1307-10)  / 1 Ml In 1 Vial, Single-Dose (0069-1307-01)",2.09,2.09,,,0
RC,250,Rexulti: 1 Bottle In 1 Carton (59148-035-13)  / 30 Tablet In 1 Bottle,90.53,90.53,,,0
RC,250,Rexulti: 1 Bottle In 1 Carton (59148-037-13)  / 30 Tablet In 1 Bottle,88.12,88.12,,,0
RC,250,"Rhophylac: 1 Syringe, Glass In 1 Carton (44206-300-01)  / 2 Ml In 1 Syringe, Glass (44206-300-90)",140.82,140.82,,,0
RC,250,Rifabutin: 100 Capsule In 1 Bottle (10135-738-01),8.39,8.39,,,0
RC,250,Rifabutin: 100 Capsule In 1 Bottle (59762-1350-1),25.06,25.06,,,0
RC,250,"Rifadin Iv: 1 Vial, Glass In 1 Carton (0068-0597-01)  / 10 Ml In 1 Vial, Glass",0.22,0.22,,,0
RC,250,Rifampin: 1 Vial In 1 Carton (67457-445-60)  / 10 Ml In 1 Vial,0.46,0.46,,,0
RC,250,Riluzole: 60 Tablet In 1 Bottle (67877-286-60),0.97,0.97,,,0
RC,250,"Rinvoq: 30 Tablet, Extended Release In 1 Bottle (0074-2306-30)",395.39,395.39,,,0
RC,250,Risperdal: 30 Ml In 1 Bottle (50458-305-03),9.71,9.71,,,0
RC,250,"Risperidone: 100 Blister Pack In 1 Carton (0904-7360-61)  / 1 Tablet, Film Coated In 1 Blister Pack",0.3,0.3,,,0
RC,250,"Risperidone: 100 Blister Pack In 1 Carton (0904-7362-61)  / 1 Tablet, Film Coated In 1 Blister Pack",0.21,0.21,,,0
RC,250,"Risperidone: 100 Blister Pack In 1 Carton (0904-7363-61)  / 1 Tablet, Film Coated In 1 Blister Pack",0.19,0.19,,,0
RC,250,"Risperidone: 100 Tablet In 1 Box, Unit-Dose (0904-6359-61)",0.32,0.32,,,0
RC,250,"Risperidone: 100 Tablet In 1 Box, Unit-Dose (0904-6360-61)",0.2,0.2,,,0
RC,250,"Risperidone: 3 Blister Pack In 1 Carton (59746-010-32)  / 10 Tablet, Orally Disintegrating In 1 Blister Pack",1.32,1.32,,,0
RC,250,"Risperidone: 30 Ml In 1 Bottle, Unit-Dose (27808-002-01)",1.6,1.6,,,0
RC,250,"Risperidone: 7 Blister Pack In 1 Carton (49884-311-91)  / 4 Tablet, Orally Disintegrating In 1 Blister Pack (49884-311-52)",6.32,6.32,,,0
RC,250,"Risperidone: 7 Blister Pack In 1 Carton (59746-020-22)  / 4 Tablet, Orally Disintegrating In 1 Blister Pack",1.73,1.73,,,0
RC,250,"Ritonavir: 30 Tablet, Film Coated In 1 Bottle (65862-687-30)",3.22,3.22,,,0
RC,250,Rivastigmine Tartrate: 60 Capsule In 1 Bottle (33342-089-09),0.48,0.48,,,0
RC,250,Rivastigmine Tartrate: 60 Capsule In 1 Bottle (33342-090-09),0.49,0.49,,,0
RC,250,Rivastigmine Tartrate: 60 Capsule In 1 Bottle (55111-352-60),1.06,1.06,,,0
RC,250,"Rocuronium Bromide: 10 VIAL, MULTI-DOSE in 1 CARTON (67457-574-10)  / 10 mL in 1 VIAL, MULTI-DOSE (67457-574-00)",7.25,7.25,,,0
RC,250,"Rocuronium Bromide: 10 Vial, Multi-Dose In 1 Carton (55150-225-05)  / 5 Ml In 1 Vial, Multi-Dose",2.77,2.77,,,0
RC,250,"Rocuronium Bromide: 10 Vial, Multi-Dose In 1 Carton (67457-228-05)  / 5 Ml In 1 Vial, Multi-Dose (67457-228-00)",2.02,2.02,,,0
RC,250,"Rocuronium Bromide: 10 Vial, Multi-Dose In 1 Carton (71288-700-06)  / 5 Ml In 1 Vial, Multi-Dose (71288-700-05)",2.21,2.21,,,0
RC,250,Roflumilast: 30 Tablet In 1 Bottle (59651-275-30),0.55,0.55,,,0
RC,250,"Ropinirole Hydrochloride: 100 Tablet, Film Coated In 1 Bottle, Plastic (43547-269-10)",0.22,0.22,,,0
RC,250,"Ropinirole Hydrochloride: 100 Tablet, Film Coated In 1 Bottle, Plastic (43547-273-10)",0.22,0.22,,,0
RC,250,"Ropinirole: 100 Blister Pack In 1 Carton (0904-6373-61)  / 1 Tablet, Film Coated In 1 Blister Pack",0.85,0.85,,,0
RC,250,"Ropinirole: 100 Blister Pack In 1 Carton (0904-6374-61)  / 1 Tablet, Film Coated In 1 Blister Pack",0.62,0.62,,,0
RC,250,"Ropinirole: 100 Tablet, Film Coated In 1 Bottle (68462-255-01)",0.18,0.18,,,0
RC,250,"Ropinirole: 100 Tablet, Film Coated In 1 Bottle (68462-258-01)",0.2,0.2,,,0
RC,250,Ropivacaine Hydrochloride: 1 Vial In 1 Carton (70069-064-01)  / 30 Ml In 1 Vial,0.04,0.04,,,0
RC,250,"Rosuvastatin Calcium: 100 Blister Pack In 1 Carton (0904-6778-61)  / 1 Tablet, Coated In 1 Blister Pack",1.45,1.45,,,0
RC,250,"Rosuvastatin Calcium: 90 Tablet, Film Coated In 1 Bottle (16714-988-01)",0.12,0.12,,,0
RC,250,"Rosuvastatin Calcium: 90 Tablet, Film Coated In 1 Bottle (16714-989-01)",0.16,0.16,,,0
RC,250,"Rosuvastatin Calcium: 90 Tablet, Film Coated In 1 Bottle (16714-990-01)",0.14,0.14,,,0
RC,250,"Rosuvastatin Calcium: 90 Tablet, Film Coated In 1 Bottle (27808-155-01)",0.18,0.18,,,0
RC,250,"Rosuvastatin Calcium: 90 Tablet, Film Coated In 1 Bottle (68462-262-90)",0.35,0.35,,,0
RC,250,Rufinamide: 120 Tablet In 1 Bottle (42571-392-12),2.71,2.71,,,0
RC,250,"Rugby Anti-Itch: 212 G In 1 Bottle, Pump (0536-1268-12)",7.38,7.38,,,0
RC,250,Rugby Benzoyl Peroxide Acne Medication: 1 Tube In 1 Carton (0536-1055-56)  / 42.5 Ml In 1 Tube,7.09,7.09,,,0
RC,250,"Rugby Cherry Flavor: 177 Ml In 1 Bottle, Spray (0536-1228-58)",4.62,4.62,,,0
RC,250,Rugby Hemorrhoidal: 12 Blister Pack In 1 Carton (0536-1186-12)  / 1 Suppository In 1 Blister Pack,0.31,0.31,,,0
RC,250,Rugby Muscle Rub Cream: 1 Tube In 1 Carton (0536-1349-57)  / 85 G In 1 Tube,4.5,4.5,,,0
RC,250,"Rugby Nicotine Polacrilex Gum, Mint Flavor: 11 Blister Pack In 1 Carton (0536-1362-23)  / 10 Gum, Chewing In 1 Blister Pack",0.21,0.21,,,0
RC,250,"Rugby Polyvinyl Alcohol 1.4% Lubricating Eye Drops: 1 Bottle, Dropper In 1 Box (0536-1408-94)  / 15 Ml In 1 Bottle, Dropper",9.67,9.67,,,0
RC,250,"Rugby Regular Strength Acetaminophen: 1000 Tablet In 1 Bottle, Plastic (0536-1327-10)",0.02,0.02,,,0
RC,250,Rugby Zinc Oxide 20%: 72 Tube In 1 Case (0536-1316-28)  / 30 G In 1 Tube,2.96,2.96,,,0
RC,250,"Rytary: 100 Capsule, Extended Release In 1 Bottle (64896-662-01)",7.51,7.51,,,0
RC,250,"Rytary: 100 Capsule, Extended Release In 1 Bottle (64896-663-01)",7.51,7.51,,,0
RC,250,"Rytary: 100 Capsule, Extended Release In 1 Bottle (64896-664-01)",9.35,9.35,,,0
RC,250,"S2: 30 Pouch In 1 Carton (0487-5901-99)  / 1 Vial, Single-Use In 1 Pouch / .5 Ml In 1 Vial, Single-Use",3.62,3.62,,,0
RC,250,"Sacubitril And Valsartan: 60 Tablet, Film Coated In 1 Bottle (72205-280-60)",1.72,1.72,,,0
RC,250,"Sarna: 222 Ml In 1 Bottle, Pump (0316-0229-75)",11.39,11.39,,,0
RC,250,"Savaysa: 30 Tablet, Film Coated In 1 Bottle (65597-203-30)",26.43,26.43,,,0
RC,250,"Scopolamine: 24 Pouch In 1 Carton (50742-505-24)  / 1 Patch, Extended Release In 1 Pouch",9.09,9.09,,,0
RC,250,Selegiline Hydrochloride: 60 Tablet In 1 Bottle (60505-3438-3),1.71,1.71,,,0
RC,250,Selenium Sulfide: 180 Ml In 1 Bottle (69367-229-18),121.68,121.68,,,0
RC,250,"Senna Time: 1000 Tablet, Coated In 1 Bottle, Plastic (49483-080-10)",0.02,0.02,,,0
RC,250,"Senna-Lax: 10 Blister Pack In 1 Box (0904-6522-61)  / 10 Tablet, Film Coated In 1 Blister Pack",0.07,0.07,,,0
RC,250,Senna: 100 Tablet In 1 Bottle (69618-064-01),0.03,0.03,,,0
RC,250,"Sennosides: 10 Blister Pack In 1 Box, Unit-Dose (0904-7252-61)  / 10 Tablet, Film Coated In 1 Blister Pack",0.06,0.06,,,0
RC,250,"Sennosides: 1000 Tablet, Film Coated In 1 Bottle (0904-7252-80)",0.02,0.02,,,0
RC,250,"Sensipar: 30 Tablet, Coated In 1 Bottle, Plastic (55513-073-30)",31.59,31.59,,,0
RC,250,"Sensorcaine Mpf: 25 Vial, Single-Dose In 1 Tray (63323-462-17)  / 10 Ml In 1 Vial, Single-Dose (63323-462-04)",8.88,8.88,,,0
RC,250,"Sensorcaine Mpf: 25 Vial, Single-Dose In 1 Tray (63323-472-17)  / 10 Ml In 1 Vial, Single-Dose (63323-472-03)",0.07,0.07,,,0
RC,250,"Sertraline Hydrochloride: 1 Bottle, Plastic In 1 Carton (16714-601-02)  / 60 Ml In 1 Bottle, Plastic",4.51,4.51,,,0
RC,250,"Sertraline Hydrochloride: 100 Tablet, Film Coated In 1 Bottle (16714-611-04)",0.1,0.1,,,0
RC,250,"Sertraline Hydrochloride: 100 Tablet, Film Coated In 1 Bottle (16714-612-04)",0.16,0.16,,,0
RC,250,"Sertraline Hydrochloride: 100 Tablet, Film Coated In 1 Bottle (16714-613-04)",0.12,0.12,,,0
RC,250,"Sevelamer Carbonate: 270 Tablet, Film Coated In 1 Bottle (16714-814-01)",0.49,0.49,,,0
RC,250,"Sevelamer Carbonate: 270 Tablet, Film Coated In 1 Bottle (65862-921-27)",0.43,0.43,,,0
RC,250,"Sevelamer Hydrochloride: 180 Tablet, Film Coated In 1 Bottle (0955-1048-18)",10.84,10.84,,,0
RC,250,"Sildenafil: 1 Vial, Single-Dose In 1 Carton (55150-166-13)  / 12.5 Ml In 1 Vial, Single-Dose",212.38,212.38,,,0
RC,250,"Sildenafil: 50 Blister Pack In 1 Carton (0904-6671-06)  / 1 Tablet, Film Coated In 1 Blister Pack",0.79,0.79,,,0
RC,250,Sildenafil: 90 Tablet In 1 Bottle (65162-351-09),0.15,0.15,,,0
RC,250,Silvadene: 400 G In 1 Jar (61570-131-40),64.99,64.99,,,0
RC,250,Silvadene: 50 G In 1 Jar (61570-131-50),15.98,15.98,,,0
RC,250,Silver Nitrate Applicators: 100 Applicator In 1 Vial (12870-0001-2)  / 100 Mg In 1 Applicator,1.29,1.29,,,0
RC,250,Silver Sulfadiazine: 400 G In 1 Jar (67877-124-40),104.76,104.76,,,0
RC,250,"Simethicone: 100 Tablet, Chewable In 1 Bottle (57896-791-01)",0.04,0.04,,,0
RC,250,"Simvastatin: 30 Tablet, Film Coated In 1 Bottle (16714-682-01)",0.12,0.12,,,0
RC,250,"Simvastatin: 90 Tablet, Film Coated In 1 Bottle (16714-682-02)",0.08,0.08,,,0
RC,250,"Simvastatin: 90 Tablet, Film Coated In 1 Bottle (16714-683-02)",0.09,0.09,,,0
RC,250,"Sodium Acetate: 25 Vial, Single-Dose In 1 Tray (0409-7299-73)  / 20 Ml In 1 Vial, Single-Dose (0409-7299-83)",7.16,7.16,,,0
RC,250,"Sodium Acetate: 50 Ml In 1 Vial, Pharmacy Bulk Package (69784-230-10)",34.15,34.15,,,0
RC,250,Sodium Bicarbonate 10 Gr. (650 Mg): 100 Blister Pack In 1 Box (77333-827-10)  / 1 Tablet In 1 Blister Pack (77333-827-25),0.23,0.23,,,0
RC,250,Sodium Bicarbonate Antacid: 1000 Tablet In 1 Bottle (0536-1046-10),0.03,0.03,,,0
RC,250,Sodium Bicarbonate Antacid: 1000 Tablet In 1 Bottle (0536-1047-10),0.02,0.02,,,0
RC,250,Sodium Bicarbonate: 1 Syringe In 1 Carton (76329-3352-1)  / 50 Ml In 1 Syringe,32.05,32.05,,,0
RC,250,"Sodium Bicarbonate: 10 Blister Pack In 1 Box, Unit-Dose (0904-7261-61)  / 10 Tablet In 1 Blister Pack",0.22,0.22,,,0
RC,250,Sodium Bicarbonate: 25 VIAL in 1 TRAY (0409-6625-02)  / 50 mL in 1 VIAL,15.59,15.59,,,0
RC,250,"Sodium Bicarbonate: 25 Vial, Single-Dose In 1 Tray (63323-089-50)  / 50 Ml In 1 Vial, Single-Dose (63323-089-25)",44.19,44.19,,,0
RC,250,Sodium Chloride For Irrigation: 4 Container In 1 Case (0264-7388-50)  / 2000 Ml In 1 Container,19.11,19.11,,,0
RC,250,Sodium Chloride: 1 Bag In 1 Package (0338-0049-48)  / 100 Ml In 1 Bag,3.04,3.04,,,0
RC,250,Sodium Chloride: 100 Ml In 1 Bag (0338-0553-18),5.04,5.04,,,0
RC,250,Sodium Chloride: 100 Ml In 1 Bag (0338-9159-30),5.51,5.51,,,0
RC,250,Sodium Chloride: 1000 Ml In 1 Bag (0338-0043-04),6.86,6.86,,,0
RC,250,Sodium Chloride: 1000 Ml In 1 Bag (0338-0049-04),3.68,3.68,,,0
RC,250,"Sodium Chloride: 12 BOTTLE, PLASTIC in 1 CASE (0409-7138-09)  / 1000 mL in 1 BOTTLE, PLASTIC",9.5,9.5,,,0
RC,250,Sodium Chloride: 12 Container In 1 Case (0264-5802-00)  / 1000 Ml In 1 Container,2.1,2.1,,,0
RC,250,Sodium Chloride: 12 Container In 1 Case (0264-5804-00)  / 1000 Ml In 1 Container,5.81,5.81,,,0
RC,250,Sodium Chloride: 12 Container In 1 Case (0264-7800-00)  / 1000 Ml In 1 Container,5.88,5.88,,,0
RC,250,Sodium Chloride: 12 Container In 1 Case (0264-7800-09)  / 1000 Ml In 1 Container,2.94,2.94,,,0
RC,250,Sodium Chloride: 12 Container In 1 Case (0264-7802-00)  / 1000 Ml In 1 Container,5.79,5.79,,,0
RC,250,Sodium Chloride: 12 POUCH in 1 CASE (0409-7983-09)  / 1 BAG in 1 POUCH / 1000 mL in 1 BAG,1.0,1.0,,,0
RC,250,Sodium Chloride: 12 POUCH in 1 CASE (0409-7985-09)  / 1 BAG in 1 POUCH / 1000 mL in 1 BAG,9.65,9.65,,,0
RC,250,Sodium Chloride: 16 Bag In 1 Package (0338-0049-31)  / 50 Ml In 1 Bag,2.08,2.08,,,0
RC,250,Sodium Chloride: 16 Bag In 1 Package (0338-0049-38)  / 100 Ml In 1 Bag,2.28,2.28,,,0
RC,250,Sodium Chloride: 16 Container In 1 Case (0264-2201-00)  / 1000 Ml In 1 Container,5.88,5.88,,,0
RC,250,Sodium Chloride: 16 Container In 1 Case (0264-2201-10)  / 500 Ml In 1 Container,4.75,4.75,,,0
RC,250,"Sodium Chloride: 18 Bottle, Plastic In 1 Carton (0338-0048-03)  / 500 Ml In 1 Bottle, Plastic",2.68,2.68,,,0
RC,250,Sodium Chloride: 18 Pouch In 1 Case (0990-7983-55)  / 1 Bag In 1 Pouch / 500 Ml In 1 Bag,11.11,11.11,,,0
RC,250,Sodium Chloride: 20 POUCH in 1 CASE (0409-7984-36)  / 4 BAG in 1 POUCH / 50 mL in 1 BAG,4.59,4.59,,,0
RC,250,Sodium Chloride: 20 POUCH in 1 CASE (0409-7984-37)  / 4 BAG in 1 POUCH / 100 mL in 1 BAG,9.48,9.48,,,0
RC,250,Sodium Chloride: 20 Pouch In 1 Case (0990-7730-37)  / 4 Bag In 1 Pouch / 100 Ml In 1 Bag,5.72,5.72,,,0
RC,250,Sodium Chloride: 20 Pouch In 1 Case (0990-7984-36)  / 4 Bag In 1 Pouch / 50 Ml In 1 Bag,2.36,2.36,,,0
RC,250,Sodium Chloride: 24 BAG in 1 CASE (0409-7983-25)  / 250 mL in 1 BAG,14.38,14.38,,,0
RC,250,"Sodium Chloride: 24 BOTTLE, PLASTIC in 1 CASE (0409-6138-03)  / 500 mL in 1 BOTTLE, PLASTIC",10.48,10.48,,,0
RC,250,Sodium Chloride: 24 Bag In 1 Carton (0338-0054-03)  / 500 Ml In 1 Bag,0.23,0.23,,,0
RC,250,"Sodium Chloride: 24 Bottle, Plastic In 1 Case (0990-6138-22)  / 250 Ml In 1 Bottle, Plastic",9.8,9.8,,,0
RC,250,Sodium Chloride: 24 Container In 1 Case (0264-5802-10)  / 500 Ml In 1 Container,3.85,3.85,,,0
RC,250,Sodium Chloride: 24 Container In 1 Case (0264-7800-10)  / 500 Ml In 1 Container,5.12,5.12,,,0
RC,250,Sodium Chloride: 24 Container In 1 Case (0264-7800-20)  / 250 Ml In 1 Container,1.06,1.06,,,0
RC,250,Sodium Chloride: 24 Container In 1 Case (0264-7802-10)  / 500 Ml In 1 Container,3.58,3.58,,,0
RC,250,Sodium Chloride: 24 Container In 1 Case (0264-7805-10)  / 500 Ml In 1 Container,6.06,6.06,,,0
RC,250,Sodium Chloride: 24 POUCH in 1 CASE (0409-7983-02)  / 1 BAG in 1 POUCH / 250 mL in 1 BAG,12.61,12.61,,,0
RC,250,Sodium Chloride: 24 POUCH in 1 CASE (0409-7983-03)  / 1 BAG in 1 POUCH / 500 mL in 1 BAG,1.0,1.0,,,0
RC,250,Sodium Chloride: 24 Pouch In 1 Case (0990-7983-02)  / 1 Bag In 1 Pouch / 250 Ml In 1 Bag,9.57,9.57,,,0
RC,250,"Sodium Chloride: 25 Vial, Plastic In 1 Tray (63323-093-30)  / 30 Ml In 1 Vial, Plastic (63323-093-01)",7.48,7.48,,,0
RC,250,"Sodium Chloride: 25 Vial, Single-Dose In 1 Tray (0409-4888-10)  / 10 Ml In 1 Vial, Single-Dose (0409-4888-02)",1.67,1.67,,,0
RC,250,"Sodium Chloride: 25 Vial, Single-Dose In 1 Tray (63323-187-30)  / 30 Ml In 1 Vial, Single-Dose",1.13,1.13,,,0
RC,250,Sodium Chloride: 250 Ml In 1 Bag (0338-0049-02),1.0,1.0,,,0
RC,250,Sodium Chloride: 250 Ml In 1 Bag (17271-701-05),3.29,3.29,,,0
RC,250,Sodium Chloride: 4 Bag In 1 Package (0338-0049-11)  / 50 Ml In 1 Bag,2.51,2.51,,,0
RC,250,Sodium Chloride: 4 Bag In 1 Package (0338-0049-18)  / 100 Ml In 1 Bag,3.17,3.17,,,0
RC,250,Sodium Chloride: 48 Pouch In 1 Case (0990-7984-23)  / 1 Bag In 1 Pouch / 100 Ml In 1 Bag,3.86,3.86,,,0
RC,250,Sodium Chloride: 500 Ml In 1 Bag (0338-0049-03),3.83,3.83,,,0
RC,250,Sodium Chloride: 500 Ml In 1 Bag (17271-701-06),6.86,6.86,,,0
RC,250,Sodium Chloride: 60 BAG in 1 CASE (0990-7984-11)  / 100 mL in 1 BAG,1.06,1.06,,,0
RC,250,Sodium Chloride: 64 Container In 1 Case (0264-1800-32)  / 100 Ml In 1 Container,3.53,3.53,,,0
RC,250,Sodium Chloride: 84 Container In 1 Case (0264-1800-31)  / 50 Ml In 1 Container,0.15,0.15,,,0
RC,250,Sodium Chlorode Hypertonicity Ophthalmic Solution: 1 Bottle In 1 Carton (0536-1254-94)  / 15 Ml In 1 Bottle,6.33,6.33,,,0
RC,250,"Sodium Nitroprusside: 1 Vial, Glass In 1 Carton (14789-012-02)  / 2 Ml In 1 Vial, Glass",124.57,124.57,,,0
RC,250,"Sodium Nitroprusside: 1 Vial, Single-Dose In 1 Carton (43598-587-23)  / 2 Ml In 1 Vial, Single-Dose",17.71,17.71,,,0
RC,250,"Sodium Nitroprusside: 1 Vial, Single-Dose In 1 Carton (72485-105-01)  / 2 Ml In 1 Vial, Single-Dose",21.65,21.65,,,0
RC,250,"Sodium Phosphates: 25 Vial, Single-Dose In 1 Tray (0409-7391-72)  / 15 Ml In 1 Vial, Single-Dose (0409-7391-82)",23.48,23.48,,,0
RC,250,"Sodium Phosphates: 25 Vial, Single-Dose In 1 Tray (63323-884-06)  / 5 Ml In 1 Vial, Single-Dose (63323-884-01)",12.6,12.6,,,0
RC,250,"Sodium Polystyrene Sulfonate: 10 Bottle, Unit-Dose In 1 Carton (46287-006-60)  / 60 Ml In 1 Bottle, Unit-Dose",43.48,43.48,,,0
RC,250,"Sodium Sulfate, Potassium Sulfate And Magnesium Sulfate Oral: 2 Bottle In 1 Carton (64380-116-01)  / 177 Ml In 1 Bottle (64380-116-02)",118.05,118.05,,,0
RC,250,"Sodium Thiosulfate: 50 Ml In 1 Vial, Single-Dose (60267-705-50)",192.63,192.63,,,0
RC,250,Solu-Cortef: 1 Vial In 1 Carton (0009-0825-01)  / 2 Ml In 1 Vial,27.98,27.98,,,0
RC,250,Solu-Medrol: 1 Vial In 1 Carton (0009-0018-20)  / 8 Ml In 1 Vial,0.53,0.53,,,0
RC,250,"Soma: 100 Tablet In 1 Bottle, Plastic (0037-2001-01)",20.33,20.33,,,0
RC,250,"Sore Throat Cherry: 177 Ml In 1 Bottle, Spray (0904-6305-21)",3.47,3.47,,,0
RC,250,Sotalol Hydrochloride: 100 Tablet In 1 Bottle (0093-1061-01),0.09,0.09,,,0
RC,250,"Spiriva Respimat: 1 Cartridge In 1 Carton (0597-0100-51)  / 10 Spray, Metered In 1 Cartridge",67.78,67.78,,,0
RC,250,"Spironolactone: 10 Blister Pack In 1 Box, Unit-Dose (63739-544-10)  / 10 Tablet In 1 Blister Pack",0.2,0.2,,,0
RC,250,"Spironolactone: 100 Blister Pack In 1 Carton (0904-6927-61)  / 1 Tablet, Film Coated In 1 Blister Pack",0.18,0.18,,,0
RC,250,Spironolactone: 100 Tablet In 1 Bottle (53746-511-01),0.09,0.09,,,0
RC,250,Spironolactone: 100 Tablet In 1 Bottle (72603-134-01),0.1,0.1,,,0
RC,250,"Spironolactone: 100 Tablet, Film Coated In 1 Bottle (59746-216-01)",0.06,0.06,,,0
RC,250,"Spironolactone: 100 Tablet, Film Coated In 1 Bottle, Plastic (0378-2146-01)",0.18,0.18,,,0
RC,250,Spironolactone: 118 Ml In 1 Bottle (69238-2027-8),2.11,2.11,,,0
RC,250,Ssd Cream: 400 G In 1 Jar (43598-210-40),68.01,68.01,,,0
RC,250,Ssd Cream: 50 G In 1 Jar (43598-210-55),12.59,12.59,,,0
RC,250,"Sterile Water: 12 BOTTLE, PLASTIC in 1 CASE (0409-7139-09)  / 1000 mL in 1 BOTTLE, PLASTIC",11.57,11.57,,,0
RC,250,"Sterile Water: 12 Bottle, Plastic In 1 Carton (0338-0004-04)  / 1000 Ml In 1 Bottle, Plastic",1.79,1.79,,,0
RC,250,"Sterile Water: 12 Bottle, Plastic In 1 Case (0990-7139-09)  / 1000 Ml In 1 Bottle, Plastic",9.51,9.51,,,0
RC,250,Sterile Water: 12 Container In 1 Case (0264-7850-00)  / 1000 Ml In 1 Container,4.85,4.85,,,0
RC,250,Sterile Water: 12 POUCH in 1 CASE (0409-7990-09)  / 1 BAG in 1 POUCH / 1000 mL in 1 BAG,4.15,4.15,,,0
RC,250,Sterile Water: 12 Pouch In 1 Case (0990-7973-05)  / 1 Bag In 1 Pouch / 1000 Ml In 1 Bag,15.68,15.68,,,0
RC,250,Sterile Water: 12 Pouch In 1 Case (0990-7990-09)  / 1 Bag In 1 Pouch / 1000 Ml In 1 Bag,10.41,10.41,,,0
RC,250,Sterile Water: 16 Container In 1 Case (0264-2101-00)  / 1000 Ml In 1 Container,5.16,5.16,,,0
RC,250,Sterile Water: 16 Container In 1 Case (0264-2101-10)  / 500 Ml In 1 Container,0.02,0.02,,,0
RC,250,"Sterile Water: 18 Bottle, Plastic In 1 Carton (0338-0004-03)  / 500 Ml In 1 Bottle, Plastic",0.02,0.02,,,0
RC,250,"Sterile Water: 24 BOTTLE, PLASTIC in 1 CASE (0409-6139-03)  / 500 mL in 1 BOTTLE, PLASTIC",8.97,8.97,,,0
RC,250,Sterile Water: 24 Container In 1 Case (0264-7850-10)  / 500 Ml In 1 Container,4.82,4.82,,,0
RC,250,"Sterile Water: 25 Vial, Plastic In 1 Tray (0409-4887-10)  / 10 Ml In 1 Vial, Plastic (0409-4887-17)",0.76,0.76,,,0
RC,250,"Stomach Relief Regular Strength: 237 Ml In 1 Bottle, Plastic (0536-1286-36)",0.53,0.53,,,0
RC,250,"Stool Softener: 100 Capsule, Liquid Filled In 1 Bottle (57896-401-01)",0.04,0.04,,,0
RC,250,Strattera: 30 Capsule In 1 Bottle (0002-3227-30),23.83,23.83,,,0
RC,250,Strattera: 30 Capsule In 1 Bottle (0002-3228-30),23.82,23.82,,,0
RC,250,Strong Iodine Solution: 14 Ml In 1 Bottle (48433-230-15),47.57,47.57,,,0
RC,250,Sucralfate: 100 Tablet In 1 Bottle (0093-2210-01),0.49,0.49,,,0
RC,250,Sucralfate: 90 Tablet In 1 Bottle (0093-2210-98),0.33,0.33,,,0
RC,250,"Sudogest: 1 Bottle, Plastic In 1 Carton (0904-5053-59)  / 100 Tablet, Film Coated In 1 Bottle, Plastic",0.03,0.03,,,0
RC,250,Sulfadiazine: 100 TABLET in 1 BOTTLE (0185-0757-01),6.4,6.4,,,0
RC,250,Sulfadiazine: 60 Tablet In 1 Bottle (42806-757-60),18.8,18.8,,,0
RC,250,"Sulfamethoxazole And Trimethoprim: 1 Vial, Multi-Dose In 1 Carton (0703-9526-01)  / 30 Ml In 1 Vial, Multi-Dose",0.13,0.13,,,0
RC,250,Sulfamethoxazole And Trimethoprim: 100 Blister Pack In 1 Carton (0904-2725-61)  / 1 Tablet In 1 Blister Pack,0.24,0.24,,,0
RC,250,Sulfamethoxazole And Trimethoprim: 100 Tablet In 1 Bottle (53746-271-01),0.34,0.34,,,0
RC,250,Sulfamethoxazole And Trimethoprim: 100 Tablet In 1 Bottle (65862-419-01),0.09,0.09,,,0
RC,250,Sulfamethoxazole And Trimethoprim: 473 Ml In 1 Bottle (65862-496-47),2.27,2.27,,,0
RC,250,Sulfamylon: 1 Tube In 1 Carton (16571-723-60)  / 56.7 G In 1 Tube,130.37,130.37,,,0
RC,250,Sulfasalazine: 1 Bottle In 1 Carton (59762-5000-5)  / 100 Tablet In 1 Bottle,0.29,0.29,,,0
RC,250,Sumatriptan: 1 Blister Pack In 1 Carton (16714-796-01)  / 9 Tablet In 1 Blister Pack,1.61,1.61,,,0
RC,250,Sumatriptan: 1 Blister Pack In 1 Carton (16714-797-01)  / 9 Tablet In 1 Blister Pack,2.56,2.56,,,0
RC,250,"Sumatriptan: 5 Vial, Single-Dose In 1 Carton (55150-173-01)  / .5 Ml In 1 Vial, Single-Dose",6.93,6.93,,,0
RC,250,Sunmark Childrens Pain And Fever: 1 Bottle In 1 Carton (49348-119-34)  / 118 Ml In 1 Bottle,0.04,0.04,,,0
RC,250,"Sunmark Miconazole 7: 1 Tube, With Applicator In 1 Carton (49348-530-77)  / 45 G In 1 Tube, With Applicator",13.5,13.5,,,0
RC,250,"Sunmark Nasal Original: 1 Bottle, Spray In 1 Carton (49348-028-27)  / 30 Ml In 1 Bottle, Spray",3.36,3.36,,,0
RC,250,"Sunmark Nicotine: 110 Blister Pack In 1 Carton (49348-573-36)  / 1 Gum, Chewing In 1 Blister Pack",0.4,0.4,,,0
RC,250,Sunmark stay awake: 16 BLISTER PACK in 1 CARTON (49348-771-03)  / 1 TABLET in 1 BLISTER PACK,0.16,0.16,,,0
RC,250,"Suprep Bowel Prep: 2 Bottle, Plastic In 1 Carton (52268-012-01)  / 177.4 Ml In 1 Bottle, Plastic",213.02,213.02,,,0
RC,250,Symbicort: 1 Pouch In 1 Carton (0186-0370-28)  / 1 Canister In 1 Pouch / 60 Aerosol In 1 Canister,110.27,110.27,,,0
RC,250,Symbicort: 1 Pouch In 1 Carton (0186-0372-28)  / 1 Canister In 1 Pouch / 60 Aerosol In 1 Canister,109.93,109.93,,,0
RC,250,"Synthroid: 10 Blister Pack In 1 Box, Unit-Dose (0074-7148-11)  / 10 Tablet In 1 Blister Pack",3.0,3.0,,,0
RC,250,Synthroid: 1000 Tablet In 1 Bottle (0074-4341-19),0.12,0.12,,,0
RC,250,Systane: 1 Tube In 1 Carton (0065-0474-01)  / 10 G In 1 Tube,19.19,19.19,,,0
RC,250,Tacrolimus: 1 Tube In 1 Carton (16729-422-10)  / 30 G In 1 Tube,70.98,70.98,,,0
RC,250,Tacrolimus: 1 Tube In 1 Carton (21922-011-05)  / 30 G In 1 Tube,86.55,86.55,,,0
RC,250,Tacrolimus: 1 Tube In 1 Carton (45802-390-01)  / 60 G In 1 Tube,252.96,252.96,,,0
RC,250,Tacrolimus: 1 Tube In 1 Carton (68462-534-94)  / 100 G In 1 Tube,481.97,481.97,,,0
RC,250,Tacrolimus: 100 Blister Pack In 1 Carton (0904-6624-61)  / 1 Capsule In 1 Blister Pack,2.39,2.39,,,0
RC,250,Tacrolimus: 100 Blister Pack In 1 Carton (0904-7097-61)  / 1 Capsule In 1 Blister Pack,1.88,1.88,,,0
RC,250,Tacrolimus: 100 Capsule In 1 Container (64380-721-06),0.67,0.67,,,0
RC,250,Tadalafil: 30 Tablet In 1 Bottle (13668-581-30),2.15,2.15,,,0
RC,250,Tafinlar: 120 Capsule In 1 Bottle (0078-0681-66),256.97,256.97,,,0
RC,250,"Tafluprost Ophthalmic: 3 Pouch In 1 Carton (66993-429-30)  / 10 Vial, Single-Use In 1 Pouch (66993-429-81)  / .3 Ml In 1 Vial, Single-Use",6.96,6.96,,,0
RC,250,Tamiflu: 1 Blister Pack In 1 Carton (0004-0802-85)  / 10 Capsule In 1 Blister Pack,25.19,25.19,,,0
RC,250,"Tamiflu: 1 Bottle, Glass In 1 Carton (0004-0822-05)  / 60 Ml In 1 Bottle, Glass",45.75,45.75,,,0
RC,250,"Tamoxifen Citrate: 60 Tablet, Film Coated In 1 Bottle (59651-299-60)",0.32,0.32,,,0
RC,250,"Tamoxifen Citrate: 60 Tablet, Film Coated In 1 Bottle (75907-058-60)",0.27,0.27,,,0
RC,250,"Tamsulosin Hydrochloride: 10 Blister Pack In 1 Box, Unit-Dose (63739-567-10)  / 10 Capsule In 1 Blister Pack",0.46,0.46,,,0
RC,250,Tamsulosin Hydrochloride: 100 Blister Pack In 1 Carton (0904-7383-61)  / 1 Capsule In 1 Blister Pack,0.33,0.33,,,0
RC,250,Temazepam: 100 Capsule In 1 Bottle (0406-9961-01),0.14,0.14,,,0
RC,250,Temazepam: 30 Blister Pack In 1 Carton (0904-6436-04)  / 1 Capsule In 1 Blister Pack,5.07,5.07,,,0
RC,250,"Tenofovir Disoproxil Fumarate: 30 Tablet, Film Coated In 1 Bottle (16714-820-01)",2.52,2.52,,,0
RC,250,Terbinafine Hydrochloride: 1 Tube In 1 Carton (51672-2080-2)  / 30 G In 1 Tube,13.74,13.74,,,0
RC,250,Terbinafine Hydrochloride: 1 Tube In 1 Carton (70677-1003-1)  / 30 G In 1 Tube,15.67,15.67,,,0
RC,250,Terbinafine Hydrochloride: 100 Tablet In 1 Bottle (51991-526-01),0.22,0.22,,,0
RC,250,Terbinafine: 100 Tablet In 1 Bottle (16714-795-02),0.19,0.19,,,0
RC,250,Terbinafine: 30 Tablet In 1 Bottle (16714-795-01),0.3,0.3,,,0
RC,250,Testosterone Cypionate: 1 Ml In 1 Vial (0143-9659-01),0.13,0.13,,,0
RC,250,Tetrabenazine: 112 Tablet In 1 Bottle (43598-394-67),4.45,4.45,,,0
RC,250,Tetrabenazine: 112 Tablet In 1 Bottle (70436-102-09),7.67,7.67,,,0
RC,250,"Tetracaine Hydrochloride: 12 Blister Pack In 1 Carton (0065-0741-14)  / 1 Bottle, Dropper In 1 Blister Pack / 4 Ml In 1 Bottle, Dropper",1.0,1.0,,,0
RC,250,Tetracycline Hydrochloride: 100 Capsule In 1 Bottle (23155-767-01),3.08,3.08,,,0
RC,250,Tetracycline Hydrochloride: 100 Capsule In 1 Bottle (60219-1522-1),2.23,2.23,,,0
RC,250,Tetracycline Hydrochloride: 100 Capsule In 1 Bottle (60219-1523-1),3.22,3.22,,,0
RC,250,"Theo-24: 100 Capsule, Extended Release In 1 Bottle (52244-100-10)",6.36,6.36,,,0
RC,250,Theratears: 6 Pouch In 1 Carton (58790-003-30)  / 5 Vial In 1 Pouch / .6 Ml In 1 Vial,0.08,0.08,,,0
RC,250,Thiamine Hydrochloride: 25 Vial In 1 Carton (25021-500-02)  / 2 Ml In 1 Vial,3.19,3.19,,,0
RC,250,Timolol Maleate: 1 Bottle In 1 Carton (64980-513-05)  / 5 Ml In 1 Bottle,5.92,5.92,,,0
RC,250,Timolol Maleate: 1 Bottle In 1 Carton (64980-514-05)  / 5 Ml In 1 Bottle,9.53,9.53,,,0
RC,250,"Timolol Maleate: 5 Ml In 1 Bottle, Plastic (61314-226-05)",4.53,4.53,,,0
RC,250,"Timolol Maleate: 5 Ml In 1 Bottle, Plastic (61314-227-05)",8.75,8.75,,,0
RC,250,"Tivicay: 30 Tablet, Film Coated In 1 Bottle (49702-228-13)",139.21,139.21,,,0
RC,250,Tizanidine: 100 Blister Pack In 1 Carton (0904-6418-61)  / 1 Tablet In 1 Blister Pack,0.77,0.77,,,0
RC,250,Tizanidine: 150 Tablet In 1 Bottle (55111-179-15),0.16,0.16,,,0
RC,250,"Tizanidine: 150 Tablet In 1 Bottle, Plastic (72789-325-77)",0.09,0.09,,,0
RC,250,"Tizanidine: 30 Blister Pack In 1 Box, Unit-Dose (68084-775-25)  / 1 Tablet In 1 Blister Pack (68084-775-95)",1.54,1.54,,,0
RC,250,Tobradex: 3.5 G In 1 Tube (0078-0876-01),538.75,538.75,,,0
RC,250,Tobramycin And Dexamethasone: 1 Bottle In 1 Carton (61314-647-25)  / 2.5 Ml In 1 Bottle,54.85,54.85,,,0
RC,250,"Tobramycin: 25 Vial, Multi-Dose In 1 Tray (63323-306-02)  / 2 Ml In 1 Vial, Multi-Dose (63323-306-01)",1.73,1.73,,,0
RC,250,"Tobramycin: 6 Vial, Pharmacy Bulk Package In 1 Tray (63323-303-51)  / 30 Ml In 1 Vial, Pharmacy Bulk Package (63323-303-01)",6.46,6.46,,,0
RC,250,"Tolterodine Tartrate: 30 Capsule, Extended Release In 1 Bottle (13668-190-30)",1.44,1.44,,,0
RC,250,"Tolterodine Tartrate: 30 Capsule, Extended Release In 1 Bottle (43975-322-03)",1.21,1.21,,,0
RC,250,"Tolterodine Tartrate: 60 Tablet, Film Coated In 1 Bottle (33342-097-09)",0.58,0.58,,,0
RC,250,Torsemide: 100 Tablet In 1 Bottle (31722-530-01),0.09,0.09,,,0
RC,250,Torsemide: 100 Tablet In 1 Bottle (31722-532-01),0.66,0.66,,,0
RC,250,Torsemide: 100 Tablet In 1 Bottle (50111-915-01),0.14,0.14,,,0
RC,250,Torsemide: 100 Tablet In 1 Bottle (50111-918-01),3.52,3.52,,,0
RC,250,"Torsemide: 100 Tablet In 1 Bottle, Plastic (0054-0077-25)",0.39,0.39,,,0
RC,250,"Tramadol Hydrochloride: 100 BLISTER PACK in 1 CARTON (51079-991-20)  / 1 TABLET, FILM COATED in 1 BLISTER PACK (51079-991-01)",0.03,0.03,,,0
RC,250,Tramadol Hydrochloride: 100 Tablet In 1 Bottle (57664-377-08),0.03,0.03,,,0
RC,250,"Tramadol Hydrochloride: 100 Tablet, Coated In 1 Bottle (60219-2348-1)",0.2,0.2,,,0
RC,250,"Tramadol Hydrochloride: 100 Tablet, Coated In 1 Bottle (72888-080-01)",0.06,0.06,,,0
RC,250,"Tramadol Hydrochloride: 100 Tablet, Film Coated In 1 Bottle, Plastic (29300-355-01)",0.05,0.05,,,0
RC,250,Tranexamic Acid In Sodium Chloride: 100 Ml In 1 Bag (51754-0108-1),12.62,12.62,,,0
RC,250,Tranexamic Acid: 10 Bag In 1 Carton (25021-418-82)  / 100 Ml In 1 Bag,11.57,11.57,,,0
RC,250,Tranexamic Acid: 10 Vial In 1 Carton (39822-1000-1)  / 10 Ml In 1 Vial,5.88,5.88,,,0
RC,250,"Tranexamic Acid: 10 Vial, Single-Dose In 1 Carton (55150-188-10)  / 10 Ml In 1 Vial, Single-Dose",2.22,2.22,,,0
RC,250,Tranexamic Acid: 30 Tablet In 1 Bottle (69918-301-30),3.63,3.63,,,0
RC,250,Tranexamic Acid: 30 Tablet In 1 Bottle (72888-178-30),2.72,2.72,,,0
RC,250,Trazodone Hydrochloride: 100 Blister Pack In 1 Carton (0904-6868-61)  / 1 Tablet In 1 Blister Pack,0.2,0.2,,,0
RC,250,Trazodone Hydrochloride: 100 Blister Pack In 1 Carton (0904-6869-61)  / 1 Tablet In 1 Blister Pack,0.26,0.26,,,0
RC,250,Trazodone Hydrochloride: 100 Blister Pack In 1 Carton (60687-454-01)  / 1 Tablet In 1 Blister Pack (60687-454-11),0.27,0.27,,,0
RC,250,Trazodone Hydrochloride: 100 Tablet In 1 Bottle (68382-805-01),0.1,0.1,,,0
RC,250,Trazodone Hydrochloride: 100 Tablet In 1 Bottle (68382-806-01),0.13,0.13,,,0
RC,250,Trazodone Hydrochloride: 500 Tablet In 1 Bottle (50111-560-02),0.11,0.11,,,0
RC,250,Trazodone Hydrochloride: 500 Tablet In 1 Bottle (68382-805-05),0.06,0.06,,,0
RC,250,"Tresiba: 1 Vial, Glass In 1 Carton (0169-2662-11)  / 10 Ml In 1 Vial, Glass",11.67,11.67,,,0
RC,250,Triamcinolone Acetonide: 1 Tube In 1 Carton (0168-0003-15)  / 15 G In 1 Tube,4.06,4.06,,,0
RC,250,Triamcinolone Acetonide: 1 Tube In 1 Carton (0168-0004-15)  / 15 G In 1 Tube,4.77,4.77,,,0
RC,250,Triamcinolone Acetonide: 1 Tube In 1 Carton (45802-054-35)  / 15 G In 1 Tube,6.74,6.74,,,0
RC,250,Triamcinolone Acetonide: 1 Tube In 1 Carton (45802-063-35)  / 15 G In 1 Tube,6.5,6.5,,,0
RC,250,Triamcinolone Acetonide: 1 Tube In 1 Carton (45802-065-35)  / 15 G In 1 Tube,10.56,10.56,,,0
RC,250,Triamcinolone Acetonide: 1 Tube In 1 Carton (51672-1267-5)  / 5 G In 1 Tube,116.53,116.53,,,0
RC,250,Triamcinolone Acetonide: 15 G In 1 Tube (0168-0006-15),4.86,4.86,,,0
RC,250,Triamcinolone Acetonide: 454 G In 1 Jar (45802-055-05),38.48,38.48,,,0
RC,250,Triamcinolone Acetonide: 80 G In 1 Tube (0168-0006-80),12.24,12.24,,,0
RC,250,Triamterene And Hydrochlorothiazide: 100 Tablet In 1 Bottle (60505-2656-1),0.14,0.14,,,0
RC,250,Trihexyphenidyl Hydrochloride: 100 Tablet In 1 Bottle (70954-212-10),0.26,0.26,,,0
RC,250,"Trihexyphenidyl Hydrochloride: 100 Tablet In 1 Bottle, Plastic (0591-5335-01)",0.18,0.18,,,0
RC,250,"Trintellix: 30 Tablet, Film Coated In 1 Bottle (64764-720-30)",30.98,30.98,,,0
RC,250,"Trintellix: 30 Tablet, Film Coated In 1 Bottle (64764-730-30)",30.5,30.5,,,0
RC,250,"Trintellix: 30 Tablet, Film Coated In 1 Bottle (64764-750-30)",30.97,30.97,,,0
RC,250,Triple Antibiotic: 1 Tube In 1 Carton (45802-143-03)  / 28 G In 1 Tube,5.18,5.18,,,0
RC,250,"Triumeq: 30 Tablet, Film Coated In 1 Bottle (49702-231-13)",230.93,230.93,,,0
RC,250,Trophamine: 12 Container In 1 Case (0264-1933-10)  / 500 Ml In 1 Container,6.63,6.63,,,0
RC,250,"Tropicamide: 1 BOTTLE, DROPPER in 1 CARTON (17478-101-12)  / 15 mL in 1 BOTTLE, DROPPER",13.32,13.32,,,0
RC,250,Tropicamide: 1 Bottle In 1 Carton (70069-121-01)  / 15 Ml In 1 Bottle,1.0,1.0,,,0
RC,250,"Tropicamide: 1 Bottle, Dropper In 1 Carton (24208-585-59)  / 2 Ml In 1 Bottle, Dropper",1.0,1.0,,,0
RC,250,"Tropicamide: 1 Bottle, Plastic In 1 Carton (61314-355-02)  / 15 Ml In 1 Bottle, Plastic",1.0,1.0,,,0
RC,250,"Tubersol: 1 Vial, Multi-Dose In 1 Carton (49281-752-21)  / 1 Ml In 1 Vial, Multi-Dose (49281-752-78)",20.94,20.94,,,0
RC,250,"Tybost: 30 Tablet, Film Coated In 1 Bottle (61958-1401-1)",18.06,18.06,,,0
RC,250,"Tylenol Extra Strength: 10 Blister Pack In 1 Carton (50580-457-11)  / 10 Tablet, Film Coated In 1 Blister Pack",0.49,0.49,,,0
RC,250,"Tylenol Regular Strength: 10 Blister Pack In 1 Carton (50580-458-11)  / 10 Tablet, Film Coated In 1 Blister Pack",0.03,0.03,,,0
RC,250,"Ultiva: 10 Vial, Glass In 1 Carton (72078-035-02)  / 5 Ml In 1 Vial, Glass (72078-035-00)",81.93,81.93,,,0
RC,250,"Urea: 85 G In 1 Bottle, Plastic (44523-617-03)",98.58,98.58,,,0
RC,250,Ursodiol: 100 Capsule In 1 Bottle (10702-237-01),1.43,1.43,,,0
RC,250,Ursodiol: 100 Capsule In 1 Bottle (42291-923-01),0.87,0.87,,,0
RC,250,Ursodiol: 100 Capsule In 1 Bottle (69238-1540-1),1.9,1.9,,,0
RC,250,"Valacyclovir Hydrochloride: 100 Blister Pack In 1 Box, Unit-Dose (68084-215-01)  / 1 Tablet, Film Coated In 1 Blister Pack (68084-215-11)",3.95,3.95,,,0
RC,250,"Valacyclovir Hydrochloride: 100 Blister Pack In 1 Carton (0904-6565-61)  / 1 Tablet, Film Coated In 1 Blister Pack",1.82,1.82,,,0
RC,250,"Valacyclovir Hydrochloride: 90 Tablet, Film Coated In 1 Bottle (16714-697-03)",0.86,0.86,,,0
RC,250,"Valacyclovir Hydrochloride: 90 Tablet, Film Coated In 1 Bottle (16714-698-03)",0.56,0.56,,,0
RC,250,"Valacyclovir: 30 Tablet, Film Coated In 1 Bottle (63304-905-30)",8.67,8.67,,,0
RC,250,"Valcyte: 1 Bottle, Glass In 1 Carton (0004-0039-09)  / 100 Ml In 1 Bottle, Glass",12.63,12.63,,,0
RC,250,Valganciclovir Hydrochloride: 1 Pouch In 1 Carton (27241-159-19)  / 1 Bottle In 1 Pouch / 100 Ml In 1 Bottle,8.97,8.97,,,0
RC,250,Valganciclovir Hydrochloride: 100 Ml In 1 Bottle (70069-810-01),96.95,96.95,,,0
RC,250,Valganciclovir Hydrochloride: 60 Tablet In 1 Bottle (65862-753-60),5.74,5.74,,,0
RC,250,"Valproate Sodium: 10 Vial, Single-Dose In 1 Carton (0143-9785-10)  / 5 Ml In 1 Vial, Single-Dose (0143-9785-01)",3.66,3.66,,,0
RC,250,"Valproate Sodium: 10 Vial, Single-Dose In 1 Tray (63323-494-05)  / 5 Ml In 1 Vial, Single-Dose (63323-494-01)",5.87,5.87,,,0
RC,250,"Valproic Acid: 100 Capsule, Liquid Filled In 1 Bottle, Plastic (69452-150-20)",0.64,0.64,,,0
RC,250,Valproic Acid: 473 Ml In 1 Bottle (0121-0675-85),0.82,0.82,,,0
RC,250,"Valproic: 100 Capsule, Liquid Filled In 1 Bottle (0591-4012-01)",0.51,0.51,,,0
RC,250,Valsartan: 30 Tablet In 1 Bottle (43547-367-03),0.42,0.42,,,0
RC,250,"Valsartan: 30 Tablet, Film Coated In 1 Bottle (33342-062-07)",0.55,0.55,,,0
RC,250,Valsartan: 90 Tablet In 1 Bottle (42291-857-90),0.22,0.22,,,0
RC,250,"Valsartan: 90 Tablet, Film Coated In 1 Bottle (33342-063-10)",0.58,0.58,,,0
RC,250,"Valsartan: 90 Tablet, Film Coated In 1 Bottle (33342-065-10)",0.22,0.22,,,0
RC,250,"Valsartan: 90 Tablet, Film Coated In 1 Bottle (55111-734-90)",0.29,0.29,,,0
RC,250,"Valsartan: 90 Tablet, Film Coated In 1 Bottle, Plastic (0378-5813-77)",0.61,0.61,,,0
RC,250,"Valsartan: 90 Tablet, Film Coated In 1 Bottle, Plastic (0378-5814-77)",0.81,0.81,,,0
RC,250,"Valsartan: 90 Tablet, Film Coated In 1 Bottle, Plastic (0378-5815-77)",1.01,1.01,,,0
RC,250,"Vancomycin Hydrochloride: 1 Vial, Pharmacy Bulk Package In 1 Carton (0143-9164-01)  / 10.25 G In 1 Vial, Pharmacy Bulk Package",0.12,0.12,,,0
RC,250,"Vancomycin Hydrochloride: 1 Vial, Pharmacy Bulk Package In 1 Carton (0409-1319-01)  / 100 Ml In 1 Vial, Pharmacy Bulk Package",2.19,2.19,,,0
RC,250,Vancomycin Hydrochloride: 10 Vial In 1 Carton (67457-340-01)  / 20 Ml In 1 Vial (67457-340-00),14.95,14.95,,,0
RC,250,"Vancomycin Hydrochloride: 10 Vial In 1 Carton (70436-021-82)  / 1 Injection, Powder, Lyophilized, For Solution In 1 Vial",0.05,0.05,,,0
RC,250,"Vancomycin Hydrochloride: 10 Vial In 1 Tray (0409-4332-01)  / 1 Injection, Powder, Lyophilized, For Solution In 1 Vial (0409-4332-11)",0.32,0.32,,,0
RC,250,Vancomycin Hydrochloride: 2 Blister Pack In 1 Carton (23155-858-78)  / 10 Capsule In 1 Blister Pack,4.03,4.03,,,0
RC,250,Vancomycin Hydrochloride: 2 Blister Pack In 1 Carton (62559-390-20)  / 10 Capsule In 1 Blister Pack,4.52,4.52,,,0
RC,250,Vancomycin Hydrochloride: 50 Capsule In 1 Bottle (62559-390-50),2.76,2.76,,,0
RC,250,"Varenicline: 56 Tablet, Film Coated In 1 Bottle (49884-155-76)",1.4,1.4,,,0
RC,250,"Varenicline: 56 Tablet, Film Coated In 1 Bottle (49884-156-76)",1.38,1.38,,,0
RC,250,"Varivax: 10 Vial, Single-Dose In 1 Carton (0006-4827-00)  / .5 Ml In 1 Vial, Single-Dose (0006-4827-01)",340.83,340.83,,,0
RC,250,Vecuronium Bromide: 10 Vial In 1 Carton (67457-438-10)  / 10 Ml In 1 Vial (67457-438-00),70.1,70.1,,,0
RC,250,"Veklury: 1 VIAL, SINGLE-DOSE in 1 CARTON (61958-2901-1)  / 1 INJECTION, POWDER, LYOPHILIZED, FOR SOLUTION in 1 VIAL, SINGLE-DOSE",889.2,889.2,,,0
RC,250,"Veklury: 1 Vial, Single-Dose In 1 Carton (61958-2901-2)  / 1 Injection, Powder, Lyophilized, For Solution In 1 Vial, Single-Dose",12.58,12.58,,,0
RC,250,"Vemlidy: 30 Tablet In 1 Bottle, Plastic (61958-2301-1)",90.34,90.34,,,0
RC,250,"Venlafaxine Hydrochloride: 100 BLISTER PACK in 1 CARTON (59762-0180-3)  / 1 CAPSULE, EXTENDED RELEASE in 1 BLISTER PACK",0.63,0.63,,,0
RC,250,Venlafaxine Hydrochloride: 100 Tablet In 1 Bottle (0093-9147-01),0.55,0.55,,,0
RC,250,"Venlafaxine Hydrochloride: 30 Capsule, Extended Release In 1 Bottle (0093-7385-56)",0.56,0.56,,,0
RC,250,"Venlafaxine Hydrochloride: 90 Capsule, Extended Release In 1 Bottle (0093-7385-98)",0.51,0.51,,,0
RC,250,"Venofer: 1 Vial, Single-Dose In 1 Box (0517-2340-01)  / 5 Ml In 1 Vial, Single-Dose",0.63,0.63,,,0
RC,250,"Venofer: 10 Vial, Single-Dose In 1 Box (0517-2340-10)  / 5 Ml In 1 Vial, Single-Dose",0.56,0.56,,,0
RC,250,"Venofer: 5 Vial, Single-Dose In 1 Box (0517-2310-05)  / 10 Ml In 1 Vial, Single-Dose (0517-2310-01)",0.62,0.62,,,0
RC,250,"Ventolin Hfa: 1 Inhaler In 1 Carton (0173-0682-24)  / 60 Aerosol, Metered In 1 Inhaler",40.59,40.59,,,0
RC,250,Verapamil Hydrochloride: 100 Tablet In 1 Bottle (23155-486-01),0.17,0.17,,,0
RC,250,"Verapamil Hydrochloride: 100 Tablet, Film Coated In 1 Bottle, Plastic (0591-0404-01)",0.19,0.19,,,0
RC,250,"Verapamil Hydrochloride: 100 Tablet, Film Coated, Extended Release In 1 Bottle (68462-260-01)",0.56,0.56,,,0
RC,250,"Verapamil Hydrochloride: 100 Tablet, Film Coated, Extended Release In 1 Bottle (68462-292-01)",0.56,0.56,,,0
RC,250,"Verapamil Hydrochloride: 100 Tablet, Film Coated, Extended Release In 1 Bottle (68462-293-01)",0.59,0.59,,,0
RC,250,"Vfend: 1 Vial, Single-Dose In 1 Carton (0049-3190-28)  / 20 Ml In 1 Vial, Single-Dose",1.1,1.1,,,0
RC,250,"Vfend: 1 Vial, Single-Use In 1 Carton (0049-3190-01)  / 20 Ml In 1 Vial, Single-Use",1.05,1.05,,,0
RC,250,Viibryd: 30 Tablet In 1 Bottle (0456-1110-30),21.45,21.45,,,0
RC,250,Viibryd: 30 Tablet In 1 Bottle (0456-1120-30),21.9,21.9,,,0
RC,250,Vilazodone Hydrochloride: 30 Tablet In 1 Bottle (72205-260-30),1.63,1.63,,,0
RC,250,Vilazodone Hydrochloride: 30 Tablet In 1 Bottle (72205-261-30),1.59,1.59,,,0
RC,250,"Vimpat: 200 Ml In 1 Bottle, Glass (0131-5410-72)",84.68,84.68,,,0
RC,250,"Vimpat: 6 Blister Pack In 1 Carton (0131-2477-60)  / 10 Tablet, Film Coated In 1 Blister Pack",23.76,23.76,,,0
RC,250,"Vimpat: 6 Blister Pack In 1 Carton (0131-2478-60)  / 10 Tablet, Film Coated In 1 Blister Pack",36.61,36.61,,,0
RC,250,"Vimpat: 6 Blister Pack In 1 Carton (0131-2479-60)  / 10 Tablet, Film Coated In 1 Blister Pack",39.72,39.72,,,0
RC,250,"Vimpat: 6 Blister Pack In 1 Carton (0131-2480-60)  / 10 Tablet, Film Coated In 1 Blister Pack",39.76,39.76,,,0
RC,250,Viokace: 1 Bottle In 1 Carton (73562-104-10)  / 100 Tablet In 1 Bottle,7.99,7.99,,,0
RC,250,Viokace: 1 Bottle In 1 Carton (73562-208-10)  / 100 Tablet In 1 Bottle,15.85,15.85,,,0
RC,250,"Vitamin D: 100 Capsule In 1 Bottle, Plastic (64380-737-06)",0.33,0.33,,,0
RC,250,"Voriconazole: 1 Vial, Single-Dose In 1 Carton (72266-131-01)  / 20 Ml In 1 Vial, Single-Dose",1.13,1.13,,,0
RC,250,"Voriconazole: 30 Tablet, Film Coated In 1 Bottle (0781-5668-31)",2.61,2.61,,,0
RC,250,"Voriconazole: 30 Tablet, Film Coated In 1 Bottle (65862-891-30)",3.01,3.01,,,0
RC,250,"Voriconazole: 30 Tablet, Film Coated In 1 Bottle (68462-572-30)",3.89,3.89,,,0
RC,250,Vyloy: 1 Vial In 1 Box (0469-3425-10)  / 5 Ml In 1 Vial,3136.0,3136.0,,,0
RC,250,Vyloy: 1 Vial In 1 Box (0469-4425-30)  / 15 Ml In 1 Vial,9408.0,9408.0,,,0
RC,250,Vyvanse: 100 Capsule In 1 Bottle (59417-101-10),23.36,23.36,,,0
RC,250,Vyvanse: 100 Capsule In 1 Bottle (59417-103-10),23.36,23.36,,,0
RC,250,"Warfarin Sodium: 100 Blister Pack In 1 Box, Unit-Dose (62584-994-01)  / 1 Tablet In 1 Blister Pack (62584-994-11)",0.43,0.43,,,0
RC,250,Warfarin Sodium: 100 Tablet In 1 Bottle (51672-4027-1),0.21,0.21,,,0
RC,250,Wixela Inhub: 1 Inhaler In 1 Carton (0378-9322-32)  / 60 Powder In 1 Inhaler,3.7,3.7,,,0
RC,250,"Xarelto: 10 Blister Pack In 1 Carton (50458-578-10)  / 10 Tablet, Film Coated In 1 Blister Pack (50458-578-01)",0.02,0.02,,,0
RC,250,"Xarelto: 10 Blister Pack In 1 Carton (50458-579-10)  / 10 Tablet, Film Coated In 1 Blister Pack (50458-579-01)",0.02,0.02,,,0
RC,250,"Xarelto: 10 Blister Pack In 1 Carton (50458-580-10)  / 10 Tablet, Film Coated In 1 Blister Pack (50458-580-01)",0.02,0.02,,,0
RC,250,"Xarelto: 60 Tablet, Film Coated In 1 Bottle (50458-577-60)",0.02,0.02,,,0
RC,250,"Xcopri Titration Pack: 1 Kit In 1 Carton (71699-201-28)  *  1 Tablet In 1 Blister Pack *  1 Tablet, Film Coated In 1 Blister Pack",7.17,7.17,,,0
RC,250,"Xcopri: 30 Tablet, Film Coated In 1 Bottle (71699-100-30)",73.11,73.11,,,0
RC,250,"Xeljanz: 60 Tablet, Film Coated In 1 Bottle (0069-1001-01)",174.23,174.23,,,0
RC,250,Xifaxan: 30 Tablet In 1 Bottle (65649-301-03),36.76,36.76,,,0
RC,250,Xifaxan: 6 Blister Pack In 1 Carton (65649-303-03)  / 10 Tablet In 1 Blister Pack,104.32,104.32,,,0
RC,250,Xifaxan: 60 Tablet In 1 Bottle (65649-303-02),101.0,101.0,,,0
RC,250,"Xylocaine Mpf: 25 Vial, Single-Dose In 1 Carton (63323-492-57)  / 5 Ml In 1 Vial, Single-Dose (63323-492-09)",5.57,5.57,,,0
RC,250,"Xylocaine Mpf: 25 Vial, Single-Dose In 1 Carton (63323-495-27)  / 2 Ml In 1 Vial, Single-Dose (63323-495-09)",4.2,4.2,,,0
RC,250,"Xylocaine Mpf: 25 Vial, Single-Dose In 1 Tray (63323-487-17)  / 10 Ml In 1 Vial, Single-Dose (63323-487-01)",16.61,16.61,,,0
RC,250,"Xylocaine Mpf: 25 Vial, Single-Dose In 1 Tray (63323-487-37)  / 30 Ml In 1 Vial, Single-Dose (63323-487-07)",0.97,0.97,,,0
RC,250,"Xylocaine Mpf: 25 Vial, Single-Dose In 1 Tray (63323-488-17)  / 10 Ml In 1 Vial, Single-Dose (63323-488-01)",12.02,12.02,,,0
RC,250,"Xylocaine Mpf: 25 Vial, Single-Dose In 1 Tray (63323-489-17)  / 10 Ml In 1 Vial, Single-Dose (63323-489-01)",12.0,12.0,,,0
RC,250,"Xylocaine: 25 Vial, Multi-Dose In 1 Tray (63323-483-27)  / 20 Ml In 1 Vial, Multi-Dose (63323-483-03)",3.8,3.8,,,0
RC,250,"Xylocaine: 25 Vial, Multi-Dose In 1 Tray (63323-486-57)  / 50 Ml In 1 Vial, Multi-Dose (63323-486-05)",0.01,0.01,,,0
RC,250,"Zaleplon: 100 Capsule In 1 Bottle, Plastic (29300-131-01)",0.36,0.36,,,0
RC,250,"Zemplar: 25 Vial, Single-Dose In 1 Tray (0074-1658-01)  / 1 Ml In 1 Vial, Single-Dose",3.62,3.62,,,0
RC,250,"Zenpep: 100 Capsule, Delayed Release In 1 Bottle (73562-110-01)",7.88,7.88,,,0
RC,250,"Zenpep: 100 Capsule, Delayed Release In 1 Bottle (73562-116-01)",19.42,19.42,,,0
RC,250,"Zerbaxa: 10 Vial, Single-Dose In 1 Carton (67919-030-01)  / 10 Ml In 1 Vial, Single-Dose",15.29,15.29,,,0
RC,250,Zidovudine: 240 Ml In 1 Bottle (65862-048-24),0.3,0.3,,,0
RC,250,"Ziprasidone Hydrochloride: 4 Blister Pack In 1 Box, Unit-Dose (63739-005-32)  / 10 Capsule In 1 Blister Pack",3.97,3.97,,,0
RC,250,Ziprasidone: 80 Blister Pack In 1 Carton (0904-6269-45)  / 1 Capsule In 1 Blister Pack,3.22,3.22,,,0
RC,250,Ziprasidone: 80 Blister Pack In 1 Carton (0904-6272-45)  / 1 Capsule In 1 Blister Pack,3.61,3.61,,,0
RC,250,Zoledronic Acid: 1 Vial In 1 Carton (54288-100-01)  / 5 Ml In 1 Vial,10.02,10.02,,,0
RC,250,"Zoledronic Acid: 1 Vial, Glass In 1 Carton (55111-685-07)  / 5 Ml In 1 Vial, Glass",2.67,2.67,,,0
RC,250,"Zoloft: 1 Bottle, Dropper In 1 Carton (0049-0050-01)  / 60 Ml In 1 Bottle, Dropper",10.7,10.7,,,0
RC,250,Zolpidem Tartrate: 100 Blister Pack In 1 Carton (0904-6082-61)  / 1 Tablet In 1 Blister Pack,0.14,0.14,,,0
RC,250,"Zolpidem Tartrate: 100 Tablet, Film Coated In 1 Bottle (16714-621-01)",0.05,0.05,,,0
RC,250,Zonisade: 1 Bottle In 1 Carton (52652-8001-1)  / 150 Ml In 1 Bottle,46.61,46.61,,,0
RC,250,Zonisamide: 100 Capsule In 1 Bottle (68462-128-01),0.15,0.15,,,0
RC,250,Zonisamide: 100 Capsule In 1 Bottle (68462-129-01),0.25,0.25,,,0
RC,250,medroxyprogesterone acetate: 1 BOTTLE in 1 CARTON (59762-3742-2)  / 100 TABLET in 1 BOTTLE,0.49,0.49,,,0
RC,250,"meloxicam: 10 BLISTER PACK in 1 BOX, UNIT-DOSE (63739-701-10)  / 10 TABLET in 1 BLISTER PACK",0.24,0.24,,,0
RC,258,Carnitor: 5 Vial In 1 Carton (54482-147-01)  / 5 Ml In 1 Vial,132.5,132.5,,,0
RC,258,"Folic Acid: 1 Vial, Multi-Dose In 1 Carton (63323-184-10)  / 10 Ml In 1 Vial, Multi-Dose",160.0,160.0,,,0
RC,258,"Humulin R: 1 Vial, Multi-Dose In 1 Carton (0002-8215-01)  / 10 Ml In 1 Vial, Multi-Dose",134.8,134.8,,,0
RC,258,"M.V.I. Pediatric: 10 VIAL, SINGLE-DOSE in 1 BOX (61703-421-53)  / 5 mL in 1 VIAL, SINGLE-DOSE (61703-421-63)",197.82,197.82,,,0
RC,258,NDC Description Not Available,149.27,149.27,,,0
RC,258,"Thiamine: 25 Vial, Multi-Dose In 1 Tray (63323-013-02)  / 2 Ml In 1 Vial, Multi-Dose (63323-013-01)",154.38,154.38,,,0
RC,258,"Zinc Sulfate: 25 VIAL, SINGLE-DOSE in 1 TRAY (0517-6110-25)  / 10 mL in 1 VIAL, SINGLE-DOSE",160.0,160.0,,,0
RC,343,"Adreview: 1 Vial, Glass In 1 Container (17156-235-01)  / 5 Ml In 1 Vial, Glass",5827.25,5827.25,,,0
RC,343,"Amyvid: 1 Vial, Multi-Dose In 1 Can (0002-1200-50)  / 50 Ml In 1 Vial, Multi-Dose",4964.98,4964.98,,,0
RC,343,"Choletec: 10 Vial In 1 Carton (0270-0083-20)  / 1 Injection, Powder, Lyophilized, For Solution In 1 Vial",59.1,59.1,,,0
RC,343,"Drax Exametazime: 5 Vial In 1 Carton (65174-200-05)  / 1 Injection, Powder, Lyophilized, For Solution In 1 Vial (65174-200-01)",3974.88,3974.88,,,0
RC,343,"Draximage Maa: 30 Injection, Powder, For Solution In 1 Kit (65174-270-30)",317.64,317.64,,,0
RC,343,"Fludeoxyglucose F 18: 30 Ml In 1 Vial, Multi-Dose (49609-101-01)",178.54,178.54,,,0
RC,343,"Illuccix: 1 Kit In 1 Carton (74725-100-64)  *  2.5 Ml In 1 Vial, Multi-Dose (74725-102-25)  *  6.4 Ml In 1 Vial, Multi-Dose (74725-103-64)  *  1 Injection, Powder, Lyophilized, For Solution In 1 Vial,",9257.8,9257.8,,,0
RC,343,"Indium Dtpa In 111: 1.5 Ml In 1 Vial, Glass (17156-251-08)",2934.0,2934.0,,,0
RC,343,"Indium In 111 Chloride: 1 Vial, Glass In 1 Can (69945-132-06)  / .5 Ml In 1 Vial, Glass",1213.18,1213.18,,,0
RC,343,"Kit For The Preparation Of Lymphoseek (Technetium Tc 99M Tilmanocept): 1 Kit In 1 Carton (65857-450-05)  / 1 Kit In 1 Kit *  1 Injection, Powder, Lyophilized, For Solution In 1 Vial (65857-400-01)  * ",1359.4,1359.4,,,0
RC,343,"Kit For The Preparation Of Technetium Tc 99M Medronate: 5 Vial, Multi-Dose In 1 Kit (45567-0040-1)  / 10 Ml In 1 Vial, Multi-Dose",71.71,71.71,,,0
RC,343,Kit For The Prepartion Of Technetium Tc99M Sulfur Colloid: 1 Kit In 1 Package (45567-0030-1)  *  3 Ml In 1 Vial *  3 Ml In 1 Vial *  10 Ml In 1 Vial,161.92,161.92,,,0
RC,343,NDC Description Not Available,252.76,252.76,,,0
RC,343,"Netspot: 1 Kit In 1 Kit (69488-001-40)  *  1 Injection, Powder, Lyophilized, For Solution In 1 Vial, Single-Dose",5712.47,5712.47,,,0
RC,343,"OCTREOSCAN: 1 KIT in 1 BOX (0019-9050-40)  *  1 mL in 1 VIAL, GLASS *  1 mL in 1 VIAL, GLASS",5881.95,5881.95,,,0
RC,343,"Sodium Fluoride F 18: 1 Vial, Multi-Dose In 1 Can (40028-512-30)  / 30 Ml In 1 Vial, Multi-Dose",700.0,700.0,,,0
RC,343,Sodium Iodide: 1 CAPSULE in 1 BOX (17156-201-05),363.68,363.68,,,0
RC,343,"Technescan Hdp: 5 Vial In 1 Cello Pack (69945-091-20)  / 1 Injection, Powder, Lyophilized, For Solution In 1 Vial (69945-091-01)",238.65,238.65,,,0
RC,343,"Technescan Mag3: 5 Vial In 1 Cello Pack (69945-096-20)  / 1 Injection, Powder, Lyophilized, For Solution In 1 Vial",676.69,676.69,,,0
RC,343,Technescan Pyp: 5 Vial In 1 Cello Pack (69945-094-20)  / 10 Ml In 1 Vial (69945-094-01),337.77,337.77,,,0
RC,343,Technetium Tc 99M Sestamibi: 5 Vial In 1 Cello Pack (69945-092-20)  / 10 Ml In 1 Vial,56.61,56.61,,,0
RC,343,"Ultratag Rbc: 5 Cello Pack In 1 Box (69945-068-20)  / 1 Kit In 1 Cello Pack (69945-068-10)  *  .6 Ml In 1 Syringe, Glass *  1 Ml In 1 Syringe, Glass *  9.5 Mg In 1 Vial, Glass",314.96,314.96,,,0
RC,636,1 BOTTLE in 1 CARTON (16714-671-01)  / 50 mL in 1 BOTTLE,4.01,4.01,,,0
RC,636,1 VIAL in 1 CARTON (0069-0234-01)  / 50 mL in 1 VIAL,0.17,0.17,,,0
RC,636,1 VIAL in 1 CARTON (0069-0248-01)  / 100 mL in 1 VIAL,0.17,0.17,,,0
RC,636,8 CONTAINER in 1 CASE (0264-2201-50)  / 2000 mL in 1 CONTAINER,0.98,0.98,,,0
RC,636,Abilify Maintena: 1 Kit In 1 Carton (59148-045-80)  *  1.5 Ml In 1 Syringe *  5 Ml In 1 Syringe,12.6,12.6,,,0
RC,636,Abilify Maintena: 1 Kit In 1 Carton (59148-072-80)  *  1.9 Ml In 1 Syringe *  5 Ml In 1 Syringe,0.74,0.74,,,0
RC,636,"Abraxane: 1 Vial, Single-Use In 1 Carton (68817-134-50)  / 20 Ml In 1 Vial, Single-Use",28.56,28.56,,,0
RC,636,"Abrysvo: 1 Tray In 1 Carton (0069-0344-01)  / 1 Kit In 1 Tray (0069-0344-21)  *  .5 Ml In 1 Vial, Glass (0069-0207-01)  *  .69 Ml In 1 Syringe, Glass (0069-0250-01)",487.83,487.83,,,0
RC,636,"Abrysvo: 5 Tray In 1 Carton (0069-0344-05)  / 1 Kit In 1 Tray (0069-0344-21)  *  .5 Ml In 1 Vial, Glass (0069-0207-01)  *  .69 Ml In 1 Syringe, Glass (0069-0250-01)",469.19,469.19,,,0
RC,636,"Acetaminophen: 10 Vial, Glass In 1 Carton (0781-3156-95)  / 100 Ml In 1 Vial, Glass (0781-3156-06)",0.19,0.19,,,0
RC,636,Acetaminophen: 24 Container In 1 Case (0264-4100-90)  / 100 Ml In 1 Container,0.09,0.09,,,0
RC,636,"Acetaminophen: 24 Vial, Glass In 1 Carton (24201-100-24)  / 100 Ml In 1 Vial, Glass",0.1,0.1,,,0
RC,636,Acetaminophen: 40 Bag In 1 Carton (36000-306-60)  / 100 Ml In 1 Bag,0.17,0.17,,,0
RC,636,"Acetazolamide: 1 Vial In 1 Box, Unit-Dose (0143-9503-01)  / 1 Injection, Powder, Lyophilized, For Solution In 1 Vial",31.79,31.79,,,0
RC,636,Acetazolamide: 1 Vial In 1 Carton (67457-853-50)  / 5 Ml In 1 Vial,48.43,48.43,,,0
RC,636,"Acetazolamide: 1 Vial, Glass In 1 Carton (39822-0190-1)  / 5 Ml In 1 Vial, Glass",38.19,38.19,,,0
RC,636,"Acetazolamide: 5 Ml In 1 Vial, Glass (23155-313-31)",28.21,28.21,,,0
RC,636,Acetylcysteine: 4 Vial In 1 Carton (25021-812-30)  / 30 Ml In 1 Vial,0.61,0.61,,,0
RC,636,"Acetylcysteine: 4 Vial, Single-Dose In 1 Carton (55150-259-30)  / 30 Ml In 1 Vial, Single-Dose",0.92,0.92,,,0
RC,636,"Actemra: 1 Vial, Single-Use In 1 Box (50242-135-01)  / 4 Ml In 1 Vial, Single-Use",12.5,12.5,,,0
RC,636,"Actemra: 1 Vial, Single-Use In 1 Box (50242-136-01)  / 10 Ml In 1 Vial, Single-Use",12.57,12.57,,,0
RC,636,"Actemra: 1 Vial, Single-Use In 1 Box (50242-137-01)  / 20 Ml In 1 Vial, Single-Use",12.6,12.6,,,0
RC,636,"Acyclovir Sodium: 10 Vial, Single-Dose In 1 Carton (55150-154-10)  / 10 Ml In 1 Vial, Single-Dose",0.04,0.04,,,0
RC,636,"Acyclovir Sodium: 10 Vial, Single-Dose In 1 Carton (55150-155-20)  / 20 Ml In 1 Vial, Single-Dose",0.04,0.04,,,0
RC,636,"Acyclovir: 10 Vial, Single-Dose In 1 Tray (63323-325-20)  / 20 Ml In 1 Vial, Single-Dose (63323-325-09)",0.04,0.04,,,0
RC,636,Acyclovir: 473 Ml In 1 Bottle (0472-0082-16),6.81,6.81,,,0
RC,636,Acyclovir: 473 Ml In 1 Bottle (31722-681-47),1.18,1.18,,,0
RC,636,Acyclovir: 473 Ml In 1 Bottle (70954-188-10),1.3,1.3,,,0
RC,636,Adacel Tdap: 10 Vial In 1 Package (49281-400-10)  / .5 Ml In 1 Vial (49281-400-58),92.26,92.26,,,0
RC,636,"Adenosine: 1 VIAL, SINGLE-DOSE in 1 CARTON (0409-1932-02)  / 30 mL in 1 VIAL, SINGLE-DOSE",2.0,2.0,,,0
RC,636,"Adenosine: 1 Vial, Single-Dose In 1 Carton (55150-193-01)  / 30 Ml In 1 Vial, Single-Dose",0.37,0.37,,,0
RC,636,Adenosine: 10 Vial In 1 Carton (25021-318-02)  / 2 Ml In 1 Vial,0.85,0.85,,,0
RC,636,"Adenosine: 10 Vial, Single-Dose In 1 Carton (67457-855-02)  / 2 Ml In 1 Vial, Single-Dose (67457-855-00)",0.52,0.52,,,0
RC,636,Adrenalin (Epinephrine In Sodium Chloride): 10 Bag In 1 Carton (42023-315-10)  / 250 Ml In 1 Bag (42023-315-01),1.16,1.16,,,0
RC,636,Adrenalin: 1 Vial In 1 Carton (42023-168-01)  / 30 Ml In 1 Vial,0.74,0.74,,,0
RC,636,Adrenalin: 25 Vial In 1 Carton (42023-159-25)  / 1 Ml In 1 Vial (42023-159-01),2.48,2.48,,,0
RC,636,"Advate: 1 Blister Pack In 1 Carton (0944-3053-02)  / 1 Container In 1 Blister Pack (0944-3053-04)  / 1 Kit In 1 Container (0944-3053-03)  *  5 Ml In 1 Vial, Glass (0944-2943-02)  *  2 Ml In 1 Vial, Gl",2.63,2.63,,,0
RC,636,"Albuterol Sulfate: 1 BOTTLE, GLASS in 1 CARTON (50383-741-20)  / 20 mL in 1 BOTTLE, GLASS",0.87,0.87,,,0
RC,636,"Albuterol Sulfate: 25 Pouch In 1 Carton (0487-9904-25)  / 1 Vial, Single-Dose In 1 Pouch / 3 Ml In 1 Vial, Single-Dose",0.58,0.58,,,0
RC,636,"Albuterol Sulfate: 30 Pouch In 1 Carton (0487-9501-01)  / 1 Vial, Single-Dose In 1 Pouch / 3 Ml In 1 Vial, Single-Dose",0.18,0.18,,,0
RC,636,Albuterol Sulfate: 30 Pouch In 1 Carton (76204-200-01)  / 1 Ampule In 1 Pouch / 3 Ml In 1 Ampule,0.18,0.18,,,0
RC,636,Alimta: 1 Vial In 1 Carton (0002-7623-01)  / 20 Ml In 1 Vial,146.14,146.14,,,0
RC,636,"Allergy Relief: 1 Bottle, Plastic In 1 Carton (70677-1015-2)  / 100 Capsule In 1 Bottle, Plastic",0.08,0.08,,,0
RC,636,"Alphanate: 1 Kit In 1 Carton (68516-4617-1)  *  5 Ml In 1 Vial (68516-4606-1)  *  5 Ml In 1 Vial, Glass (76297-002-02)",1.78,1.78,,,0
RC,636,"Alphanate: 1 Kit In 1 Carton (68516-4618-2)  *  10 Ml In 1 Vial (68516-4607-2)  *  10 Ml In 1 Vial, Glass (76297-002-12)",1.78,1.78,,,0
RC,636,"Ambisome: 12.5 Ml In 1 Vial, Single-Dose (0469-3051-30)",36.17,36.17,,,0
RC,636,"Amidate: 10 Vial, Single-Dose In 1 Tray (0409-6695-01)  / 10 Ml In 1 Vial, Single-Dose (0409-6695-11)",8.75,8.75,,,0
RC,636,"Amiodarone Hydrochloride: 1 Vial, Glass In 1 Carton (67457-153-18)  / 18 Ml In 1 Vial, Glass",0.72,0.72,,,0
RC,636,"Amiodarone Hydrochloride: 10 Vial, Single-Dose In 1 Tray (63323-616-09)  / 9 Ml In 1 Vial, Single-Dose (63323-616-02)",0.65,0.65,,,0
RC,636,Amiodarone Hydrochloride: 25 Vial In 1 Box (0143-9875-25)  / 3 Ml In 1 Vial (0143-9875-01),0.69,0.69,,,0
RC,636,"Amiodarone Hydrochloride: 25 Vial, Single-Dose In 1 Tray (63323-616-03)  / 3 Ml In 1 Vial, Single-Dose (63323-616-01)",0.66,0.66,,,0
RC,636,"Amphotericin B: 1 Vial, Single-Dose In 1 Carton (23155-594-31)  / 1 Injectable, Liposomal In 1 Vial, Single-Dose",28.73,28.73,,,0
RC,636,"Amphotericin B: 1 Vial, Single-Dose In 1 Carton (55150-365-01)  / 12.5 Ml In 1 Vial, Single-Dose",40.78,40.78,,,0
RC,636,Amphotericin B: 10 Ml In 1 Vial (39822-1055-5),68.23,68.23,,,0
RC,636,"Ampicillin And Sulbactam: 1 Injection, Powder, For Solution In 1 Vial, Single-Dose (72603-220-01)",3.41,3.41,,,0
RC,636,"Ampicillin And Sulbactam: 10 Vial In 1 Carton (25021-142-20)  / 1 Injection, Powder, For Solution In 1 Vial",9.93,9.93,,,0
RC,636,"Ampicillin And Sulbactam: 10 Vial In 1 Carton (55150-116-20)  / 1 Injection, Powder, For Solution In 1 Vial",3.42,3.42,,,0
RC,636,"Ampicillin And Sulbactam: 10 Vial In 1 Carton (55150-117-20)  / 1 Injection, Powder, For Solution In 1 Vial",3.23,3.23,,,0
RC,636,"Ampicillin: 10 Vial In 1 Box (55150-113-10)  / 1 Injection, Powder, For Solution In 1 Vial",1.16,1.16,,,0
RC,636,"Ampicillin: 10 Vial In 1 Box (55150-114-20)  / 1 Injection, Powder, For Solution In 1 Vial",1.03,1.03,,,0
RC,636,"Ampicillin: 10 Vial In 1 Carton (25021-136-10)  / 1 Injection, Powder, For Solution In 1 Vial",4.47,4.47,,,0
RC,636,"Ampicillin: 10 Vial In 1 Tray (44567-101-10)  / 1 Injection, Powder, For Solution In 1 Vial",0.63,0.63,,,0
RC,636,"Ampicillin: 10 Vial In 1 Tray (44567-102-10)  / 1 Injection, Powder, For Solution In 1 Vial",0.93,0.93,,,0
RC,636,"Andexxa: 4 Vial, Single-Use In 1 Carton (0310-3200-04)  / 20 Ml In 1 Vial, Single-Use (0310-3200-01)",236.71,236.71,,,0
RC,636,"Andexxa: 4 Vial, Single-Use In 1 Carton (69853-0102-1)  / 20 Ml In 1 Vial, Single-Use",238.17,238.17,,,0
RC,636,Aranesp: 1 Blister Pack In 1 Package (55513-028-01)  / 1 Syringe In 1 Blister Pack / .4 Ml In 1 Syringe,14.7,14.7,,,0
RC,636,Aranesp: 1 Blister Pack In 1 Package (55513-111-01)  / 1 Syringe In 1 Blister Pack / .6 Ml In 1 Syringe,14.7,14.7,,,0
RC,636,"Atropine Sulfate: 1 Vial, Single-Dose In 1 Carton (16729-526-63)  / 1 Ml In 1 Vial, Single-Dose",0.34,0.34,,,0
RC,636,"Atropine Sulfate: 10 Carton In 1 Package (0409-4911-34)  / 1 Syringe, Glass In 1 Carton / 10 Ml In 1 Syringe, Glass (0409-4911-11)",0.31,0.31,,,0
RC,636,Atropine Sulfate: 10 Carton In 1 Package (76329-3340-1)  / 1 Syringe In 1 Carton / 10 Ml In 1 Syringe,0.18,0.18,,,0
RC,636,"Atropine Sulfate: 25 Vial, Glass In 1 Tray (0517-1001-25)  / 1 Ml In 1 Vial, Glass (0517-1001-01)",0.13,0.13,,,0
RC,636,"Avastin: 1 Vial, Single-Use In 1 Carton (50242-060-01)  / 4 Ml In 1 Vial, Single-Use",12.15,12.15,,,0
RC,636,"Avastin: 1 Vial, Single-Use In 1 Carton (50242-061-01)  / 16 Ml In 1 Vial, Single-Use",152.39,152.39,,,0
RC,636,"Avsola: 1 Vial, Single-Dose In 1 Carton (55513-670-01)  / 10 Ml In 1 Vial, Single-Dose",92.68,92.68,,,0
RC,636,"Avycaz: 10 Vial, Single-Dose In 1 Carton (0456-2700-10)  / 1 Powder, For Solution In 1 Vial, Single-Dose (0456-2700-01)",172.22,172.22,,,0
RC,636,"Azactam: 10 Vial, Single-Dose In 1 Carton (0003-2570-16)  / 1 Injection, Powder, For Solution In 1 Vial, Single-Dose",5.37,5.37,,,0
RC,636,Azathioprine: 100 Tablet In 1 Bottle (67877-493-01),0.23,0.23,,,0
RC,636,Azithromycin: 1 Bottle In 1 Carton (59762-3140-1)  / 30 Ml In 1 Bottle,4.12,4.12,,,0
RC,636,Azithromycin: 10 Vial In 1 Box (70436-019-82)  / 5 Ml In 1 Vial,3.84,3.84,,,0
RC,636,"Azithromycin: 10 Vial, Single-Dose In 1 Carton (55150-174-10)  / 1 Injection, Powder, Lyophilized, For Solution In 1 Vial, Single-Dose",3.51,3.51,,,0
RC,636,"Azithromycin: 10 Vial, Single-Dose In 1 Carton (70860-100-10)  / 5 Ml In 1 Vial, Single-Dose (70860-100-41)",5.28,5.28,,,0
RC,636,"Azithromycin: 30 Ml In 1 Bottle, Plastic (42806-151-34)",3.28,3.28,,,0
RC,636,"Azithromycin: 30 Tablet, Film Coated In 1 Bottle (50111-789-10)",8.33,8.33,,,0
RC,636,Banophen: 100 Capsule In 1 Bottle (0904-5307-60),0.04,0.04,,,0
RC,636,Berinert: 1 Kit In 1 Carton (63833-825-02)  *  10 Ml In 1 Vial (63833-835-01)  *  10 Ml In 1 Vial (63833-765-15),135.66,135.66,,,0
RC,636,"Betamethasone Sodium Phosphate And Betamethasone Acetate: 1 Vial, Multi-Dose In 1 Carton (0517-0720-01)  / 5 Ml In 1 Vial, Multi-Dose",8.94,8.94,,,0
RC,636,Beyfortus: 1 Syringe In 1 Carton (49281-575-00)  / .5 Ml In 1 Syringe,1017.57,1017.57,,,0
RC,636,"Bivalirudin: 10 Vial, Single-Dose In 1 Carton (83634-400-10)  / 1 Injection, Powder, Lyophilized, For Solution In 1 Vial, Single-Dose (83634-400-41)",0.26,0.26,,,0
RC,636,"Bivalirudin: 10 Vial, Single-Use In 1 Carton (63323-562-10)  / 1 Injection, Powder, Lyophilized, For Solution In 1 Vial, Single-Use",0.36,0.36,,,0
RC,636,Boostrix: 10 Syringe In 1 Carton (58160-842-52)  / .5 Ml In 1 Syringe (58160-842-43),73.33,73.33,,,0
RC,636,"Botox: 1 Vial In 1 Carton (0023-1145-01)  / 1 Injection, Powder, Lyophilized, For Solution In 1 Vial",12.67,12.67,,,0
RC,636,Brevibloc: 10 Bag In 1 Carton (10019-055-61)  / 250 Ml In 1 Bag,0.61,0.61,,,0
RC,636,Budesonide: 6 Pouch In 1 Carton (0487-9601-01)  / 5 Ampule In 1 Pouch / 2 Ml In 1 Ampule,8.23,8.23,,,0
RC,636,Budesonide: 6 Pouch In 1 Carton (0487-9701-01)  / 5 Ampule In 1 Pouch / 2 Ml In 1 Ampule,16.82,16.82,,,0
RC,636,Bumetanide: 10 Vial In 1 Carton (25021-321-04)  / 4 Ml In 1 Vial,1.42,1.42,,,0
RC,636,Bumetanide: 10 Vial In 1 Carton (25021-321-10)  / 10 Ml In 1 Vial,0.7,0.7,,,0
RC,636,"Bumetanide: 10 Vial, Single-Dose In 1 Carton (68462-469-54)  / 4 Ml In 1 Vial, Single-Dose (68462-469-40)",1.45,1.45,,,0
RC,636,"Bupivacaine Hydrochloride And Epinephrine: 10 Vial, Single-Dose In 1 Carton (0409-9042-01)  / 10 Ml In 1 Vial, Single-Dose (0409-9042-11)",405.72,405.72,,,0
RC,636,"Bupivacaine Hydrochloride: 1 Vial, Single-Dose In 1 Carton (71288-721-11)  / 10 Ml In 1 Vial, Single-Dose",0.04,0.04,,,0
RC,636,"Bupivacaine Hydrochloride: 10 Vial, Single-Dose In 1 Carton (0143-9333-10)  / 30 Ml In 1 Vial, Single-Dose (0143-9333-01)",0.01,0.01,,,0
RC,636,"Bupivacaine Hydrochloride: 10 Vial, Single-Dose In 1 Carton (0143-9334-10)  / 30 Ml In 1 Vial, Single-Dose (0143-9334-01)",0.01,0.01,,,0
RC,636,"Bupivacaine Hydrochloride: 25 Vial, Multi-Dose In 1 Tray (0409-1160-01)  / 50 Ml In 1 Vial, Multi-Dose (0409-1160-18)",0.02,0.02,,,0
RC,636,"Bupivacaine Hydrochloride: 25 Vial, Single-Dose In 1 Carton (55150-167-10)  / 10 Ml In 1 Vial, Single-Dose",0.05,0.05,,,0
RC,636,"Bupivacaine Hydrochloride: 25 Vial, Single-Dose In 1 Carton (55150-168-30)  / 30 Ml In 1 Vial, Single-Dose",0.02,0.02,,,0
RC,636,"Bupivacaine Hydrochloride: 25 Vial, Single-Dose In 1 Carton (55150-169-10)  / 10 Ml In 1 Vial, Single-Dose",0.03,0.03,,,0
RC,636,"Bupivacaine Hydrochloride: 25 Vial, Single-Dose In 1 Carton (55150-170-30)  / 30 Ml In 1 Vial, Single-Dose",0.01,0.01,,,0
RC,636,"Bupivacaine Hydrochloride: 25 Vial, Single-Dose In 1 Carton (55150-171-10)  / 10 Ml In 1 Vial, Single-Dose",0.02,0.02,,,0
RC,636,"Bupivacaine Hydrochloride: 25 Vial, Single-Dose In 1 Tray (0409-1159-01)  / 10 Ml In 1 Vial, Single-Dose (0409-1159-18)",0.07,0.07,,,0
RC,636,"Bupivacaine Hydrochloride: 25 Vial, Single-Dose In 1 Tray (0409-1159-02)  / 30 Ml In 1 Vial, Single-Dose (0409-1159-19)",0.02,0.02,,,0
RC,636,"Bupivacaine Hydrochloride: 25 Vial, Single-Dose In 1 Tray (0409-1162-01)  / 10 Ml In 1 Vial, Single-Dose (0409-1162-18)",0.04,0.04,,,0
RC,636,"Bupivacaine Hydrochloride: 25 Vial, Single-Dose In 1 Tray (0409-1162-02)  / 30 Ml In 1 Vial, Single-Dose (0409-1162-19)",0.01,0.01,,,0
RC,636,"Bupivacaine Hydrochloride: 25 Vial, Single-Dose In 1 Tray (0409-1165-01)  / 10 Ml In 1 Vial, Single-Dose (0409-1165-18)",0.01,0.01,,,0
RC,636,Buprenorphine: 30 Tablet In 1 Bottle (0054-0176-13),0.95,0.95,,,0
RC,636,Buprenorphine: 30 Tablet In 1 Bottle (42858-502-03),0.11,0.11,,,0
RC,636,Buprenorphine: 30 Tablet In 1 Bottle (62756-459-83),0.37,0.37,,,0
RC,636,Buprenorphine: 30 Tablet In 1 Bottle (62756-460-83),0.18,0.18,,,0
RC,636,"Byooviz: 1 Vial, Single-Dose In 1 Carton (64406-019-01)  / .05 Ml In 1 Vial, Single-Dose (64406-019-07)",454.98,454.98,,,0
RC,636,Cabenuva: 1 Kit In 1 Carton (49702-253-15)  *  2 Ml In 1 Vial (49702-245-01)  *  2 Ml In 1 Vial (49702-249-02),45.0,45.0,,,0
RC,636,Cabergoline: 1 Bottle In 1 Carton (0093-5420-88)  / 8 Tablet In 1 Bottle,3.52,3.52,,,0
RC,636,Cabergoline: 8 Tablet In 1 Bottle (50742-118-08),2.65,2.65,,,0
RC,636,Caffeine Citrate: 1 Vial In 1 Carton (51754-0500-1)  / 3 Ml In 1 Vial,0.64,0.64,,,0
RC,636,"Caffeine Citrate: 1 Vial, Glass In 1 Carton (72485-104-01)  / 3 Ml In 1 Vial, Glass",0.63,0.63,,,0
RC,636,"Calcitonin Salmon: 1 Vial, Multi-Dose In 1 Carton (24201-400-02)  / 2 Ml In 1 Vial, Multi-Dose",1301.27,1301.27,,,0
RC,636,"Calcitonin Salmon: 1 Vial, Multi-Dose In 1 Carton (43598-051-11)  / 2 Ml In 1 Vial, Multi-Dose",761.85,761.85,,,0
RC,636,"Calcium Chloride: 10 Carton In 1 Container (0409-1631-10)  / 1 Syringe, Plastic In 1 Carton (0409-1631-40)  / 10 Ml In 1 Syringe, Plastic",4.19,4.19,,,0
RC,636,Calcium Chloride: 10 Carton In 1 Container (0409-4928-34)  / 1 Syringe In 1 Carton / 10 Ml In 1 Syringe,30.61,30.61,,,0
RC,636,Calcium Chloride: 10 Syringe In 1 Package (76329-3304-1)  / 10 Ml In 1 Syringe,18.65,18.65,,,0
RC,636,"Carbocaine: 1 VIAL, SINGLE-DOSE in 1 CARTON (0409-1041-30)  / 30 mL in 1 VIAL, SINGLE-DOSE",2.41,2.41,,,0
RC,636,"Carboplatin: 1 Vial, Multi-Dose In 1 Carton (0703-4246-01)  / 15 Ml In 1 Vial, Multi-Dose",10.35,10.35,,,0
RC,636,"Carboplatin: 1 Vial, Multi-Dose In 1 Carton (0703-4248-01)  / 45 Ml In 1 Vial, Multi-Dose",11.63,11.63,,,0
RC,636,"Carboplatin: 1 Vial, Multi-Dose In 1 Carton (61703-339-56)  / 60 Ml In 1 Vial, Multi-Dose",3.88,3.88,,,0
RC,636,Carnitor: 5 Vial In 1 Carton (54482-147-01)  / 5 Ml In 1 Vial,46.31,46.31,,,0
RC,636,Cathflo Activase: 1 Vial In 1 Carton (50242-041-64)  / 2 Ml In 1 Vial,171.83,171.83,,,0
RC,636,Cathflo Activase: 10 Vial In 1 Carton (50242-041-10)  / 2 Ml In 1 Vial,176.01,176.01,,,0
RC,636,Cefazolin: 25 VIAL in 1 CARTON (25021-101-67)  / 3 mL in 1 VIAL,0.79,0.79,,,0
RC,636,"Cefazolin: 25 VIAL, SINGLE-DOSE in 1 CARTON (60505-0749-5)  / 3 mL in 1 VIAL, SINGLE-DOSE",1.4,1.4,,,0
RC,636,"Cefazolin: 25 Vial In 1 Carton (0409-2585-01)  / 1 Injection, Powder, For Solution In 1 Vial (0409-2585-11)",2.08,2.08,,,0
RC,636,"Cefazolin: 25 Vial In 1 Carton (44567-707-25)  / 1 Injection, Powder, For Solution In 1 Vial",1.48,1.48,,,0
RC,636,"Cefazolin: 25 Vial, Single-Dose In 1 Carton (60505-6142-5)  / 1 Injection, Powder, For Solution In 1 Vial, Single-Dose (60505-6142-0)",1.29,1.29,,,0
RC,636,"Cefazolin: 25 Vial, Single-Dose In 1 Carton (60505-6231-5)  / 1 Injection, Powder, For Solution In 1 Vial, Single-Dose (60505-6231-0)",1.99,1.99,,,0
RC,636,Cefazolin: 3 Ml In 1 Vial (0143-9924-90),0.55,0.55,,,0
RC,636,"Cefepime: 1 Vial, Single-Dose In 1 Carton (60505-6146-0)  / 1 Injection, Powder, For Solution In 1 Vial, Single-Dose",2.27,2.27,,,0
RC,636,"Cefepime: 1 Vial, Single-Dose In 1 Carton (60505-6147-0)  / 1 Injection, Powder, For Solution In 1 Vial, Single-Dose",2.09,2.09,,,0
RC,636,"Cefepime: 10 VIAL, SINGLE-DOSE in 1 CARTON (66794-210-41)  / 2 INJECTION, POWDER, FOR SOLUTION in 1 VIAL, SINGLE-DOSE (66794-210-02)",2.57,2.57,,,0
RC,636,"Cefepime: 10 Vial In 1 Carton (25021-121-20)  / 1 Injection, Powder, For Solution In 1 Vial",4.86,4.86,,,0
RC,636,Cefepime: 10 Vial In 1 Carton (44567-240-10)  / 20 Ml In 1 Vial,2.48,2.48,,,0
RC,636,Cefepime: 10 Vial In 1 Carton (44567-241-10)  / 20 Ml In 1 Vial,2.09,2.09,,,0
RC,636,Cefotetan: 10 Vial In 1 Carton (63323-385-10)  / 10 Ml In 1 Vial (63323-385-01),40.22,40.22,,,0
RC,636,Cefotetan: 10 Vial In 1 Carton (63323-386-20)  / 20 Ml In 1 Vial (63323-386-01),35.16,35.16,,,0
RC,636,"Cefoxitin: 25 Vial In 1 Carton (44567-246-25)  / 1 Injection, Powder, For Solution In 1 Vial",6.42,6.42,,,0
RC,636,"Ceftazidime: 10 Vial In 1 Carton (44567-236-10)  / 1 Injection, Powder, For Solution In 1 Vial",2.65,2.65,,,0
RC,636,"Ceftazidime: 25 Vial In 1 Carton (44567-235-25)  / 1 Injection, Powder, For Solution In 1 Vial",2.64,2.64,,,0
RC,636,"Ceftriaxone Sodium: 1 Vial, Single-Use In 1 Carton (60505-6148-0)  / 1 Injection, Powder, For Solution In 1 Vial, Single-Use",1.59,1.59,,,0
RC,636,"Ceftriaxone Sodium: 1 Vial, Single-Use In 1 Carton (60505-6151-4)  / 1 Injection, Powder, For Solution In 1 Vial, Single-Use",3.06,3.06,,,0
RC,636,"Ceftriaxone Sodium: 10 Vial, Single-Use In 1 Carton (0409-7332-01)  / 1 Injection, Powder, For Solution In 1 Vial, Single-Use (0409-7332-11)",0.45,0.45,,,0
RC,636,"Ceftriaxone: 10 VIAL in 1 CARTON (60505-0753-4)  / 1 INJECTION, POWDER, FOR SOLUTION in 1 VIAL",0.43,0.43,,,0
RC,636,"Ceftriaxone: 25 VIAL in 1 CARTON (25021-106-67)  / 1 INJECTION, POWDER, FOR SOLUTION in 1 VIAL",0.67,0.67,,,0
RC,636,"Ceftriaxone: 25 Vial In 1 Carton (25021-107-20)  / 1 Injection, Powder, For Solution In 1 Vial",0.78,0.78,,,0
RC,636,"Ceftriaxone: 25 Vial In 1 Carton (44567-701-25)  / 1 Injection, Powder, For Solution In 1 Vial",0.56,0.56,,,0
RC,636,"Celestone Soluspan: 1 Vial, Multi-Dose In 1 Box (78206-118-01)  / 5 Ml In 1 Vial, Multi-Dose",10.39,10.39,,,0
RC,636,Cerebyx: 25 Vial In 1 Carton (0069-6001-25)  / 2 Ml In 1 Vial (0069-6001-02),30.45,30.45,,,0
RC,636,"Chirhostim: 8 Ml In 1 Vial, Single-Use (67066-005-01)",78.72,78.72,,,0
RC,636,Chlorothiazide Sodium: 1 Vial In 1 Carton (0517-1820-01)  / 18 Ml In 1 Vial,151.53,151.53,,,0
RC,636,Chlorothiazide Sodium: 1 Vial In 1 Carton (25021-305-20)  / 18 Ml In 1 Vial,55.1,55.1,,,0
RC,636,Chlorothiazide: 1 Vial In 1 Box (63323-658-20)  / 18 Ml In 1 Vial,69.04,69.04,,,0
RC,636,"Chlorpromazine Hydrochloride: 100 Blister Pack In 1 Carton (0904-7130-61)  / 1 Tablet, Film Coated In 1 Blister Pack",1.5,1.5,,,0
RC,636,"Chlorpromazine Hydrochloride: 100 Tablet, Film Coated In 1 Bottle (16714-048-01)",0.48,0.48,,,0
RC,636,"Chlorpromazine Hydrochloride: 100 Tablet, Film Coated In 1 Bottle (16714-049-01)",0.24,0.24,,,0
RC,636,Chlorpromazine: 100 Tablet In 1 Bottle (62332-737-31),0.05,0.05,,,0
RC,636,"Cinvanti: 1 Vial, Glass In 1 Carton (47426-201-01)  / 18 Ml In 1 Vial, Glass",3.45,3.45,,,0
RC,636,Ciprofloxacin: 24 Pouch In 1 Carton (25021-114-87)  / 1 Bag In 1 Pouch / 200 Ml In 1 Bag,3.0,3.0,,,0
RC,636,Ciprofloxacin: 24 Pouch In 1 Carton (25021-192-82)  / 1 Bag In 1 Pouch / 100 Ml In 1 Bag,4.12,4.12,,,0
RC,636,Ciprofloxacin: 24 Pouch In 1 Carton (25021-192-87)  / 1 Bag In 1 Pouch / 200 Ml In 1 Bag,2.55,2.55,,,0
RC,636,Cisplatin: 1 Vial In 1 Carton (63323-103-65)  / 100 Ml In 1 Vial,5.82,5.82,,,0
RC,636,Cisplatin: 100 Ml In 1 Vial (16729-288-38),2.58,2.58,,,0
RC,636,Clindamycin Phosphate: 24 Bag In 1 Case (43066-995-24)  / 50 Ml In 1 Bag,3.99,3.99,,,0
RC,636,Clindamycin: 25 Vial In 1 Carton (25021-115-04)  / 4 Ml In 1 Vial,3.42,3.42,,,0
RC,636,Colistimethate: 1 Vial In 1 Box (63323-393-06)  / 2 Ml In 1 Vial,19.84,19.84,,,0
RC,636,Cortrosyn: 10 Vial In 1 Carton (0548-5900-00)  / 1 Ml In 1 Vial,36.12,36.12,,,0
RC,636,Cosyntropin: 10 Vial In 1 Carton (0781-3440-95)  / 1 Ml In 1 Vial (0781-3440-71),57.55,57.55,,,0
RC,636,"Cresemba: 1 Vial, Single-Dose In 1 Carton (0469-0420-01)  / 5 Ml In 1 Vial, Single-Dose",1.52,1.52,,,0
RC,636,"Crysvita: 1 Ml In 1 Vial, Single-Use (42747-102-01)",872.49,872.49,,,0
RC,636,"Crysvita: 1 Ml In 1 Vial, Single-Use (42747-203-01)",872.49,872.49,,,0
RC,636,"Crysvita: 1 Ml In 1 Vial, Single-Use (42747-304-01)",872.49,872.49,,,0
RC,636,"Cyclophosphamide: 1 Vial, Single-Dose In 1 Carton (10019-955-01)  / 25 Ml In 1 Vial, Single-Dose (10019-955-50)",1.08,1.08,,,0
RC,636,"Cyclophosphamide: 1 Vial, Single-Dose In 1 Carton (10019-956-01)  / 50 Ml In 1 Vial, Single-Dose (10019-956-16)",1.1,1.1,,,0
RC,636,Cyclophosphamide: 100 Capsule In 1 Bottle (0054-0383-25),12.42,12.42,,,0
RC,636,Cyclophosphamide: 100 Capsule In 1 Bottle (54879-021-01),5.16,5.16,,,0
RC,636,Cyclophosphamide: 100 Capsule In 1 Bottle (62332-618-31),2.43,2.43,,,0
RC,636,Cyclophosphamide: 100 Capsule In 1 Bottle (62332-619-31),2.12,2.12,,,0
RC,636,"Cyclosporine Modified: 30 Blister Pack In 1 Carton (0093-9018-65)  / 1 Capsule, Liquid Filled In 1 Blister Pack (0093-9018-19)",1.56,1.56,,,0
RC,636,"Cyramza: 1 Vial, Single-Dose In 1 Carton (0002-7669-01)  / 10 Ml In 1 Vial, Single-Dose",142.77,142.77,,,0
RC,636,"Cytogam: 1 Vial, Glass In 1 Carton (49591-532-51)  / 50 Ml In 1 Vial, Glass (49591-532-50)",3364.24,3364.24,,,0
RC,636,"Daptomycin: 1 Vial, Single-Dose In 1 Carton (71288-016-15)  / 10 Ml In 1 Vial, Single-Dose",0.06,0.06,,,0
RC,636,"Daptomycin: 1 Vial, Single-Dose In 1 Carton (72603-152-01)  / 10 Ml In 1 Vial, Single-Dose",0.05,0.05,,,0
RC,636,"Daptomycin: 1 Vial, Single-Dose In 1 Carton (83090-011-01)  / 10 Ml In 1 Vial, Single-Dose",0.03,0.03,,,0
RC,636,"Darzalex Iv: 1 Vial, Single-Dose In 1 Box (57894-505-20)  / 20 Ml In 1 Vial, Single-Dose",150.42,150.42,,,0
RC,636,"Depo-Medrol: 1 Vial, Single-Dose In 1 Package (0009-3073-01)  / 1 Ml In 1 Vial, Single-Dose",0.17,0.17,,,0
RC,636,"Depo-Medrol: 1 Vial, Single-Dose In 1 Package (0009-3475-01)  / 1 Ml In 1 Vial, Single-Dose",0.44,0.44,,,0
RC,636,Desmopressin Acetate: 1 Ml In 1 Ampule (69918-899-01),9.71,9.71,,,0
RC,636,Desmopressin Acetate: 1 Vial In 1 Carton (43598-053-11)  / 10 Ml In 1 Vial,5.66,5.66,,,0
RC,636,"Desmopressin Acetate: 10 Vial, Single-Dose In 1 Carton (65219-293-01)  / 1 Ml In 1 Vial, Single-Dose (65219-293-00)",6.38,6.38,,,0
RC,636,"Dexamethasone Intensol: 30 Ml In 1 Bottle, Glass (0054-3176-44)",0.29,0.29,,,0
RC,636,Dexamethasone Sodium Phosphate: 25 Vial In 1 Carton (25021-052-05)  / 5 Ml In 1 Vial,0.06,0.06,,,0
RC,636,Dexamethasone Sodium Phosphate: 25 Vial In 1 Carton (67457-422-54)  / 5 Ml In 1 Vial (67457-422-00),0.04,0.04,,,0
RC,636,Dexamethasone Sodium Phosphate: 25 Vial In 1 Tray (63323-165-01)  / 1 Ml In 1 Vial (63323-165-02),1.29,1.29,,,0
RC,636,"Dexamethasone Sodium Phosphate: 25 Vial, Multi-Dose In 1 Tray (63323-165-05)  / 5 Ml In 1 Vial, Multi-Dose (63323-165-03)",0.52,0.52,,,0
RC,636,"Dexamethasone Sodium Phosphate: 25 Vial, Single-Dose In 1 Carton (55150-237-01)  / 1 Ml In 1 Vial, Single-Dose",0.33,0.33,,,0
RC,636,Dexamethasone: 100 Blister Pack In 1 Carton (0054-8174-25)  / 1 Tablet In 1 Blister Pack,0.14,0.14,,,0
RC,636,Dexamethasone: 100 Blister Pack In 1 Carton (0054-8183-25)  / 1 Tablet In 1 Blister Pack,0.1,0.1,,,0
RC,636,Dexamethasone: 100 Mg In 1 Bottle (72603-212-01),0.08,0.08,,,0
RC,636,"Dexamethasone: 100 Tablet In 1 Bottle, Plastic (0054-4179-25)",0.11,0.11,,,0
RC,636,"Dexamethasone: 100 Tablet In 1 Bottle, Plastic (0054-4181-25)",0.11,0.11,,,0
RC,636,"Dexamethasone: 100 Tablet In 1 Bottle, Plastic (0054-4183-25)",0.11,0.11,,,0
RC,636,"Dexamethasone: 100 Tablet In 1 Bottle, Plastic (0054-4184-25)",0.09,0.09,,,0
RC,636,"Dexamethasone: 100 Tablet In 1 Bottle, Plastic (0054-4186-25)",0.11,0.11,,,0
RC,636,"Dexamethasone: 500 Ml In 1 Bottle, Plastic (0054-3177-63)",0.12,0.12,,,0
RC,636,Dextrose And Sodium Chloride: 12 Container In 1 Case (0264-7610-00)  / 1000 Ml In 1 Container,2.94,2.94,,,0
RC,636,Dextrose And Sodium Chloride: 12 Container In 1 Case (0264-7612-00)  / 1000 Ml In 1 Container,5.82,5.82,,,0
RC,636,Dextrose And Sodium Chloride: 12 Container In 1 Case (0264-7616-00)  / 1000 Ml In 1 Container,7.84,7.84,,,0
RC,636,Dextrose And Sodium Chloride: 14 Bag In 1 Carton (0338-0077-04)  / 1000 Ml In 1 Bag,3.92,3.92,,,0
RC,636,Dextrose And Sodium Chloride: 14 Bag In 1 Carton (0338-0085-04)  / 1000 Ml In 1 Bag,3.96,3.96,,,0
RC,636,Dextrose And Sodium Chloride: 14 Bag In 1 Carton (0338-0089-04)  / 1000 Ml In 1 Bag,1.96,1.96,,,0
RC,636,Dextrose And Sodium Chloride: 24 Bag In 1 Carton (0338-0085-03)  / 500 Ml In 1 Bag,2.94,2.94,,,0
RC,636,Dextrose And Sodium Chloride: 24 Container In 1 Case (0264-7612-10)  / 500 Ml In 1 Container,5.07,5.07,,,0
RC,636,Dextrose In Lactated Ringers: 12 Container In 1 Case (0264-7751-00)  / 1000 Ml In 1 Container,5.79,5.79,,,0
RC,636,Dextrose Monohydrate: 1 Syringe In 1 Carton (76329-3302-1)  / 50 Ml In 1 Syringe,15.88,15.88,,,0
RC,636,Dextrose and Sodium Chloride: 12 POUCH in 1 CASE (0409-7926-09)  / 1 BAG in 1 POUCH / 1000 mL in 1 BAG,9.8,9.8,,,0
RC,636,Dextrose and Sodium Chloride: 12 POUCH in 1 CASE (0409-7941-09)  / 1 BAG in 1 POUCH / 1000 mL in 1 BAG,4.9,4.9,,,0
RC,636,Dextrose and Sodium Chloride: 24 POUCH in 1 CASE (0409-7926-03)  / 1 BAG in 1 POUCH / 500 mL in 1 BAG,10.78,10.78,,,0
RC,636,"Dextrose: 10 Carton In 1 Package (0409-1775-10)  / 1 Syringe, Plastic In 1 Carton / 10 Ml In 1 Syringe, Plastic (0409-1775-40)",108.23,108.23,,,0
RC,636,Dextrose: 100 Ml In 1 Bag (0338-0551-18),5.3,5.3,,,0
RC,636,Dextrose: 1000 Ml In 1 Bag (0338-0017-04),1.99,1.99,,,0
RC,636,Dextrose: 1000 Ml In 1 Bag (0338-0023-04),5.84,5.84,,,0
RC,636,Dextrose: 12 Container In 1 Case (0264-7510-00)  / 1000 Ml In 1 Container,5.89,5.89,,,0
RC,636,Dextrose: 12 Container In 1 Case (0264-7520-00)  / 1000 Ml In 1 Container,3.91,3.91,,,0
RC,636,Dextrose: 12 POUCH in 1 CASE (0409-7922-09)  / 1 BAG in 1 POUCH / 1000 mL in 1 BAG,9.0,9.0,,,0
RC,636,Dextrose: 12 Pouch In 1 Case (0990-7918-19)  / 1 Bag In 1 Pouch / 500 Ml In 1 Bag,1.69,1.69,,,0
RC,636,Dextrose: 12 Pouch In 1 Case (0990-7922-09)  / 1 Bag In 1 Pouch / 1000 Ml In 1 Bag,9.8,9.8,,,0
RC,636,Dextrose: 12 Pouch In 1 Case (0990-7935-19)  / 1 Bag In 1 Pouch / 500 Ml In 1 Bag,24.8,24.8,,,0
RC,636,Dextrose: 16 Bag In 1 Pouch (0338-0017-31)  / 50 Ml In 1 Bag,0.61,0.61,,,0
RC,636,Dextrose: 20 POUCH in 1 CASE (0409-7923-36)  / 4 BAG in 1 POUCH / 50 mL in 1 BAG,4.96,4.96,,,0
RC,636,Dextrose: 20 POUCH in 1 CASE (0409-7923-37)  / 4 BAG in 1 POUCH / 100 mL in 1 BAG,10.16,10.16,,,0
RC,636,Dextrose: 20 Pouch In 1 Case (0990-7923-36)  / 4 Bag In 1 Pouch / 50 Ml In 1 Bag,1.23,1.23,,,0
RC,636,Dextrose: 2000 Ml In 1 Bag (0338-0719-06),0.32,0.32,,,0
RC,636,Dextrose: 24 BAG in 1 CASE (0409-7922-25)  / 250 mL in 1 BAG,3.73,3.73,,,0
RC,636,Dextrose: 24 Container In 1 Case (0264-7510-10)  / 500 Ml In 1 Container,4.92,4.92,,,0
RC,636,Dextrose: 24 Container In 1 Case (0264-7510-20)  / 250 Ml In 1 Container,3.35,3.35,,,0
RC,636,Dextrose: 24 Container In 1 Case (0264-7520-10)  / 500 Ml In 1 Container,3.7,3.7,,,0
RC,636,Dextrose: 24 Container In 1 Case (0264-7520-20)  / 250 Ml In 1 Container,5.4,5.4,,,0
RC,636,Dextrose: 24 POUCH in 1 CASE (0409-7922-02)  / 1 BAG in 1 POUCH / 250 mL in 1 BAG,9.76,9.76,,,0
RC,636,Dextrose: 24 Pouch In 1 Case (0990-7922-03)  / 1 Bag In 1 Pouch / 500 Ml In 1 Bag,9.43,9.43,,,0
RC,636,Dextrose: 24 Pouch In 1 Case (0990-7930-02)  / 1 Bag In 1 Pouch / 250 Ml In 1 Bag,9.76,9.76,,,0
RC,636,"Dextrose: 25 Vial, Single-Dose In 1 Tray (0409-6648-02)  / 50 Ml In 1 Vial, Single-Dose (0409-6648-16)",8.25,8.25,,,0
RC,636,Dextrose: 250 Ml In 1 Bag (0338-0017-02),2.9,2.9,,,0
RC,636,Dextrose: 250 Ml In 1 Bag (0338-0023-02),3.35,3.35,,,0
RC,636,Dextrose: 30 Bag In 1 Case (17271-720-05)  / 250 Ml In 1 Bag,5.03,5.03,,,0
RC,636,Dextrose: 4 Bag In 1 Pouch (0338-0017-11)  / 50 Ml In 1 Bag,0.89,0.89,,,0
RC,636,Dextrose: 4 Bag In 1 Pouch (0338-0017-18)  / 100 Ml In 1 Bag,2.39,2.39,,,0
RC,636,Dextrose: 500 Ml In 1 Bag (0338-0017-03),2.94,2.94,,,0
RC,636,Dextrose: 500 Ml In 1 Bag (0338-0023-03),6.48,6.48,,,0
RC,636,Dextrose: 6 Pouch In 1 Case (0990-7120-07)  / 1 Bag In 1 Pouch / 2000 Ml In 1 Bag,0.39,0.39,,,0
RC,636,Dextrose: 64 Container In 1 Case (0264-1510-32)  / 100 Ml In 1 Container,3.06,3.06,,,0
RC,636,Dextrose: 84 Container In 1 Case (0264-1510-31)  / 50 Ml In 1 Container,3.36,3.36,,,0
RC,636,Diazepam: 10 Cartridge In 1 Carton (0409-1273-32)  / 2 Ml In 1 Cartridge (0409-1273-03),21.51,21.51,,,0
RC,636,"Diazepam: 10 Syringe, Glass In 1 Carton (43598-106-10)  / 2 Ml In 1 Syringe, Glass (43598-106-11)",6.77,6.77,,,0
RC,636,Diphenhydramine Hcl: 100 Capsule In 1 Bottle (71399-1027-1),0.03,0.03,,,0
RC,636,Diphenhydramine Hcl: 100 Capsule In 1 Bottle (71399-1028-1),0.03,0.03,,,0
RC,636,Diphenhydramine Hydrochloride: 10 Blister Pack In 1 Box (0904-2056-61)  / 10 Capsule In 1 Blister Pack,0.07,0.07,,,0
RC,636,"Diphenhydramine Hydrochloride: 10 Blister Pack In 1 Box, Unit-Dose (0904-7237-61)  / 10 Capsule In 1 Blister Pack",0.08,0.08,,,0
RC,636,Diphenhydramine Hydrochloride: 100 Capsule In 1 Bottle (0904-7237-60),0.04,0.04,,,0
RC,636,Diphenhydramine Hydrochloride: 25 Vial In 1 Package (0641-0376-25)  / 1 Ml In 1 Vial (0641-0376-21),0.63,0.63,,,0
RC,636,"Diphenhydramine hydrochloride: 10 TRAY in 1 CASE (0904-6740-70)  / 10 CUP, UNIT-DOSE in 1 TRAY / 5 mL in 1 CUP, UNIT-DOSE",7.36,7.36,,,0
RC,636,"Diphenhydramine: 25 Vial, Single-Dose In 1 Tray (63323-664-01)  / 1 Ml In 1 Vial, Single-Dose (63323-664-00)",5.43,5.43,,,0
RC,636,Diprivan: 10 Vial In 1 Box (63323-269-10)  / 10 Ml In 1 Vial (63323-269-01),0.2,0.2,,,0
RC,636,Diprivan: 10 Vial In 1 Box (63323-269-29)  / 20 Ml In 1 Vial (63323-269-22),0.18,0.18,,,0
RC,636,Diprivan: 10 Vial In 1 Box (63323-269-37)  / 20 Ml In 1 Vial (63323-269-25),0.29,0.29,,,0
RC,636,Diprivan: 10 Vial In 1 Box (63323-269-65)  / 100 Ml In 1 Vial (63323-269-35),0.18,0.18,,,0
RC,636,Diprivan: 20 Vial In 1 Box (63323-269-50)  / 50 Ml In 1 Vial (63323-269-30),0.17,0.17,,,0
RC,636,Dobutamine Hydrochloride In Dextrose: 18 Bag In 1 Carton (0338-1075-02)  / 250 Ml In 1 Bag,29.38,29.38,,,0
RC,636,Dobutamine Hydrochloride In Dextrose: 18 Bag In 1 Carton (0338-1077-02)  / 250 Ml In 1 Bag,10.32,10.32,,,0
RC,636,"Dobutamine: 10 Vial, Single-Dose In 1 Tray (0409-2344-02)  / 20 Ml In 1 Vial, Single-Dose (0409-2344-62)",9.21,9.21,,,0
RC,636,Docetaxel: 1 Vial In 1 Carton (25021-245-04)  / 4 Ml In 1 Vial,0.82,0.82,,,0
RC,636,"Docetaxel: 1 Vial, Glass In 1 Carton (70121-1222-1)  / 4 Ml In 1 Vial, Glass",1.07,1.07,,,0
RC,636,"Docetaxel: 1 Vial, Multi-Dose In 1 Carton (0409-0367-01)  / 4 Ml In 1 Vial, Multi-Dose",2.42,2.42,,,0
RC,636,Dopamine Hydrochloride And Dextrose: 18 Bag In 1 Carton (0338-1007-02)  / 250 Ml In 1 Bag,2.13,2.13,,,0
RC,636,"Doxorubicin Hydrochloride: 1 Vial, Single-Dose In 1 Carton (70710-1530-1)  / 10 Ml In 1 Vial, Single-Dose",90.28,90.28,,,0
RC,636,"Doxorubicin Hydrochloride: 1 Vial, Single-Dose In 1 Package (47335-049-40)  / 10 Ml In 1 Vial, Single-Dose",365.99,365.99,,,0
RC,636,Doxy 100: 10 Vial In 1 Tray (63323-130-11)  / 10 Ml In 1 Vial (63323-130-02),26.08,26.08,,,0
RC,636,Dronabinol: 100 Blister Pack In 1 Carton (0904-7144-61)  / 1 Capsule In 1 Blister Pack,3.23,3.23,,,0
RC,636,Dronabinol: 60 Capsule In 1 Bottle (42858-867-06),2.19,2.19,,,0
RC,636,Dronabinol: 60 Capsule In 1 Bottle (67877-753-60),3.39,3.39,,,0
RC,636,"Dysport: 1 Vial In 1 Carton (0299-5962-30)  / 1 Injection, Powder, Lyophilized, For Solution In 1 Vial",17.26,17.26,,,0
RC,636,"Dysport: 1 Vial In 1 Carton (15054-0530-6)  / 1 Injection, Powder, Lyophilized, For Solution In 1 Vial",17.26,17.26,,,0
RC,636,"Elitek: 3 Kit In 1 Carton (0024-5150-10)  / 1 Kit In 1 Kit *  1 Ml In 1 Vial, Single-Use (0024-5154-11)  *  1 Ml In 1 Ampule (0024-5152-11)",723.24,723.24,,,0
RC,636,"Enhertu: 1 Vial, Single-Dose In 1 Carton (65597-406-01)  / 5 Ml In 1 Vial, Single-Dose",55.94,55.94,,,0
RC,636,Enoxaparin Sodium: 1 Vial In 1 Carton (0548-5608-00)  / 3 Ml In 1 Vial,1.93,1.93,,,0
RC,636,"Enoxaparin Sodium: 1 Vial, Multi-Dose In 1 Carton (71288-426-03)  / 3 Ml In 1 Vial, Multi-Dose",1.2,1.2,,,0
RC,636,Enoxaparin Sodium: 10 Blister Pack In 1 Carton (63323-584-99)  / 1 Syringe In 1 Blister Pack (63323-584-21)  / .8 Ml In 1 Syringe,1.33,1.33,,,0
RC,636,Enoxaparin Sodium: 10 Syringe In 1 Carton (0548-5601-00)  / .3 Ml In 1 Syringe,2.37,2.37,,,0
RC,636,Enoxaparin Sodium: 10 Syringe In 1 Carton (0548-5606-00)  / .8 Ml In 1 Syringe,2.71,2.71,,,0
RC,636,Enoxaparin Sodium: 10 Syringe In 1 Carton (25021-411-70)  / .8 Ml In 1 Syringe,1.17,1.17,,,0
RC,636,"Entyvio: 1 Vial, Single-Dose In 1 Carton (64764-300-20)  / 5 Ml In 1 Vial, Single-Dose",56.62,56.62,,,0
RC,636,"Envarsus Xr: 1 Pouch In 1 Carton (68992-3010-3)  / 1 Bottle, Plastic In 1 Pouch / 30 Tablet, Extended Release In 1 Bottle, Plastic",0.35,0.35,,,0
RC,636,"Envarsus Xr: 1 Pouch In 1 Carton (68992-3040-3)  / 1 Bottle, Plastic In 1 Pouch / 30 Tablet, Extended Release In 1 Bottle, Plastic",1.02,1.02,,,0
RC,636,"Envarsus Xr: 1 Pouch In 1 Carton (68992-3075-3)  / 1 Bottle, Plastic In 1 Pouch / 30 Tablet, Extended Release In 1 Bottle, Plastic",0.34,0.34,,,0
RC,636,Epinephrine: 1 Vial In 1 Carton (54288-120-01)  / 10 Ml In 1 Vial,0.77,0.77,,,0
RC,636,Epinephrine: 1 Vial In 1 Carton (76329-9060-0)  / 30 Ml In 1 Vial,1.02,1.02,,,0
RC,636,"Epinephrine: 1 Vial, Multi-Dose In 1 Carton (68462-760-10)  / 10 Ml In 1 Vial, Multi-Dose",0.72,0.72,,,0
RC,636,"Epinephrine: 10 Carton In 1 Package (0409-4933-01)  / 1 Syringe, Glass In 1 Carton / 10 Ml In 1 Syringe, Glass (0409-4933-11)",1.59,1.59,,,0
RC,636,Epinephrine: 10 Carton In 1 Package (76329-3318-1)  / 1 Syringe In 1 Carton / 10 Ml In 1 Syringe,2.07,2.07,,,0
RC,636,Epinephrine: 10 VIAL in 1 PACKAGE (76329-3316-1)  / 10 mL in 1 VIAL,0.22,0.22,,,0
RC,636,Epinephrine: 25 Vial In 1 Carton (54288-119-25)  / 1 Ml In 1 Vial,0.9,0.9,,,0
RC,636,Epoprostenol: 1 Vial In 1 Carton (62756-059-40)  / 10 Ml In 1 Vial,11.64,11.64,,,0
RC,636,Eptifibatide: 1 Vial In 1 Carton (25021-408-51)  / 100 Ml In 1 Vial,30.12,30.12,,,0
RC,636,Eptifibatide: 1 Vial In 1 Carton (67457-629-10)  / 10 Ml In 1 Vial,6.64,6.64,,,0
RC,636,Eptifibatide: 1 Vial In 1 Carton (67457-631-10)  / 100 Ml In 1 Vial,7.4,7.4,,,0
RC,636,"Eptifibatide: 1 Vial, Single-Dose In 1 Carton (55150-218-99)  / 100 Ml In 1 Vial, Single-Dose",8.08,8.08,,,0
RC,636,"Eptifibatide: 1 Vial, Single-Dose In 1 Carton (55150-219-10)  / 10 Ml In 1 Vial, Single-Dose",10.19,10.19,,,0
RC,636,"Erbitux: 1 Vial, Single-Dose In 1 Carton (66733-958-23)  / 100 Ml In 1 Vial, Single-Dose",152.87,152.87,,,0
RC,636,"Ertapenem Sodium: 10 Vial, Single-Dose In 1 Carton (43598-901-58)  / 1 Injection, Powder, Lyophilized, For Solution In 1 Vial, Single-Dose (43598-901-11)",14.46,14.46,,,0
RC,636,"Ertapenem: 10 Vial, Single-Dose In 1 Carton (55150-282-20)  / 1 Injection In 1 Vial, Single-Dose",23.27,23.27,,,0
RC,636,Erythrocin Lactobionate: 10 Vial In 1 Tray (0409-6482-01)  / 10 Ml In 1 Vial (0409-6482-11),25.94,25.94,,,0
RC,636,Esmolol Hydrochloride: 10 Bag In 1 Carton (25021-308-84)  / 250 Ml In 1 Bag,0.48,0.48,,,0
RC,636,"Esmolol Hydrochloride: 25 Vial, Single-Dose In 1 Carton (55150-194-10)  / 10 Ml In 1 Vial, Single-Dose",0.57,0.57,,,0
RC,636,"Etomidate: 10 Vial, Single-Dose In 1 Carton (55150-221-10)  / 10 Ml In 1 Vial, Single-Dose",3.77,3.77,,,0
RC,636,"Etomidate: 10 Vial, Single-Dose In 1 Carton (55150-222-20)  / 20 Ml In 1 Vial, Single-Dose",8.9,8.9,,,0
RC,636,"Etopophos: 1 Vial, Single-Dose In 1 Carton (61269-410-20)  / 1 Injection, Powder, Lyophilized, For Solution In 1 Vial, Single-Dose",30.79,30.79,,,0
RC,636,"Etoposide: 1 Vial In 1 Box, Unit-Dose (0143-9511-01)  / 25 Ml In 1 Vial",1.35,1.35,,,0
RC,636,"Etoposide: 1 Vial, Multi-Dose In 1 Box (16729-114-08)  / 25 Ml In 1 Vial, Multi-Dose",1.59,1.59,,,0
RC,636,"Etoposide: 1 Vial, Multi-Dose In 1 Carton (63323-104-25)  / 25 Ml In 1 Vial, Multi-Dose",0.73,0.73,,,0
RC,636,"Evenity: 2 Syringe, Glass In 1 Carton (55513-998-02)  / 1.17 Ml In 1 Syringe, Glass (55513-998-01)",24.44,24.44,,,0
RC,636,Everolimus: 6 Blister Pack In 1 Carton (67877-718-31)  / 10 Tablet In 1 Blister Pack (67877-718-33),6.03,6.03,,,0
RC,636,"Eylea Hd: 1 Vial, Single-Dose In 1 Carton (61755-050-01)  / .07 Ml In 1 Vial, Single-Dose (61755-050-00)",655.78,655.78,,,0
RC,636,"Eylea: 1 Syringe, Glass In 1 Carton (61755-005-01)  / .05 Ml In 1 Syringe, Glass",1869.62,1869.62,,,0
RC,636,"Eylea: 1 Vial, Single-Use In 1 Carton (61755-005-02)  / .05 Ml In 1 Vial, Single-Use",1862.82,1862.82,,,0
RC,636,"Famotidine: 10 Vial, Multi-Dose In 1 Tray (63323-738-09)  / 4 Ml In 1 Vial, Multi-Dose (63323-738-03)",0.02,0.02,,,0
RC,636,"Famotidine: 25 Vial, Single-Dose In 1 Tray (63323-739-12)  / 2 Ml In 1 Vial, Single-Dose (63323-739-11)",0.03,0.03,,,0
RC,636,"Fasenra: 1 Syringe, Glass In 1 Carton (0310-1730-30)  / 1 Ml In 1 Syringe, Glass",341.86,341.86,,,0
RC,636,"Fentanyl Citrate: 1 Vial, Single-Dose In 1 Carton (63323-806-50)  / 50 Ml In 1 Vial, Single-Dose",1.22,1.22,,,0
RC,636,Fentanyl Citrate: 10 Ampule In 1 Cello Pack (0409-9093-32)  / 2 Ml In 1 Ampule (0409-9093-37),1.83,1.83,,,0
RC,636,Fentanyl Citrate: 10 CARTRIDGE in 1 CARTON (0409-1276-32)  / 2 mL in 1 CARTRIDGE (0409-1276-03),2.45,2.45,,,0
RC,636,Fentanyl Citrate: 20 Ml In 1 Vial (0641-6029-01),1.24,1.24,,,0
RC,636,"Fentanyl Citrate: 25 Carton In 1 Tray (0409-9094-61)  / 1 Vial, Single-Dose In 1 Carton / 50 Ml In 1 Vial, Single-Dose (0409-9094-41)",1.26,1.26,,,0
RC,636,"Fentanyl Citrate: 25 Vial, Single-Dose In 1 Tray (0409-9094-22)  / 2 Ml In 1 Vial, Single-Dose (0409-9094-12)",2.59,2.59,,,0
RC,636,Fentanyl Citrate: 50 Ml In 1 Vial (0641-6030-01),1.13,1.13,,,0
RC,636,"Feraheme: 1 Vial, Single-Use In 1 Carton (59338-775-01)  / 17 Ml In 1 Vial, Single-Use",0.52,0.52,,,0
RC,636,"Ferumoxytol: 1 Vial, Single-Dose In 1 Carton (0781-3154-01)  / 17 Ml In 1 Vial, Single-Dose",0.75,0.75,,,0
RC,636,"Fetroja: 10 Vial, Single-Use In 1 Carton (59630-266-10)  / 10 Ml In 1 Vial, Single-Use (59630-266-01)",4.21,4.21,,,0
RC,636,"Firmagon: 1 Kit In 1 Carton (55566-8403-1)  *  3 Ml In 1 Syringe *  3 Ml In 1 Vial, Glass",8.17,8.17,,,0
RC,636,Flexbumin: 12 Bag In 1 Carton (0944-0493-01)  / 50 Ml In 1 Bag (0944-0493-03),62.12,62.12,,,0
RC,636,Flexbumin: 2 Bag In 1 Carton (0944-0495-05)  / 250 Ml In 1 Bag (0944-0495-06),31.5,31.5,,,0
RC,636,"Flolan: 1 Injection, Powder, Lyophilized, For Solution In 1 Carton (0173-0517-00)",27.1,27.1,,,0
RC,636,Fluconazole: 10 Bag In 1 Carton (0338-6045-37)  / 200 Ml In 1 Bag,18.58,18.58,,,0
RC,636,Fluconazole: 10 Pouch In 1 Carton (25021-184-67)  / 1 Bag In 1 Pouch / 200 Ml In 1 Bag,3.92,3.92,,,0
RC,636,Fluconazole: 10 Pouch In 1 Carton (25021-184-82)  / 1 Bag In 1 Pouch / 100 Ml In 1 Bag,6.7,6.7,,,0
RC,636,Fluconazole: 10 Pouch In 1 Carton (25021-184-87)  / 1 Bag In 1 Pouch / 200 Ml In 1 Bag,3.9,3.9,,,0
RC,636,Flulaval 2024/2025: 10 Syringe In 1 Carton (19515-810-52)  / .5 Ml In 1 Syringe (19515-810-41),28.52,28.52,,,0
RC,636,Flulaval 2025/2026: 10 Syringe In 1 Carton (19515-904-52)  / .5 Ml In 1 Syringe (19515-904-41),26.46,26.46,,,0
RC,636,"Flumazenil: 10 Vial, Multi-Dose In 1 Tray (63323-424-05)  / 5 Ml In 1 Vial, Multi-Dose (63323-424-01)",5.36,5.36,,,0
RC,636,Fluorouracil: 1 Bottle In 1 Carton (25021-215-99)  / 100 Ml In 1 Bottle,7.72,7.72,,,0
RC,636,"Fluorouracil: 1 Vial, Pharmacy Bulk Package In 1 Carton (62332-751-50)  / 50 Ml In 1 Vial, Pharmacy Bulk Package",9.19,9.19,,,0
RC,636,"Fluorouracil: 1 Vial, Pharmacy Bulk Package In 1 Carton (62332-779-31)  / 100 Ml In 1 Vial, Pharmacy Bulk Package",9.56,9.56,,,0
RC,636,"Fluorouracil: 1 Vial, Pharmacy Bulk Package In 1 Carton (63323-117-61)  / 100 Ml In 1 Vial, Pharmacy Bulk Package",2.99,2.99,,,0
RC,636,"Fluorouracil: 1 Vial, Pharmacy Bulk Package In 1 Carton (70700-189-22)  / 100 Ml In 1 Vial, Pharmacy Bulk Package",2.1,2.1,,,0
RC,636,"Fluorouracil: 10 Vial, Single-Dose In 1 Tray (63323-117-10)  / 10 Ml In 1 Vial, Single-Dose (63323-117-00)",3.14,3.14,,,0
RC,636,"Fluphenazine Decanoate: 1 Vial, Multi-Dose In 1 Carton (55150-267-05)  / 5 Ml In 1 Vial, Multi-Dose",0.43,0.43,,,0
RC,636,Fluphenazine Hydrochloride: 1 Vial In 1 Box (63323-281-10)  / 10 Ml In 1 Vial,19.83,19.83,,,0
RC,636,"Fluzone High Dose Northern Hemisphere: 5 Syringe, Glass In 1 Package (49281-125-65)  / .5 Ml In 1 Syringe, Glass (49281-125-88)",101.47,101.47,,,0
RC,636,"Folic Acid: 1 Vial, Multi-Dose In 1 Carton (39822-1100-1)  / 10 Ml In 1 Vial, Multi-Dose",0.13,0.13,,,0
RC,636,"Folic Acid: 1 Vial, Multi-Dose In 1 Carton (63323-184-10)  / 10 Ml In 1 Vial, Multi-Dose",0.13,0.13,,,0
RC,636,Fomepizole: 1 Vial In 1 Carton (25021-829-02)  / 1.5 Ml In 1 Vial,5.87,5.87,,,0
RC,636,Fondaparinux Sodium: 10 Syringe In 1 Carton (55111-678-10)  / .5 Ml In 1 Syringe (55111-678-11),2.88,2.88,,,0
RC,636,"Fosaprepitant Dimeglumine: 1 Vial, Single-Dose In 1 Carton (0143-9384-01)  / 5 Ml In 1 Vial, Single-Dose",0.28,0.28,,,0
RC,636,"Fosaprepitant: 1 Vial, Single-Dose In 1 Carton (16714-248-01)  / 5 Ml In 1 Vial, Single-Dose",0.27,0.27,,,0
RC,636,Fulphila: 1 Syringe In 1 Carton (83257-005-41)  / .6 Ml In 1 Syringe,252.27,252.27,,,0
RC,636,Furosemide: 25 Vial In 1 Carton (25021-311-04)  / 4 Ml In 1 Vial,0.09,0.09,,,0
RC,636,Furosemide: 25 Vial In 1 Tray (63323-280-02)  / 2 Ml In 1 Vial (63323-280-01),0.23,0.23,,,0
RC,636,Furosemide: 25 Vial In 1 Tray (63323-280-10)  / 10 Ml In 1 Vial (63323-280-05),0.06,0.06,,,0
RC,636,"Furosemide: 25 Vial, Single-Dose In 1 Box (36000-282-25)  / 2 Ml In 1 Vial, Single-Dose",0.05,0.05,,,0
RC,636,"Furosemide: 25 Vial, Single-Dose In 1 Box (36000-283-25)  / 4 Ml In 1 Vial, Single-Dose",0.04,0.04,,,0
RC,636,"Furosemide: 25 Vial, Single-Dose In 1 Box (36000-284-25)  / 10 Ml In 1 Vial, Single-Dose",0.02,0.02,,,0
RC,636,"Furosemide: 25 Vial, Single-Dose In 1 Tray (0409-6102-04)  / 4 Ml In 1 Vial, Single-Dose (0409-6102-18)",0.26,0.26,,,0
RC,636,"Furosemide: 25 Vial, Single-Dose In 1 Tray (0409-6102-25)  / 2 Ml In 1 Vial, Single-Dose (0409-6102-35)",0.31,0.31,,,0
RC,636,"Gammagard Liquid: 1 Bottle, Glass In 1 Carton (0944-2700-02)  / 10 Ml In 1 Bottle, Glass (0944-2700-08)",76.64,76.64,,,0
RC,636,"Gammagard Liquid: 1 Bottle, Glass In 1 Carton (0944-2700-04)  / 50 Ml In 1 Bottle, Glass (0944-2700-10)",76.64,76.64,,,0
RC,636,"Gammagard Liquid: 1 Bottle, Glass In 1 Carton (0944-2700-05)  / 100 Ml In 1 Bottle, Glass (0944-2700-11)",106.68,106.68,,,0
RC,636,"Gammagard Liquid: 1 Bottle, Glass In 1 Carton (0944-2700-06)  / 200 Ml In 1 Bottle, Glass (0944-2700-12)",104.22,104.22,,,0
RC,636,"Gammagard Liquid: 1 Bottle, Glass In 1 Carton (0944-2700-07)  / 300 Ml In 1 Bottle, Glass (0944-2700-13)",106.68,106.68,,,0
RC,636,"Gamunex-C: 1 Vial, Glass In 1 Carton (13533-800-12)  / 10 Ml In 1 Vial, Glass (13533-800-13)",68.94,68.94,,,0
RC,636,"Gamunex-C: 1 Vial, Glass In 1 Carton (13533-800-15)  / 25 Ml In 1 Vial, Glass (13533-800-16)",69.01,69.01,,,0
RC,636,"Gamunex-C: 1 Vial, Glass In 1 Carton (13533-800-20)  / 50 Ml In 1 Vial, Glass (13533-800-21)",68.14,68.14,,,0
RC,636,"Gamunex-C: 1 Vial, Glass In 1 Carton (13533-800-24)  / 200 Ml In 1 Vial, Glass (13533-800-25)",68.89,68.89,,,0
RC,636,"Gamunex-C: 1 Vial, Glass In 1 Carton (13533-800-71)  / 100 Ml In 1 Vial, Glass (13533-800-72)",68.44,68.44,,,0
RC,636,Ganciclovir: 25 Vial In 1 Carton (70436-089-55)  / 10 Ml In 1 Vial,24.52,24.52,,,0
RC,636,"Gemcitabine: 1 Vial, Single-Dose In 1 Carton (71288-113-10)  / 1 Injection, Powder, Lyophilized, For Solution In 1 Vial, Single-Dose",5.51,5.51,,,0
RC,636,"Gemcitabine: 1 Vial, Single-Dose In 1 Carton (71288-114-50)  / 1 Injection, Powder, Lyophilized, For Solution In 1 Vial, Single-Dose",5.55,5.55,,,0
RC,636,"Gemzar: 25 mL in 1 VIAL, SINGLE-DOSE (0002-7502-01)",280.33,280.33,,,0
RC,636,Gengraf: 1 Bottle In 1 Carton (0074-7269-50)  / 50 Ml In 1 Bottle,5.51,5.51,,,0
RC,636,Gengraf: 5 Blister Pack In 1 Carton (0074-3109-32)  / 6 Capsule In 1 Blister Pack,6.54,6.54,,,0
RC,636,Gentamicin: 25 Vial In 1 Tray (63323-010-02)  / 2 Ml In 1 Vial (63323-010-01),2.51,2.51,,,0
RC,636,Gentamicin: 25 Vial In 1 Tray (63323-010-20)  / 20 Ml In 1 Vial (63323-010-03),4.34,4.34,,,0
RC,636,"Glucagon: 1 Kit In 1 Carton (63323-593-03)  *  1 Ml In 1 Vial, Single-Dose (63323-596-03)  *  1 Ml In 1 Vial, Single-Dose (63323-185-03)",162.54,162.54,,,0
RC,636,Glycopyrrolate: 25 Vial In 1 Carton (0143-9681-25)  / 2 Ml In 1 Vial (0143-9681-01),1.02,1.02,,,0
RC,636,Glycopyrrolate: 25 Vial In 1 Carton (0143-9682-25)  / 1 Ml In 1 Vial (0143-9682-01),0.58,0.58,,,0
RC,636,"Glycopyrrolate: 25 Vial, Single-Dose In 1 Tray (0517-4601-25)  / 1 Ml In 1 Vial, Single-Dose",3.37,3.37,,,0
RC,636,"Glycopyrrolate: 25 Vial, Single-Dose In 1 Tray (0517-4602-25)  / 2 Ml In 1 Vial, Single-Dose",4.3,4.3,,,0
RC,636,Haloperidol Decanoate: 1 Vial In 1 Carton (63323-469-01)  / 1 Ml In 1 Vial,1.02,1.02,,,0
RC,636,Haloperidol Decanoate: 1 Vial In 1 Carton (70756-615-81)  / 1 Ml In 1 Vial,9.01,9.01,,,0
RC,636,"Haloperidol Decanoate: 1 Vial, Single-Dose In 1 Carton (70710-1463-1)  / 1 Ml In 1 Vial, Single-Dose",2.52,2.52,,,0
RC,636,Heparin Sodium In Dextrose: 24 Container In 1 Case (0264-9587-20)  / 250 Ml In 1 Container,0.8,0.8,,,0
RC,636,Heparin Sodium: 24 Pouch In 1 Case (0409-7650-62)  / 1 Bag In 1 Pouch / 250 Ml In 1 Bag (0409-7650-52),1.47,1.47,,,0
RC,636,Heparin Sodium: 25 Vial In 1 Carton (25021-400-30)  / 30 Ml In 1 Vial,0.25,0.25,,,0
RC,636,Heparin Sodium: 25 Vial In 1 Carton (25021-402-01)  / 1 Ml In 1 Vial,0.26,0.26,,,0
RC,636,Heparin Sodium: 25 Vial In 1 Tray (63323-540-13)  / 1 Ml In 1 Vial (63323-540-03),0.95,0.95,,,0
RC,636,Heparin Sodium: 25 Vial In 1 Tray (63323-540-15)  / 10 Ml In 1 Vial (63323-540-05),0.36,0.36,,,0
RC,636,"Heparin Sodium: 25 Vial, Multi-Dose In 1 Carton (0781-3545-25)  / 1 Ml In 1 Vial, Multi-Dose (0781-3545-10)",0.21,0.21,,,0
RC,636,"Heparin Sodium: 25 Vial, Multi-Dose In 1 Carton (71288-402-11)  / 10 Ml In 1 Vial, Multi-Dose (71288-402-10)",0.36,0.36,,,0
RC,636,"Heparin Sodium: 25 Vial, Multi-Dose In 1 Tray (0409-2720-03)  / 30 Ml In 1 Vial, Multi-Dose (0409-2720-32)",0.46,0.46,,,0
RC,636,"Heparin Sodium: 25 Vial, Single-Dose In 1 Tray (0409-2720-01)  / 1 Ml In 1 Vial, Single-Dose (0409-2720-30)",2.58,2.58,,,0
RC,636,"Humate-P: 1 Kit In 1 Carton (63833-616-02)  *  10 Ml In 1 Vial (63833-626-01)  *  10 Ml In 1 Vial, Single-Dose (63833-765-54)",2.14,2.14,,,0
RC,636,"Humate-P: 1 Kit In 1 Carton (63833-617-02)  *  15 Ml In 1 Vial (63833-627-01)  *  15 Ml In 1 Vial, Single-Dose (63833-765-55)",2.14,2.14,,,0
RC,636,"Humulin R U-500: 1 Vial, Multi-Dose In 1 Carton (0002-8501-01)  / 20 Ml In 1 Vial, Multi-Dose",10.28,10.28,,,0
RC,636,"Humulin R: 1 Vial, Multi-Dose In 1 Carton (0002-0213-01)  / 3 Ml In 1 Vial, Multi-Dose",1.31,1.31,,,0
RC,636,"Humulin R: 1 Vial, Multi-Dose In 1 Carton (0002-8215-01)  / 10 Ml In 1 Vial, Multi-Dose",1.77,1.77,,,0
RC,636,"Humulin R: 1 Vial, Multi-Dose In 1 Carton (0002-8215-17)  / 3 Ml In 1 Vial, Multi-Dose",0.39,0.39,,,0
RC,636,"Hydralazine Hydrochloride: 25 Vial, Single-Dose In 1 Carton (63323-614-01)  / 1 Ml In 1 Vial, Single-Dose (63323-614-00)",3.06,3.06,,,0
RC,636,Hydromorphone Hydrochloride: 1 Vial In 1 Carton (0703-0018-01)  / 50 Ml In 1 Vial,0.04,0.04,,,0
RC,636,"Hydromorphone Hydrochloride: 1 Vial, Single-Dose In 1 Box (0409-2634-50)  / 50 Ml In 1 Vial, Single-Dose",0.06,0.06,,,0
RC,636,Hydromorphone Hydrochloride: 10 Cartridge In 1 Carton (0409-1312-30)  / 1 Ml In 1 Cartridge (0409-1312-03),0.18,0.18,,,0
RC,636,Hydromorphone Hydrochloride: 10 Vial In 1 Carton (0703-0110-03)  / 1 Ml In 1 Vial (0703-0110-01),0.06,0.06,,,0
RC,636,Hydromorphone Hydrochloride: 10 Vial In 1 Carton (0703-0113-03)  / 5 Ml In 1 Vial (0703-0113-01),0.05,0.05,,,0
RC,636,"Hydromorphone Hydrochloride: 25 Vial, Single-Dose In 1 Carton (0641-6151-25)  / 1 Ml In 1 Vial, Single-Dose (0641-6151-01)",0.06,0.06,,,0
RC,636,"Hydromorphone Hydrochloride: 50 Ml In 1 Vial, Single-Dose (63323-851-50)",0.02,0.02,,,0
RC,636,"Hydroxyzine Hydrochloride: 25 Vial, Single-Dose In 1 Tray (0517-5601-25)  / 1 Ml In 1 Vial, Single-Dose (0517-5601-01)",18.54,18.54,,,0
RC,636,Hydroxyzine Pamoate: 100 Capsule In 1 Bottle (0185-0674-01),0.11,0.11,,,0
RC,636,Hydroxyzine Pamoate: 100 Capsule In 1 Bottle (0185-0676-01),0.07,0.07,,,0
RC,636,Hydroxyzine Pamoate: 500 Capsule In 1 Bottle (0185-0674-05),0.11,0.11,,,0
RC,636,Hylenex Recombinant: 4 Box In 1 Carton (18657-117-04)  / 1 Vial In 1 Box (18657-117-02)  / 1 Ml In 1 Vial (18657-117-01),0.55,0.55,,,0
RC,636,Hyperrab: 1 Vial In 1 Carton (13533-318-01)  / 1 Ml In 1 Vial (13533-318-10),628.88,628.88,,,0
RC,636,Hyperrab: 1 Vial In 1 Carton (13533-318-05)  / 5 Ml In 1 Vial (13533-318-50),548.76,548.76,,,0
RC,636,"Hypertet: 1 Syringe, Glass In 1 Box (13533-634-02)  / 1 Ml In 1 Syringe, Glass (13533-634-20)",1029.98,1029.98,,,0
RC,636,Iluvien: 1 Tray In 1 Carton (68611-190-02)  / 1 Applicator In 1 Tray / 1 Implant In 1 Applicator,949.57,949.57,,,0
RC,636,Imfinzi: 1 Vial In 1 Carton (0310-4611-50)  / 10 Ml In 1 Vial,164.48,164.48,,,0
RC,636,"Infed: 10 Vial, Single-Dose In 1 Carton (0023-6082-10)  / 2 Ml In 1 Vial, Single-Dose (0023-6082-01)",33.55,33.55,,,0
RC,636,"Infliximab: 1 Vial, Single-Use In 1 Box (57894-160-01)  / 10 Ml In 1 Vial, Single-Use",90.26,90.26,,,0
RC,636,Infumorph 200: 20 Ml In 1 Ampule (0641-6039-01),1.45,1.45,,,0
RC,636,Infumorph 500: 20 Ml In 1 Ampule (0641-6040-01),12.65,12.65,,,0
RC,636,"Insulin Aspart: 1 Vial, Glass In 1 Carton (73070-100-11)  / 10 Ml In 1 Vial, Glass",3.37,3.37,,,0
RC,636,"Integrilin: 1 VIAL, SINGLE-USE in 1 CARTON (0085-1136-01)  / 100 mL in 1 VIAL, SINGLE-USE",65.76,65.76,,,0
RC,636,Invega Sustenna: 1 Syringe In 1 Kit (50458-562-01)  / .75 Ml In 1 Syringe,0.84,0.84,,,0
RC,636,Invega Sustenna: 1 Syringe In 1 Kit (50458-563-01)  / 1 Ml In 1 Syringe,2.3,2.3,,,0
RC,636,Invega Sustenna: 1 Syringe In 1 Kit (50458-564-01)  / 1.5 Ml In 1 Syringe,4.86,4.86,,,0
RC,636,"Ipratropium Bromide And Albuterol Sulfate: 30 Pouch In 1 Carton (0487-0201-01)  / 1 Vial, Single-Use In 1 Pouch / 3 Ml In 1 Vial, Single-Use",0.72,0.72,,,0
RC,636,Ipratropium Bromide And Albuterol Sulfate: 30 Pouch In 1 Carton (76204-600-01)  / 1 Ampule In 1 Pouch / 3 Ml In 1 Ampule,0.72,0.72,,,0
RC,636,"Ipratropium Bromide: 30 Pouch In 1 Carton (0487-9801-01)  / 1 Vial, Single-Dose In 1 Pouch / 2.5 Ml In 1 Vial, Single-Dose",0.55,0.55,,,0
RC,636,Ipratropium Bromide: 30 Pouch In 1 Carton (76204-100-01)  / 1 Ampule In 1 Pouch / 2.5 Ml In 1 Ampule,0.59,0.59,,,0
RC,636,"Irinotecan Hydrochloride: 1 Vial, Single-Use In 1 Carton (60505-6128-1)  / 5 Ml In 1 Vial, Single-Use",2.13,2.13,,,0
RC,636,"Irinotecan Hydrochloride: 5 Ml In 1 Vial, Glass (0143-9701-01)",5.05,5.05,,,0
RC,636,"Izervay: 1 Vial, Single-Dose In 1 Carton (82829-002-01)  / .35 Ml In 1 Vial, Single-Dose",205.65,205.65,,,0
RC,636,"Kanjinti: 1 Vial, Multi-Dose In 1 Carton (55513-132-01)  / 20 Ml In 1 Vial, Multi-Dose",118.26,118.26,,,0
RC,636,"Kcentra: 1 Kit In 1 Carton (63833-386-02)  *  20 Ml In 1 Vial, Single-Use (63833-396-01)  *  20 Ml In 1 Vial, Single-Use (63833-761-20)",4.24,4.24,,,0
RC,636,"Kcentra: 1 Kit In 1 Carton (63833-387-02)  *  40 Ml In 1 Vial, Single-Use (63833-397-01)  *  40 Ml In 1 Vial, Single-Use (63833-761-40)",4.26,4.26,,,0
RC,636,"Kenalog-10: 1 Vial, Multi-Dose In 1 Carton (0003-0494-20)  / 5 Ml In 1 Vial, Multi-Dose",4.37,4.37,,,0
RC,636,"Kenalog-40: 1 Vial, Multi-Dose In 1 Carton (0003-0293-20)  / 5 Ml In 1 Vial, Multi-Dose",4.29,4.29,,,0
RC,636,"Kenalog-40: 1 Vial, Single-Dose In 1 Carton (0003-0293-05)  / 1 Ml In 1 Vial, Single-Dose",4.23,4.23,,,0
RC,636,Ketorolac Tromethamine: 10 Vial In 1 Carton (0338-0069-10)  / 1 Ml In 1 Vial,1.38,1.38,,,0
RC,636,Ketorolac Tromethamine: 25 Vial In 1 Carton (0338-0072-25)  / 1 Ml In 1 Vial,0.79,0.79,,,0
RC,636,Ketorolac Tromethamine: 25 Vial In 1 Carton (72266-234-25)  / 1 Ml In 1 Vial (72266-234-01),0.87,0.87,,,0
RC,636,"Ketorolac Tromethamine: 25 Vial, Single-Use In 1 Tray (63323-161-01)  / 1 Ml In 1 Vial, Single-Use (63323-161-00)",0.82,0.82,,,0
RC,636,Keytruda: 1 Vial In 1 Carton (0006-3026-02)  / 4 Ml In 1 Vial (0006-3026-01),113.72,113.72,,,0
RC,636,Kinevac: 10 Vial In 1 Package (0270-0556-15)  / 5 Ml In 1 Vial,84.28,84.28,,,0
RC,636,"Kisunla: 1 Vial, Single-Dose In 1 Carton (0002-9401-01)  / 20 Ml In 1 Vial, Single-Dose",7.89,7.89,,,0
RC,636,Kyleena: 1 Intrauterine Device In 1 Carton (50419-424-01),2340.19,2340.19,,,0
RC,636,"Labetalol Hydrochloride: 1 Vial In 1 Box, Unit-Dose (0143-9622-01)  / 20 Ml In 1 Vial",0.61,0.61,,,0
RC,636,"Labetalol Hydrochloride: 1 Vial, Multi-Dose In 1 Carton (0409-2267-20)  / 20 Ml In 1 Vial, Multi-Dose",0.34,0.34,,,0
RC,636,"Labetalol Hydrochloride: 1 Vial, Multi-Dose In 1 Carton (72266-102-01)  / 20 Ml In 1 Vial, Multi-Dose",0.18,0.18,,,0
RC,636,"Labetalol Hydrochloride: 25 Vial, Multi-Dose In 1 Tray (0409-0125-25)  / 20 Ml In 1 Vial, Multi-Dose (0409-0125-01)",0.17,0.17,,,0
RC,636,"Lacosamide: 10 Vial, Glass In 1 Carton (25021-791-20)  / 20 Ml In 1 Vial, Glass",0.09,0.09,,,0
RC,636,Lactated Ringers And Dextrose: 1000 Ml In 1 Bag (0338-0125-04),3.93,3.93,,,0
RC,636,Lactated Ringers and Dextrose: 12 POUCH in 1 CASE (0409-7929-09)  / 1 BAG in 1 POUCH / 1000 mL in 1 BAG,9.64,9.64,,,0
RC,636,Lactated Ringers: 1000 Ml In 1 Bag (0338-0117-04),3.23,3.23,,,0
RC,636,Lactated Ringers: 12 Container In 1 Case (0264-7750-00)  / 1000 Ml In 1 Container,3.24,3.24,,,0
RC,636,Lactated Ringers: 12 Container In 1 Case (0264-7750-07)  / 1000 Ml In 1 Container,2.96,2.96,,,0
RC,636,Lactated Ringers: 12 POUCH in 1 CASE (0409-7953-09)  / 1 BAG in 1 POUCH / 1000 mL in 1 BAG,5.39,5.39,,,0
RC,636,Lactated Ringers: 12 Pouch In 1 Case (0990-7953-09)  / 1 Bag In 1 Pouch / 1000 Ml In 1 Bag,10.72,10.72,,,0
RC,636,Lactated Ringers: 24 Container In 1 Case (0264-7750-10)  / 500 Ml In 1 Container,4.88,4.88,,,0
RC,636,Lactated Ringers: 24 POUCH in 1 CASE (0409-7953-03)  / 1 BAG in 1 POUCH / 500 mL in 1 BAG,2.62,2.62,,,0
RC,636,Lactated Ringers: 24 Pouch In 1 Case (0990-7953-03)  / 1 Bag In 1 Pouch / 500 Ml In 1 Bag,7.41,7.41,,,0
RC,636,Lactated Ringers: 500 Ml In 1 Bag (0338-0117-03),2.94,2.94,,,0
RC,636,"Lantus: 1 Vial, Glass In 1 Carton (0088-2220-33)  / 10 Ml In 1 Vial, Glass",0.55,0.55,,,0
RC,636,"Leqembi: 1 Vial, Single-Dose In 1 Carton (62856-212-01)  / 2 Ml In 1 Vial, Single-Dose",2.54,2.54,,,0
RC,636,"Leqembi: 1 Vial, Single-Dose In 1 Carton (62856-215-01)  / 5 Ml In 1 Vial, Single-Dose",2.54,2.54,,,0
RC,636,Leucovorin Calcium: 1 Vial In 1 Box (63323-710-50)  / 20 Ml In 1 Vial,5.9,5.9,,,0
RC,636,"Leucovorin Calcium: 1 Vial In 1 Box, Unit-Dose (0143-9553-01)  / 20 Ml In 1 Vial",4.26,4.26,,,0
RC,636,Levetiracetam: 10 Pouch In 1 Carton (55150-247-47)  / 1 Bag In 1 Pouch / 100 Ml In 1 Bag,0.16,0.16,,,0
RC,636,"Levetiracetam: 10 Vial, Single-Dose In 1 Carton (55150-177-05)  / 5 Ml In 1 Vial, Single-Dose",0.04,0.04,,,0
RC,636,"Levetiracetam: 25 Vial, Glass In 1 Carton (0143-9673-25)  / 5 Ml In 1 Vial, Glass (0143-9673-01)",0.03,0.03,,,0
RC,636,"Levetiracetam: 25 Vial, Single-Dose In 1 Carton (0409-1886-02)  / 5 Ml In 1 Vial, Single-Dose (0409-1886-22)",0.05,0.05,,,0
RC,636,Levofloxacin: 24 Pouch In 1 Carton (25021-132-81)  / 1 Bag In 1 Pouch / 50 Ml In 1 Bag,12.65,12.65,,,0
RC,636,Levofloxacin: 24 Pouch In 1 Carton (25021-132-82)  / 1 Bag In 1 Pouch / 100 Ml In 1 Bag,7.19,7.19,,,0
RC,636,Levofloxacin: 24 Pouch In 1 Carton (25021-132-83)  / 1 Bag In 1 Pouch / 150 Ml In 1 Bag,4.74,4.74,,,0
RC,636,"Libtayo: 1 Vial, Single-Use In 1 Carton (61755-008-01)  / 7 Ml In 1 Vial, Single-Use",61.18,61.18,,,0
RC,636,Lidocaine Hydrochloride And Dextrose: 24 Bag In 1 Carton (0338-0411-02)  / 250 Ml In 1 Bag,0.01,0.01,,,0
RC,636,"Lidocaine Hydrochloride: 1 Vial, Single-Dose In 1 Carton (55150-163-30)  / 30 Ml In 1 Vial, Single-Dose",0.01,0.01,,,0
RC,636,"Lidocaine Hydrochloride: 10 Carton In 1 Container (0409-1323-05)  / 1 Syringe, Plastic In 1 Carton / 5 Ml In 1 Syringe, Plastic (0409-1323-15)",0.11,0.11,,,0
RC,636,Lidocaine Hydrochloride: 10 Syringe In 1 Package (76329-3390-1)  / 5 Ml In 1 Syringe,0.13,0.13,,,0
RC,636,"Lidocaine Hydrochloride: 10 Vial, Single-Dose In 1 Carton (55150-162-05)  / 5 Ml In 1 Vial, Single-Dose",0.04,0.04,,,0
RC,636,Lidocaine Hydrochloride: 25 Ampule In 1 Carton (65282-1605-1)  / 5 Ml In 1 Ampule,0.03,0.03,,,0
RC,636,"Lidocaine Hydrochloride: 25 Vial, Multi-Dose In 1 Carton (55150-251-10)  / 10 Ml In 1 Vial, Multi-Dose",0.02,0.02,,,0
RC,636,"Lidocaine Hydrochloride: 25 Vial, Multi-Dose In 1 Tray (0409-4276-01)  / 20 Ml In 1 Vial, Multi-Dose (0409-4276-16)",0.01,0.01,,,0
RC,636,"Lidocaine Hydrochloride: 25 Vial, Multi-Dose In 1 Tray (0409-4276-02)  / 50 Ml In 1 Vial, Multi-Dose (0409-4276-17)",0.01,0.01,,,0
RC,636,"Lidocaine Hydrochloride: 25 Vial, Multi-Dose In 1 Tray (0409-4277-01)  / 20 Ml In 1 Vial, Multi-Dose (0409-4277-16)",0.01,0.01,,,0
RC,636,"Lidocaine Hydrochloride: 25 Vial, Multi-Dose In 1 Tray (0409-4277-02)  / 50 Ml In 1 Vial, Multi-Dose (0409-4277-17)",0.01,0.01,,,0
RC,636,"Lidocaine: 10 Vial, Multi-Dose In 1 Package (0143-9575-10)  / 50 Ml In 1 Vial, Multi-Dose (0143-9575-01)",0.01,0.01,,,0
RC,636,Lidocaine: 25 Vial In 1 Tray (63323-201-10)  / 10 Ml In 1 Vial (63323-201-03),0.03,0.03,,,0
RC,636,"Lidocaine: 25 Vial, Single-Dose In 1 Tray (63323-208-05)  / 5 Ml In 1 Vial, Single-Dose (63323-208-01)",0.03,0.03,,,0
RC,636,Linezolid: 10 Pouch In 1 Carton (55150-242-51)  / 1 Bag In 1 Pouch / 300 Ml In 1 Bag,4.2,4.2,,,0
RC,636,Lioresal (Baclofen): 2 Ampule In 1 Box (70121-2505-2)  / 1 Kit In 1 Ampule,283.5,283.5,,,0
RC,636,Lmd In Dextrose: 12 Pouch In 1 Case (0409-7418-03)  / 1 Bag In 1 Pouch / 500 Ml In 1 Bag (0409-7418-13),53.9,53.9,,,0
RC,636,"Lucentis: 1 Syringe, Glass In 1 Carton (50242-080-03)  / .05 Ml In 1 Syringe, Glass",764.4,764.4,,,0
RC,636,Lupron Depot: 1 Kit In 1 Carton (0074-3663-03)  *  1.5 Ml In 1 Syringe *  1 Ml In 1 Packet,3255.2,3255.2,,,0
RC,636,M-Dryl: 473 Ml In 1 Bottle (58657-528-16),0.1,0.1,,,0
RC,636,Magnesium Sulfate In Dextrose: 24 Bag In 1 Carton (44567-410-24)  / 100 Ml In 1 Bag,2.42,2.42,,,0
RC,636,Magnesium Sulfate In Dextrose: 24 Container In 1 Case (0264-4400-54)  / 100 Ml In 1 Container,1.96,1.96,,,0
RC,636,Magnesium Sulfate In Dextrose: 24 Pouch In 1 Case (0409-6727-23)  / 1 Bag In 1 Pouch / 100 Ml In 1 Bag (0409-6727-11),3.71,3.71,,,0
RC,636,Magnesium Sulfate In Dextrose: 40 Bag In 1 Case (0338-1709-40)  / 100 Ml In 1 Bag,1.38,1.38,,,0
RC,636,Magnesium Sulfate In Water: 24 Pouch In 1 Carton (44567-420-24)  / 1 Bag In 1 Pouch / 50 Ml In 1 Bag,1.91,1.91,,,0
RC,636,Magnesium Sulfate In Water: 24 Pouch In 1 Carton (44567-421-24)  / 1 Bag In 1 Pouch / 100 Ml In 1 Bag,0.83,0.83,,,0
RC,636,Magnesium Sulfate In Water: 24 Pouch In 1 Case (0409-6729-23)  / 1 Bag In 1 Pouch / 100 Ml In 1 Bag (0409-6729-41),1.03,1.03,,,0
RC,636,Magnesium Sulfate: 24 Bag In 1 Case (63323-106-05)  / 50 Ml In 1 Bag (63323-106-02),3.32,3.32,,,0
RC,636,Magnesium Sulfate: 24 Bag In 1 Case (63323-106-15)  / 500 Ml In 1 Bag,0.17,0.17,,,0
RC,636,"Magnesium Sulfate: 25 Vial, Single-Dose In 1 Carton (63323-064-03)  / 2 Ml In 1 Vial, Single-Dose (63323-064-01)",0.98,0.98,,,0
RC,636,"Mannitol: 25 Vial, Single-Dose In 1 Tray (63323-024-25)  / 50 Ml In 1 Vial, Single-Dose (63323-024-01)",0.22,0.22,,,0
RC,636,"Marcaine With Epinephrine: 10 Vial, Single-Dose In 1 Carton (0409-1746-30)  / 30 Ml In 1 Vial, Single-Dose (0409-1746-71)",11.89,11.89,,,0
RC,636,"Marcaine: 1 Vial, Multi-Dose In 1 Carton (0409-1610-50)  / 50 Ml In 1 Vial, Multi-Dose",0.02,0.02,,,0
RC,636,Medroxyprogesterone Acetate: 1 Ml In 1 Container (70700-315-22),0.1,0.1,,,0
RC,636,Medroxyprogesterone Acetate: 1 Vial In 1 Carton (70700-315-27)  / 1 Ml In 1 Vial,0.1,0.1,,,0
RC,636,"Medroxyprogesterone Acetate: 1 Vial, Single-Dose In 1 Carton (0548-5400-00)  / 1 Ml In 1 Vial, Single-Dose",0.22,0.22,,,0
RC,636,"Medroxyprogesterone Acetate: 1 Vial, Single-Dose In 1 Carton (55150-329-01)  / 1 Ml In 1 Vial, Single-Dose",0.29,0.29,,,0
RC,636,Medroxyprogesterone Acetate: 25 Vial In 1 Carton (67457-887-01)  / 1 Ml In 1 Vial (67457-887-00),0.11,0.11,,,0
RC,636,"Menveo: 1 Kit In 1 Carton (58160-955-09)  *  .5 Ml In 1 Vial, Single-Dose (58160-958-01)  *  .5 Ml In 1 Vial, Single-Dose (58160-959-01)",220.36,220.36,,,0
RC,636,Meperidine Hydrochloride: 25 Vial In 1 Carton (0641-6053-25)  / 1 Ml In 1 Vial (0641-6053-01),1.9,1.9,,,0
RC,636,"Meropenem: 10 Vial In 1 Carton (44567-401-10)  / 1 Injection, Powder, For Solution In 1 Vial (44567-401-01)",0.85,0.85,,,0
RC,636,"Meropenem: 10 Vial In 1 Carton (55150-207-20)  / 1 Injection, Powder, For Solution In 1 Vial",0.57,0.57,,,0
RC,636,"Meropenem: 10 Vial In 1 Carton (55150-208-30)  / 1 Injection, Powder, For Solution In 1 Vial",0.66,0.66,,,0
RC,636,Meropenem: 10 Vial In 1 Carton (63323-508-30)  / 20 Ml In 1 Vial (63323-508-01),0.85,0.85,,,0
RC,636,"Mesna: 1 Vial, Multi-Dose In 1 Box (10019-953-01)  / 10 Ml In 1 Vial, Multi-Dose (10019-953-62)",2.82,2.82,,,0
RC,636,"Methadone Hydrochloride: 1 Vial, Multi-Dose In 1 Carton (67457-217-20)  / 20 Ml In 1 Vial, Multi-Dose",36.82,36.82,,,0
RC,636,"Methadone Hydrochloride: 20 mL in 1 VIAL, MULTI-DOSE (17478-380-20)",13.88,13.88,,,0
RC,636,"Methadose: 1000 Ml In 1 Bottle, Plastic (0406-0527-10)",0.11,0.11,,,0
RC,636,"Methocarbamol: 25 Vial, Single-Dose In 1 Carton (55150-223-10)  / 10 Ml In 1 Vial, Single-Dose",4.42,4.42,,,0
RC,636,Methotrexate: 1 Vial In 1 Carton (16729-277-30)  / 2 Ml In 1 Vial,1.53,1.53,,,0
RC,636,"Methotrexate: 1 Vial, Single-Dose In 1 Carton (0703-3671-01)  / 2 Ml In 1 Vial, Single-Dose",3.75,3.75,,,0
RC,636,Methotrexate: 100 Tablet In 1 Bottle (16729-486-01),0.29,0.29,,,0
RC,636,Methylene Blue: 5 Vial In 1 Carton (70710-1838-5)  / 10 Ml In 1 Vial (70710-1838-1),3.15,3.15,,,0
RC,636,"Methylprednisolone Acetate: 1 Vial, Single-Dose In 1 Carton (70121-1573-1)  / 1 Ml In 1 Vial, Single-Dose",0.36,0.36,,,0
RC,636,Methylprednisolone: 100 TABLET in 1 BOTTLE (0781-5022-01),2.08,2.08,,,0
RC,636,Methylprednisolone: 25 Tablet In 1 Bottle (59762-0049-1),1.45,1.45,,,0
RC,636,Methylprednisolone: 25 Tablet In 1 Bottle (68382-917-11),0.94,0.94,,,0
RC,636,Metoclopramide: 100 Tablet In 1 Bottle (0093-2203-01),0.06,0.06,,,0
RC,636,Metoclopramide: 100 Tablet In 1 Bottle (0093-2204-01),0.05,0.05,,,0
RC,636,"Metoclopramide: 25 Vial, Single-Dose In 1 Tray (0409-3414-01)  / 2 Ml In 1 Vial, Single-Dose (0409-3414-18)",1.43,1.43,,,0
RC,636,"Metoclopramide: 25 Vial, Single-Dose In 1 Tray (0409-3414-11)  / 2 Ml In 1 Vial, Single-Dose (0409-3414-21)",2.1,2.1,,,0
RC,636,Metoprolol Tartrate: 10 Vial In 1 Carton (0143-9660-10)  / 5 Ml In 1 Vial (0143-9660-01),0.83,0.83,,,0
RC,636,"Metoprolol Tartrate: 10 Vial, Single-Dose In 1 Carton (0409-1778-05)  / 5 Ml In 1 Vial, Single-Dose (0409-1778-15)",0.78,0.78,,,0
RC,636,Metoprolol: 10 Vial In 1 Carton (36000-033-10)  / 5 Ml In 1 Vial,1.2,1.2,,,0
RC,636,Metronidazole: 1 Bag In 1 Pouch (47335-993-01)  / 100 Ml In 1 Bag,0.1,0.1,,,0
RC,636,Metronidazole: 24 Bag In 1 Carton (0338-1055-48)  / 100 Ml In 1 Bag,0.06,0.06,,,0
RC,636,Metronidazole: 24 POUCH in 1 CASE (0409-7811-24)  / 1 BAG in 1 POUCH / 100 mL in 1 BAG (0409-7811-31),0.07,0.07,,,0
RC,636,Metronidazole: 24 Pouch In 1 Carton (25021-131-82)  / 1 Bag In 1 Pouch / 100 Ml In 1 Bag,0.09,0.09,,,0
RC,636,Metronidazole: 6 Carton In 1 Case (0264-5535-32)  / 4 Container In 1 Carton / 100 Ml In 1 Container,0.1,0.1,,,0
RC,636,"Miacalcin: 1 Vial, Multi-Dose In 1 Carton (67457-675-02)  / 2 Ml In 1 Vial, Multi-Dose",841.11,841.11,,,0
RC,636,Micafungin: 1 Vial In 1 Carton (25021-190-10)  / 5 Ml In 1 Vial,0.48,0.48,,,0
RC,636,Micafungin: 1 Vial In 1 Carton (25021-191-10)  / 5 Ml In 1 Vial,0.42,0.42,,,0
RC,636,Micafungin: 1 Vial In 1 Carton (70710-1724-1)  / 5 Ml In 1 Vial,0.53,0.53,,,0
RC,636,Micafungin: 1 Vial In 1 Carton (70710-1725-1)  / 5 Ml In 1 Vial,0.5,0.5,,,0
RC,636,Midazolam: 10 Vial In 1 Carton (0641-6060-10)  / 10 Ml In 1 Vial (0641-6060-01),0.06,0.06,,,0
RC,636,Midazolam: 10 Vial In 1 Carton (25021-661-10)  / 10 Ml In 1 Vial,0.06,0.06,,,0
RC,636,"Midazolam: 10 Vial, Single-Dose In 1 Carton (0409-2305-05)  / 5 Ml In 1 Vial, Single-Dose (0409-2305-04)",0.3,0.3,,,0
RC,636,Midazolam: 25 Vial In 1 Carton (0641-6061-25)  / 1 Ml In 1 Vial (0641-6061-01),0.43,0.43,,,0
RC,636,"Midazolam: 25 Vial, Single-Dose In 1 Carton (0409-0001-25)  / 2 Ml In 1 Vial, Single-Dose (0409-0001-01)",0.68,0.68,,,0
RC,636,"Midazolam: 25 Vial, Single-Dose In 1 Tray (0409-2305-17)  / 2 Ml In 1 Vial, Single-Dose (0409-2305-16)",0.73,0.73,,,0
RC,636,Mirena: 1 Intrauterine Device In 1 Carton (50419-423-01),1856.51,1856.51,,,0
RC,636,Morphine Sulfate: 10 Cartridge In 1 Carton (0409-1890-01)  / 1 Ml In 1 Cartridge (0409-1890-03),2.42,2.42,,,0
RC,636,Morphine Sulfate: 10 Cartridge In 1 Carton (0409-1891-01)  / 1 Ml In 1 Cartridge (0409-1891-03),2.33,2.33,,,0
RC,636,"Morphine Sulfate: 25 Vial, Single-Dose In 1 Package (0641-6127-25)  / 1 Ml In 1 Vial, Single-Dose (0641-6127-01)",0.95,0.95,,,0
RC,636,"Morphine Sulfate: 5 Vial, Glass In 1 Carton (0409-3815-12)  / 10 Ml In 1 Vial, Glass (0409-3815-11)",2.8,2.8,,,0
RC,636,Moxifloxacin Hydrochloride: 1 Bag In 1 Carton (67457-323-25)  / 250 Ml In 1 Bag,19.91,19.91,,,0
RC,636,Mvasi: 1 Vial In 1 Carton (55513-206-01)  / 4 Ml In 1 Vial,102.74,102.74,,,0
RC,636,Mvasi: 1 Vial In 1 Carton (55513-207-01)  / 16 Ml In 1 Vial,90.38,90.38,,,0
RC,636,Mycophenolate Mofetil: 1 Bottle In 1 Carton (31722-878-01)  / 100 Capsule In 1 Bottle,0.27,0.27,,,0
RC,636,"Mycophenolate Mofetil: 1 Bottle, Plastic In 1 Carton (66689-307-08)  / 250 Ml In 1 Bottle, Plastic",6.39,6.39,,,0
RC,636,"Mycophenolate Mofetil: 1 Bottle, Plastic In 1 Carton (67877-230-22)  / 225 Ml In 1 Bottle, Plastic",5.86,5.86,,,0
RC,636,Mycophenolate Mofetil: 100 Capsule In 1 Bottle (0054-0163-25),0.99,0.99,,,0
RC,636,"Mycophenolate Mofetil: 100 Capsule In 1 Bottle, Plastic (64380-726-06)",0.29,0.29,,,0
RC,636,Mycophenolate Mofetil: 4 Vial In 1 Carton (72485-415-04)  / 20 Ml In 1 Vial,0.56,0.56,,,0
RC,636,Myxredlin: 12 Container In 1 Carton (0338-0126-12)  / 100 Ml In 1 Container,1.9,1.9,,,0
RC,636,NDC Description Not Available,8.93,8.93,,,0
RC,636,"Nabi-Hb: 1 Vial, Single-Use In 1 Carton (69800-4202-1)  / 1 Ml In 1 Vial, Single-Use (69800-4202-2)",163.4,163.4,,,0
RC,636,Nalbuphine Hydrochloride: 10 Ampule In 1 Tray (0409-1463-01)  / 1 Ml In 1 Ampule (0409-1463-71),6.17,6.17,,,0
RC,636,"Naloxone Hydrochloride: 1 Vial, Multi-Dose In 1 Carton (36000-310-02)  / 10 Ml In 1 Vial, Multi-Dose (36000-310-01)",15.13,15.13,,,0
RC,636,Naloxone Hydrochloride: 10 Syringe In 1 Box (76329-3369-1)  / 2 Ml In 1 Syringe,18.94,18.94,,,0
RC,636,"Naropin: 25 Vial, Single-Dose In 1 Carton (63323-285-23)  / 20 Ml In 1 Vial, Single-Dose (63323-285-07)",0.3,0.3,,,0
RC,636,"Naropin: 25 Vial, Single-Dose In 1 Carton (63323-286-35)  / 30 Ml In 1 Vial, Single-Dose (63323-286-11)",0.06,0.06,,,0
RC,636,"Naropin: 25 Vial, Single-Dose In 1 Carton (63323-287-21)  / 20 Ml In 1 Vial, Single-Dose (63323-287-03)",0.06,0.06,,,0
RC,636,"Naropin: 25 Vial, Single-Dose In 1 Carton (63323-288-21)  / 20 Ml In 1 Vial, Single-Dose (63323-288-07)",0.05,0.05,,,0
RC,636,"Neostigmine: 1 Vial, Multi-Dose In 1 Carton (43598-529-11)  / 10 Ml In 1 Vial, Multi-Dose",1.65,1.65,,,0
RC,636,"Nesacaine Mpf: 25 Vial, Single-Dose In 1 Tray (63323-477-27)  / 20 Ml In 1 Vial, Single-Dose (63323-477-01)",0.09,0.09,,,0
RC,636,"Nesacaine: 25 Vial, Multi-Dose In 1 Tray (63323-476-37)  / 30 Ml In 1 Vial, Multi-Dose (63323-476-01)",0.05,0.05,,,0
RC,636,Neulasta: 1 Kit In 1 Carton (55513-192-01)  *  .6 Ml In 1 Syringe,681.26,681.26,,,0
RC,636,Neulasta: 1 Syringe In 1 Carton (55513-190-01)  / .6 Ml In 1 Syringe,681.26,681.26,,,0
RC,636,Nexterone: 100 Ml In 1 Bag (43066-150-10),8.82,8.82,,,0
RC,636,Nexterone: 200 Ml In 1 Bag (43066-360-20),3.63,3.63,,,0
RC,636,"Nitroglycerin In Dextrose: 12 Bottle, Glass In 1 Box (0338-1051-02)  / 250 Ml In 1 Bottle, Glass",1.92,1.92,,,0
RC,636,"Nitroglycerin: 25 Vial, Single-Dose In 1 Tray (0517-4810-25)  / 10 Ml In 1 Vial, Single-Dose (0517-4810-01)",0.78,0.78,,,0
RC,636,Novolin R: 1 Vial In 1 Carton (0169-1833-11)  / 10 Ml In 1 Vial,3.32,3.32,,,0
RC,636,"Novolog: 1 Vial, Glass In 1 Carton (0169-7501-11)  / 10 Ml In 1 Vial, Glass",0.44,0.44,,,0
RC,636,"Novolog: 5 Syringe, Plastic In 1 Carton (0169-6339-10)  / 3 Ml In 1 Syringe, Plastic",4.5,4.5,,,0
RC,636,Nplate: 1 Vial In 1 Carton (55513-221-01)  / .5 Ml In 1 Vial,205.54,205.54,,,0
RC,636,"Nplate: 1 Vial, Single-Dose In 1 Carton (55513-223-01)  / .25 Ml In 1 Vial, Single-Dose",21.09,21.09,,,0
RC,636,Nucala: 1 Vial In 1 Carton (0173-0881-01)  / 1 Ml In 1 Vial,60.06,60.06,,,0
RC,636,Nyvepria: 1 Carton In 1 Carton (0069-0324-01)  / 1 Syringe In 1 Carton / .6 Ml In 1 Syringe,313.23,313.23,,,0
RC,636,Octreotide Acetate: 10 Vial In 1 Carton (68462-897-10)  / 1 Ml In 1 Vial (68462-897-01),0.7,0.7,,,0
RC,636,"Ogivri: 1 Kit In 1 Carton (83257-004-12)  *  20 Ml In 1 Vial, Multi-Dose (83257-003-11)  *  20 Ml In 1 Vial (83257-002-11)",86.05,86.05,,,0
RC,636,Ogivri: 1 Vial In 1 Carton (83257-001-11)  / 15 Ml In 1 Vial,81.72,81.72,,,0
RC,636,Olanzapine: 1 Vial In 1 Carton (0781-3159-72)  / 2 Ml In 1 Vial,1.33,1.33,,,0
RC,636,Olanzapine: 1 Vial In 1 Carton (31722-308-01)  / 2 Ml In 1 Vial,1.18,1.18,,,0
RC,636,"Olanzapine: 1 Vial, Single-Dose In 1 Carton (55150-308-01)  / 1 Injection, Powder, Lyophilized, For Solution In 1 Vial, Single-Dose",1.38,1.38,,,0
RC,636,"Ondansetron Hydrochloride: 1 VIAL, MULTI-DOSE in 1 CARTON (67457-441-20)  / 20 mL in 1 VIAL, MULTI-DOSE",0.06,0.06,,,0
RC,636,"Ondansetron Hydrochloride: 25 VIAL, SINGLE-DOSE in 1 CARTON (67457-440-22)  / 2 mL in 1 VIAL, SINGLE-DOSE (67457-440-00)",0.18,0.18,,,0
RC,636,"Ondansetron Hydrochloride: 25 Vial, Single-Dose In 1 Carton (36000-012-25)  / 2 Ml In 1 Vial, Single-Dose",0.15,0.15,,,0
RC,636,"Ondansetron Hydrochloride: 30 Tablet, Film Coated In 1 Bottle (65862-188-30)",0.03,0.03,,,0
RC,636,"Ondansetron: 1 Bottle, Plastic In 1 Carton (16714-671-02)  / 50 Ml In 1 Bottle, Plastic",0.58,0.58,,,0
RC,636,Ondansetron: 1 Vial In 1 Carton (23155-549-31)  / 20 Ml In 1 Vial,0.22,0.22,,,0
RC,636,"Ondansetron: 1 Vial, Multi-Dose In 1 Carton (0409-4759-01)  / 20 Ml In 1 Vial, Multi-Dose",0.19,0.19,,,0
RC,636,"Ondansetron: 1 Vial, Multi-Dose In 1 Carton (55150-126-20)  / 20 Ml In 1 Vial, Multi-Dose",0.23,0.23,,,0
RC,636,"Ondansetron: 100 Blister Pack In 1 Carton (0904-6552-61)  / 1 Tablet, Film Coated In 1 Blister Pack",0.09,0.09,,,0
RC,636,Ondansetron: 20 Ml In 1 Carton (0641-6079-01),0.1,0.1,,,0
RC,636,Ondansetron: 25 Vial In 1 Carton (23155-547-42)  / 2 Ml In 1 Vial (23155-547-31),0.14,0.14,,,0
RC,636,"Ondansetron: 25 Vial, Single-Use In 1 Carton (60505-6130-5)  / 2 Ml In 1 Vial, Single-Use (60505-6130-0)",0.19,0.19,,,0
RC,636,"Ondansetron: 3 Blister Pack In 1 Carton (57237-077-10)  / 10 Tablet, Orally Disintegrating In 1 Blister Pack",0.09,0.09,,,0
RC,636,"Ondansetron: 3 Blister Pack In 1 Carton (65862-390-10)  / 10 Tablet, Orally Disintegrating In 1 Blister Pack",0.1,0.1,,,0
RC,636,"Ondansetron: 30 Tablet, Film Coated In 1 Bottle (16714-159-01)",0.05,0.05,,,0
RC,636,"Ondansetron: 30 Tablet, Film Coated In 1 Bottle (55111-153-30)",0.2,0.2,,,0
RC,636,"Ondansetron: 30 Tablet, Film Coated In 1 Bottle (68462-105-30)",0.04,0.04,,,0
RC,636,Ondansetron: 50 Ml In 1 Bottle (65162-691-79),1.06,1.06,,,0
RC,636,"Opdivo Qvantig: 1 Vial, Single-Dose In 1 Carton (0003-6120-01)  / 5 Ml In 1 Vial, Single-Dose",41.48,41.48,,,0
RC,636,"Opdivo: 1 Vial, Single-Dose In 1 Carton (0003-3772-11)  / 4 Ml In 1 Vial, Single-Dose",63.96,63.96,,,0
RC,636,"Opdivo: 1 Vial, Single-Dose In 1 Carton (0003-3774-12)  / 10 Ml In 1 Vial, Single-Dose",63.74,63.74,,,0
RC,636,"Orencia: 1 Vial, Single-Use In 1 Carton (0003-2187-13)  / 15 Ml In 1 Vial, Single-Use",112.1,112.1,,,0
RC,636,Osmitrol: 500 Ml In 1 Bag (0338-0357-03),8.84,8.84,,,0
RC,636,"Oxacillin: 10 Vial In 1 Box (55150-128-24)  / 1 Injection, Powder, For Solution In 1 Vial",1.2,1.2,,,0
RC,636,Oxaliplatin: 1 Vial In 1 Carton (60505-6132-6)  / 10 Ml In 1 Vial,0.1,0.1,,,0
RC,636,Oxaliplatin: 1 Vial In 1 Carton (60505-6132-7)  / 20 Ml In 1 Vial,0.08,0.08,,,0
RC,636,"Oxaliplatin: 1 Vial, Single-Use In 1 Carton (0781-3315-70)  / 10 Ml In 1 Vial, Single-Use",0.18,0.18,,,0
RC,636,Ozurdex: 1 Pouch In 1 Carton (0023-3348-07)  / 1 Implant In 1 Pouch,384.44,384.44,,,0
RC,636,"PROMETHAZINE HYDROCHLORIDE: 473 mL in 1 BOTTLE, PLASTIC (60432-608-16)",1.53,1.53,,,0
RC,636,Paclitaxel Protein Bound Particles Albumin Bound: 1 Vial In 1 Carton (0517-4300-01)  / 20 Ml In 1 Vial,15.28,15.28,,,0
RC,636,"Paclitaxel Protein-Bound Particles For Injectable Suspension (Albumin-Bound): 1 Vial, Single-Use In 1 Carton (71288-183-50)  / 20 Ml In 1 Vial, Single-Use",24.91,24.91,,,0
RC,636,Paclitaxel: 1 Vial In 1 Carton (25021-255-50)  / 50 Ml In 1 Vial,0.22,0.22,,,0
RC,636,"Paclitaxel: 1 Vial, Multi-Dose In 1 Carton (16714-137-01)  / 50 Ml In 1 Vial, Multi-Dose",0.19,0.19,,,0
RC,636,"Paclitaxel: 1 Vial, Multi-Dose In 1 Carton (61703-342-50)  / 50 Ml In 1 Vial, Multi-Dose",0.42,0.42,,,0
RC,636,"Paclitaxel: 1 Vial, Single-Dose In 1 Carton (0781-3531-91)  / 20 Ml In 1 Vial, Single-Dose",15.04,15.04,,,0
RC,636,"Palonosetron Hydrochloride: 1 Vial, Single-Dose In 1 Carton (71288-409-05)  / 5 Ml In 1 Vial, Single-Dose",0.32,0.32,,,0
RC,636,"Palonosetron: 1 Vial, Single-Use In 1 Carton (16714-834-01)  / 5 Ml In 1 Vial, Single-Use",1.26,1.26,,,0
RC,636,Pamidronate Disodium: 1 Vial In 1 Carton (67457-446-10)  / 10 Ml In 1 Vial,16.9,16.9,,,0
RC,636,"Pamidronate Disodium: 1 Vial, Single-Dose In 1 Carton (61703-324-18)  / 10 Ml In 1 Vial, Single-Dose",25.25,25.25,,,0
RC,636,Panhematin: 1 Vial In 1 Carton (55292-702-55)  / 48 Ml In 1 Vial (55292-702-54),61.27,61.27,,,0
RC,636,Pantoprazole Sodium: 10 Vial In 1 Carton (25021-751-10)  / 10 Ml In 1 Vial,2.66,2.66,,,0
RC,636,"Papaverine Hydrochloride: 10 Vial, Single-Use In 1 Carton (14789-121-05)  / 2 Ml In 1 Vial, Single-Use (14789-121-07)",29.46,29.46,,,0
RC,636,Papaverine Hydrochloride: 25 Vial In 1 Carton (0517-4002-25)  / 2 Ml In 1 Vial (0517-4002-01),26.22,26.22,,,0
RC,636,Paragard T 380A: 1 Pouch In 1 Carton (59365-5128-1)  / 1 Intrauterine Device In 1 Pouch,2122.44,2122.44,,,0
RC,636,Paragard T 380A: 1 Pouch In 1 Carton (59365-5129-1)  / 1 Intrauterine Device In 1 Pouch,2232.44,2232.44,,,0
RC,636,"Pemetrexed Disodium: 1 Vial, Single-Dose In 1 Carton (43598-386-62)  / 4 Ml In 1 Vial, Single-Dose",2.71,2.71,,,0
RC,636,"Pemetrexed Disodium: 1 Vial, Single-Dose In 1 Carton (43598-387-11)  / 20 Ml In 1 Vial, Single-Dose",2.71,2.71,,,0
RC,636,"Pemetrexed: 1 Vial, Single-Dose In 1 Carton (71288-166-10)  / 10 Ml In 1 Vial, Single-Dose",2.06,2.06,,,0
RC,636,"Pemetrexed: 1 Vial, Single-Dose In 1 Carton (71288-167-50)  / 50 Ml In 1 Vial, Single-Dose",1.78,1.78,,,0
RC,636,"Pemetrexed: 1 Vial, Single-Dose In 1 Carton (72603-325-01)  / 10 Ml In 1 Vial, Single-Dose",1.64,1.64,,,0
RC,636,"Penicillin G Potassium: 1 Vial In 1 Carton (0781-6136-94)  / 1 Injection, Powder, For Solution In 1 Vial",0.72,0.72,,,0
RC,636,"Penicillin G Potassium: 10 Vial In 1 Carton (0781-6135-95)  / 1 Injection, Powder, For Solution In 1 Vial (0781-6135-94)",2.2,2.2,,,0
RC,636,"Penicillin G Potassium: 10 Vial In 1 Tray (44567-311-10)  / 1 Injection, Powder, For Solution In 1 Vial",0.87,0.87,,,0
RC,636,Pentobarbital Sodium: 1 Vial In 1 Carton (25021-676-50)  / 50 Ml In 1 Vial,37.77,37.77,,,0
RC,636,"Perjeta: 1 Vial, Single-Use In 1 Carton (50242-145-01)  / 14 Ml In 1 Vial, Single-Use",31.72,31.72,,,0
RC,636,Perphenazine: 100 Tablet In 1 Bottle (68382-591-01),0.95,0.95,,,0
RC,636,"Perphenazine: 100 Tablet, Film Coated In 1 Bottle (0591-4103-01)",0.55,0.55,,,0
RC,636,"Perphenazine: 100 Tablet, Film Coated In 1 Bottle, Plastic (0603-5060-21)",3.34,3.34,,,0
RC,636,"Pfizerpen: 1 Vial In 1 Carton (0049-0530-28)  / 1 Powder, For Solution In 1 Vial",2.46,2.46,,,0
RC,636,"Pfizerpen: 10 Vial In 1 Carton (0049-0520-83)  / 1 Powder, For Solution In 1 Vial (0049-0520-84)",9.68,9.68,,,0
RC,636,"Phenobarbital Sodium: 10 Vial, Glass In 1 Carton (14789-128-05)  / 1 Ml In 1 Vial, Glass (14789-128-07)",35.81,35.81,,,0
RC,636,Phentolamine Mesylate: 1 Vial In 1 Box (0143-9564-01)  / 1 Ml In 1 Vial,841.18,841.18,,,0
RC,636,Phentolamine Mesylate: 1 Vial In 1 Carton (68094-101-20)  / 1 Injection In 1 Vial,543.19,543.19,,,0
RC,636,Phytonadione: 1 Syringe In 1 Carton (76329-1240-1)  / .5 Ml In 1 Syringe,42.7,42.7,,,0
RC,636,Phytonadione: 10 Vial In 1 Carton (69097-708-96)  / 1 Ml In 1 Vial,2.64,2.64,,,0
RC,636,"Piperacillin And Tazobactam: 10 Vial In 1 Box (44567-801-10)  / 1 Injection, Powder, For Solution In 1 Vial",2.37,2.37,,,0
RC,636,"Piperacillin And Tazobactam: 10 Vial In 1 Box (55150-119-30)  / 1 Injection, Powder, Lyophilized, For Solution In 1 Vial",1.49,1.49,,,0
RC,636,"Piperacillin And Tazobactam: 10 Vial In 1 Box (55150-120-30)  / 1 Injection, Powder, Lyophilized, For Solution In 1 Vial",1.19,1.19,,,0
RC,636,"Piperacillin And Tazobactam: 10 Vial In 1 Box (55150-121-50)  / 1 Injection, Powder, Lyophilized, For Solution In 1 Vial",1.13,1.13,,,0
RC,636,Pitocin: 25 Vial In 1 Carton (42023-116-02)  / 10 Ml In 1 Vial,1.11,1.11,,,0
RC,636,Pitocin: 25 Vial In 1 Tray (42023-116-25)  / 1 Ml In 1 Vial,6.51,6.51,,,0
RC,636,"Polocaine-Mpf: 25 Vial, Single-Dose In 1 Tray (63323-294-27)  / 20 Ml In 1 Vial, Single-Dose (63323-294-01)",1.84,1.84,,,0
RC,636,Posaconazole: 1 Vial In 1 Carton (68462-904-01)  / 16.7 Ml In 1 Vial,177.33,177.33,,,0
RC,636,"Posaconazole: 1 Vial, Single-Dose In 1 Carton (63323-685-17)  / 16.7 Ml In 1 Vial, Single-Dose",451.84,451.84,,,0
RC,636,Potassium Chloride In Dextrose: 1000 Ml In 1 Bag (0338-0683-04),0.51,0.51,,,0
RC,636,Potassium Chloride In Dextrose: 12 Container In 1 Case (0264-7625-00)  / 1000 Ml In 1 Container,1.35,1.35,,,0
RC,636,Potassium Chloride In Sodium Chloride: 12 Container In 1 Case (0264-7865-00)  / 1000 Ml In 1 Container,3.49,3.49,,,0
RC,636,Potassium Chloride In Sodium Chloride: 14 Bag In 1 Carton (0338-0691-04)  / 1000 Ml In 1 Bag,1.08,1.08,,,0
RC,636,Potassium Chloride In Sodium Chloride: 14 Bag In 1 Carton (0338-0695-04)  / 1000 Ml In 1 Bag,0.87,0.87,,,0
RC,636,Potassium Chloride In Sodium Chloride: 14 Bag In 1 Carton (0338-0704-34)  / 1000 Ml In 1 Bag,1.01,1.01,,,0
RC,636,Potassium Chloride in Sodium Chloride: 12 POUCH in 1 CASE (0409-7115-09)  / 1 BAG in 1 POUCH / 1000 mL in 1 BAG,1.37,1.37,,,0
RC,636,Potassium Chloride: 24 Bag In 1 Carton (0338-0705-48)  / 100 Ml In 1 Bag,0.68,0.68,,,0
RC,636,Potassium Chloride: 24 Bag In 1 Carton (0338-0709-48)  / 100 Ml In 1 Bag,1.32,1.32,,,0
RC,636,Potassium Chloride: 24 Pouch In 1 Case (0990-7074-26)  / 1 Bag In 1 Pouch / 100 Ml In 1 Bag,1.84,1.84,,,0
RC,636,Potassium Chloride: 24 Pouch In 1 Case (0990-7075-26)  / 1 Bag In 1 Pouch / 100 Ml In 1 Bag,0.94,0.94,,,0
RC,636,"Potassium Chloride: 25 Vial, Single-Dose In 1 Tray (0409-6635-01)  / 5 Ml In 1 Vial, Single-Dose (0409-6635-18)",1.79,1.79,,,0
RC,636,"Praxbind: 2 Vial, Single-Dose In 1 Carton (0597-0197-05)  / 50 Ml In 1 Vial, Single-Dose",4975.37,4975.37,,,0
RC,636,Prednisolone Sodium Phosphate: 237 Ml In 1 Bottle (0121-0759-08),0.49,0.49,,,0
RC,636,Prednisone: 10 Blister Pack In 1 Carton (0054-0019-20)  / 10 Tablet In 1 Blister Pack,0.01,0.01,,,0
RC,636,Prednisone: 100 Blister Pack In 1 Carton (0904-6923-61)  / 1 Tablet In 1 Blister Pack,0.02,0.02,,,0
RC,636,Prednisone: 100 Tablet In 1 Bottle (10135-779-01),0.01,0.01,,,0
RC,636,Prednisone: 100 Tablet In 1 Bottle (59651-484-01),0.14,0.14,,,0
RC,636,Prednisone: 100 Tablet In 1 Bottle (59651-485-01),0.04,0.04,,,0
RC,636,Prednisone: 100 Tablet In 1 Bottle (59651-489-01),0.01,0.01,,,0
RC,636,Prednisone: 100 Tablet In 1 Bottle (59746-172-06),0.06,0.06,,,0
RC,636,Prednisone: 100 Tablet In 1 Bottle (59746-173-06),0.03,0.03,,,0
RC,636,Prednisone: 100 Tablet In 1 Bottle (59746-175-06),0.02,0.02,,,0
RC,636,Prednisone: 100 Tablet In 1 Bottle (59746-782-01),0.08,0.08,,,0
RC,636,"Prednisone: 100 Tablet In 1 Bottle, Plastic (0054-0019-25)",0.01,0.01,,,0
RC,636,"Prednisone: 100 Tablet In 1 Bottle, Plastic (64380-782-06)",0.14,0.14,,,0
RC,636,Premarin: 1 Vial In 1 Carton (0046-0749-05)  / 5 Ml In 1 Vial,681.14,681.14,,,0
RC,636,Prevnar 20: 1 Syringe In 1 Carton (0005-2000-02)  / .5 Ml In 1 Syringe (0005-2000-01),432.94,432.94,,,0
RC,636,"Prochlorperazine Edisylate: 1 Vial, Multi-Dose In 1 Carton (55150-360-01)  / 2 Ml In 1 Vial, Multi-Dose",1.54,1.54,,,0
RC,636,Prochlorperazine Edisylate: 10 Vial In 1 Carton (25021-790-02)  / 2 Ml In 1 Vial,2.45,2.45,,,0
RC,636,Prochlorperazine Maleate: 100 Tablet In 1 Bottle (59746-113-06),0.5,0.5,,,0
RC,636,Prochlorperazine Maleate: 100 Tablet In 1 Bottle (59746-115-06),0.42,0.42,,,0
RC,636,Prolia: 1 Syringe In 1 Carton (55513-710-01)  / 1 Ml In 1 Syringe,58.86,58.86,,,0
RC,636,Prolia: 1 Syringe In 1 Carton (55513-710-21)  / 1 Ml In 1 Syringe,57.37,57.37,,,0
RC,636,Promethazine Hydrochloride: 100 Blister Pack In 1 Carton (0904-7304-61)  / 1 Tablet In 1 Blister Pack,0.1,0.1,,,0
RC,636,Promethazine Hydrochloride: 100 Tablet In 1 Bottle (53746-745-01),0.12,0.12,,,0
RC,636,Promethazine Hydrochloride: 25 Vial In 1 Carton (0641-0955-25)  / 1 Ml In 1 Vial (0641-0955-21),2.6,2.6,,,0
RC,636,Promethazine Hydrochloride: 473 Ml In 1 Bottle (70408-146-34),1.52,1.52,,,0
RC,636,"Promethazine Hydrochloride: 473 Ml In 1 Bottle, Plastic (70752-138-12)",1.08,1.08,,,0
RC,636,Propofol: 10 Vial In 1 Tray (0409-4699-24)  / 100 Ml In 1 Vial (0409-4699-54),0.16,0.16,,,0
RC,636,Propofol: 20 Vial In 1 Carton (16714-977-20)  / 50 Ml In 1 Vial (16714-977-01),0.16,0.16,,,0
RC,636,Propofol: 20 Vial In 1 Carton (80830-2364-8)  / 50 Ml In 1 Vial (80830-2364-1),0.12,0.12,,,0
RC,636,Propofol: 20 Vial In 1 Tray (0409-4699-33)  / 50 Ml In 1 Vial (0409-4699-53),0.16,0.16,,,0
RC,636,Propofol: 25 Vial In 1 Carton (25021-608-20)  / 20 Ml In 1 Vial,0.51,0.51,,,0
RC,636,Propofol: 5 Vial In 1 Carton (0409-4699-30)  / 20 Ml In 1 Vial (0409-4699-50),0.39,0.39,,,0
RC,636,"Protamine Sulfate: 1 Vial, Single-Dose In 1 Box (63323-229-30)  / 25 Ml In 1 Vial, Single-Dose",2.28,2.28,,,0
RC,636,"Protamine Sulfate: 1 Vial, Single-Dose In 1 Box (63323-229-95)  / 25 Ml In 1 Vial, Single-Dose",1.85,1.85,,,0
RC,636,"Protamine Sulfate: 25 Vial, Single-Dose In 1 Tray (63323-229-05)  / 5 Ml In 1 Vial, Single-Dose (63323-229-01)",3.62,3.62,,,0
RC,636,Protonix I.V.: 1 Vial In 1 Carton (0008-0923-51)  / 10 Ml In 1 Vial,4.71,4.71,,,0
RC,636,Pulmozyme: 5 Pouch In 1 Carton (50242-100-40)  / 6 Ampule In 1 Pouch (50242-100-39)  / 2.5 Ml In 1 Ampule,101.73,101.73,,,0
RC,636,Qutenza: 1 Kit In 1 Carton (72512-928-01)  *  1 Pouch In 1 Carton (72512-920-00)  / 1 Patch In 1 Pouch / 179 Mg In 1 Patch *  50 G In 1 Tube,1780.54,1780.54,,,0
RC,636,"Rabavert: 1 Kit In 1 Carton (50632-010-01)  *  1 Ml In 1 Syringe (50632-011-01)  *  1 Ml In 1 Vial, Glass (50632-013-01)",706.11,706.11,,,0
RC,636,"Reblozyl: 1 Vial, Glass In 1 Carton (59572-711-01)  / 1 Injection, Powder, Lyophilized, For Solution In 1 Vial, Glass",80.04,80.04,,,0
RC,636,"Reblozyl: 1 Vial, Glass In 1 Carton (59572-775-01)  / 1 Injection, Powder, Lyophilized, For Solution In 1 Vial, Glass",79.27,79.27,,,0
RC,636,"Regadenoson: 1 Syringe, Plastic In 1 Carton (71288-201-85)  / 5 Ml In 1 Syringe, Plastic",2.91,2.91,,,0
RC,636,Releuko: 1 Syringe In 1 Box (70121-1568-1)  / .5 Ml In 1 Syringe,0.41,0.41,,,0
RC,636,Releuko: 1 Syringe In 1 Box (70121-1570-1)  / .8 Ml In 1 Syringe,0.4,0.4,,,0
RC,636,"Renflexis: 1 Vial In 1 Carton (78206-162-01)  / 1 Injection, Powder, Lyophilized, For Solution In 1 Vial (78206-162-99)",74.31,74.31,,,0
RC,636,"Retacrit: 10 Vial, Single-Dose In 1 Carton (0069-1305-10)  / 1 Ml In 1 Vial, Single-Dose (0069-1305-01)",1.78,1.78,,,0
RC,636,"Retacrit: 10 Vial, Single-Dose In 1 Carton (0069-1306-10)  / 1 Ml In 1 Vial, Single-Dose (0069-1306-01)",1.73,1.73,,,0
RC,636,"Retacrit: 10 Vial, Single-Dose In 1 Carton (0069-1307-10)  / 1 Ml In 1 Vial, Single-Dose (0069-1307-01)",1.73,1.73,,,0
RC,636,"Retacrit: 10 Vial, Single-Dose In 1 Carton (0069-1308-10)  / 1 Ml In 1 Vial, Single-Dose (0069-1308-01)",1.69,1.69,,,0
RC,636,"Retacrit: 4 Vial, Single-Dose In 1 Carton (0069-1309-04)  / 1 Ml In 1 Vial, Single-Dose (0069-1309-01)",18.88,18.88,,,0
RC,636,"Rhogam Ultra-Filtered Plus: 1 Pouch In 1 Carton (0562-7805-01)  / 1 Injection, Solution In 1 Pouch (0562-7805-00)",161.87,161.87,,,0
RC,636,"Rhophylac: 1 Syringe, Glass In 1 Carton (44206-300-01)  / 2 Ml In 1 Syringe, Glass (44206-300-90)",137.91,137.91,,,0
RC,636,"Riabni: 1 Vial, Single-Dose In 1 Carton (55513-224-01)  / 10 Ml In 1 Vial, Single-Dose",93.73,93.73,,,0
RC,636,"Riabni: 1 Vial, Single-Dose In 1 Carton (55513-326-01)  / 50 Ml In 1 Vial, Single-Dose",95.62,95.62,,,0
RC,636,"Rifadin Iv: 1 Vial, Glass In 1 Carton (0068-0597-01)  / 10 Ml In 1 Vial, Glass",0.22,0.22,,,0
RC,636,Risperdal Consta: 1 Kit In 1 Box (50458-306-11)  *  2 Ml In 1 Syringe (50458-306-01)  *  2 Ml In 1 Vial,0.9,0.9,,,0
RC,636,Risperdal Consta: 1 Kit In 1 Box (50458-308-11)  *  2 Ml In 1 Vial *  2 Ml In 1 Syringe (50458-308-01),0.93,0.93,,,0
RC,636,Risperidone: 1 Kit In 1 Carton (0480-1453-08)  *  2 Ml In 1 Vial (0480-9735-01)  *  2 Ml In 1 Syringe (0480-1200-21),16.45,16.45,,,0
RC,636,"Rituxan: 1 Vial, Single-Use In 1 Carton (50242-051-21)  / 10 Ml In 1 Vial, Single-Use",156.52,156.52,,,0
RC,636,"Rituxan: 1 Vial, Single-Use In 1 Carton (50242-053-06)  / 50 Ml In 1 Vial, Single-Use",156.52,156.52,,,0
RC,636,Ropivacaine Hydrochloride: 1 Vial In 1 Carton (70069-064-01)  / 30 Ml In 1 Vial,0.04,0.04,,,0
RC,636,"Ruxience: 1 Vial, Single-Use In 1 Carton (0069-0238-01)  / 10 Ml In 1 Vial, Single-Use",103.04,103.04,,,0
RC,636,"Ruxience: 1 Vial, Single-Use In 1 Carton (0069-0249-01)  / 50 Ml In 1 Vial, Single-Use",103.04,103.04,,,0
RC,636,"Rybrevant: 1 Vial, Single-Use In 1 Carton (57894-501-01)  / 1 Injection In 1 Vial, Single-Use (57894-501-00)",42.15,42.15,,,0
RC,636,Sandostatin Lar Depot: 1 Kit In 1 Kit (0078-0818-81)  *  6 Ml In 1 Vial (0078-0797-61)  *  2 Ml In 1 Syringe,411.81,411.81,,,0
RC,636,Sandostatin Lar Depot: 1 Kit In 1 Kit (0078-0825-81)  *  2 Ml In 1 Syringe *  6 Ml In 1 Vial (0078-0804-61),412.28,412.28,,,0
RC,636,"Sensorcaine Mpf: 25 Vial, Single-Dose In 1 Tray (63323-462-17)  / 10 Ml In 1 Vial, Single-Dose (63323-462-04)",8.88,8.88,,,0
RC,636,"Sensorcaine Mpf: 25 Vial, Single-Dose In 1 Tray (63323-472-17)  / 10 Ml In 1 Vial, Single-Dose (63323-472-03)",0.07,0.07,,,0
RC,636,"Simponi Aria: 1 Vial, Single-Dose In 1 Carton (57894-350-01)  / 4 Ml In 1 Vial, Single-Dose",75.75,75.75,,,0
RC,636,"Sirolimus: 100 Tablet, Film Coated In 1 Bottle (68382-520-01)",12.89,12.89,,,0
RC,636,"Sirolimus: 100 Tablet, Sugar Coated In 1 Bottle (59762-1001-1)",12.6,12.6,,,0
RC,636,"Sodium Acetate: 100 Ml In 1 Vial, Pharmacy Bulk Package (69784-231-10)",2.55,2.55,,,0
RC,636,Sodium Acetate: 25 Vial In 1 Case (0409-3299-06)  / 100 Ml In 1 Vial (0409-3299-16),10.35,10.35,,,0
RC,636,"Sodium Acetate: 25 Vial, Single-Dose In 1 Tray (0409-7299-73)  / 20 Ml In 1 Vial, Single-Dose (0409-7299-83)",6.47,6.47,,,0
RC,636,"Sodium Acetate: 50 Ml In 1 Vial, Pharmacy Bulk Package (69784-230-10)",42.36,42.36,,,0
RC,636,Sodium Chloride For Irrigation: 4 Container In 1 Case (0264-7388-50)  / 2000 Ml In 1 Container,4.9,4.9,,,0
RC,636,Sodium Chloride: 1 Bag In 1 Package (0338-0049-41)  / 50 Ml In 1 Bag,3.78,3.78,,,0
RC,636,Sodium Chloride: 1 Bag In 1 Package (0338-0049-48)  / 100 Ml In 1 Bag,4.24,4.24,,,0
RC,636,Sodium Chloride: 100 Ml In 1 Bag (0338-0553-18),5.3,5.3,,,0
RC,636,Sodium Chloride: 100 Ml In 1 Bag (0338-9159-30),5.69,5.69,,,0
RC,636,Sodium Chloride: 1000 Ml In 1 Bag (0338-0043-04),1.96,1.96,,,0
RC,636,Sodium Chloride: 1000 Ml In 1 Bag (0338-0049-04),3.81,3.81,,,0
RC,636,"Sodium Chloride: 12 BOTTLE, PLASTIC in 1 CASE (0409-7138-09)  / 1000 mL in 1 BOTTLE, PLASTIC",4.9,4.9,,,0
RC,636,Sodium Chloride: 12 Container In 1 Case (0264-5802-00)  / 1000 Ml In 1 Container,2.27,2.27,,,0
RC,636,Sodium Chloride: 12 Container In 1 Case (0264-5804-00)  / 1000 Ml In 1 Container,2.6,2.6,,,0
RC,636,Sodium Chloride: 12 Container In 1 Case (0264-7800-00)  / 1000 Ml In 1 Container,1.96,1.96,,,0
RC,636,Sodium Chloride: 12 Container In 1 Case (0264-7800-09)  / 1000 Ml In 1 Container,2.94,2.94,,,0
RC,636,Sodium Chloride: 12 Container In 1 Case (0264-7802-00)  / 1000 Ml In 1 Container,2.94,2.94,,,0
RC,636,Sodium Chloride: 12 POUCH in 1 CASE (0409-7983-09)  / 1 BAG in 1 POUCH / 1000 mL in 1 BAG,6.12,6.12,,,0
RC,636,Sodium Chloride: 16 Bag In 1 Package (0338-0049-31)  / 50 Ml In 1 Bag,2.44,2.44,,,0
RC,636,Sodium Chloride: 16 Bag In 1 Package (0338-0049-38)  / 100 Ml In 1 Bag,2.55,2.55,,,0
RC,636,Sodium Chloride: 16 Container In 1 Case (0264-2201-00)  / 1000 Ml In 1 Container,2.94,2.94,,,0
RC,636,Sodium Chloride: 16 Container In 1 Case (0264-2201-10)  / 500 Ml In 1 Container,3.74,3.74,,,0
RC,636,"Sodium Chloride: 18 Bottle, Plastic In 1 Carton (0338-0048-03)  / 500 Ml In 1 Bottle, Plastic",2.79,2.79,,,0
RC,636,Sodium Chloride: 18 Pouch In 1 Case (0990-7983-55)  / 1 Bag In 1 Pouch / 500 Ml In 1 Bag,14.54,14.54,,,0
RC,636,Sodium Chloride: 20 POUCH in 1 CASE (0409-7984-36)  / 4 BAG in 1 POUCH / 50 mL in 1 BAG,3.38,3.38,,,0
RC,636,Sodium Chloride: 20 POUCH in 1 CASE (0409-7984-37)  / 4 BAG in 1 POUCH / 100 mL in 1 BAG,8.67,8.67,,,0
RC,636,Sodium Chloride: 20 Pouch In 1 Case (0990-7984-36)  / 4 Bag In 1 Pouch / 50 Ml In 1 Bag,1.57,1.57,,,0
RC,636,Sodium Chloride: 24 BAG in 1 CASE (0409-7983-25)  / 250 mL in 1 BAG,12.34,12.34,,,0
RC,636,"Sodium Chloride: 24 BOTTLE, PLASTIC in 1 CASE (0409-6138-03)  / 500 mL in 1 BOTTLE, PLASTIC",10.61,10.61,,,0
RC,636,"Sodium Chloride: 24 Bottle, Plastic In 1 Case (0990-6138-22)  / 250 Ml In 1 Bottle, Plastic",9.8,9.8,,,0
RC,636,Sodium Chloride: 24 Container In 1 Case (0264-5802-10)  / 500 Ml In 1 Container,3.87,3.87,,,0
RC,636,Sodium Chloride: 24 Container In 1 Case (0264-7800-10)  / 500 Ml In 1 Container,5.41,5.41,,,0
RC,636,Sodium Chloride: 24 Container In 1 Case (0264-7800-20)  / 250 Ml In 1 Container,0.98,0.98,,,0
RC,636,Sodium Chloride: 24 Container In 1 Case (0264-7805-10)  / 500 Ml In 1 Container,5.99,5.99,,,0
RC,636,Sodium Chloride: 24 POUCH in 1 CASE (0409-7983-02)  / 1 BAG in 1 POUCH / 250 mL in 1 BAG,13.26,13.26,,,0
RC,636,Sodium Chloride: 24 POUCH in 1 CASE (0409-7983-03)  / 1 BAG in 1 POUCH / 500 mL in 1 BAG,10.78,10.78,,,0
RC,636,Sodium Chloride: 24 Pouch In 1 Case (0990-7983-02)  / 1 Bag In 1 Pouch / 250 Ml In 1 Bag,9.57,9.57,,,0
RC,636,Sodium Chloride: 250 Ml In 1 Bag (0338-0049-02),4.03,4.03,,,0
RC,636,Sodium Chloride: 250 Ml In 1 Bag (0338-9543-02),8.55,8.55,,,0
RC,636,Sodium Chloride: 250 Ml In 1 Bag (17271-701-05),3.43,3.43,,,0
RC,636,Sodium Chloride: 4 Bag In 1 Package (0338-0049-10)  / 25 Ml In 1 Bag,3.12,3.12,,,0
RC,636,Sodium Chloride: 4 Bag In 1 Package (0338-0049-11)  / 50 Ml In 1 Bag,3.47,3.47,,,0
RC,636,Sodium Chloride: 4 Bag In 1 Package (0338-0049-18)  / 100 Ml In 1 Bag,3.69,3.69,,,0
RC,636,Sodium Chloride: 48 Pouch In 1 Case (0990-7984-23)  / 1 Bag In 1 Pouch / 100 Ml In 1 Bag,3.86,3.86,,,0
RC,636,Sodium Chloride: 500 Ml In 1 Bag (0338-0049-03),4.93,4.93,,,0
RC,636,Sodium Chloride: 500 Ml In 1 Bag (17271-701-06),6.79,6.79,,,0
RC,636,Sodium Chloride: 6 Bag In 1 Carton (0338-0047-46)  / 2000 Ml In 1 Bag,8.82,8.82,,,0
RC,636,Sodium Chloride: 60 BAG in 1 CASE (0990-7984-11)  / 100 mL in 1 BAG,6.26,6.26,,,0
RC,636,Sodium Chloride: 64 Container In 1 Case (0264-1800-32)  / 100 Ml In 1 Container,3.54,3.54,,,0
RC,636,Sodium Chloride: 84 Container In 1 Case (0264-1800-31)  / 50 Ml In 1 Container,3.41,3.41,,,0
RC,636,Soliris: 1 Vial In 1 Carton (25682-001-01)  / 30 Ml In 1 Vial,85.23,85.23,,,0
RC,636,Solu-Cortef: 1 Vial In 1 Carton (0009-0825-01)  / 2 Ml In 1 Vial,28.26,28.26,,,0
RC,636,"Solu-Cortef: 1 Vial, Single-Dose In 1 Carton (0009-0013-05)  / 2 Ml In 1 Vial, Single-Dose",32.02,32.02,,,0
RC,636,Solu-Medrol: 1 Vial In 1 Carton (0009-0003-02)  / 4 Ml In 1 Vial,0.83,0.83,,,0
RC,636,Solu-Medrol: 1 Vial In 1 Carton (0009-0018-20)  / 8 Ml In 1 Vial,0.54,0.54,,,0
RC,636,"Spravato: 3 Blister Pack In 1 Kit (50458-028-03)  / 1 Vial, Single-Use In 1 Blister Pack / .2 Ml In 1 Vial, Single-Use (50458-028-00)",2195.88,2195.88,,,0
RC,636,"Sulfamethoxazole And Trimethoprim: 1 Vial, Multi-Dose In 1 Carton (0703-9526-01)  / 30 Ml In 1 Vial, Multi-Dose",0.16,0.16,,,0
RC,636,"Sulfamethoxazole And Trimethoprim: 10 Vial, Single-Dose In 1 Carton (0703-9503-03)  / 5 Ml In 1 Vial, Single-Dose (0703-9503-01)",0.26,0.26,,,0
RC,636,"Sylvant: 1 Vial, Single-Dose In 1 Box (73090-420-01)  / 1 Injection, Powder, For Solution In 1 Vial, Single-Dose",308.89,308.89,,,0
RC,636,"Sylvant: 1 Vial, Single-Dose In 1 Box (73090-421-01)  / 1 Injection, Powder, For Solution In 1 Vial, Single-Dose",302.22,302.22,,,0
RC,636,Tacrolimus: 100 Blister Pack In 1 Carton (0904-6623-61)  / 1 Capsule In 1 Blister Pack,1.72,1.72,,,0
RC,636,Tacrolimus: 100 Blister Pack In 1 Carton (0904-6624-61)  / 1 Capsule In 1 Blister Pack,2.31,2.31,,,0
RC,636,Tacrolimus: 100 Blister Pack In 1 Carton (0904-7097-61)  / 1 Capsule In 1 Blister Pack,1.88,1.88,,,0
RC,636,Tacrolimus: 100 Capsule In 1 Bottle (16729-042-01),0.73,0.73,,,0
RC,636,Tacrolimus: 100 Capsule In 1 Bottle (16729-043-01),0.48,0.48,,,0
RC,636,Tacrolimus: 100 Capsule In 1 Container (64380-722-06),0.29,0.29,,,0
RC,636,"Tecentriq: 1 Vial, Single-Use In 1 Carton (50242-917-01)  / 20 Ml In 1 Vial, Single-Use",184.44,184.44,,,0
RC,636,"Tecentriq: 1 Vial, Single-Use In 1 Carton (50242-918-01)  / 14 Ml In 1 Vial, Single-Use",182.68,182.68,,,0
RC,636,Testosterone Cypionate: 1 Ml In 1 Vial (0143-9659-01),0.13,0.13,,,0
RC,636,Thiamine Hydrochloride: 25 Vial In 1 Carton (25021-500-02)  / 2 Ml In 1 Vial,3.23,3.23,,,0
RC,636,"Thiamine: 25 Vial, Multi-Dose In 1 Carton (72485-507-25)  / 2 Ml In 1 Vial, Multi-Dose (72485-507-01)",2.44,2.44,,,0
RC,636,"Tigecycline: 10 Vial, Single-Dose In 1 Carton (63323-960-10)  / 5 Ml In 1 Vial, Single-Dose (63323-960-01)",0.4,0.4,,,0
RC,636,"Tobramycin: 1 Vial, Pharmacy Bulk Package In 1 Carton (70700-173-22)  / 50 Ml In 1 Vial, Pharmacy Bulk Package",6.26,6.26,,,0
RC,636,Tobramycin: 14 Pouch In 1 Carton (70756-604-56)  / 4 Ampule In 1 Pouch (70756-604-44)  / 5 Ml In 1 Ampule,8.56,8.56,,,0
RC,636,"Tobramycin: 25 Vial, Multi-Dose In 1 Tray (63323-306-02)  / 2 Ml In 1 Vial, Multi-Dose (63323-306-01)",2.51,2.51,,,0
RC,636,"Tobramycin: 6 Vial, Pharmacy Bulk Package In 1 Tray (63323-303-51)  / 30 Ml In 1 Vial, Pharmacy Bulk Package (63323-303-01)",6.79,6.79,,,0
RC,636,Triamcinolone Acetonide: 1 Vial In 1 Carton (16714-130-01)  / 1 Ml In 1 Vial,1.36,1.36,,,0
RC,636,Triamcinolone Acetonide: 1 Vial In 1 Carton (16714-140-01)  / 5 Ml In 1 Vial,1.49,1.49,,,0
RC,636,"Triamcinolone Acetonide: 1 Vial, Multi-Dose In 1 Carton (70121-1168-1)  / 5 Ml In 1 Vial, Multi-Dose",1.05,1.05,,,0
RC,636,"Triamcinolone Acetonide: 1 Vial, Single-Dose In 1 Carton (0703-0241-01)  / 1 Ml In 1 Vial, Single-Dose",1.67,1.67,,,0
RC,636,"Truxima: 1 Vial, Single-Use In 1 Carton (63459-103-10)  / 10 Ml In 1 Vial, Single-Use",95.85,95.85,,,0
RC,636,"Truxima: 1 Vial, Single-Use In 1 Carton (63459-104-50)  / 50 Ml In 1 Vial, Single-Use",95.69,95.69,,,0
RC,636,Udenyca: 1 Syringe In 1 Carton (70114-130-01)  / .6 Ml In 1 Syringe,460.95,460.95,,,0
RC,636,"Ultomiris: 1 Vial, Glass In 1 Carton (25682-028-01)  / 11 Ml In 1 Vial, Glass",418.39,418.39,,,0
RC,636,Vabysmo: 1 Syringe In 1 Carton (50242-096-06)  / .05 Ml In 1 Syringe,75.49,75.49,,,0
RC,636,Vabysmo: 1 Vial In 1 Carton (50242-096-01)  / .05 Ml In 1 Vial (50242-096-03),74.22,74.22,,,0
RC,636,Vancomycin Hydrochloride: 1 Bottle In 1 Carton (63323-314-66)  / 100 Ml In 1 Bottle,0.46,0.46,,,0
RC,636,"Vancomycin Hydrochloride: 1 Vial, Pharmacy Bulk Package In 1 Carton (0143-9164-01)  / 10.25 G In 1 Vial, Pharmacy Bulk Package",0.07,0.07,,,0
RC,636,"Vancomycin Hydrochloride: 1 Vial, Pharmacy Bulk Package In 1 Carton (0409-1319-01)  / 100 Ml In 1 Vial, Pharmacy Bulk Package",2.19,2.19,,,0
RC,636,Vancomycin Hydrochloride: 10 Vial In 1 Carton (67457-340-01)  / 20 Ml In 1 Vial (67457-340-00),0.56,0.56,,,0
RC,636,"Vancomycin Hydrochloride: 10 Vial In 1 Carton (70436-021-82)  / 1 Injection, Powder, Lyophilized, For Solution In 1 Vial",0.05,0.05,,,0
RC,636,Vancomycin Hydrochloride: 10 Vial In 1 Package (0143-9162-10)  / 1025 Mg In 1 Vial (0143-9162-01),0.04,0.04,,,0
RC,636,"Vancomycin Hydrochloride: 10 Vial In 1 Tray (0409-4332-01)  / 1 Injection, Powder, Lyophilized, For Solution In 1 Vial (0409-4332-11)",0.34,0.34,,,0
RC,636,"Varivax: 10 Vial, Single-Dose In 1 Carton (0006-4827-00)  / .5 Ml In 1 Vial, Single-Dose (0006-4827-01)",340.57,340.57,,,0
RC,636,"Vasopressin: 1 Vial, Multi-Dose In 1 Carton (55150-370-01)  / 1 Ml In 1 Vial, Multi-Dose",1.4,1.4,,,0
RC,636,Vaxelis: 10 Syringe In 1 Package (63361-243-15)  / .5 Ml In 1 Syringe (63361-243-88),263.44,263.44,,,0
RC,636,Vecuronium Bromide: 10 Vial In 1 Box (47335-932-44)  / 20 Ml In 1 Vial (47335-932-40),153.63,153.63,,,0
RC,636,Vecuronium Bromide: 10 Vial In 1 Carton (67457-438-10)  / 10 Ml In 1 Vial (67457-438-00),122.73,122.73,,,0
RC,636,"Veklury: 1 VIAL, SINGLE-DOSE in 1 CARTON (61958-2901-1)  / 1 INJECTION, POWDER, LYOPHILIZED, FOR SOLUTION in 1 VIAL, SINGLE-DOSE",889.2,889.2,,,0
RC,636,"Veklury: 1 Vial, Single-Dose In 1 Carton (61958-2901-2)  / 1 Injection, Powder, Lyophilized, For Solution In 1 Vial, Single-Dose",12.54,12.54,,,0
RC,636,"Venofer: 1 Vial, Single-Dose In 1 Box (0517-2340-01)  / 5 Ml In 1 Vial, Single-Dose",0.64,0.64,,,0
RC,636,"Venofer: 10 Vial, Single-Dose In 1 Box (0517-2340-10)  / 5 Ml In 1 Vial, Single-Dose",0.64,0.64,,,0
RC,636,"Venofer: 5 Vial, Single-Dose In 1 Box (0517-2310-05)  / 10 Ml In 1 Vial, Single-Dose (0517-2310-01)",0.64,0.64,,,0
RC,636,"Vfend: 1 Vial, Single-Dose In 1 Carton (0049-3190-28)  / 20 Ml In 1 Vial, Single-Dose",1.1,1.1,,,0
RC,636,"Vfend: 1 Vial, Single-Use In 1 Carton (0049-3190-01)  / 20 Ml In 1 Vial, Single-Use",1.05,1.05,,,0
RC,636,"Vimpat: 10 Vial, Glass In 1 Carton (0131-1810-67)  / 20 Ml In 1 Vial, Glass",0.87,0.87,,,0
RC,636,"Voriconazole: 1 Vial, Single-Dose In 1 Carton (72266-131-01)  / 20 Ml In 1 Vial, Single-Dose",1.13,1.13,,,0
RC,636,"Vyepti: 1 Vial, Single-Dose In 1 Carton (67386-130-51)  / 1 Ml In 1 Vial, Single-Dose",37.43,37.43,,,0
RC,636,Vyloy: 1 Vial In 1 Box (0469-3425-10)  / 5 Ml In 1 Vial,61.85,61.85,,,0
RC,636,Vyloy: 1 Vial In 1 Box (0469-4425-30)  / 15 Ml In 1 Vial,62.72,62.72,,,0
RC,636,"Xeomin: 1 Vial, Single-Use In 1 Carton (0259-1610-01)  / 1 Injection, Powder, Lyophilized, For Solution In 1 Vial, Single-Use",9.82,9.82,,,0
RC,636,"Xeomin: 1 Vial, Single-Use In 1 Carton (0259-1620-01)  / 200 Injection, Powder, Lyophilized, For Solution In 1 Vial, Single-Use",10.02,10.02,,,0
RC,636,"Xgeva: 1 Vial, Single-Use In 1 Carton (55513-730-01)  / 1.7 Ml In 1 Vial, Single-Use",54.65,54.65,,,0
RC,636,"Xolair Pfs: 1 Syringe, Glass In 1 Carton (50242-214-01)  / .5 Ml In 1 Syringe, Glass",91.5,91.5,,,0
RC,636,"Xolair Pfs: 1 Syringe, Glass In 1 Carton (50242-214-03)  / .5 Ml In 1 Syringe, Glass",92.52,92.52,,,0
RC,636,"Xolair Pfs: 1 Syringe, Glass In 1 Carton (50242-215-01)  / 1 Ml In 1 Syringe, Glass",91.13,91.13,,,0
RC,636,"Xolair Pfs: 1 Syringe, Glass In 1 Carton (50242-215-03)  / 1 Ml In 1 Syringe, Glass",92.52,92.52,,,0
RC,636,"Xylocaine Mpf: 25 Vial, Single-Dose In 1 Carton (63323-495-27)  / 2 Ml In 1 Vial, Single-Dose (63323-495-09)",0.13,0.13,,,0
RC,636,"Xylocaine: 25 Vial, Multi-Dose In 1 Tray (63323-486-57)  / 50 Ml In 1 Vial, Multi-Dose (63323-486-05)",0.01,0.01,,,0
RC,636,"Yervoy: 1 Vial, Single-Use In 1 Carton (0003-2327-11)  / 10 Ml In 1 Vial, Single-Use",343.84,343.84,,,0
RC,636,"Yutiq: 1 Pouch In 1 Box, Unit-Dose (71879-136-01)  / 1 Applicator In 1 Pouch / 1 Implant In 1 Applicator",979.56,979.56,,,0
RC,636,Yutiq: 1 Pouch In 1 Carton (68611-180-01)  / 1 Applicator In 1 Pouch / 1 Implant In 1 Applicator,1001.72,1001.72,,,0
RC,636,Zarxio: 1 Blister Pack In 1 Carton (61314-318-01)  / 1 Syringe In 1 Blister Pack / .5 Ml In 1 Syringe,0.91,0.91,,,0
RC,636,"Zemplar: 25 Vial, Single-Dose In 1 Tray (0074-1658-01)  / 1 Ml In 1 Vial, Single-Dose",3.62,3.62,,,0
RC,636,"Zepzelca: 8 Ml In 1 Vial, Single-Dose (68727-712-01)",393.47,393.47,,,0
RC,636,"Zerbaxa: 10 Vial, Single-Dose In 1 Carton (67919-030-01)  / 10 Ml In 1 Vial, Single-Dose",15.75,15.75,,,0
RC,636,Zoladex: 1 Pouch In 1 Carton (70720-951-30)  / 1 Syringe In 1 Pouch / 1 Implant In 1 Syringe,1727.71,1727.71,,,0
RC,636,Zoledronic Acid: 1 Bag In 1 Carton (72266-152-01)  / 100 Ml In 1 Bag,7.59,7.59,,,0
RC,636,Zoledronic Acid: 1 Vial In 1 Carton (54288-100-01)  / 5 Ml In 1 Vial,9.79,9.79,,,0
RC,636,"Zoledronic Acid: 1 Vial, Glass In 1 Carton (55111-685-07)  / 5 Ml In 1 Vial, Glass",2.76,2.76,,,0
RC,637,"10 BLISTER PACK in 1 CARTON (50580-600-02)  / 10 TABLET, FILM COATED in 1 BLISTER PACK",0.02,0.02,,,0
RC,637,"100 TABLET in 1 BOTTLE, PLASTIC (61442-127-01)",0.09,0.09,,,0
RC,637,240 mL in 1 BOTTLE (52380-1905-8),2.32,2.32,,,0
RC,637,"ATORVASTATIN CALCIUM: 500 TABLET, FILM COATED in 1 BOTTLE (59762-0158-2)",0.51,0.51,,,0
RC,637,"Abacavir Sulfate: 1 Bottle, Plastic In 1 Carton (0378-4105-91)  / 60 Tablet, Film Coated In 1 Bottle, Plastic",3.63,3.63,,,0
RC,637,Acetaminophen Pain Reliever Fever Reducer: 1 Suppository In 1 Blister Pack (45802-730-00),0.41,0.41,,,0
RC,637,Acetaminophen Pain Reliever Fever Reducer: 100 Blister Pack In 1 Carton (45802-730-33)  / 1 Suppository In 1 Blister Pack,0.14,0.14,,,0
RC,637,"Acetaminophen: 10 Blister Pack In 1 Box, Unit-Dose (0904-6730-61)  / 10 Tablet In 1 Blister Pack",0.06,0.06,,,0
RC,637,"Acetaminophen: 10 Blister Pack In 1 Box, Unit-Dose (0904-6773-61)  / 10 Tablet In 1 Blister Pack",0.09,0.09,,,0
RC,637,"Acetaminophen: 3 Tray In 1 Case (68094-330-62)  / 10 Cup, Unit-Dose In 1 Tray / 10.15 Ml In 1 Cup, Unit-Dose (68094-330-59)",1.93,1.93,,,0
RC,637,Acetaminophen: 500 Tablet In 1 Bottle (0904-6720-40),0.03,0.03,,,0
RC,637,Acetazolamide: 100 Tablet In 1 Bottle (51672-4023-1),0.64,0.64,,,0
RC,637,Actidose Aqua: 240 Ml In 1 Tube (0574-0521-76),25.21,25.21,,,0
RC,637,Acyclovir: 100 Blister Pack In 1 Carton (0904-5789-61)  / 1 Capsule In 1 Blister Pack,0.22,0.22,,,0
RC,637,Acyclovir: 100 Capsule In 1 Bottle (72578-002-01),0.14,0.14,,,0
RC,637,Ad First Aid Multipurpose: 1 Tube In 1 Box (65197-400-10)  / 42.5 G In 1 Tube,2.3,2.3,,,0
RC,637,"Adult Low Dose Enteric Coated Aspirin: 1000 Tablet, Coated In 1 Bottle (57896-981-10)",0.01,0.01,,,0
RC,637,"Adult Low Dose Enteric Coated Aspirin: 120 Tablet, Coated In 1 Bottle (57896-981-12)",0.02,0.02,,,0
RC,637,"Albendazole: 2 Tablet, Film Coated In 1 Bottle (43598-452-02)",57.83,57.83,,,0
RC,637,Allopurinol: 100 Blister Pack In 1 Carton (0904-7041-61)  / 1 Tablet In 1 Blister Pack,0.36,0.36,,,0
RC,637,Allopurinol: 100 Tablet In 1 Bottle (16714-576-02),0.16,0.16,,,0
RC,637,"Allopurinol: 100 Tablet In 1 Bottle, Plastic (0591-5543-01)",0.19,0.19,,,0
RC,637,Alprazolam: 100 Tablet In 1 Bottle (0228-2031-10),0.05,0.05,,,0
RC,637,Alprazolam: 100 Tablet In 1 Bottle (0781-1061-01),0.05,0.05,,,0
RC,637,Alprazolam: 100 Tablet In 1 Bottle (0781-1077-01),0.05,0.05,,,0
RC,637,"Amantadine Hydrochloride: 10 Tray In 1 Case (0121-0646-10)  / 10 Cup, Unit-Dose In 1 Tray / 10 Ml In 1 Cup, Unit-Dose",1.55,1.55,,,0
RC,637,Amantadine: 100 Capsule In 1 Bottle (62332-246-31),0.58,0.58,,,0
RC,637,"Ambrisentan: 30 Tablet, Film Coated In 1 Bottle (47335-237-83)",69.41,69.41,,,0
RC,637,Amiodarone Hydrochloride: 60 Tablet In 1 Bottle (29300-359-16),0.25,0.25,,,0
RC,637,"Amitiza: 60 Capsule, Gelatin Coated In 1 Bottle (64764-240-60)",11.18,11.18,,,0
RC,637,"Amitriptyline Hydrochloride: 100 Tablet, Film Coated In 1 Bottle (0781-1487-01)",0.46,0.46,,,0
RC,637,"Amitriptyline Hydrochloride: 100 Tablet, Film Coated In 1 Bottle (0781-1488-01)",0.91,0.91,,,0
RC,637,"Amitriptyline Hydrochloride: 100 Tablet, Film Coated In 1 Bottle (16714-257-01)",0.13,0.13,,,0
RC,637,Amlodipine Besylate: 100 Blister Pack In 1 Carton (0904-6370-61)  / 1 Tablet In 1 Blister Pack,0.12,0.12,,,0
RC,637,Amlodipine Besylate: 90 Tablet In 1 Bottle (67877-198-90),0.03,0.03,,,0
RC,637,Amlodipine Besylate: 90 Tablet In 1 Bottle (68382-121-16),0.05,0.05,,,0
RC,637,"Amoxicillin And Clavulanate Potassium: 100 Tablet, Film Coated In 1 Bottle (65862-503-01)",0.7,0.7,,,0
RC,637,Amoxicillin And Clavulanate Potassium: 125 Ml In 1 Bottle (16714-294-02),0.83,0.83,,,0
RC,637,Amoxicillin And Clavulanate Potassium: 150 Ml In 1 Bottle (59651-026-55),5.55,5.55,,,0
RC,637,Amoxicillin And Clavulanate Potassium: 150 Ml In 1 Bottle (69097-098-08),3.92,3.92,,,0
RC,637,Amoxicillin And Clavulanate Potassium: 150 Ml In 1 Bottle (73043-010-03),6.53,6.53,,,0
RC,637,"Amoxicillin And Clavulanate Potassium: 20 Tablet, Film Coated In 1 Bottle (16714-296-01)",0.83,0.83,,,0
RC,637,"Amoxicillin And Clavulanate Potassium: 20 Tablet, Film Coated In 1 Bottle (16714-477-01)",1.17,1.17,,,0
RC,637,"Amoxicillin And Clavulanate Potassium: 20 Tablet, Film Coated In 1 Bottle (65862-503-20)",0.66,0.66,,,0
RC,637,"Amoxicillin And Clavulanate Potassium: 40 Tablet, Multilayer, Extended Release In 1 Bottle (0781-1943-39)",9.18,9.18,,,0
RC,637,Amoxicillin: 100 Capsule In 1 Bottle (16714-298-01),0.08,0.08,,,0
RC,637,Amoxicillin: 100 Capsule In 1 Bottle (16714-299-03),0.14,0.14,,,0
RC,637,Amoxicillin: 100 Ml In 1 Bottle (0143-9889-01),0.82,0.82,,,0
RC,637,Amoxicillin: 150 Ml In 1 Bottle (65862-707-55),0.32,0.32,,,0
RC,637,Antifungal: 1 TUBE in 1 CARTON (0472-0735-56)  / 28 g in 1 TUBE,4.24,4.24,,,0
RC,637,Aripiprazole: 30 Tablet In 1 Bottle (16714-141-01),0.42,0.42,,,0
RC,637,Aripiprazole: 30 Tablet In 1 Bottle (16714-142-01),0.34,0.34,,,0
RC,637,Aripiprazole: 30 Tablet In 1 Bottle (16714-143-01),0.28,0.28,,,0
RC,637,Aripiprazole: 30 Tablet In 1 Bottle (16714-144-01),0.37,0.37,,,0
RC,637,Aripiprazole: 30 Tablet In 1 Bottle (31722-820-30),0.38,0.38,,,0
RC,637,Aspirin Chewable: 30 Blister Pack In 1 Box (63739-434-02)  / 10 Tablet In 1 Blister Pack,0.12,0.12,,,0
RC,637,"Aspirin Low Dose Chewable Orange: 1000 Tablet, Chewable In 1 Package (0904-6794-80)",0.01,0.01,,,0
RC,637,"Aspirin Low Dose Chewable Orange: 300 Blister Pack In 1 Carton (0904-6794-30)  / 1 Tablet, Chewable In 1 Blister Pack",0.1,0.1,,,0
RC,637,"Aspirin Low Dose Chewable Orange: 300 Blister Pack In 1 Carton (0904-7509-30)  / 1 Tablet, Chewable In 1 Blister Pack",0.1,0.1,,,0
RC,637,"Aspirin Low Dose: 1 Bottle, Plastic In 1 Carton (0536-1234-41)  / 120 Tablet, Delayed Release In 1 Bottle, Plastic",0.03,0.03,,,0
RC,637,"Aspirin Regular Strength: 1 Bottle, Plastic In 1 Carton (0536-1232-01)  / 100 Tablet, Delayed Release In 1 Bottle, Plastic",0.04,0.04,,,0
RC,637,Aspirin: 12 Packet In 1 Carton (0574-7034-12)  / 1 Suppository In 1 Packet,2.11,2.11,,,0
RC,637,Atenolol: 100 Blister Pack In 1 Carton (0904-7187-61)  / 1 Tablet In 1 Blister Pack,0.26,0.26,,,0
RC,637,Athletes Foot: 1 Tube In 1 Carton (49348-790-72)  / 30 G In 1 Tube,12.76,12.76,,,0
RC,637,"Atorvastatin Calcium: 100 Blister Pack In 1 Carton (0904-6292-61)  / 1 Tablet, Film Coated In 1 Blister Pack",0.35,0.35,,,0
RC,637,"Atorvastatin Calcium: 90 Tablet, Film Coated In 1 Bottle (60505-2578-9)",0.31,0.31,,,0
RC,637,"Atorvastatin Calcium: 90 Tablet, Film Coated In 1 Bottle (60505-2579-9)",0.25,0.25,,,0
RC,637,"Atorvastatin Calcium: 90 Tablet, Film Coated In 1 Bottle (60505-2671-9)",0.35,0.35,,,0
RC,637,"Azelastine Hydrochloride: 1 Bottle, Spray In 1 Carton (59651-214-30)  / 200 Spray, Metered In 1 Bottle, Spray",26.05,26.05,,,0
RC,637,"Azithromycin: 1 Blister Pack In 1 Carton (65862-641-69)  / 6 Tablet, Film Coated In 1 Blister Pack",1.06,1.06,,,0
RC,637,"Azithromycin: 50 Blister Pack In 1 Carton (0904-7350-06)  / 1 Tablet, Film Coated In 1 Blister Pack",1.18,1.18,,,0
RC,637,Baclofen: 100 Blister Pack In 1 Carton (0904-6475-61)  / 1 Tablet In 1 Blister Pack,0.61,0.61,,,0
RC,637,Baclofen: 100 Tablet In 1 Bottle (52817-319-10),0.21,0.21,,,0
RC,637,"Baclofen: 100 Tablet In 1 Bottle, Plastic (0603-2406-21)",0.33,0.33,,,0
RC,637,"Benzoin Compound Tincture: 59 Ml In 1 Bottle, Plastic (0395-0243-92)",7.98,7.98,,,0
RC,637,Benzonatate: 10 Blister Pack In 1 Carton (68084-214-01)  / 10 Capsule In 1 Blister Pack (68084-214-11),0.68,0.68,,,0
RC,637,Benzonatate: 100 Blister Pack In 1 Carton (0904-7153-61)  / 1 Capsule In 1 Blister Pack,0.67,0.67,,,0
RC,637,Benzonatate: 100 Capsule In 1 Bottle (42806-714-01),0.19,0.19,,,0
RC,637,Benztropine Mesylate: 100 Blister Pack In 1 Carton (0904-7288-61)  / 1 Tablet In 1 Blister Pack,0.49,0.49,,,0
RC,637,"Benztropine Mesylate: 100 Tablet In 1 Bottle, Plastic (0603-2434-21)",0.3,0.3,,,0
RC,637,Betamethasone Dipropionate: 1 Tube In 1 Carton (45802-376-35)  / 15 G In 1 Tube,5.44,5.44,,,0
RC,637,Betamethasone Valerate: 45 G In 1 Tube (0168-0033-46),34.49,34.49,,,0
RC,637,Bethanechol Chloride: 100 Tablet In 1 Bottle (53746-571-01),0.35,0.35,,,0
RC,637,Bicalutamide: 30 Tablet In 1 Bottle (16729-023-10),1.1,1.1,,,0
RC,637,Biktarvy: 30 Tablet In 1 Blister Pack (61958-2501-3),253.94,253.94,,,0
RC,637,"Biktarvy: 30 Tablet In 1 Bottle, Plastic (61958-2501-1)",248.89,248.89,,,0
RC,637,"Bisacodyl: 10 Blister Pack In 1 Box (0904-6407-61)  / 10 Tablet, Delayed Release In 1 Blister Pack",0.05,0.05,,,0
RC,637,Bisacodyl: 12 Blister Pack In 1 Carton (0574-7050-12)  / 1 Suppository In 1 Blister Pack,0.64,0.64,,,0
RC,637,Bisacodyl: 50 Blister Pack In 1 Carton (0574-7050-50)  / 1 Suppository In 1 Blister Pack,0.38,0.38,,,0
RC,637,Bismatrol: 236 mL in 1 BOTTLE (0904-1313-09),0.34,0.34,,,0
RC,637,"Bisoprolol Fumarate: 30 Tablet In 1 Bottle, Plastic (29300-126-13)",0.46,0.46,,,0
RC,637,"Brilinta: 10 Blister Pack In 1 Box, Unit-Dose (0186-0777-39)  / 10 Tablet In 1 Blister Pack",13.87,13.87,,,0
RC,637,Brimonidine Tartrate: 1 Bottle In 1 Carton (70069-231-01)  / 5 Ml In 1 Bottle,8.29,8.29,,,0
RC,637,"Briviact: 1 Bottle In 1 Carton (50474-670-66)  / 60 Tablet, Film Coated In 1 Bottle",43.83,43.83,,,0
RC,637,"Briviact: 1 Bottle In 1 Carton (50474-770-66)  / 60 Tablet, Film Coated In 1 Bottle",44.37,44.37,,,0
RC,637,"Briviact: 100 Blister Pack In 1 Carton (50474-770-09)  / 1 Tablet, Film Coated In 1 Blister Pack",44.1,44.1,,,0
RC,637,Bumetanide: 100 Tablet In 1 Bottle (69238-1489-1),0.42,0.42,,,0
RC,637,"Bupropion Hydrochloride (Xl): 90 Tablet, Extended Release In 1 Bottle, Plastic (24979-101-07)",0.2,0.2,,,0
RC,637,"Bupropion Hydrochloride Sr: 100 Tablet, Film Coated, Extended Release In 1 Bottle (43547-289-10)",0.46,0.46,,,0
RC,637,"Bupropion Hydrochloride Sr: 60 Tablet, Film Coated, Extended Release In 1 Bottle, Plastic (0591-3541-60)",0.32,0.32,,,0
RC,637,"Bupropion Hydrochloride Xl: 100 Blister Pack In 1 Carton (0904-7084-61)  / 1 Tablet, Extended Release In 1 Blister Pack",2.56,2.56,,,0
RC,637,"Bupropion Hydrochloride Xl: 100 Blister Pack In 1 Carton (0904-7505-61)  / 1 Tablet, Extended Release In 1 Blister Pack",2.31,2.31,,,0
RC,637,"Bupropion Hydrochloride Xl: 90 Tablet, Extended Release In 1 Bottle (68180-319-09)",0.27,0.27,,,0
RC,637,"Bupropion Hydrochloride: 100 Tablet, Film Coated In 1 Bottle (60505-0157-1)",1.29,1.29,,,0
RC,637,"Bupropion Hydrochloride: 100 Tablet, Film Coated In 1 Bottle (60505-0158-1)",0.97,0.97,,,0
RC,637,Buspirone Hydrochloride: 100 Blister Pack In 1 Carton (0904-7122-61)  / 1 Tablet In 1 Blister Pack,0.19,0.19,,,0
RC,637,Buspirone Hydrochloride: 100 Tablet In 1 Bottle (0093-0053-01),0.04,0.04,,,0
RC,637,Buspirone Hydrochloride: 100 Tablet In 1 Bottle (64380-741-06),0.08,0.08,,,0
RC,637,Buspirone Hydrochloride: 100 Tablet In 1 Bottle (68382-180-01),0.09,0.09,,,0
RC,637,"Buspirone Hydrochloride: 500 Tablet In 1 Bottle, Plastic (0378-1150-05)",0.2,0.2,,,0
RC,637,COUMADIN: 1 BOTTLE in 1 CARTON (0056-0170-70)  / 100 TABLET in 1 BOTTLE,0.16,0.16,,,0
RC,637,"Calamine: 177 Ml In 1 Bottle, Plastic (0904-2533-21)",2.07,2.07,,,0
RC,637,"Calcitriol: 1 Bottle, Glass In 1 Carton (0054-3120-41)  / 15 Ml In 1 Bottle, Glass",6.39,6.39,,,0
RC,637,Calcium Acetate: 200 Capsule In 1 Bottle (69097-862-83),0.46,0.46,,,0
RC,637,Calcium Acetate: 50 Blister Pack In 1 Carton (0904-7119-06)  / 1 Capsule In 1 Blister Pack,1.82,1.82,,,0
RC,637,"Calcium Carbonate 10 Gr (648 Mg) (Antacid): 1000 Tablet In 1 Bottle, Plastic (0536-1206-10)",0.02,0.02,,,0
RC,637,"Calcium Carbonate 500 Mg: 150 Tablet, Chewable In 1 Bottle, Plastic (69618-020-15)",0.03,0.03,,,0
RC,637,Calcium Carbonate: 12 Bottle In 1 Case (0121-0766-16)  / 473 Ml In 1 Bottle,0.04,0.04,,,0
RC,637,Capsaicin External Analgesic: 1 Tube In 1 Carton (50268-195-60)  / 60 G In 1 Tube,6.2,6.2,,,0
RC,637,Capsaicin: 1 Tube In 1 Carton (0536-2525-25)  / 60 G In 1 Tube,10.12,10.12,,,0
RC,637,Captopril: 100 Blister Pack In 1 Carton (0904-7106-61)  / 1 Tablet In 1 Blister Pack,1.3,1.3,,,0
RC,637,Captopril: 100 Tablet In 1 Bottle (0143-1171-01),0.57,0.57,,,0
RC,637,Carbamazepine: 100 Blister Pack In 1 Carton (0904-6172-61)  / 1 Tablet In 1 Blister Pack,0.89,0.89,,,0
RC,637,"Carbamazepine: 100 Tablet, Extended Release In 1 Bottle (51672-4124-1)",1.63,1.63,,,0
RC,637,Carbidopa And Levodopa: 100 Blister Pack In 1 Carton (0904-6238-61)  / 1 Tablet In 1 Blister Pack,0.45,0.45,,,0
RC,637,Carbidopa And Levodopa: 100 Blister Pack In 1 Carton (0904-7501-61)  / 1 Tablet In 1 Blister Pack,0.34,0.34,,,0
RC,637,Carbidopa And Levodopa: 100 Tablet In 1 Bottle (50228-459-01),0.17,0.17,,,0
RC,637,Carbidopa And Levodopa: 100 Tablet In 1 Bottle (59651-457-01),0.1,0.1,,,0
RC,637,"Carbidopa And Levodopa: 30 Tablet In 1 Bottle, Plastic (71205-877-30)",0.25,0.25,,,0
RC,637,"Carbidopa and Levodopa: 10 BLISTER PACK in 1 BOX, UNIT-DOSE (63739-047-10)  / 10 TABLET in 1 BLISTER PACK",0.54,0.54,,,0
RC,637,"Carbidopa and Levodopa: 10 BLISTER PACK in 1 BOX, UNIT-DOSE (63739-048-10)  / 10 TABLET in 1 BLISTER PACK",0.22,0.22,,,0
RC,637,"Carbidopa, Levodopa, And Entacapone: 100 Tablet, Film Coated In 1 Bottle (0781-5654-01)",5.43,5.43,,,0
RC,637,"Carbidopa, Levodopa, And Entacapone: 100 Tablet, Film Coated In 1 Bottle (0781-5669-01)",1.13,1.13,,,0
RC,637,"Cartia Xt: 90 Capsule, Extended Release In 1 Bottle (62037-598-90)",1.02,1.02,,,0
RC,637,"Carvedilol: 100 Blister Pack In 1 Carton (0904-7305-61)  / 1 Tablet, Film Coated In 1 Blister Pack",0.14,0.14,,,0
RC,637,"Carvedilol: 100 Blister Pack In 1 Carton (0904-7308-61)  / 1 Tablet, Film Coated In 1 Blister Pack",0.16,0.16,,,0
RC,637,"Carvedilol: 100 Tablet, Film Coated In 1 Bottle (0093-0051-01)",0.11,0.11,,,0
RC,637,"Carvedilol: 100 Tablet, Film Coated In 1 Bottle (0093-0135-01)",0.11,0.11,,,0
RC,637,"Carvedilol: 100 Tablet, Film Coated In 1 Bottle (0093-7295-01)",0.11,0.11,,,0
RC,637,"Carvedilol: 100 Tablet, Film Coated In 1 Bottle (68382-092-01)",0.06,0.06,,,0
RC,637,"Carvedilol: 100 Tablet, Film Coated In 1 Bottle (72888-034-01)",0.05,0.05,,,0
RC,637,"Carvedilol: 100 Tablet, Film Coated In 1 Box, Unit-Dose (0904-6300-61)",0.12,0.12,,,0
RC,637,"Carvedilol: 500 Tablet, Film Coated In 1 Bottle (0093-7296-05)",0.11,0.11,,,0
RC,637,Cefadroxil: 100 Capsule In 1 Bottle (16714-388-02),0.62,0.62,,,0
RC,637,Cefadroxil: 50 Capsule In 1 Bottle (16714-388-01),0.58,0.58,,,0
RC,637,Cefadroxil: 75 Ml In 1 Bottle (16714-390-01),1.97,1.97,,,0
RC,637,Cefdinir: 1 Bottle In 1 Carton (65862-218-60)  / 60 Ml In 1 Bottle,4.42,4.42,,,0
RC,637,Cefdinir: 60 Capsule In 1 Bottle (67877-543-60),1.51,1.51,,,0
RC,637,"Cefpodoxime Proxetil: 20 Tablet, Film Coated In 1 Bottle (0781-5439-20)",9.04,9.04,,,0
RC,637,"Cefpodoxime Proxetil: 20 Tablet, Film Coated In 1 Bottle (16714-394-01)",5.29,5.29,,,0
RC,637,"Cefpodoxime Proxetil: 20 Tablet, Film Coated In 1 Bottle (65862-096-20)",6.75,6.75,,,0
RC,637,Cefuroxime Axetil: 20 Tablet In 1 Bottle (16714-400-01),0.68,0.68,,,0
RC,637,"Cefuroxime Axetil: 60 Tablet, Film Coated In 1 Bottle (57237-058-60)",1.63,1.63,,,0
RC,637,Celecoxib: 100 Blister Pack In 1 Carton (0904-6502-61)  / 1 Capsule In 1 Blister Pack,1.94,1.94,,,0
RC,637,Celecoxib: 100 Blister Pack In 1 Carton (0904-6503-61)  / 1 Capsule In 1 Blister Pack,3.71,3.71,,,0
RC,637,Celecoxib: 100 Capsule In 1 Bottle (50228-158-01),0.55,0.55,,,0
RC,637,Celecoxib: 100 Capsule In 1 Bottle (72241-023-05),0.13,0.13,,,0
RC,637,Celecoxib: 100 Capsule In 1 Bottle (72241-024-05),0.19,0.19,,,0
RC,637,"Cephalexin: 100 Blister Pack In 1 Box, Unit-Dose (60687-163-01)  / 1 Capsule In 1 Blister Pack (60687-163-11)",0.44,0.44,,,0
RC,637,Cephalexin: 100 Capsule In 1 Bottle (65862-019-01),0.33,0.33,,,0
RC,637,Cephalexin: 100 Ml In 1 Bottle (0093-4177-73),1.67,1.67,,,0
RC,637,Cephalexin: 100 Ml In 1 Bottle (68180-441-01),2.49,2.49,,,0
RC,637,Cetirizine Hydrochloride: 100 Tablet In 1 Bottle (16571-401-10),0.1,0.1,,,0
RC,637,"Cetirizine: 100 Blister Pack In 1 Carton (0904-6717-61)  / 1 Tablet, Film Coated In 1 Blister Pack",0.18,0.18,,,0
RC,637,"Cetirizine: 100 Blister Pack In 1 Carton (0904-7510-61)  / 1 Tablet, Film Coated In 1 Blister Pack",0.17,0.17,,,0
RC,637,Childrens Acetaminophen: 1 Bottle In 1 Carton (0904-6766-20)  / 118 Ml In 1 Bottle,0.04,0.04,,,0
RC,637,Childrens Acetaminophen: 1 Bottle In 1 Carton (0904-7445-20)  / 118 Ml In 1 Bottle,0.03,0.03,,,0
RC,637,Childrens Acetaminophen: 1 Bottle In 1 Carton (45802-201-26)  / 118 Ml In 1 Bottle,0.02,0.02,,,0
RC,637,"Childrens Acetaminophen: 10 Tray In 1 Case (0121-1781-00)  / 10 Cup, Unit-Dose In 1 Tray / 5 Ml In 1 Cup, Unit-Dose (0121-1781-05)",1.69,1.69,,,0
RC,637,Childrens Loratadine Oral: 1 Bottle In 1 Carton (0904-6767-20)  / 120 Ml In 1 Bottle,0.38,0.38,,,0
RC,637,Chlordiazepoxide Hydrochloride: 100 Capsule In 1 Bottle (0555-0033-02),0.2,0.2,,,0
RC,637,Chlordiazepoxide Hydrochloride: 100 Capsule In 1 Bottle (0555-0159-02),0.25,0.25,,,0
RC,637,Chlorhexidine Gluconate: 473 Ml In 1 Bottle (0116-2001-16),3.71,3.71,,,0
RC,637,"Chlorthalidone: 100 Tablet In 1 Bottle, Plastic (0378-0222-01)",0.71,0.71,,,0
RC,637,Cilostazol: 60 Tablet In 1 Bottle (0093-2064-06),0.21,0.21,,,0
RC,637,"Cinacalcet: 30 Tablet, Film Coated In 1 Bottle (31722-103-30)",1.07,1.07,,,0
RC,637,"Cinacalcet: 30 Tablet, Film Coated In 1 Bottle (64380-883-04)",0.91,0.91,,,0
RC,637,"Cipro: 1 Kit In 1 Kit (50419-777-01)  *  100 Ml In 1 Bottle, Glass *  100 Ml In 1 Bottle, Plastic",17.67,17.67,,,0
RC,637,"Ciprofloxacin And Dexamethasone: 1 Bottle, Dropper In 1 Carton (43598-326-75)  / 7.5 Ml In 1 Bottle, Dropper",166.81,166.81,,,0
RC,637,"Ciprofloxacin: 100 Blister Pack In 1 Carton (0904-7083-61)  / 1 Tablet, Film Coated In 1 Blister Pack",0.53,0.53,,,0
RC,637,"Ciprofloxacin: 100 Blister Pack In 1 Carton (0904-7243-61)  / 1 Tablet, Film Coated In 1 Blister Pack",0.39,0.39,,,0
RC,637,Ciprofloxacin: 100 Tablet In 1 Bottle (43547-688-10),0.17,0.17,,,0
RC,637,Ciprofloxacin: 100 Tablet In 1 Bottle (43547-689-10),0.32,0.32,,,0
RC,637,"Ciprofloxacin: 100 Tablet, Coated In 1 Bottle (58657-675-01)",0.28,0.28,,,0
RC,637,"Citalopram: 100 Blister Pack In 1 Carton (0904-6084-61)  / 1 Tablet, Film Coated In 1 Blister Pack",0.09,0.09,,,0
RC,637,"Citalopram: 100 Tablet, Film Coated In 1 Bottle (13668-009-01)",0.09,0.09,,,0
RC,637,"Citalopram: 100 Tablet, Film Coated In 1 Bottle (65862-006-01)",0.11,0.11,,,0
RC,637,Clindamycin Hydrochloride: 100 Blister Pack In 1 Carton (0904-5959-61)  / 1 Capsule In 1 Blister Pack,0.33,0.33,,,0
RC,637,Clindamycin Hydrochloride: 100 Capsule In 1 Bottle (63304-692-01),0.21,0.21,,,0
RC,637,"Clindamycin Palmitate Hydrochloride (Pediatric): 1 Bottle, Plastic In 1 Carton (16714-483-02)  / 100 Ml In 1 Bottle, Plastic",0.32,0.32,,,0
RC,637,"Clindamycin Phosphate: 1 Bottle, With Applicator In 1 Carton (45802-562-02)  / 60 Ml In 1 Bottle, With Applicator",44.34,44.34,,,0
RC,637,Clobazam: 1 Bottle In 1 Carton (59651-401-12)  / 120 Ml In 1 Bottle,0.53,0.53,,,0
RC,637,Clobazam: 100 Tablet In 1 Bottle (16714-887-01),0.69,0.69,,,0
RC,637,"Clobetasol Propionate Cream Usp, 0.05% Clobetasol Propionate Cream Usp, 0.05%: 15 G In 1 Tube (21922-016-04)",7.21,7.21,,,0
RC,637,Clobetasol Propionate: 1 TUBE in 1 CARTON (0472-0400-15)  / 15 g in 1 TUBE,185.96,185.96,,,0
RC,637,Clobetasol Propionate: 1 Tube In 1 Carton (21922-017-04)  / 15 G In 1 Tube,7.24,7.24,,,0
RC,637,Clobetasol Propionate: 1 Tube In 1 Carton (69238-1532-5)  / 15 G In 1 Tube,8.15,8.15,,,0
RC,637,Clonazepam: 100 Blister Pack In 1 Carton (0904-7227-61)  / 1 Tablet In 1 Blister Pack,0.67,0.67,,,0
RC,637,Clonazepam: 100 Blister Pack In 1 Carton (0904-7728-61)  / 1 Tablet In 1 Blister Pack,0.67,0.67,,,0
RC,637,Clonazepam: 100 Tablet In 1 Bottle (59651-722-01),0.04,0.04,,,0
RC,637,Clonazepam: 100 Tablet In 1 Bottle (72888-152-01),0.05,0.05,,,0
RC,637,"Clonazepam: 100 Tablet In 1 Bottle, Plastic (16729-136-00)",0.04,0.04,,,0
RC,637,"Clonazepam: 500 Tablet In 1 Bottle, Plastic (16729-136-16)",0.04,0.04,,,0
RC,637,"Clonazepam: 60 Blister Pack In 1 Carton (62332-365-06)  / 6 Tablet, Orally Disintegrating In 1 Blister Pack",1.69,1.69,,,0
RC,637,"Clonazepam: 60 Blister Pack In 1 Carton (62332-366-06)  / 6 Tablet, Orally Disintegrating In 1 Blister Pack",1.69,1.69,,,0
RC,637,"Clonazepam: 60 Blister Pack In 1 Carton (62332-367-06)  / 6 Tablet, Orally Disintegrating In 1 Blister Pack",1.93,1.93,,,0
RC,637,Clonidine Hydrochloride: 100 Blister Pack In 1 Carton (0904-7442-61)  / 1 Tablet In 1 Blister Pack,0.51,0.51,,,0
RC,637,Clonidine Hydrochloride: 100 Tablet In 1 Bottle (0228-2127-10),0.04,0.04,,,0
RC,637,Clonidine Hydrochloride: 100 Tablet In 1 Bottle (0228-2128-10),0.11,0.11,,,0
RC,637,"Clonidine Hydrochloride: 100 Tablet In 1 Bottle, Plastic (29300-135-01)",0.1,0.1,,,0
RC,637,"Clopidogrel Bisulfate: 5 Blister Pack In 1 Carton (63739-178-30)  / 6 Tablet, Film Coated In 1 Blister Pack",19.99,19.99,,,0
RC,637,"Clopidogrel Bisulfate: 500 Tablet, Film Coated In 1 Bottle (55111-196-05)",0.31,0.31,,,0
RC,637,"Clopidogrel Bisulfate: 90 Tablet, Film Coated In 1 Bottle (55111-196-90)",0.31,0.31,,,0
RC,637,"Clopidogrel: 20 Blister Pack In 1 Carton (0904-6467-10)  / 1 Tablet, Film Coated In 1 Blister Pack",9.52,9.52,,,0
RC,637,"Clotrimazole: 70 Lozenge In 1 Bottle, Plastic (0574-0107-70)",1.13,1.13,,,0
RC,637,"Cobenfy: 60 Capsule, Coated Pellets In 1 Bottle (0003-0050-60)",55.73,55.73,,,0
RC,637,Codeine Sulfate: 10 Blister Pack In 1 Box (0054-0243-24)  / 10 Tablet In 1 Blister Pack,1.04,1.04,,,0
RC,637,Colchicine: 100 Tablet In 1 Bottle (59651-455-01),0.3,0.3,,,0
RC,637,Colchicine: 100 Tablet In 1 Bottle (67877-589-01),0.28,0.28,,,0
RC,637,"Colchicine: 100 Tablet, Film Coated In 1 Bottle (0591-2562-01)",1.34,1.34,,,0
RC,637,Colchicine: 30 Tablet In 1 Bottle (43598-372-30),2.37,2.37,,,0
RC,637,Collagenase Santyl: 1 Tube In 1 Carton (50484-010-30)  / 30 G In 1 Tube,547.18,547.18,,,0
RC,637,"Corlanor: 60 Tablet, Film Coated In 1 Bottle (55513-800-60)",18.59,18.59,,,0
RC,637,"Corlanor: 60 Tablet, Film Coated In 1 Bottle (55513-810-60)",18.26,18.26,,,0
RC,637,"Creon: 100 Capsule, Delayed Release Pellets In 1 Bottle (0032-2636-01)",16.17,16.17,,,0
RC,637,"Creon: 100 Capsule, Delayed Release Pellets In 1 Bottle (0032-3016-13)",24.55,24.55,,,0
RC,637,"Creon: 70 Capsule, Delayed Release In 1 Bottle (0032-0045-70)",3.45,3.45,,,0
RC,637,Critic Aid Clear Af: 57 G In 1 Tube (11701-067-23),12.37,12.37,,,0
RC,637,"Cyclobenzaprine Hydrochloride: 100 TABLET, FILM COATED in 1 BOTTLE, PLASTIC (0378-0771-01)",0.09,0.09,,,0
RC,637,"Cyclobenzaprine Hydrochloride: 100 TABLET, FILM COATED in 1 BOTTLE, PLASTIC (0603-3078-21)",0.05,0.05,,,0
RC,637,"Cyclobenzaprine Hydrochloride: 100 Tablet, Film Coated In 1 Bottle (29300-413-01)",0.06,0.06,,,0
RC,637,"Cyclobenzaprine Hydrochloride: 100 Tablet, Film Coated In 1 Bottle (52817-332-10)",0.05,0.05,,,0
RC,637,"Cyclobenzaprine Hydrochloride: 100 Tablet, Film Coated In 1 Bottle (69097-846-07)",0.09,0.09,,,0
RC,637,"Cyclobenzaprine Hydrochloride: 100 Tablet, Film Coated In 1 Bottle, Plastic (43547-399-10)",0.12,0.12,,,0
RC,637,"Cyclobenzaprine Hydrochloride: 500 Tablet, Film Coated In 1 Bottle (52817-330-50)",0.04,0.04,,,0
RC,637,Cyclosporine: 60 Vial In 1 Tray (60505-6202-2)  / .4 Ml In 1 Vial,0.94,0.94,,,0
RC,637,Dantrolene Sodium: 100 Capsule In 1 Bottle (0115-4411-01),0.99,0.99,,,0
RC,637,"Dapagliflozin: 30 Tablet, Film Coated In 1 Bottle, Plastic (66993-456-30)",22.8,22.8,,,0
RC,637,"Dapagliflozin: 30 Tablet, Film Coated In 1 Bottle, Plastic (66993-457-30)",22.8,22.8,,,0
RC,637,Dermoplast Pain Relieving: 85 G In 1 Can (16864-680-03),10.5,10.5,,,0
RC,637,"Descovy: 30 Tablet In 1 Bottle, Plastic (61958-2002-1)",131.99,131.99,,,0
RC,637,Desmopressin Acetate: 1 Bottle In 1 Carton (69918-101-01)  / 100 Tablet In 1 Bottle,1.9,1.9,,,0
RC,637,Desmopressin Acetate: 1 Bottle In 1 Carton (69918-201-01)  / 100 Tablet In 1 Bottle,2.13,2.13,,,0
RC,637,"Desmopressin Acetate: 100 TABLET in 1 BOTTLE, PLASTIC (0591-2464-01)",0.78,0.78,,,0
RC,637,"Desvenlafaxine Succinate: 30 Tablet, Film Coated, Extended Release In 1 Bottle (68180-593-06)",1.42,1.42,,,0
RC,637,"Desvenlafaxine: 30 Tablet, Extended Release In 1 Bottle (0591-3659-30)",1.74,1.74,,,0
RC,637,"Desvenlafaxine: 30 Tablet, Extended Release In 1 Bottle, Plastic (70436-036-04)",1.84,1.84,,,0
RC,637,"Desvenlafaxine: 30 Tablet, Extended Release In 1 Package (72888-144-30)",1.06,1.06,,,0
RC,637,"Desvenlafaxine: 30 Tablet, Extended Release In 1 Package (72888-175-30)",0.72,0.72,,,0
RC,637,"Dexamethasone Sodium Phosphate: 1 Bottle, Dropper In 1 Carton (24208-720-02)  / 5 Ml In 1 Bottle, Dropper",77.47,77.47,,,0
RC,637,"Dexmethylphenidate Hydrochloride: 100 Capsule, Extended Release In 1 Bottle (49884-049-01)",1.53,1.53,,,0
RC,637,"Dexmethylphenidate Hydrochloride: 100 Capsule, Extended Release In 1 Bottle, Plastic (0115-9920-01)",4.98,4.98,,,0
RC,637,Dexmethylphenidate Hydrochloride: 100 Tablet In 1 Bottle (57664-378-88),0.48,0.48,,,0
RC,637,"Dextroamphetamine Saccharate, Amphetamine Aspartate Monohydrate, Dextroamphetamine Sulfate And Amphetamine Sulfate: 100 Capsule, Extended Release In 1 Bottle (31722-186-01)",0.97,0.97,,,0
RC,637,"Dextroamphetamine Saccharate, Amphetamine Aspartate Monohydrate, Dextroamphetamine Sulfate And Amphetamine Sulfate: 100 Capsule, Extended Release In 1 Bottle (70010-030-01)",0.87,0.87,,,0
RC,637,"Dextroamphetamine Saccharate, Amphetamine Aspartate Monohydrate, Dextroamphetamine Sulfate And Amphetamine Sulfate: 100 Tablet In 1 Bottle (0185-0842-01)",0.68,0.68,,,0
RC,637,"Dextroamphetamine Saccharate, Amphetamine Aspartate Monohydrate, Dextroamphetamine Sulfate, And Amphetamine Sulfate: 100 Capsule, Extended Release In 1 Bottle (64850-511-01)",0.77,0.77,,,0
RC,637,"Dextroamphetamine Saccharate, Amphetamine Aspartate, Dextroamphetamine Sulfate And Amphetamine Sulfate: 100 Tablet In 1 Bottle (16714-950-01)",0.53,0.53,,,0
RC,637,"Dextroamphetamine Saccharate, Amphetamine Aspartate, Dextroamphetamine Sulfate And Amphetamine Sulfate: 100 Tablet In 1 Bottle (64850-502-01)",0.36,0.36,,,0
RC,637,"Dextroamphetamine Saccharate, Amphetamine Aspartate, Dextroamphetamine Sulfate And Amphetamine Sulfate: 100 Tablet In 1 Bottle (70010-113-01)",0.34,0.34,,,0
RC,637,"Dextroamphetamine Saccharate, Amphetamine Aspartate, Dextroamphetamine Sulfate And Amphetamine Sulfate: 100 Tablet In 1 Bottle, Plastic (42806-339-01)",0.53,0.53,,,0
RC,637,Dextromethorphan Polistirex Extended Release: 1 Bottle In 1 Carton (45802-433-21)  / 89 Ml In 1 Bottle,0.94,0.94,,,0
RC,637,Diazepam: 100 Tablet In 1 Bottle (0172-3925-60),0.04,0.04,,,0
RC,637,Dibucaine: 1 Tube In 1 Box (57896-131-01)  / 28 G In 1 Tube,7.14,7.14,,,0
RC,637,Diclofenac Sodium: 1 Tube In 1 Carton (21922-009-09)  / 100 G In 1 Tube,17.64,17.64,,,0
RC,637,Diclofenac Sodium: 1 Tube In 1 Carton (43598-977-10)  / 100 G In 1 Tube,17.64,17.64,,,0
RC,637,Dicloxacillin Sodium: 100 Capsule In 1 Bottle (0093-3123-01),1.2,1.2,,,0
RC,637,Dicyclomine Hydrochloride: 100 Blister Pack In 1 Carton (0904-6988-61)  / 1 Tablet In 1 Blister Pack,0.72,0.72,,,0
RC,637,Dicyclomine Hydrochloride: 473 Ml In 1 Bottle (0054-0622-63),0.24,0.24,,,0
RC,637,Digoxin: 100 Blister Pack In 1 Carton (0904-5921-61)  / 1 Tablet In 1 Blister Pack,1.86,1.86,,,0
RC,637,Digoxin: 100 Tablet In 1 Bottle (16714-590-01),0.6,0.6,,,0
RC,637,"Diltiazem Hydrochloride: 100 Blister Pack In 1 Carton (0904-7219-61)  / 1 Capsule, Extended Release In 1 Blister Pack",0.66,0.66,,,0
RC,637,"Diltiazem Hydrochloride: 100 Tablet, Film Coated In 1 Bottle (0093-0318-01)",0.28,0.28,,,0
RC,637,Diphenoxylate Hydrochloride And Atropine Sulfate: 100 Tablet In 1 Bottle (0406-1236-01),0.28,0.28,,,0
RC,637,"Disulfiram: 30 Tablet In 1 Bottle, Plastic (47781-607-30)",3.69,3.69,,,0
RC,637,"Divalproex Sodium: 100 Blister Pack In 1 Carton (0832-7124-01)  / 1 Tablet, Delayed Release In 1 Blister Pack (0832-7124-89)",0.41,0.41,,,0
RC,637,"Divalproex Sodium: 100 Blister Pack In 1 Carton (0904-6860-61)  / 1 Tablet, Delayed Release In 1 Blister Pack",0.28,0.28,,,0
RC,637,"Divalproex Sodium: 100 Blister Pack In 1 Carton (0904-6861-61)  / 1 Tablet, Delayed Release In 1 Blister Pack",0.28,0.28,,,0
RC,637,"Divalproex Sodium: 100 Tablet, Delayed Release In 1 Bottle (0832-7122-11)",0.17,0.17,,,0
RC,637,"Divalproex Sodium: 100 Tablet, Delayed Release In 1 Bottle (62756-797-88)",0.18,0.18,,,0
RC,637,"Divalproex Sodium: 100 Tablet, Delayed Release In 1 Bottle, Plastic (29300-140-01)",0.42,0.42,,,0
RC,637,"Divalproex Sodium: 100 Tablet, Extended Release In 1 Bottle (55111-533-01)",0.78,0.78,,,0
RC,637,"Divalproex Sodium: 100 Tablet, Extended Release In 1 Bottle (65162-757-10)",0.77,0.77,,,0
RC,637,"Divalproex Sodium: 90 Blister Pack In 1 Carton (0904-6861-90)  / 1 Tablet, Delayed Release In 1 Blister Pack",0.58,0.58,,,0
RC,637,Docosanol: 1 Tube In 1 Package (61269-981-35)  / 2 G In 1 Tube,19.13,19.13,,,0
RC,637,"Docusate Sodium - Stool Softener Laxative: 10 Blister Pack In 1 Carton (0904-7183-61)  / 10 Capsule, Liquid Filled In 1 Blister Pack",0.08,0.08,,,0
RC,637,Dofetilide: 60 Capsule In 1 Bottle (72205-040-60),0.61,0.61,,,0
RC,637,Dofetilide: 60 Capsule In 1 Bottle (72205-041-60),0.49,0.49,,,0
RC,637,"Donepezil Hydrochloride: 100 Blister Pack In 1 Carton (0904-6477-61)  / 1 Tablet, Film Coated In 1 Blister Pack",0.2,0.2,,,0
RC,637,"Donepezil Hydrochloride: 90 Tablet, Film Coated In 1 Bottle, Plastic (43547-276-09)",0.09,0.09,,,0
RC,637,Dorzolamide Hydrochloride And Timolol Maleate: 1 Bottle In 1 Carton (70069-051-01)  / 10 Ml In 1 Bottle,27.75,27.75,,,0
RC,637,"Dorzolamide Hydrochloride And Timolol Maleate: 1 Bottle, Dropper In 1 Carton (24208-486-10)  / 10 Ml In 1 Bottle, Dropper",41.42,41.42,,,0
RC,637,Doxazosin: 100 Blister Pack In 1 Carton (0904-5522-61)  / 1 Tablet In 1 Blister Pack,1.54,1.54,,,0
RC,637,Doxepin Hydrochloride: 100 Blister Pack In 1 Carton (0904-7053-61)  / 1 Capsule In 1 Blister Pack,1.11,1.11,,,0
RC,637,Doxycycline Hyclate: 50 Capsule In 1 Bottle (69238-1100-2),0.51,0.51,,,0
RC,637,"Doxycycline Hyclate: 50 Capsule In 1 Bottle, Plastic (53489-118-02)",0.61,0.61,,,0
RC,637,"Doxycycline Hyclate: 50 Capsule, Gelatin Coated In 1 Bottle, Plastic (0143-3142-50)",2.18,2.18,,,0
RC,637,Doxycycline: 50 Capsule In 1 Bottle (27808-233-01),0.29,0.29,,,0
RC,637,Doxycycline: 60 Ml In 1 Bottle (68180-657-01),6.64,6.64,,,0
RC,637,"Doxylamine Succinate And Pyridoxine Hydrochloride: 100 Tablet, Delayed Release In 1 Bottle (70505-100-10)",5.34,5.34,,,0
RC,637,"Duloxetine: 30 Capsule, Delayed Release Pellets In 1 Bottle (0228-2891-03)",2.46,2.46,,,0
RC,637,"Duloxetine: 30 Capsule, Delayed Release Pellets In 1 Bottle (0228-2892-03)",2.46,2.46,,,0
RC,637,"Duloxetine: 60 Capsule, Delayed Release Pellets In 1 Bottle (0228-2890-06)",2.33,2.33,,,0
RC,637,"Edurant: 30 Tablet, Film Coated In 1 Bottle (59676-278-01)",89.37,89.37,,,0
RC,637,"Eliquis: 10 Blister Pack In 1 Carton (0003-0893-31)  / 10 Tablet, Film Coated In 1 Blister Pack",2.71,2.71,,,0
RC,637,"Eliquis: 10 Blister Pack In 1 Carton (0003-0894-31)  / 10 Tablet, Film Coated In 1 Blister Pack",2.71,2.71,,,0
RC,637,Ella: 1 Blister Pack In 1 Carton (73302-456-01)  / 1 Tablet In 1 Blister Pack,67.87,67.87,,,0
RC,637,Enalapril Maleate: 100 Tablet In 1 Bottle (16714-444-01),0.93,0.93,,,0
RC,637,Enalapril Maleate: 100 Tablet In 1 Bottle (51672-4037-1),0.29,0.29,,,0
RC,637,Enalapril Maleate: 100 Tablet In 1 Bottle (51672-4245-1),0.4,0.4,,,0
RC,637,Entacapone: 100 Tablet In 1 Bottle (27241-049-10),0.87,0.87,,,0
RC,637,"Entecavir: 30 Tablet, Film Coated In 1 Bottle, Plastic (16714-717-01)",3.12,3.12,,,0
RC,637,"Entresto: 60 Tablet, Film Coated In 1 Bottle (0078-0659-20)",20.82,20.82,,,0
RC,637,"Entresto: 60 Tablet, Film Coated In 1 Bottle (0078-0696-20)",21.04,21.04,,,0
RC,637,"Entresto: 60 Tablet, Film Coated In 1 Bottle (0078-0777-20)",20.72,20.72,,,0
RC,637,"Eplerenone: 30 Tablet, Film Coated In 1 Bottle (51991-877-33)",1.06,1.06,,,0
RC,637,Eprontia: 473 Ml In 1 Bottle (52652-9001-1),7.32,7.32,,,0
RC,637,Escitalopram Oxalate: 240 Ml In 1 Bottle (65162-705-88),1.59,1.59,,,0
RC,637,"Escitalopram: 100 Blister Pack In 1 Carton (0904-6426-61)  / 1 Tablet, Film Coated In 1 Blister Pack",0.23,0.23,,,0
RC,637,"Escitalopram: 100 Tablet, Film Coated In 1 Bottle (65862-373-01)",0.13,0.13,,,0
RC,637,"Esomeprazole Magnesium: 90 Capsule, Delayed Release In 1 Bottle (16714-980-02)",0.49,0.49,,,0
RC,637,Estradiol: 100 Tablet In 1 Bottle (42806-087-01),0.14,0.14,,,0
RC,637,Estradiol: 100 Tablet In 1 Bottle (42806-089-01),0.25,0.25,,,0
RC,637,"Ethosuximide: 100 Capsule, Liquid Filled In 1 Bottle, Plastic (69452-152-20)",0.61,0.61,,,0
RC,637,Extended Phenytoin Sodium: 1000 Capsule In 1 Bottle (65862-692-99),0.62,0.62,,,0
RC,637,Ezetimibe: 30 Tablet In 1 Bottle (16714-813-01),0.44,0.44,,,0
RC,637,Ezetimibe: 30 Tablet In 1 Bottle (69238-1154-3),0.44,0.44,,,0
RC,637,Ezetimibe: 90 Tablet In 1 Bottle (10135-787-90),0.09,0.09,,,0
RC,637,Ezetimibe: 90 Tablet In 1 Bottle (16714-813-02),0.27,0.27,,,0
RC,637,"Famotidine: 1 Bottle In 1 Carton (69230-326-01)  / 100 Tablet, Film Coated In 1 Bottle",0.14,0.14,,,0
RC,637,"Famotidine: 10 Blister Pack In 1 Box, Unit-Dose (63739-645-10)  / 10 Tablet In 1 Blister Pack",0.16,0.16,,,0
RC,637,"Famotidine: 100 Blister Pack In 1 Carton (0904-7193-61)  / 1 Tablet, Film Coated In 1 Blister Pack",0.13,0.13,,,0
RC,637,"Famotidine: 100 Tablet, Film Coated In 1 Bottle (65862-859-01)",0.19,0.19,,,0
RC,637,"Famotidine: 50 Blister Pack In 1 Carton (0904-7193-06)  / 1 Tablet, Film Coated In 1 Blister Pack",0.17,0.17,,,0
RC,637,Famotidine: 50 Ml In 1 Bottle (68180-150-01),0.71,0.71,,,0
RC,637,"Fenofibrate: 90 Tablet, Film Coated In 1 Bottle, Plastic (0378-3066-77)",0.94,0.94,,,0
RC,637,"Finasteride: 50 Blister Pack In 1 Carton (0904-6830-06)  / 1 Tablet, Film Coated In 1 Blister Pack",0.89,0.89,,,0
RC,637,"Finasteride: 90 Tablet, Film Coated In 1 Bottle (65862-149-90)",0.16,0.16,,,0
RC,637,Flecainide Acetate: 100 Blister Pack In 1 Carton (0054-0010-20)  / 1 Tablet In 1 Blister Pack,0.71,0.71,,,0
RC,637,Flecainide Acetate: 100 Tablet In 1 Bottle (0054-0010-25),1.04,1.04,,,0
RC,637,Flecainide Acetate: 60 Tablet In 1 Bottle (0054-0011-21),1.23,1.23,,,0
RC,637,Fleet: 12 SUPPOSITORY in 1 JAR (0132-0079-12),0.2,0.2,,,0
RC,637,"Fleet: 133 Ml In 1 Bottle, With Applicator (0132-0201-40)",2.09,2.09,,,0
RC,637,Fluconazole: 1 Bottle In 1 Carton (16714-696-01)  / 35 Ml In 1 Bottle,4.81,4.81,,,0
RC,637,Fluconazole: 30 Tablet In 1 Bottle (16714-693-01),1.46,1.46,,,0
RC,637,Fluconazole: 30 Tablet In 1 Bottle (16714-694-01),1.04,1.04,,,0
RC,637,Fluoxetine: 100 Blister Pack In 1 Carton (0904-5784-61)  / 1 Capsule In 1 Blister Pack,0.16,0.16,,,0
RC,637,Fluoxetine: 100 Capsule In 1 Bottle (65862-192-01),0.11,0.11,,,0
RC,637,Fluoxetine: 100 Capsule In 1 Bottle (65862-193-01),0.12,0.12,,,0
RC,637,"Fluphenazine Hydrochloride: 100 Tablet, Film Coated In 1 Bottle, Plastic (43598-036-01)",8.73,8.73,,,0
RC,637,"Fluticasone Propionate: 1 Bottle, Glass In 1 Carton (0054-3270-99)  / 120 Spray, Metered In 1 Bottle, Glass",15.34,15.34,,,0
RC,637,"Fluticasone Propionate: 1 Bottle, Spray In 1 Carton (60505-0829-1)  / 120 Spray, Metered In 1 Bottle, Spray",32.56,32.56,,,0
RC,637,Fluvoxamine Maleate: 100 Tablet In 1 Bottle (60505-0165-1),0.57,0.57,,,0
RC,637,Folic Acid: 100 Tablet In 1 Bottle (53746-361-01),0.07,0.07,,,0
RC,637,"Fosfomycin Tromethamine: 1 Dose Pack In 1 Carton (69097-579-67)  / 1 Granule, For Solution In 1 Dose Pack",85.43,85.43,,,0
RC,637,Fosfomycin Tromethamine: 1 Powder In 1 Packet (70700-268-99),145.16,145.16,,,0
RC,637,Foster And Thrive Stomach Relief: 1 Bottle In 1 Carton (70677-1082-1)  / 40 Tablet In 1 Bottle,0.17,0.17,,,0
RC,637,Furosemide: 10 Blister Pack In 1 Carton (0054-8297-25)  / 10 Tablet In 1 Blister Pack,0.22,0.22,,,0
RC,637,Furosemide: 10 Blister Pack In 1 Carton (0054-8299-25)  / 10 Tablet In 1 Blister Pack,0.25,0.25,,,0
RC,637,Furosemide: 10 Blister Pack In 1 Carton (0054-8301-25)  / 10 Tablet In 1 Blister Pack,0.57,0.57,,,0
RC,637,Furosemide: 100 Blister Pack In 1 Carton (0904-7177-61)  / 1 Tablet In 1 Blister Pack,0.11,0.11,,,0
RC,637,Furosemide: 100 Blister Pack In 1 Carton (0904-7178-61)  / 1 Tablet In 1 Blister Pack,0.1,0.1,,,0
RC,637,Fycompa: 30 Tablet In 1 Bottle (62856-272-30),35.31,35.31,,,0
RC,637,Fycompa: 30 Tablet In 1 Bottle (69616-274-30),73.92,73.92,,,0
RC,637,"Gabapentin: 10 BLISTER PACK in 1 BOX, UNIT-DOSE (63739-236-10)  / 10 CAPSULE in 1 BLISTER PACK",0.22,0.22,,,0
RC,637,"Gabapentin: 10 BLISTER PACK in 1 BOX, UNIT-DOSE (63739-984-10)  / 10 CAPSULE in 1 BLISTER PACK",0.26,0.26,,,0
RC,637,Gabapentin: 10 Blister Pack In 1 Carton (63739-902-10)  / 10 Capsule In 1 Blister Pack,0.14,0.14,,,0
RC,637,Gabapentin: 10 Blister Pack In 1 Carton (63739-903-10)  / 10 Capsule In 1 Blister Pack,0.21,0.21,,,0
RC,637,Gabapentin: 10 Blister Pack In 1 Carton (63739-904-10)  / 10 Capsule In 1 Blister Pack,0.18,0.18,,,0
RC,637,Gabapentin: 100 Blister Pack In 1 Carton (0904-6665-61)  / 1 Capsule In 1 Blister Pack,0.14,0.14,,,0
RC,637,Gabapentin: 100 Blister Pack In 1 Carton (0904-6666-61)  / 1 Capsule In 1 Blister Pack,0.21,0.21,,,0
RC,637,Gabapentin: 100 Blister Pack In 1 Carton (0904-6667-61)  / 1 Capsule In 1 Blister Pack,0.24,0.24,,,0
RC,637,Gabapentin: 100 Capsule In 1 Bottle (16714-661-01),0.05,0.05,,,0
RC,637,Gabapentin: 100 Capsule In 1 Bottle (16714-663-01),0.14,0.14,,,0
RC,637,Gabapentin: 500 Capsule In 1 Bottle (16714-662-02),0.07,0.07,,,0
RC,637,"Gabapentin: 6 Ml In 1 Cup, Unit-Dose (42192-608-06)",6.57,6.57,,,0
RC,637,"Gas Relief: 30 Blister Pack In 1 Box (63739-225-02)  / 10 Tablet, Chewable In 1 Blister Pack",0.2,0.2,,,0
RC,637,Genteal Tears Night-Time: 1 Tube In 1 Carton (0065-0518-01)  / 3.5 G In 1 Tube,13.59,13.59,,,0
RC,637,"Genvoya: 30 Tablet In 1 Bottle, Plastic (61958-1901-1)",239.85,239.85,,,0
RC,637,Geri-Lanta Antacid Antigas: 355 Ml In 1 Bottle (57896-629-12),0.04,0.04,,,0
RC,637,Glipizide: 100 Blister Pack In 1 Carton (0904-6637-61)  / 1 Tablet In 1 Blister Pack,0.41,0.41,,,0
RC,637,Glipizide: 100 Tablet In 1 Bottle (60505-0141-0),0.03,0.03,,,0
RC,637,Glycerin Children: 5 Blister Pack In 1 Carton (57237-326-52)  / 5 Suppository In 1 Blister Pack (57237-326-51),0.48,0.48,,,0
RC,637,Glycopyrrolate: 100 Blister Pack In 1 Carton (0904-6709-61)  / 1 Tablet In 1 Blister Pack,1.96,1.96,,,0
RC,637,Glycopyrrolate: 100 Tablet In 1 Bottle (13107-014-01),0.25,0.25,,,0
RC,637,Grafco Applicator 15 Cm: 100 Stick In 1 Tube (12165-100-01),0.84,0.84,,,0
RC,637,"Guanfacine Extended-Release: 100 Tablet, Extended Release In 1 Bottle (60505-3927-1)",0.75,0.75,,,0
RC,637,"Guanfacine: 100 Tablet In 1 Bottle, Plastic (0591-0444-01)",0.37,0.37,,,0
RC,637,"Haloperidol: 10 Tray In 1 Case (0121-0581-05)  / 10 Cup, Unit-Dose In 1 Tray / 5 Ml In 1 Cup, Unit-Dose",0.89,0.89,,,0
RC,637,Haloperidol: 100 Blister Pack In 1 Carton (0904-6782-61)  / 1 Tablet In 1 Blister Pack,1.09,1.09,,,0
RC,637,"Heartburn Relief Original Strength: 30 Blister Pack In 1 Carton (0904-5529-87)  / 1 Tablet, Film Coated In 1 Blister Pack",0.14,0.14,,,0
RC,637,Hydralazine Hydrochloride: 100 Tablet In 1 Bottle (50111-327-01),0.28,0.28,,,0
RC,637,Hydralazine Hydrochloride: 100 Tablet In 1 Bottle (50111-328-01),0.38,0.38,,,0
RC,637,Hydralazine Hydrochloride: 100 Tablet In 1 Bottle (50111-398-01),0.22,0.22,,,0
RC,637,"Hydrochlorothiazide: 100 Capsule, Gelatin Coated In 1 Bottle (0591-0347-01)",0.15,0.15,,,0
RC,637,Hydrochlorothiazide: 100 Tablet In 1 Bottle (0172-2089-60),0.06,0.06,,,0
RC,637,Hydrochlorothiazide: 100 Tablet In 1 Bottle (16729-184-01),0.05,0.05,,,0
RC,637,"Hydrochlorothiazide: 500 Capsule, Gelatin Coated In 1 Bottle (0591-0347-05)",0.12,0.12,,,0
RC,637,Hydrocortisone: 1 Tube In 1 Carton (45802-276-03)  / 28 G In 1 Tube,3.01,3.01,,,0
RC,637,Hydrocortisone: 1 Tube In 1 Carton (45802-438-03)  / 28 G In 1 Tube,2.99,2.99,,,0
RC,637,Hydrocortisone: 100 Tablet In 1 Bottle (59762-0074-1),0.42,0.42,,,0
RC,637,Hydrocortisone: 100 Tablet In 1 Bottle (59762-0075-1),0.19,0.19,,,0
RC,637,"Hydrocortisone: 50 Tablet In 1 Bottle, Plastic (64380-970-25)",0.52,0.52,,,0
RC,637,Hydromorphone Hydrochloride: 100 Tablet In 1 Bottle (0406-3243-01),0.26,0.26,,,0
RC,637,Hydromorphone Hydrochloride: 100 Tablet In 1 Bottle (0406-3244-01),0.29,0.29,,,0
RC,637,"Hydromorphone Hydrochloride: 100 Tablet In 1 Bottle, Plastic (42858-302-01)",0.62,0.62,,,0
RC,637,Hydromorphone Hydrochloride: 4 Blister Pack In 1 Carton (42858-301-25)  / 25 Tablet In 1 Blister Pack,0.31,0.31,,,0
RC,637,Hydromorphone Hydrochloride: 4 Blister Pack In 1 Carton (42858-302-25)  / 25 Tablet In 1 Blister Pack,0.35,0.35,,,0
RC,637,"Hydromorphone Hydrochloride: 473 Ml In 1 Bottle, Plastic (42858-304-16)",0.49,0.49,,,0
RC,637,"Hydroxychloroquine Sulfate: 100 Tablet, Film Coated In 1 Bottle (16714-110-01)",0.48,0.48,,,0
RC,637,Hydroxyzine Hydrochloride: 100 Tablet In 1 Bottle (16714-081-10),0.09,0.09,,,0
RC,637,Hydroxyzine Hydrochloride: 473 Ml In 1 Bottle (62135-502-47),1.86,1.86,,,0
RC,637,"Hydroxyzine Hydrochloride: 473 Ml In 1 Bottle, Plastic (54838-502-80)",0.33,0.33,,,0
RC,637,Hyoscyamine Sulfate Sl: 100 Tablet In 1 Bottle (42192-339-01),0.35,0.35,,,0
RC,637,"INFANTS GAS RELIEF: 1 BOTTLE, DROPPER in 1 CARTON (0904-5894-30)  / 30 mL in 1 BOTTLE, DROPPER",0.06,0.06,,,0
RC,637,"Ibuprofen: 10 Blister Pack In 1 Carton (0904-7914-61)  / 10 Tablet, Film Coated In 1 Blister Pack",0.1,0.1,,,0
RC,637,Ibuprofen: 100 Tablet In 1 Bottle (0904-5853-60),0.11,0.11,,,0
RC,637,Ibuprofen: 100 Tablet In 1 Bottle (65162-464-10),0.1,0.1,,,0
RC,637,Ibuprofen: 100 Tablet In 1 Bottle (65162-465-10),0.14,0.14,,,0
RC,637,"Ibuprofen: 100 Tablet, Film Coated In 1 Bottle (67877-319-01)",0.13,0.13,,,0
RC,637,Ibuprofen: 500 Tablet In 1 Bottle (0904-5853-40),0.09,0.09,,,0
RC,637,Indomethacin: 100 Capsule In 1 Bottle (68462-406-01),0.37,0.37,,,0
RC,637,"Insulin Aspart: 1 Vial, Glass In 1 Carton (73070-100-11)  / 10 Ml In 1 Vial, Glass",0.08,0.08,,,0
RC,637,Irbesartan: 30 Tablet In 1 Bottle (31722-729-30),0.34,0.34,,,0
RC,637,Irbesartan: 30 Tablet In 1 Bottle (31722-730-30),0.49,0.49,,,0
RC,637,"Irbesartan: 90 Tablet, Film Coated In 1 Bottle (42658-122-04)",0.32,0.32,,,0
RC,637,Isosorbide Dinitrate: 100 Tablet In 1 Bottle (0781-1556-01),0.95,0.95,,,0
RC,637,"Isosorbide Mononitrate: 100 Tablet, Extended Release In 1 Bottle (13668-104-01)",0.21,0.21,,,0
RC,637,"Isosorbide Mononitrate: 100 Tablet, Extended Release In 1 Bottle (13668-105-01)",0.19,0.19,,,0
RC,637,"Itraconazole: 30 Capsule, Coated Pellets In 1 Bottle (16714-743-02)",3.78,3.78,,,0
RC,637,"Ivabradine: 60 Tablet, Film Coated In 1 Bottle (31722-053-60)",7.18,7.18,,,0
RC,637,"Ivabradine: 60 Tablet, Film Coated In 1 Bottle (50742-362-60)",3.5,3.5,,,0
RC,637,"Ivabradine: 60 Tablet, Film Coated In 1 Bottle (50742-363-60)",2.53,2.53,,,0
RC,637,Ivermectin: 2 Blister Pack In 1 Carton (42799-806-01)  / 10 Tablet In 1 Blister Pack,7.48,7.48,,,0
RC,637,"Januvia: 30 Tablet, Film Coated In 1 Bottle (0006-0277-31)",19.89,19.89,,,0
RC,637,"Jardiance: 30 Blister Pack In 1 Carton (0597-0152-37)  / 1 Tablet, Film Coated In 1 Blister Pack",25.0,25.0,,,0
RC,637,"Jardiance: 30 Blister Pack In 1 Carton (0597-0153-37)  / 1 Tablet, Film Coated In 1 Blister Pack",25.03,25.03,,,0
RC,637,Ketoconazole: 30 Tablet In 1 Bottle (35573-433-30),0.56,0.56,,,0
RC,637,"Klor-Con M: 500 Tablet, Extended Release In 1 Bottle (0245-5319-15)",0.27,0.27,,,0
RC,637,"Klor-Con: 100 Blister Pack In 1 Blister Pack (0245-5316-01)  / 1 Tablet, Film Coated, Extended Release In 1 Blister Pack (0245-5316-89)",0.48,0.48,,,0
RC,637,"Labetalol Hydrochloride: 100 Tablet, Film Coated In 1 Bottle, Plastic (0591-0605-01)",0.74,0.74,,,0
RC,637,"Labetalol Hydrochloride: 100 Tablet, Film Coated In 1 Bottle, Plastic (0591-0607-01)",1.4,1.4,,,0
RC,637,"Lacosamide: 1 Tray In 1 Case (0121-1012-95)  / 10 Cup, Unit-Dose In 1 Tray / 5 Ml In 1 Cup, Unit-Dose (0121-1012-05)",45.58,45.58,,,0
RC,637,"Lacosamide: 60 Blister Pack In 1 Carton (0904-7245-68)  / 1 Tablet, Film Coated In 1 Blister Pack",2.97,2.97,,,0
RC,637,"Lacosamide: 60 Blister Pack In 1 Carton (0904-7246-68)  / 1 Tablet, Film Coated In 1 Blister Pack",3.56,3.56,,,0
RC,637,"Lacosamide: 60 Blister Pack In 1 Carton (0904-7247-68)  / 1 Tablet, Film Coated In 1 Blister Pack",3.54,3.54,,,0
RC,637,"Lacosamide: 60 Tablet, Film Coated In 1 Bottle (50228-192-60)",0.16,0.16,,,0
RC,637,"Lacosamide: 60 Tablet, Film Coated In 1 Bottle (50228-193-60)",0.29,0.29,,,0
RC,637,"Lacosamide: 60 Tablet, Film Coated In 1 Bottle (50228-194-60)",0.38,0.38,,,0
RC,637,"Lacosamide: 60 Tablet, Film Coated In 1 Bottle (51991-349-06)",0.49,0.49,,,0
RC,637,"Lactulose Solution: 100 Cup, Unit-Dose In 1 Case (81033-241-51)  / 30 Ml In 1 Cup, Unit-Dose (81033-241-30)",1.71,1.71,,,0
RC,637,"Lactulose: 30 Ml In 1 Cup, Unit-Dose (0116-4005-30)",2.01,2.01,,,0
RC,637,"Lamivudine: 60 Tablet, Film Coated In 1 Bottle (60505-3250-6)",16.77,16.77,,,0
RC,637,"Lamivudine: 60 Tablet, Film Coated In 1 Bottle (60505-3251-6)",6.78,6.78,,,0
RC,637,Lamotrigine: 100 Blister Pack In 1 Carton (0904-7007-61)  / 1 Tablet In 1 Blister Pack,0.24,0.24,,,0
RC,637,Lamotrigine: 100 Blister Pack In 1 Carton (0904-7008-61)  / 1 Tablet In 1 Blister Pack,0.19,0.19,,,0
RC,637,Lamotrigine: 60 Tablet In 1 Bottle (16714-197-01),0.15,0.15,,,0
RC,637,Lamotrigine: 60 Tablet In 1 Bottle (51672-4132-4),0.16,0.16,,,0
RC,637,"Lamotrigine: 60 Tablet In 1 Bottle, Plastic (29300-113-16)",0.2,0.2,,,0
RC,637,"Lansoprazole: 90 Capsule, Delayed Release In 1 Bottle (70756-807-90)",0.14,0.14,,,0
RC,637,"Leflunomide: 30 Tablet, Film Coated In 1 Bottle (70748-129-06)",0.73,0.73,,,0
RC,637,"Leflunomide: 30 Tablet, Film Coated In 1 Bottle (70748-130-06)",0.73,0.73,,,0
RC,637,"Levetiracetam: 100 Blister Pack In 1 Carton (0904-7123-61)  / 1 Tablet, Film Coated In 1 Blister Pack",0.26,0.26,,,0
RC,637,"Levetiracetam: 100 Blister Pack In 1 Carton (0904-7124-61)  / 1 Tablet, Film Coated In 1 Blister Pack",0.28,0.28,,,0
RC,637,"Levetiracetam: 120 Tablet, Film Coated In 1 Bottle (16714-354-01)",0.17,0.17,,,0
RC,637,"Levetiracetam: 120 Tablet, Film Coated In 1 Bottle (65862-246-08)",0.11,0.11,,,0
RC,637,"Levetiracetam: 473 Ml In 1 Bottle, Plastic (16714-358-01)",0.37,0.37,,,0
RC,637,Levocarnitine: 9 Blister Pack In 1 Carton (16571-762-09)  / 10 Tablet In 1 Blister Pack,1.28,1.28,,,0
RC,637,"Levofloxacin: 1 Bottle, Plastic In 1 Carton (0527-1948-66)  / 100 Ml In 1 Bottle, Plastic",41.31,41.31,,,0
RC,637,"Levofloxacin: 100 Blister Pack In 1 Carton (0904-6352-61)  / 1 Tablet, Film Coated In 1 Blister Pack",0.35,0.35,,,0
RC,637,"Levofloxacin: 100 Blister Pack In 1 Carton (0904-6353-61)  / 1 Tablet, Film Coated In 1 Blister Pack",0.8,0.8,,,0
RC,637,Levothyroxine Sodium: 100 Blister Pack In 1 Carton (0904-6949-61)  / 1 Tablet In 1 Blister Pack,0.63,0.63,,,0
RC,637,Levothyroxine Sodium: 100 Blister Pack In 1 Carton (0904-6950-61)  / 1 Tablet In 1 Blister Pack,0.61,0.61,,,0
RC,637,Levothyroxine Sodium: 100 Blister Pack In 1 Carton (0904-6951-61)  / 1 Tablet In 1 Blister Pack,0.71,0.71,,,0
RC,637,Levothyroxine Sodium: 100 Blister Pack In 1 Carton (0904-6952-61)  / 1 Tablet In 1 Blister Pack,0.67,0.67,,,0
RC,637,Levothyroxine Sodium: 100 Blister Pack In 1 Carton (0904-6954-61)  / 1 Tablet In 1 Blister Pack,0.78,0.78,,,0
RC,637,Levothyroxine Sodium: 100 Blister Pack In 1 Carton (0904-6955-61)  / 1 Tablet In 1 Blister Pack,0.81,0.81,,,0
RC,637,Levothyroxine Sodium: 90 Tablet In 1 Bottle (0527-3281-46),0.15,0.15,,,0
RC,637,Levothyroxine Sodium: 90 Tablet In 1 Bottle (47781-643-90),0.13,0.13,,,0
RC,637,"Levothyroxine Sodium: 90 Tablet In 1 Bottle, Plastic (0378-1800-77)",0.48,0.48,,,0
RC,637,"Levothyroxine Sodium: 90 Tablet In 1 Bottle, Plastic (0378-1805-77)",0.57,0.57,,,0
RC,637,"Levothyroxine Sodium: 90 Tablet In 1 Bottle, Plastic (0378-1809-77)",0.62,0.62,,,0
RC,637,"Levothyroxine Sodium: 90 Tablet In 1 Bottle, Plastic (0378-1811-77)",0.62,0.62,,,0
RC,637,"Levothyroxine Sodium: 90 Tablet In 1 Bottle, Plastic (0378-1813-77)",0.67,0.67,,,0
RC,637,Lidocaine 5%: 30 Pouch In 1 Package (82347-0505-5)  / 14 G In 1 Pouch (82347-0505-4),4.1,4.1,,,0
RC,637,Lidocaine Hydrochloride: 100 Ml In 1 Bottle (62135-712-42),5.91,5.91,,,0
RC,637,Lidocaine Hydrochloride: 100 Ml In 1 Bottle (72888-125-26),0.51,0.51,,,0
RC,637,Lidocaine Hydrochloride: 12 Bottle In 1 Case (0121-0950-03)  / 100 Ml In 1 Bottle,0.95,0.95,,,0
RC,637,Lidocaine: 1 Tube In 1 Carton (51672-3020-2)  / 30 G In 1 Tube,43.09,43.09,,,0
RC,637,"Linezolid: 1 Blister Pack In 1 Carton (67877-419-33)  / 10 Tablet, Film Coated In 1 Blister Pack",4.99,4.99,,,0
RC,637,"Linezolid: 20 Tablet, Film Coated In 1 Bottle (31722-749-20)",4.83,4.83,,,0
RC,637,"Linezolid: 30 Blister Pack In 1 Carton (0904-6553-04)  / 1 Tablet, Film Coated In 1 Blister Pack",6.73,6.73,,,0
RC,637,"Linzess: 1 Bottle In 1 Carton (0456-1201-30)  / 30 Capsule, Gelatin Coated In 1 Bottle",33.67,33.67,,,0
RC,637,"Linzess: 1 Bottle In 1 Carton (0456-1202-30)  / 30 Capsule, Gelatin Coated In 1 Bottle",33.13,33.13,,,0
RC,637,"Linzess: 1 Bottle In 1 Carton (0456-1203-30)  / 30 Capsule, Gelatin Coated In 1 Bottle",33.74,33.74,,,0
RC,637,Liothyronine Sodium: 100 Tablet In 1 Bottle (0093-2179-01),0.8,0.8,,,0
RC,637,Lisdexamfetamine Dimesylate: 100 Capsule In 1 Bottle (0054-0660-25),6.51,6.51,,,0
RC,637,Lisinopril: 100 Blister Pack In 1 Carton (0904-6797-61)  / 1 Tablet In 1 Blister Pack,0.1,0.1,,,0
RC,637,Lisinopril: 100 Blister Pack In 1 Carton (0904-6798-61)  / 1 Tablet In 1 Blister Pack,0.08,0.08,,,0
RC,637,Lisinopril: 100 Blister Pack In 1 Carton (0904-6799-61)  / 1 Tablet In 1 Blister Pack,0.1,0.1,,,0
RC,637,Lisinopril: 100 Tablet In 1 Bottle (43547-352-10),0.04,0.04,,,0
RC,637,Lisinopril: 100 Tablet In 1 Bottle (68180-981-01),0.07,0.07,,,0
RC,637,"Lithium Carbonate: 10 Capsule, Gelatin Coated In 1 Blister Pack (0054-8526-25)",0.22,0.22,,,0
RC,637,"Lithium Carbonate: 100 Capsule, Gelatin Coated In 1 Bottle (0054-2527-25)",0.4,0.4,,,0
RC,637,"Lithium Carbonate: 100 Tablet, Extended Release In 1 Bottle, Plastic (0054-0021-25)",0.61,0.61,,,0
RC,637,Loperamide Hydrochloride: 100 Capsule In 1 Bottle (0093-0311-01),0.43,0.43,,,0
RC,637,Loratadine: 1 Blister Pack In 1 Carton (58602-702-83)  / 10 Tablet In 1 Blister Pack,0.28,0.28,,,0
RC,637,Loratadine: 100 Blister Pack In 1 Carton (0904-6852-61)  / 1 Tablet In 1 Blister Pack,0.36,0.36,,,0
RC,637,Loratadine: 100 Blister Pack In 1 Carton (0904-7511-61)  / 1 Tablet In 1 Blister Pack,0.44,0.44,,,0
RC,637,Loratadine: 100 Tablet In 1 Bottle (70010-162-01),0.05,0.05,,,0
RC,637,"Lorazepam: 1 Bottle, Dropper In 1 Carton (0121-0770-01)  / 30 Ml In 1 Bottle, Dropper",0.24,0.24,,,0
RC,637,Lorazepam: 100 Blister Pack In 1 Carton (0904-6007-61)  / 1 Tablet In 1 Blister Pack,0.12,0.12,,,0
RC,637,Lorazepam: 100 Blister Pack In 1 Carton (0904-6008-61)  / 1 Tablet In 1 Blister Pack,0.17,0.17,,,0
RC,637,Lorazepam: 100 Tablet In 1 Bottle (0904-6007-60),0.03,0.03,,,0
RC,637,Lorazepam: 100 Tablet In 1 Bottle (63304-772-01),0.14,0.14,,,0
RC,637,Lorazepam: 100 Tablet In 1 Bottle (69315-904-01),0.14,0.14,,,0
RC,637,Lorazepam: 100 Tablet In 1 Bottle (69315-905-01),0.15,0.15,,,0
RC,637,"Lorazepam: 100 Tablet In 1 Bottle, Plastic (0093-3425-01)",0.06,0.06,,,0
RC,637,"Lorazepam: 100 Tablet In 1 Bottle, Plastic (0093-3426-01)",0.06,0.06,,,0
RC,637,Lorazepam: 1000 Tablet In 1 Bottle (69315-905-10),0.06,0.06,,,0
RC,637,"Lorazepam: 1000 Tablet In 1 Bottle, Plastic (0093-3426-10)",0.05,0.05,,,0
RC,637,"Losartan Potassium: 90 Tablet, Film Coated In 1 Bottle (31722-700-90)",0.1,0.1,,,0
RC,637,"Losartan Potassium: 90 Tablet, Film Coated In 1 Bottle (65862-201-90)",0.08,0.08,,,0
RC,637,"Losartan Potassium: 90 Tablet, Film Coated In 1 Bottle (65862-202-90)",0.18,0.18,,,0
RC,637,"Low Dose Aspirin: 30 Blister Pack In 1 Box (63739-212-02)  / 10 Tablet, Coated In 1 Blister Pack",0.08,0.08,,,0
RC,637,"Lubiprostone: 60 Capsule, Gelatin Coated In 1 Bottle (0254-3028-02)",1.45,1.45,,,0
RC,637,"Lubiprostone: 60 Capsule, Gelatin Coated In 1 Bottle (0254-3029-02)",1.33,1.33,,,0
RC,637,"Lurasidone Hydrochloride: 30 Tablet, Coated In 1 Bottle (65162-082-03)",1.21,1.21,,,0
RC,637,"Lurasidone Hydrochloride: 30 Tablet, Coated In 1 Bottle (65162-879-03)",1.21,1.21,,,0
RC,637,"Lurasidone Hydrochloride: 30 Tablet, Film Coated In 1 Bottle (62332-496-30)",0.97,0.97,,,0
RC,637,"Lurasidone Hydrochloride: 30 Tablet, Film Coated In 1 Bottle (67877-638-30)",0.65,0.65,,,0
RC,637,"Lurasidone Hydrochloride: 30 Tablet, Film Coated In 1 Bottle (67877-639-30)",0.99,0.99,,,0
RC,637,M-Dryl: 473 Ml In 1 Bottle (58657-528-16),0.09,0.09,,,0
RC,637,"Mag-Al Plus Xs: 10 Tray In 1 Case (0121-1762-30)  / 10 Cup, Unit-Dose In 1 Tray / 30 Ml In 1 Cup, Unit-Dose",2.36,2.36,,,0
RC,637,"Mag-Al Plus: 10 Tray In 1 Case (0121-1761-30)  / 10 Cup, Unit-Dose In 1 Tray / 30 Ml In 1 Cup, Unit-Dose",1.83,1.83,,,0
RC,637,"Magnesium Citrate: 296 Ml In 1 Bottle, Plastic (0904-7418-44)",4.07,4.07,,,0
RC,637,"Magnesium Citrate: 296 Ml In 1 Bottle, Plastic (70677-1111-1)",3.49,3.49,,,0
RC,637,"Magnesium Citrate: 296 Ml In 1 Bottle, Plastic (70677-1112-1)",3.34,3.34,,,0
RC,637,"Major Regular Strength Assorted Flavors: 150 Tablet, Chewable In 1 Bottle, Plastic (0904-6412-92)",0.03,0.03,,,0
RC,637,"Maxi Nicotine: 3 Bottle, Plastic In 1 Box (0536-1338-09)  / 24 Lozenge In 1 Bottle, Plastic",0.49,0.49,,,0
RC,637,Meclizine Hydrochloride: 100 Blister Pack In 1 Carton (0904-7375-61)  / 1 Tablet In 1 Blister Pack,0.64,0.64,,,0
RC,637,Medroxyprogesterone Acetate: 100 Tablet In 1 Bottle (0555-0779-02),0.24,0.24,,,0
RC,637,Meloxicam: 100 Tablet In 1 Bottle (68382-051-01),0.05,0.05,,,0
RC,637,"Memantine Hydrochloride: 100 Blister Pack In 1 Carton (0904-6505-61)  / 1 Tablet, Film Coated In 1 Blister Pack",0.59,0.59,,,0
RC,637,"Memantine Hydrochloride: 100 Blister Pack In 1 Carton (0904-6506-61)  / 1 Tablet, Film Coated In 1 Blister Pack",0.58,0.58,,,0
RC,637,Mephyton: 1 BOTTLE in 1 CARTON (25010-405-15)  / 100 TABLET in 1 BOTTLE,21.55,21.55,,,0
RC,637,Metamucil Therapy For Regularity: 30 Packet In 1 Carton (37000-024-04)  / 5.8 G In 1 Packet,0.91,0.91,,,0
RC,637,Metformin Hydrochloride: 100 Blister Pack In 1 Carton (0904-7162-61)  / 1 Tablet In 1 Blister Pack,0.1,0.1,,,0
RC,637,"Metformin: 100 Tablet, Extended Release In 1 Bottle (70010-491-01)",0.08,0.08,,,0
RC,637,Methadone Hydrochloride: 1 Blister Pack In 1 Carton (0054-0709-20)  / 100 Tablet In 1 Blister Pack,0.31,0.31,,,0
RC,637,Methadone Hydrochloride: 1 Tablet In 1 Blister Pack (0406-5771-23),0.51,0.51,,,0
RC,637,Methadone Hydrochloride: 1000 Ml In 1 Bottle (0054-0391-68),0.75,0.75,,,0
RC,637,"Methadose: 1000 Ml In 1 Bottle, Plastic (0406-0527-10)",0.55,0.55,,,0
RC,637,Methimazole: 100 TABLET in 1 BOTTLE (0185-0210-01),0.12,0.12,,,0
RC,637,Methimazole: 100 Tablet In 1 Bottle (23155-070-01),0.22,0.22,,,0
RC,637,"Methocarbamol: 100 Blister Pack In 1 Box, Unit-Dose (60687-559-01)  / 1 Tablet In 1 Blister Pack (60687-559-11)",0.19,0.19,,,0
RC,637,"Methocarbamol: 100 Tablet, Coated In 1 Bottle (70010-754-01)",0.08,0.08,,,0
RC,637,"Methocarbamol: 100 Tablet, Coated In 1 Bottle (70010-770-01)",0.1,0.1,,,0
RC,637,Methylergonovine Maleate: 28 Tablet In 1 Bottle (69238-1605-8),23.86,23.86,,,0
RC,637,Methylphenidate Hydrochloride: 100 Tablet In 1 Bottle (0406-1142-01),0.36,0.36,,,0
RC,637,Methylphenidate Hydrochloride: 100 Tablet In 1 Bottle (10702-100-01),0.29,0.29,,,0
RC,637,"Methylphenidate Hydrochloride: 100 Tablet, Extended Release In 1 Bottle (13811-706-10)",1.05,1.05,,,0
RC,637,"Methylphenidate Hydrochloride: 100 Tablet, Extended Release In 1 Bottle (13811-707-10)",1.36,1.36,,,0
RC,637,"Methylphenidate Hydrochloride: 100 Tablet, Extended Release In 1 Bottle (62175-310-37)",5.96,5.96,,,0
RC,637,"Metoclopramide: 10 Tray In 1 Case (0121-1576-10)  / 10 Cup, Unit-Dose In 1 Tray / 10 Ml In 1 Cup, Unit-Dose",4.39,4.39,,,0
RC,637,"Metoclopramide: 100 Blister Pack In 1 Box, Unit-Dose (60687-631-01)  / 1 Tablet In 1 Blister Pack (60687-631-11)",1.09,1.09,,,0
RC,637,Metoclopramide: 100 Tablet In 1 Bottle (0093-2203-01),0.07,0.07,,,0
RC,637,Metoclopramide: 100 Tablet In 1 Bottle (0093-2204-01),0.07,0.07,,,0
RC,637,Metoclopramide: 100 Tablet In 1 Bottle (50228-232-01),0.06,0.06,,,0
RC,637,"Metoprolol Succinate: 100 Blister Pack In 1 Carton (0904-6322-61)  / 1 Tablet, Film Coated, Extended Release In 1 Blister Pack",1.08,1.08,,,0
RC,637,"Metoprolol Succinate: 100 Tablet, Extended Release In 1 Bottle (50742-615-01)",0.2,0.2,,,0
RC,637,"Metoprolol Succinate: 100 Tablet, Film Coated, Extended Release In 1 Bottle (55111-466-01)",0.37,0.37,,,0
RC,637,"Metoprolol Succinate: 100 Tablet, Film Coated, Extended Release In 1 Bottle (55111-467-01)",0.44,0.44,,,0
RC,637,"Metoprolol Succinate: 100 Tablet, Film Coated, Extended Release In 1 Bottle (55111-468-01)",0.67,0.67,,,0
RC,637,"Metoprolol Succinate: 50 Blister Pack In 1 Carton (0904-6322-06)  / 1 Tablet, Film Coated, Extended Release In 1 Blister Pack",0.77,0.77,,,0
RC,637,"Metoprolol Tartrate: 100 Tablet, Film Coated In 1 Bottle, Plastic (0378-0018-01)",0.03,0.03,,,0
RC,637,"Metoprolol Tartrate: 100 Tablet, Film Coated In 1 Bottle, Plastic (0378-0047-01)",0.13,0.13,,,0
RC,637,"Metoprolol Tartrate: 500 Tablet, Film Coated In 1 Bottle, Plastic (0378-0018-05)",0.07,0.07,,,0
RC,637,Metronidazole: 100 Blister Pack In 1 Carton (0904-7126-61)  / 1 Tablet In 1 Blister Pack,0.88,0.88,,,0
RC,637,Metronidazole: 100 Blister Pack In 1 Carton (0904-7156-61)  / 1 Tablet In 1 Blister Pack,0.59,0.59,,,0
RC,637,Metronidazole: 100 Tablet In 1 Bottle (50111-334-01),0.93,0.93,,,0
RC,637,Miconazole Nitrate 2% Cream Antifungal: 1 Tube In 1 Box (0536-1375-75)  / 28.3 G In 1 Tube,4.59,4.59,,,0
RC,637,Miconazole Nitrate: 1 Tube In 1 Carton (70677-1000-1)  / 30 G In 1 Tube,3.92,3.92,,,0
RC,637,"Miconazole Nitrate: 1 Tube, With Applicator In 1 Carton (51672-2035-6)  / 45 G In 1 Tube, With Applicator",5.91,5.91,,,0
RC,637,Miconazole Nitrate: 3 Suppository In 1 Carton (0472-1738-03),18.68,18.68,,,0
RC,637,"Midazolam Hydrochloride: 118 mL in 1 BOTTLE, GLASS (63304-205-18)",1.75,1.75,,,0
RC,637,"Midodrine Hydrochloride: 10 Blister Pack In 1 Box, Unit-Dose (63739-145-10)  / 10 Tablet In 1 Blister Pack",0.61,0.61,,,0
RC,637,Midodrine Hydrochloride: 100 Tablet In 1 Bottle (0245-0211-11),0.35,0.35,,,0
RC,637,Midodrine Hydrochloride: 100 Tablet In 1 Bottle (72888-114-01),0.42,0.42,,,0
RC,637,Midodrine Hydrochloride: 50 Blister Pack In 1 Carton (0904-6817-06)  / 1 Tablet In 1 Blister Pack,0.85,0.85,,,0
RC,637,"Milk Of Magnesia: 10 Tray In 1 Case (0121-0431-30)  / 10 Cup, Unit-Dose In 1 Tray / 30 Ml In 1 Cup, Unit-Dose",2.34,2.34,,,0
RC,637,"Mineral Oil: 30 Ml In 1 Cup, Unit-Dose (48433-202-30)",3.21,3.21,,,0
RC,637,"Mirabegron: 30 Tablet, Extended Release In 1 Bottle (70710-1159-3)",15.55,15.55,,,0
RC,637,"Mirabegron: 30 Tablet, Film Coated, Extended Release In 1 Bottle (68180-152-06)",19.17,19.17,,,0
RC,637,"Mirabegron: 90 Tablet, Extended Release In 1 Bottle (70710-1159-9)",15.46,15.46,,,0
RC,637,"Mirtazapine: 100 Blister Pack In 1 Carton (0904-6519-61)  / 1 Tablet, Film Coated In 1 Blister Pack",0.23,0.23,,,0
RC,637,"Mirtazapine: 30 Tablet, Film Coated In 1 Bottle (13107-001-30)",1.55,1.55,,,0
RC,637,"Mirtazapine: 30 Tablet, Film Coated In 1 Bottle (13107-031-34)",0.21,0.21,,,0
RC,637,"Mirtazapine: 5 Blister Pack In 1 Carton (65862-021-06)  / 6 Tablet, Orally Disintegrating In 1 Blister Pack",0.61,0.61,,,0
RC,637,Misoprostol: 120 Tablet In 1 Bottle (59762-5007-2),0.95,0.95,,,0
RC,637,Misoprostol: 60 Tablet In 1 Bottle (59762-5008-1),1.22,1.22,,,0
RC,637,"Mixed Salts Of A Single Entity Amphetamine Product Xr: 100 Capsule, Extended Release In 1 Bottle (0406-8951-01)",1.99,1.99,,,0
RC,637,Modafinil: 30 Tablet In 1 Bottle (57237-155-30),1.6,1.6,,,0
RC,637,"Montelukast Sodium: 30 Tablet, Chewable In 1 Bottle (31722-727-30)",0.42,0.42,,,0
RC,637,"Montelukast Sodium: 90 Tablet, Coated In 1 Bottle (55111-725-90)",0.77,0.77,,,0
RC,637,"Morphine Sulfate Extended Release: 100 Blister Pack In 1 Carton (0904-6557-61)  / 1 Tablet, Film Coated, Extended Release In 1 Blister Pack",0.91,0.91,,,0
RC,637,"Morphine Sulfate Extended Release: 100 Blister Pack In 1 Carton (0904-6558-61)  / 1 Tablet, Film Coated, Extended Release In 1 Blister Pack",2.26,2.26,,,0
RC,637,"Morphine Sulfate: 1 Tablet, Extended Release In 1 Blister Pack (0406-8315-23)",0.88,0.88,,,0
RC,637,"Morphine Sulfate: 1 Tablet, Extended Release In 1 Blister Pack (0406-8330-23)",1.73,1.73,,,0
RC,637,Morphine Sulfate: 500 Ml In 1 Bottle (0054-0237-63),2.26,2.26,,,0
RC,637,"Moxifloxacin Hydrochloride: 30 Tablet, Film Coated In 1 Bottle (65862-603-30)",4.24,4.24,,,0
RC,637,"Mucus Relief Er: 100 Blister Pack In 1 Carton (0904-6718-39)  / 1 Tablet, Extended Release In 1 Blister Pack",1.06,1.06,,,0
RC,637,Mupirocin: 1 Tube In 1 Carton (16714-055-01)  / 15 G In 1 Tube,204.57,204.57,,,0
RC,637,Mupirocin: 1 Tube In 1 Carton (21922-029-04)  / 15 G In 1 Tube,43.81,43.81,,,0
RC,637,My Way: 1 Blister Pack In 1 Carton (68180-852-11)  / 1 Tablet In 1 Blister Pack,24.41,24.41,,,0
RC,637,"Myrbetriq: 1 Bottle In 1 Carton (0469-2601-30)  / 30 Tablet, Film Coated, Extended Release In 1 Bottle",27.74,27.74,,,0
RC,637,"Myrbetriq: 1 Bottle In 1 Carton (0469-2602-30)  / 30 Tablet, Film Coated, Extended Release In 1 Bottle",27.73,27.73,,,0
RC,637,NDC Description Not Available,1.45,1.45,,,0
RC,637,Nadolol: 100 Tablet In 1 Bottle (76282-347-01),0.12,0.12,,,0
RC,637,Nadolol: 100 Tablet In 1 Bottle (76385-133-01),0.24,0.24,,,0
RC,637,"Naltrexone Hydrochloride: 30 Blister Pack In 1 Carton (0904-7036-04)  / 1 Tablet, Film Coated In 1 Blister Pack",1.86,1.86,,,0
RC,637,"Naltrexone Hydrochloride: 30 Tablet, Film Coated In 1 Bottle (0406-1170-03)",2.1,2.1,,,0
RC,637,Naproxen: 100 Tablet In 1 Bottle (65162-188-10),0.1,0.1,,,0
RC,637,Naproxen: 500 Tablet In 1 Bottle (65162-188-50),0.08,0.08,,,0
RC,637,"Neo-Synephrine Mild: 15 Ml In 1 Bottle, Spray (0225-0800-47)",6.7,6.7,,,0
RC,637,Nicotine: 14 Pouch In 1 Carton (0536-5895-88)  / 1 H In 1 Pouch,2.47,2.47,,,0
RC,637,Nicotine: 14 Pouch In 1 Carton (0536-5896-88)  / 1 H In 1 Pouch,2.46,2.46,,,0
RC,637,"Nifedipine: 100 Blister Pack In 1 Box, Unit-Dose (68084-597-01)  / 1 Tablet, Film Coated, Extended Release In 1 Blister Pack (68084-597-11)",2.05,2.05,,,0
RC,637,Nifedipine: 100 Capsule In 1 Bottle (23155-194-01),0.56,0.56,,,0
RC,637,"Nifedipine: 100 Tablet, Extended Release In 1 Bottle (24979-010-01)",1.0,1.0,,,0
RC,637,"Nifedipine: 100 Tablet, Film Coated, Extended Release In 1 Bottle (62175-262-37)",3.86,3.86,,,0
RC,637,"Nifedipine: 300 Tablet, Extended Release In 1 Bottle (50742-261-03)",0.25,0.25,,,0
RC,637,Nitro-Bid: 48 Packet In 1 Box (0281-0326-08)  / 1 G In 1 Packet,3.99,3.99,,,0
RC,637,Nitrofurantoin (Monohydrate/Macrocrystals): 100 Capsule In 1 Bottle (0185-0122-01),0.81,0.81,,,0
RC,637,Nitrofurantoin (Monohydrate/Macrocrystals): 100 Capsule In 1 Bottle (16714-439-01),1.88,1.88,,,0
RC,637,Nitrofurantoin (Monohydrate/Macrocrystals): 100 Capsule In 1 Bottle (70756-404-11),0.51,0.51,,,0
RC,637,Nitrofurantoin Monohydrate/ Macrocrystalline: 100 Blister Pack In 1 Carton (0904-7137-61)  / 1 Capsule In 1 Blister Pack,3.21,3.21,,,0
RC,637,"Nitrofurantoin: 1 Bottle, Glass In 1 Carton (69238-2512-9)  / 230 Ml In 1 Bottle, Glass",136.42,136.42,,,0
RC,637,"Nitrofurantoin: 1 Bottle, Glass In 1 Carton (70377-118-31)  / 230 Ml In 1 Bottle, Glass",28.68,28.68,,,0
RC,637,Nitrofurantoin: 230 Ml In 1 Bottle (70954-496-10),165.6,165.6,,,0
RC,637,Norethindrone Acetate: 50 Tablet In 1 Bottle (50742-267-50),0.87,0.87,,,0
RC,637,Norethindrone Acetate: 50 Tablet In 1 Bottle (68462-304-50),0.87,0.87,,,0
RC,637,Nortriptyline Hydrochloride: 100 Capsule In 1 Bottle (0093-0810-01),0.36,0.36,,,0
RC,637,Nortriptyline Hydrochloride: 100 Capsule In 1 Bottle (0093-0811-01),0.26,0.26,,,0
RC,637,Nortriptyline Hydrochloride: 100 Capsule In 1 Bottle (0093-0812-01),0.26,0.26,,,0
RC,637,Nortriptyline Hydrochloride: 500 Capsule In 1 Bottle (0093-0810-05),0.15,0.15,,,0
RC,637,Novolin 70/30: 1 Vial In 1 Carton (0169-1837-11)  / 10 Ml In 1 Vial,0.98,0.98,,,0
RC,637,Novolin N: 1 Vial In 1 Carton (0169-1834-11)  / 10 Ml In 1 Vial,1.42,1.42,,,0
RC,637,"Novolog: 1 Vial, Glass In 1 Carton (0169-7501-11)  / 10 Ml In 1 Vial, Glass",0.09,0.09,,,0
RC,637,"Noxafil: 1 Bottle, Glass In 1 Carton (0085-1328-01)  / 105 Ml In 1 Bottle, Glass",170.36,170.36,,,0
RC,637,Np Thyroid 15: 100 Tablet In 1 Bottle (42192-327-01),0.83,0.83,,,0
RC,637,"Nurtec Odt: 1 Blister Pack In 1 Carton (72618-3000-2)  / 8 Tablet, Orally Disintegrating In 1 Blister Pack",232.47,232.47,,,0
RC,637,Nystatin: 1 Tube In 1 Carton (0713-0678-15)  / 15 G In 1 Tube,11.45,11.45,,,0
RC,637,Nystatin: 1 Tube In 1 Carton (45802-048-35)  / 15 G In 1 Tube,13.3,13.3,,,0
RC,637,Nystatin: 1 Tube In 1 Carton (45802-059-35)  / 15 G In 1 Tube,21.89,21.89,,,0
RC,637,"Nystatin: 15 G In 1 Bottle, Plastic (68308-152-15)",8.83,8.83,,,0
RC,637,"Nystatin: 15 G In 1 Bottle, Plastic (69315-306-15)",14.69,14.69,,,0
RC,637,"Nystatin: 4 TRAY in 1 CASE (0121-4785-05)  / 10 CUP, UNIT-DOSE in 1 TRAY / 5 mL in 1 CUP, UNIT-DOSE",8.89,8.89,,,0
RC,637,"Nystatin: 5 Ml In 1 Cup, Unit-Dose (63739-160-70)",1.06,1.06,,,0
RC,637,"Oil: 473 Ml In 1 Bottle, Plastic (0869-0831-43)",1.11,1.11,,,0
RC,637,"Olanzapine: 10 Blister Pack In 1 Carton (60505-3113-0)  / 10 Tablet, Film Coated In 1 Blister Pack",0.51,0.51,,,0
RC,637,"Olanzapine: 10 Blister Pack In 1 Carton (60505-3276-0)  / 10 Tablet, Orally Disintegrating In 1 Blister Pack",2.11,2.11,,,0
RC,637,"Olanzapine: 10 Tablet, Orally Disintegrating In 1 Blister Pack (55111-262-79)",3.1,3.1,,,0
RC,637,"Olanzapine: 10 Tablet, Orally Disintegrating In 1 Blister Pack (55111-263-79)",4.51,4.51,,,0
RC,637,"Olanzapine: 100 Blister Pack In 1 Carton (0904-6377-61)  / 1 Tablet, Film Coated In 1 Blister Pack",0.52,0.52,,,0
RC,637,"Olanzapine: 30 Tablet, Film Coated In 1 Bottle (60505-3110-3)",0.61,0.61,,,0
RC,637,"Olopatadine Hydrochloride: 1 Bottle, Plastic In 1 Carton (58602-006-40)  / 5 Ml In 1 Bottle, Plastic",13.74,13.74,,,0
RC,637,Onelax Saline Laxative: 296 Ml In 1 Bottle (71399-0051-1),5.81,5.81,,,0
RC,637,"Oscimin: 100 Tablet, Orally Disintegrating In 1 Bottle (68047-253-01)",0.42,0.42,,,0
RC,637,Oseltamivir Phosphate: 1 Blister Pack In 1 Carton (0527-4591-13)  / 10 Capsule In 1 Blister Pack,1.52,1.52,,,0
RC,637,Oseltamivir Phosphate: 1 Blister Pack In 1 Carton (33342-256-66)  / 10 Capsule In 1 Blister Pack,2.13,2.13,,,0
RC,637,Oseltamivir Phosphate: 1 Blister Pack In 1 Carton (33342-258-66)  / 10 Capsule In 1 Blister Pack,3.42,3.42,,,0
RC,637,Oseltamivir Phosphate: 1 Blister Pack In 1 Carton (47781-468-13)  / 10 Capsule In 1 Blister Pack,16.92,16.92,,,0
RC,637,Oseltamivir Phosphate: 1 Blister Pack In 1 Carton (60219-1266-1)  / 10 Capsule In 1 Blister Pack,15.62,15.62,,,0
RC,637,Oseltamivir Phosphate: 1 Blister Pack In 1 Carton (72205-044-11)  / 10 Capsule In 1 Blister Pack,3.35,3.35,,,0
RC,637,"Oseltamivir Phosphate: 1 Bottle, Glass In 1 Carton (68180-678-01)  / 60 Ml In 1 Bottle, Glass",4.99,4.99,,,0
RC,637,"Oseltamivir Phosphate: 1 Bottle, Plastic In 1 Carton (0527-5137-62)  / 60 Ml In 1 Bottle, Plastic",1.47,1.47,,,0
RC,637,Oseltamivir Phosphate: 1 Pouch In 1 Carton (27241-139-09)  / 1 Bottle In 1 Pouch / 60 Ml In 1 Bottle,3.62,3.62,,,0
RC,637,Oseltamivir Phosphate: 10 Capsule In 1 Blister Pack (64380-797-01),2.17,2.17,,,0
RC,637,Oseltamivir Phosphate: 10 Capsule In 1 Carton (31722-630-31),4.7,4.7,,,0
RC,637,Oseltamivir Phosphate: 10 Capsule In 1 Carton (31722-632-31),4.7,4.7,,,0
RC,637,Oseltamivir: 1 Carton In 1 Blister Pack (62332-415-10)  / 10 Capsule In 1 Carton,14.46,14.46,,,0
RC,637,"Oxcarbazepine: 1 Bottle, Glass In 1 Carton (69452-125-50)  / 250 Ml In 1 Bottle, Glass",5.74,5.74,,,0
RC,637,"Oxcarbazepine: 100 Blister Pack In 1 Carton (0904-7263-61)  / 1 Tablet, Film Coated In 1 Blister Pack",1.18,1.18,,,0
RC,637,"Oxybutynin Chloride: 100 Blister Pack In 1 Carton (0904-6570-61)  / 1 Tablet, Extended Release In 1 Blister Pack",2.24,2.24,,,0
RC,637,Oxybutynin Chloride: 100 Blister Pack In 1 Carton (0904-7027-61)  / 1 Tablet In 1 Blister Pack,0.74,0.74,,,0
RC,637,Oxybutynin Chloride: 100 Tablet In 1 Bottle (0832-0038-00),0.22,0.22,,,0
RC,637,"Oxybutynin Chloride: 100 Tablet In 1 Bottle, Plastic (10702-201-01)",0.16,0.16,,,0
RC,637,"Oxybutynin: 100 Tablet, Film Coated, Extended Release In 1 Bottle (68382-256-01)",0.51,0.51,,,0
RC,637,"Oxybutynin: 100 Tablet, Film Coated, Extended Release In 1 Bottle (68382-257-01)",0.51,0.51,,,0
RC,637,Oxycodone Hydrochloride: 1 Tablet In 1 Blister Pack (0406-0552-23),0.61,0.61,,,0
RC,637,Oxycodone Hydrochloride: 1 Tablet In 1 Blister Pack (0406-8510-23),0.97,0.97,,,0
RC,637,Oxycodone Hydrochloride: 1 Tablet In 1 Blister Pack (0406-8515-23),1.24,1.24,,,0
RC,637,Oxycodone Hydrochloride: 10 Blister Pack In 1 Carton (42858-001-10)  / 10 Tablet In 1 Blister Pack,0.57,0.57,,,0
RC,637,Oxycodone Hydrochloride: 10 Blister Pack In 1 Carton (42858-002-10)  / 10 Tablet In 1 Blister Pack,0.91,0.91,,,0
RC,637,Oxycodone Hydrochloride: 100 Blister Pack In 1 Carton (0904-6966-61)  / 1 Tablet In 1 Blister Pack,0.38,0.38,,,0
RC,637,"Oxycodone Hydrochloride: 100 Tablet In 1 Bottle, Plastic (42858-001-01)",0.24,0.24,,,0
RC,637,"Oxycodone Hydrochloride: 100 Tablet In 1 Bottle, Plastic (42858-002-01)",0.16,0.16,,,0
RC,637,"Oxycodone Hydrochloride: 100 Tablet In 1 Bottle, Plastic (42858-003-01)",0.51,0.51,,,0
RC,637,"Oxycodone Hydrochloride: 4 Tray In 1 Carton (0904-6828-94)  / 10 Cup, Unit-Dose In 1 Tray / 5 Ml In 1 Cup, Unit-Dose (0904-6828-05)",4.08,4.08,,,0
RC,637,"Oxycontin: 2 Blister Pack In 1 Carton (59011-410-20)  / 10 Tablet, Film Coated, Extended Release In 1 Blister Pack",9.74,9.74,,,0
RC,637,"Oxycontin: 2 Blister Pack In 1 Carton (59011-440-20)  / 10 Tablet, Film Coated, Extended Release In 1 Blister Pack",30.52,30.52,,,0
RC,637,Pacerone: 100 Blister Pack In 1 Carton (0245-0147-01)  / 1 Tablet In 1 Blister Pack (0245-0147-89),0.42,0.42,,,0
RC,637,Pacerone: 30 Tablet In 1 Bottle (0245-0144-30),1.06,1.06,,,0
RC,637,"Paliperidone: 30 TABLET, FILM COATED, EXTENDED RELEASE in 1 BOTTLE, PLASTIC (0378-3980-93)",44.32,44.32,,,0
RC,637,"Paliperidone: 30 Tablet, Extended Release In 1 Bottle (16714-868-01)",5.78,5.78,,,0
RC,637,"Paliperidone: 30 Tablet, Extended Release In 1 Bottle (65162-282-03)",3.14,3.14,,,0
RC,637,"Pantoprazole Sodium: 90 Tablet, Delayed Release In 1 Bottle (65862-560-90)",0.09,0.09,,,0
RC,637,"Paroxetine: 10 Blister Pack In 1 Box, Unit-Dose (63739-963-10)  / 10 Tablet, Film Coated In 1 Blister Pack",0.35,0.35,,,0
RC,637,"Paroxetine: 100 Blister Pack In 1 Box, Unit-Dose (0904-5677-61)  / 1 Tablet, Film Coated In 1 Blister Pack",0.46,0.46,,,0
RC,637,"Paroxetine: 30 Tablet, Film Coated In 1 Bottle (13107-154-30)",0.42,0.42,,,0
RC,637,"Paxlovid: 10 Blister Pack In 1 Carton (0069-5317-20)  / 1 Kit In 1 Blister Pack (0069-5317-02)  *  1 Tablet, Film Coated In 1 Blister Pack (0069-2085-11)  *  1 Tablet, Film Coated In 1 Blister Pack (0",135.19,135.19,,,0
RC,637,"Paxlovid: 10 Blister Pack In 1 Carton (0069-5321-30)  / 1 Kit In 1 Blister Pack (0069-5321-03)  *  2 Tablet, Film Coated In 1 Blister Pack (0069-2085-02)  *  1 Tablet, Film Coated In 1 Blister Pack (0",90.61,90.61,,,0
RC,637,Pedia-Lax: 12 Suppository In 1 Jar (0132-0081-12),0.15,0.15,,,0
RC,637,"Pedia-Lax: 66 Ml In 1 Bottle, With Applicator (0132-0202-20)",2.61,2.61,,,0
RC,637,"Peg-3350, Sodium Chloride, Sodium Bicarbonate And Potassium Chloride: 4 L In 1 Bottle (10572-302-01)",35.28,35.28,,,0
RC,637,"Penicillin V Potassium: 100 Tablet, Film Coated In 1 Bottle (16714-234-01)",0.16,0.16,,,0
RC,637,"Penicillin V Potassium: 100 Tablet, Film Coated In 1 Bottle (16714-235-01)",0.44,0.44,,,0
RC,637,Permethrin: 1 Tube In 1 Container (16714-897-01)  / 60 G In 1 Tube,29.29,29.29,,,0
RC,637,Petroleum: 1 Tube In 1 Box (53329-068-01)  / 28.4 G In 1 Tube,3.07,3.07,,,0
RC,637,Phenazopyridine Hydrochloride: 100 Tablet In 1 Bottle (65162-681-10),0.47,0.47,,,0
RC,637,"Phenelzine Sulfate: 60 Tablet, Film Coated In 1 Bottle (59762-0119-1)",0.87,0.87,,,0
RC,637,Phenobarbital: 100 Blister Pack In 1 Carton (0904-6575-61)  / 1 Tablet In 1 Blister Pack,0.52,0.52,,,0
RC,637,Phenobarbital: 100 Tablet In 1 Bottle (16571-668-01),0.32,0.32,,,0
RC,637,"Phenobarbital: 100 Tablet In 1 Bottle, Plastic (13517-628-01)",0.82,0.82,,,0
RC,637,"Phenytoin Sodium: 100 Capsule, Extended Release In 1 Bottle (51672-4111-1)",0.26,0.26,,,0
RC,637,"Phenytoin Sodium: 100 Capsule, Extended Release In 1 Bottle (57664-808-88)",0.19,0.19,,,0
RC,637,Phytonadione: 1 Bottle In 1 Carton (70710-1014-1)  / 100 Tablet In 1 Bottle,50.84,50.84,,,0
RC,637,"Pifeltro: 30 Tablet, Film Coated In 1 Bottle (0006-3069-01)",106.08,106.08,,,0
RC,637,Pioglitazone: 100 Blister Pack In 1 Carton (0904-7090-61)  / 1 Tablet In 1 Blister Pack,1.48,1.48,,,0
RC,637,"Polyethylene Glycol 3350, Sodium Chloride, Sodium Bicarbonate And Potassium Chloride With Lemon Flavor: 4 L In 1 Jug (64380-769-21)",70.56,70.56,,,0
RC,637,Polyethylene Glycol 3350: 100 Packet In 1 Carton (63739-760-04)  / 17 G In 1 Packet (63739-760-01),2.77,2.77,,,0
RC,637,Polyethylene Glycol 3350: 17 G In 1 Packet (0904-6931-86),2.05,2.05,,,0
RC,637,Polyvinyl Alcohol: 15 Ml In 1 Bottle (50268-678-15),15.71,15.71,,,0
RC,637,"Posaconazole: 1 Bottle, Glass In 1 Carton (0054-0449-49)  / 105 Ml In 1 Bottle, Glass",115.99,115.99,,,0
RC,637,Potassium Chloride Extended-Release: 100 Tablet In 1 Bottle (68001-567-00),0.56,0.56,,,0
RC,637,"Potassium Chloride Extended-Release: 100 Tablet, Extended Release In 1 Bottle (70010-135-01)",0.39,0.39,,,0
RC,637,"Potassium Chloride Extended-Release: 100 Tablet, Extended Release In 1 Bottle, Plastic (24979-231-01)",0.18,0.18,,,0
RC,637,"Potassium Chloride: 100 Blister Pack In 1 Carton (0904-7293-61)  / 1 Tablet, Extended Release In 1 Blister Pack",0.5,0.5,,,0
RC,637,"Potassium Chloride: 100 Tablet, Extended Release In 1 Bottle (69238-1069-1)",0.32,0.32,,,0
RC,637,"Potassium Chloride: 100 Tablet, Film Coated, Extended Release In 1 Bottle (42806-423-01)",0.2,0.2,,,0
RC,637,Potassium Chloride: 473 Ml In 1 Bottle (0121-0948-16),1.27,1.27,,,0
RC,637,"Potassium Citrate: 100 Tablet, Extended Release In 1 Bottle (51407-449-01)",0.27,0.27,,,0
RC,637,"Potassium Iodide: 30 Ml In 1 Bottle, With Applicator (75834-280-30)",5.72,5.72,,,0
RC,637,Pradaxa: 10 Blister Pack In 1 Carton (0597-0108-60)  / 6 Capsule In 1 Blister Pack,5.68,5.68,,,0
RC,637,Pradaxa: 60 Blister Pack In 1 Carton (0597-0355-56)  / 1 Capsule In 1 Blister Pack,5.68,5.68,,,0
RC,637,Pradaxa: 60 Blister Pack In 1 Carton (0597-0360-82)  / 1 Capsule In 1 Blister Pack,5.67,5.67,,,0
RC,637,Pramipexole Dihydrochloride: 100 Blister Pack In 1 Carton (0904-6704-61)  / 1 Tablet In 1 Blister Pack,0.47,0.47,,,0
RC,637,Pramipexole Dihydrochloride: 90 Tablet In 1 Bottle (68462-330-90),0.09,0.09,,,0
RC,637,Pramipexole Dihydrochloride: 90 Tablet In 1 Bottle (68462-333-90),0.2,0.2,,,0
RC,637,"Prasugrel: 30 Tablet, Film Coated In 1 Bottle (60505-4642-3)",0.81,0.81,,,0
RC,637,"Prasugrel: 30 Tablet, Film Coated In 1 Bottle (60505-4643-3)",1.19,1.19,,,0
RC,637,"Prasugrel: 30 Tablet, Film Coated In 1 Bottle (65862-830-30)",1.19,1.19,,,0
RC,637,"Pravastatin Sodium: 100 Blister Pack In 1 Box, Unit-Dose (0904-5891-61)  / 1 Tablet In 1 Blister Pack",0.52,0.52,,,0
RC,637,"Pravastatin Sodium: 100 Blister Pack In 1 Box, Unit-Dose (0904-5892-61)  / 1 Tablet In 1 Blister Pack",0.66,0.66,,,0
RC,637,Pravastatin Sodium: 90 Tablet In 1 Bottle (0093-0771-98),0.49,0.49,,,0
RC,637,Pravastatin Sodium: 90 Tablet In 1 Bottle (16714-559-01),0.34,0.34,,,0
RC,637,Prazosin Hydrochloride: 100 Capsule In 1 Bottle (70954-019-10),0.21,0.21,,,0
RC,637,Prazosin Hydrochloride: 100 Capsule In 1 Bottle (70954-020-10),0.28,0.28,,,0
RC,637,"Pregabalin: 100 Blister Pack In 1 Box, Unit-Dose (60687-484-01)  / 1 Capsule In 1 Blister Pack (60687-484-11)",0.76,0.76,,,0
RC,637,Pregabalin: 100 Blister Pack In 1 Carton (0904-6992-61)  / 1 Capsule In 1 Blister Pack,1.13,1.13,,,0
RC,637,Pregabalin: 100 Blister Pack In 1 Carton (0904-7000-61)  / 1 Capsule In 1 Blister Pack,1.39,1.39,,,0
RC,637,Pregabalin: 100 Blister Pack In 1 Carton (0904-7001-61)  / 1 Capsule In 1 Blister Pack,0.91,0.91,,,0
RC,637,Pregabalin: 90 Capsule In 1 Bottle (72205-011-90),0.1,0.1,,,0
RC,637,Pregabalin: 90 Capsule In 1 Bottle (72205-012-90),0.1,0.1,,,0
RC,637,"Premarin Vaginal: 1 Tube, With Applicator In 1 Carton (0046-0872-21)  / 30 G In 1 Tube, With Applicator",819.99,819.99,,,0
RC,637,"Prezcobix: 30 Tablet, Film Coated In 1 Bottle (59676-575-30)",147.95,147.95,,,0
RC,637,Proctofoam Hc: 1 Canister In 1 Carton (0037-6822-10)  / 10 G In 1 Canister,334.43,334.43,,,0
RC,637,Progesterone: 100 Capsule In 1 Bottle (69452-233-20),0.55,0.55,,,0
RC,637,"Propafenone Hydrochloride: 100 Tablet, Coated In 1 Bottle (62559-231-01)",0.74,0.74,,,0
RC,637,"Propafenone Hydrochloride: 100 Tablet, Film Coated In 1 Bottle (59651-256-01)",0.32,0.32,,,0
RC,637,Propranolol Hydrochloride: 100 Blister Pack In 1 Carton (0904-6550-61)  / 1 Tablet In 1 Blister Pack,0.3,0.3,,,0
RC,637,Propranolol Hydrochloride: 100 Tablet In 1 Bottle (69238-2077-1),0.3,0.3,,,0
RC,637,"Propranolol Hydrochloride: 500 Ml In 1 Bottle, Plastic (0054-3727-63)",0.7,0.7,,,0
RC,637,Pseudoephedrine Hydrochloride: 5 Blister Pack In 1 Box (0904-6907-06)  / 10 Tablet In 1 Blister Pack,0.1,0.1,,,0
RC,637,Pyridostigmine Bromide: 100 Tablet In 1 Bottle (0115-3511-01),0.5,0.5,,,0
RC,637,Pyridostigmine Bromide: 30 Tablet In 1 Bottle (64980-220-03),11.99,11.99,,,0
RC,637,"Quetiapine Fumarate: 100 Tablet, Film Coated In 1 Bottle (65862-489-01)",0.03,0.03,,,0
RC,637,"Quetiapine: 100 Blister Pack In 1 Carton (0904-6638-61)  / 1 Tablet, Film Coated In 1 Blister Pack",0.4,0.4,,,0
RC,637,"Quetiapine: 100 Blister Pack In 1 Carton (0904-6640-61)  / 1 Tablet, Film Coated In 1 Blister Pack",0.59,0.59,,,0
RC,637,"Quetiapine: 100 Blister Pack In 1 Carton (0904-6642-61)  / 1 Tablet, Film Coated In 1 Blister Pack",0.47,0.47,,,0
RC,637,"Quetiapine: 100 Tablet, Film Coated In 1 Bottle (16729-145-01)",0.19,0.19,,,0
RC,637,"Ranolazine: 60 Tablet, Film Coated, Extended Release In 1 Bottle (70756-703-60)",0.43,0.43,,,0
RC,637,Ready-To-Use: 1 Bottle In 1 Carton (0536-7415-51)  / 133 Ml In 1 Bottle,2.09,2.09,,,0
RC,637,"Refresh Celluvisc: 30 Vial, Single-Use In 1 Carton (0023-4554-30)  / .4 Ml In 1 Vial, Single-Use",0.09,0.09,,,0
RC,637,Refresh Lacri-Lube: 1 Tube In 1 Carton (0023-0312-04)  / 3.5 G In 1 Tube,19.15,19.15,,,0
RC,637,"Reglan: 100 Tablet In 1 Bottle, Plastic (62559-166-01)",6.77,6.77,,,0
RC,637,Regular Strength Antacid/Antigas: 355 Ml In 1 Bottle (0536-1317-83),0.05,0.05,,,0
RC,637,"Relistor: 1 Vial, Single-Dose In 1 Carton (65649-551-02)  / .6 Ml In 1 Vial, Single-Dose",272.98,272.98,,,0
RC,637,"Restasis: 30 Vial, Single-Use In 1 Tray (0023-9163-30)  / .4 Ml In 1 Vial, Single-Use",2.43,2.43,,,0
RC,637,Rexulti: 1 Bottle In 1 Carton (59148-035-13)  / 30 Tablet In 1 Bottle,91.32,91.32,,,0
RC,637,Rexulti: 1 Bottle In 1 Carton (59148-037-13)  / 30 Tablet In 1 Bottle,90.65,90.65,,,0
RC,637,Rifabutin: 100 Capsule In 1 Bottle (59762-1350-1),18.72,18.72,,,0
RC,637,"Rinvoq: 30 Tablet, Extended Release In 1 Bottle (0074-2306-30)",406.82,406.82,,,0
RC,637,Risperdal: 30 Ml In 1 Bottle (50458-305-03),5.35,5.35,,,0
RC,637,"Risperidone: 100 Blister Pack In 1 Carton (0904-7360-61)  / 1 Tablet, Film Coated In 1 Blister Pack",0.3,0.3,,,0
RC,637,"Risperidone: 100 Blister Pack In 1 Carton (0904-7362-61)  / 1 Tablet, Film Coated In 1 Blister Pack",0.21,0.21,,,0
RC,637,"Risperidone: 100 Blister Pack In 1 Carton (0904-7363-61)  / 1 Tablet, Film Coated In 1 Blister Pack",0.2,0.2,,,0
RC,637,"Risperidone: 7 Blister Pack In 1 Carton (49884-315-91)  / 4 Tablet, Orally Disintegrating In 1 Blister Pack (49884-315-52)",4.86,4.86,,,0
RC,637,"Risperidone: 7 Blister Pack In 1 Carton (59746-020-22)  / 4 Tablet, Orally Disintegrating In 1 Blister Pack",1.72,1.72,,,0
RC,637,"Ropinirole Hydrochloride: 100 Tablet, Film Coated In 1 Bottle, Plastic (43547-269-10)",0.22,0.22,,,0
RC,637,"Ropinirole Hydrochloride: 100 Tablet, Film Coated In 1 Bottle, Plastic (43547-273-10)",0.22,0.22,,,0
RC,637,"Ropinirole: 100 Blister Pack In 1 Carton (0904-6373-61)  / 1 Tablet, Film Coated In 1 Blister Pack",0.71,0.71,,,0
RC,637,"Ropinirole: 100 Blister Pack In 1 Carton (0904-6374-61)  / 1 Tablet, Film Coated In 1 Blister Pack",0.63,0.63,,,0
RC,637,"Rosuvastatin Calcium: 100 Blister Pack In 1 Carton (0904-6778-61)  / 1 Tablet, Coated In 1 Blister Pack",1.45,1.45,,,0
RC,637,"Rosuvastatin Calcium: 90 Tablet, Film Coated In 1 Bottle (16714-988-01)",0.12,0.12,,,0
RC,637,"Rosuvastatin Calcium: 90 Tablet, Film Coated In 1 Bottle (16714-989-01)",0.16,0.16,,,0
RC,637,"Rosuvastatin Calcium: 90 Tablet, Film Coated In 1 Bottle (16714-990-01)",0.15,0.15,,,0
RC,637,"Rosuvastatin Calcium: 90 Tablet, Film Coated In 1 Bottle (27808-155-01)",0.17,0.17,,,0
RC,637,"Rosuvastatin Calcium: 90 Tablet, Film Coated In 1 Bottle (68462-262-90)",0.34,0.34,,,0
RC,637,Rufinamide: 120 Tablet In 1 Bottle (42571-392-12),2.71,2.71,,,0
RC,637,"Rugby Cherry Flavor: 177 Ml In 1 Bottle, Spray (0536-1228-58)",4.56,4.56,,,0
RC,637,"Rugby Nicotine Polacrilex Gum, Mint Flavor: 11 Blister Pack In 1 Carton (0536-1362-23)  / 10 Gum, Chewing In 1 Blister Pack",0.21,0.21,,,0
RC,637,"Rugby Polyvinyl Alcohol 1.4% Lubricating Eye Drops: 1 Bottle, Dropper In 1 Box (0536-1408-94)  / 15 Ml In 1 Bottle, Dropper",9.4,9.4,,,0
RC,637,"Rugby Regular Strength Acetaminophen: 1000 Tablet In 1 Bottle, Plastic (0536-1327-10)",0.02,0.02,,,0
RC,637,"Rytary: 100 Capsule, Extended Release In 1 Bottle (64896-662-01)",7.51,7.51,,,0
RC,637,"Sacubitril And Valsartan: 60 Tablet, Film Coated In 1 Bottle (72205-280-60)",2.25,2.25,,,0
RC,637,"Scopolamine: 24 Pouch In 1 Carton (50742-505-24)  / 1 Patch, Extended Release In 1 Pouch",9.77,9.77,,,0
RC,637,Selegiline Hydrochloride: 60 Tablet In 1 Bottle (60505-3438-3),1.92,1.92,,,0
RC,637,"Senna Time: 1000 Tablet, Coated In 1 Bottle, Plastic (49483-080-10)",0.02,0.02,,,0
RC,637,Senna: 100 Tablet In 1 Bottle (69618-064-01),0.03,0.03,,,0
RC,637,"Sennosides: 10 Blister Pack In 1 Box, Unit-Dose (0904-7252-61)  / 10 Tablet, Film Coated In 1 Blister Pack",0.06,0.06,,,0
RC,637,"Sennosides: 1000 Tablet, Film Coated In 1 Bottle (0904-7252-80)",0.02,0.02,,,0
RC,637,"Sertraline Hydrochloride: 1 Bottle, Plastic In 1 Carton (16714-601-02)  / 60 Ml In 1 Bottle, Plastic",4.64,4.64,,,0
RC,637,"Sertraline Hydrochloride: 100 Tablet, Film Coated In 1 Bottle (16714-612-04)",0.16,0.16,,,0
RC,637,"Sertraline Hydrochloride: 100 Tablet, Film Coated In 1 Bottle (16714-613-04)",0.12,0.12,,,0
RC,637,"Sevelamer Carbonate: 270 Tablet, Film Coated In 1 Bottle (65862-921-27)",0.43,0.43,,,0
RC,637,Silvadene: 400 G In 1 Jar (61570-131-40),65.18,65.18,,,0
RC,637,Silvadene: 50 G In 1 Jar (61570-131-50),15.98,15.98,,,0
RC,637,Silver Nitrate Applicators: 100 Applicator In 1 Vial (12870-0001-2)  / 100 Mg In 1 Applicator,1.28,1.28,,,0
RC,637,Silver Sulfadiazine: 400 G In 1 Jar (67877-124-40),94.24,94.24,,,0
RC,637,"Simvastatin: 90 Tablet, Film Coated In 1 Bottle (16714-682-02)",0.08,0.08,,,0
RC,637,"Simvastatin: 90 Tablet, Film Coated In 1 Bottle (16714-683-02)",0.09,0.09,,,0
RC,637,Sodium Bicarbonate Antacid: 1000 Tablet In 1 Bottle (0536-1047-10),0.02,0.02,,,0
RC,637,"Sodium Polystyrene Sulfonate: 10 Bottle, Unit-Dose In 1 Carton (46287-006-60)  / 60 Ml In 1 Bottle, Unit-Dose",43.63,43.63,,,0
RC,637,"Sodium Sulfate, Potassium Sulfate And Magnesium Sulfate Oral: 2 Bottle In 1 Carton (64380-116-01)  / 177 Ml In 1 Bottle (64380-116-02)",123.51,123.51,,,0
RC,637,"Sore Throat Cherry: 177 Ml In 1 Bottle, Spray (0904-6305-21)",3.47,3.47,,,0
RC,637,Sotalol Hydrochloride: 100 Tablet In 1 Bottle (0093-1061-01),0.26,0.26,,,0
RC,637,"Spironolactone: 10 Blister Pack In 1 Box, Unit-Dose (63739-544-10)  / 10 Tablet In 1 Blister Pack",0.21,0.21,,,0
RC,637,"Spironolactone: 100 Blister Pack In 1 Carton (0904-6927-61)  / 1 Tablet, Film Coated In 1 Blister Pack",0.18,0.18,,,0
RC,637,Spironolactone: 100 Tablet In 1 Bottle (53746-511-01),0.08,0.08,,,0
RC,637,Spironolactone: 100 Tablet In 1 Bottle (72603-134-01),0.1,0.1,,,0
RC,637,"Spironolactone: 100 Tablet, Film Coated In 1 Bottle, Plastic (0378-2146-01)",0.18,0.18,,,0
RC,637,Ssd Cream: 50 G In 1 Jar (43598-210-55),15.35,15.35,,,0
RC,637,"Stomach Relief Regular Strength: 237 Ml In 1 Bottle, Plastic (0536-1286-36)",0.53,0.53,,,0
RC,637,"Stool Softener: 100 Capsule, Liquid Filled In 1 Bottle (57896-401-01)",0.04,0.04,,,0
RC,637,"Sudogest: 1 Bottle, Plastic In 1 Carton (0904-5053-59)  / 100 Tablet, Film Coated In 1 Bottle, Plastic",0.03,0.03,,,0
RC,637,Sulfamethoxazole And Trimethoprim: 100 Blister Pack In 1 Carton (0904-2725-61)  / 1 Tablet In 1 Blister Pack,0.24,0.24,,,0
RC,637,Sulfamethoxazole And Trimethoprim: 100 Tablet In 1 Bottle (65862-419-01),0.09,0.09,,,0
RC,637,Sulfamethoxazole And Trimethoprim: 473 Ml In 1 Bottle (65862-496-47),1.75,1.75,,,0
RC,637,Sulfamylon: 1 Tube In 1 Carton (16571-723-60)  / 56.7 G In 1 Tube,131.9,131.9,,,0
RC,637,Sulfasalazine: 1 Bottle In 1 Carton (59762-5000-5)  / 100 Tablet In 1 Bottle,0.29,0.29,,,0
RC,637,Sumatriptan: 1 Blister Pack In 1 Carton (16714-796-01)  / 9 Tablet In 1 Blister Pack,1.61,1.61,,,0
RC,637,Sumatriptan: 1 Blister Pack In 1 Carton (16714-797-01)  / 9 Tablet In 1 Blister Pack,2.55,2.55,,,0
RC,637,"Sumatriptan: 5 Vial, Single-Dose In 1 Carton (55150-173-01)  / .5 Ml In 1 Vial, Single-Dose",6.93,6.93,,,0
RC,637,Sunmark Childrens Pain And Fever: 1 Bottle In 1 Carton (49348-119-34)  / 118 Ml In 1 Bottle,0.04,0.04,,,0
RC,637,"Sunmark Nicotine: 110 Blister Pack In 1 Carton (49348-573-36)  / 1 Gum, Chewing In 1 Blister Pack",0.49,0.49,,,0
RC,637,Sunmark stay awake: 16 BLISTER PACK in 1 CARTON (49348-771-03)  / 1 TABLET in 1 BLISTER PACK,0.16,0.16,,,0
RC,637,"Synthroid: 10 Blister Pack In 1 Box, Unit-Dose (0074-7148-11)  / 10 Tablet In 1 Blister Pack",2.85,2.85,,,0
RC,637,Synthroid: 1000 Tablet In 1 Bottle (0074-4341-19),0.12,0.12,,,0
RC,637,Tacrolimus: 1 Tube In 1 Carton (21922-011-05)  / 30 G In 1 Tube,86.73,86.73,,,0
RC,637,Tadalafil: 30 Tablet In 1 Bottle (13668-581-30),2.15,2.15,,,0
RC,637,"Tamsulosin Hydrochloride: 10 Blister Pack In 1 Box, Unit-Dose (63739-567-10)  / 10 Capsule In 1 Blister Pack",0.42,0.42,,,0
RC,637,Tamsulosin Hydrochloride: 100 Blister Pack In 1 Carton (0904-7383-61)  / 1 Capsule In 1 Blister Pack,0.33,0.33,,,0
RC,637,Temazepam: 100 Capsule In 1 Bottle (0406-9961-01),0.14,0.14,,,0
RC,637,Temazepam: 30 Blister Pack In 1 Carton (0904-6436-04)  / 1 Capsule In 1 Blister Pack,4.91,4.91,,,0
RC,637,Terbinafine Hydrochloride: 1 Tube In 1 Carton (51672-2080-2)  / 30 G In 1 Tube,13.76,13.76,,,0
RC,637,Terbinafine Hydrochloride: 1 Tube In 1 Carton (70677-1003-1)  / 30 G In 1 Tube,15.7,15.7,,,0
RC,637,Terbinafine: 100 Tablet In 1 Bottle (16714-795-02),0.1,0.1,,,0
RC,637,Terbinafine: 30 Tablet In 1 Bottle (16714-795-01),0.3,0.3,,,0
RC,637,Terbutaline Sulfate: 100 Tablet In 1 Bottle (62559-722-01),0.88,0.88,,,0
RC,637,Tetrabenazine: 112 Tablet In 1 Bottle (43598-394-67),4.46,4.46,,,0
RC,637,Tetrabenazine: 112 Tablet In 1 Bottle (70436-102-09),7.67,7.67,,,0
RC,637,Tetracycline Hydrochloride: 100 Capsule In 1 Bottle (23155-767-01),3.08,3.08,,,0
RC,637,"Theo-24: 100 Capsule, Extended Release In 1 Bottle (52244-100-10)",7.0,7.0,,,0
RC,637,Theratears: 6 Pouch In 1 Carton (58790-003-30)  / 5 Vial In 1 Pouch / .6 Ml In 1 Vial,0.07,0.07,,,0
RC,637,"Tivicay: 30 Tablet, Film Coated In 1 Bottle (49702-228-13)",138.54,138.54,,,0
RC,637,Tizanidine: 100 Blister Pack In 1 Carton (0904-6418-61)  / 1 Tablet In 1 Blister Pack,0.75,0.75,,,0
RC,637,Tizanidine: 150 Tablet In 1 Bottle (55111-179-15),0.16,0.16,,,0
RC,637,"Tizanidine: 150 Tablet In 1 Bottle, Plastic (72789-325-77)",0.09,0.09,,,0
RC,637,"Tizanidine: 30 Blister Pack In 1 Box, Unit-Dose (68084-775-25)  / 1 Tablet In 1 Blister Pack (68084-775-95)",1.54,1.54,,,0
RC,637,"Tolterodine Tartrate: 30 Capsule, Extended Release In 1 Bottle (13668-190-30)",1.45,1.45,,,0
RC,637,"Tolterodine Tartrate: 30 Capsule, Extended Release In 1 Bottle (43975-322-03)",1.21,1.21,,,0
RC,637,"Tolterodine Tartrate: 60 Tablet, Film Coated In 1 Bottle (33342-098-09)",0.6,0.6,,,0
RC,637,Torsemide: 100 Tablet In 1 Bottle (31722-530-01),0.09,0.09,,,0
RC,637,Torsemide: 100 Tablet In 1 Bottle (50111-915-01),0.14,0.14,,,0
RC,637,Torsemide: 100 Tablet In 1 Bottle (50111-918-01),3.52,3.52,,,0
RC,637,"Tramadol Hydrochloride: 100 BLISTER PACK in 1 CARTON (51079-991-20)  / 1 TABLET, FILM COATED in 1 BLISTER PACK (51079-991-01)",0.03,0.03,,,0
RC,637,Tramadol Hydrochloride: 100 Tablet In 1 Bottle (57664-377-08),0.03,0.03,,,0
RC,637,"Tramadol Hydrochloride: 100 Tablet, Coated In 1 Bottle (60219-2348-1)",0.2,0.2,,,0
RC,637,"Tramadol Hydrochloride: 100 Tablet, Coated In 1 Bottle (72888-080-01)",0.06,0.06,,,0
RC,637,"Tramadol Hydrochloride: 100 Tablet, Film Coated In 1 Bottle, Plastic (29300-355-01)",0.05,0.05,,,0
RC,637,Tranexamic Acid: 30 Tablet In 1 Bottle (69918-301-30),3.45,3.45,,,0
RC,637,Tranexamic Acid: 30 Tablet In 1 Bottle (72888-178-30),2.72,2.72,,,0
RC,637,Trazodone Hydrochloride: 100 Blister Pack In 1 Carton (0904-6868-61)  / 1 Tablet In 1 Blister Pack,0.2,0.2,,,0
RC,637,Trazodone Hydrochloride: 100 Tablet In 1 Bottle (68382-806-01),0.13,0.13,,,0
RC,637,Trazodone Hydrochloride: 500 Tablet In 1 Bottle (50111-560-02),0.11,0.11,,,0
RC,637,Trazodone Hydrochloride: 500 Tablet In 1 Bottle (68382-805-05),0.06,0.06,,,0
RC,637,"Tresiba: 1 Vial, Glass In 1 Carton (0169-2662-11)  / 10 Ml In 1 Vial, Glass",13.12,13.12,,,0
RC,637,Triamcinolone Acetonide: 1 Tube In 1 Carton (0168-0003-15)  / 15 G In 1 Tube,4.06,4.06,,,0
RC,637,Triamcinolone Acetonide: 1 Tube In 1 Carton (0168-0004-15)  / 15 G In 1 Tube,4.77,4.77,,,0
RC,637,Triamcinolone Acetonide: 1 Tube In 1 Carton (45802-054-35)  / 15 G In 1 Tube,6.74,6.74,,,0
RC,637,Triamcinolone Acetonide: 1 Tube In 1 Carton (45802-063-35)  / 15 G In 1 Tube,6.4,6.4,,,0
RC,637,Triamcinolone Acetonide: 1 Tube In 1 Carton (45802-065-35)  / 15 G In 1 Tube,10.56,10.56,,,0
RC,637,Triamcinolone Acetonide: 454 G In 1 Jar (45802-055-05),37.87,37.87,,,0
RC,637,Triamcinolone Acetonide: 80 G In 1 Tube (0168-0006-80),12.24,12.24,,,0
RC,637,Triamterene And Hydrochlorothiazide: 100 Tablet In 1 Bottle (60505-2656-1),0.14,0.14,,,0
RC,637,Trihexyphenidyl Hydrochloride: 100 Tablet In 1 Bottle (70954-212-10),0.19,0.19,,,0
RC,637,"Trikafta: 4 Blister Pack In 1 Carton (51167-331-01)  / 1 Kit In 1 Blister Pack *  14 Tablet, Film Coated In 1 Blister Pack (51167-431-14)  *  7 Tablet, Film Coated In 1 Blister Pack (51167-531-07)",584.9,584.9,,,0
RC,637,"Trintellix: 30 Tablet, Film Coated In 1 Bottle (64764-730-30)",29.5,29.5,,,0
RC,637,"Triumeq: 30 Tablet, Film Coated In 1 Bottle (49702-231-13)",232.99,232.99,,,0
RC,637,"Tylenol Extra Strength: 10 Blister Pack In 1 Carton (50580-457-11)  / 10 Tablet, Film Coated In 1 Blister Pack",0.48,0.48,,,0
RC,637,"Tylenol Regular Strength: 10 Blister Pack In 1 Carton (50580-458-11)  / 10 Tablet, Film Coated In 1 Blister Pack",0.03,0.03,,,0
RC,637,Ursodiol: 100 Capsule In 1 Bottle (10702-237-01),1.43,1.43,,,0
RC,637,Ursodiol: 100 Capsule In 1 Bottle (42291-923-01),0.87,0.87,,,0
RC,637,"Valacyclovir Hydrochloride: 100 Blister Pack In 1 Carton (0904-6565-61)  / 1 Tablet, Film Coated In 1 Blister Pack",1.81,1.81,,,0
RC,637,"Valacyclovir Hydrochloride: 90 Tablet, Film Coated In 1 Bottle (16714-697-03)",0.86,0.86,,,0
RC,637,"Valacyclovir Hydrochloride: 90 Tablet, Film Coated In 1 Bottle (16714-698-03)",0.64,0.64,,,0
RC,637,Valganciclovir Hydrochloride: 60 Tablet In 1 Bottle (65862-753-60),5.74,5.74,,,0
RC,637,"Valproic Acid: 100 Capsule, Liquid Filled In 1 Bottle, Plastic (69452-150-20)",0.64,0.64,,,0
RC,637,Valproic Acid: 473 Ml In 1 Bottle (0121-0675-85),0.55,0.55,,,0
RC,637,"Valproic: 100 Capsule, Liquid Filled In 1 Bottle (0591-4012-01)",0.5,0.5,,,0
RC,637,"Valsartan: 30 Tablet, Film Coated In 1 Bottle (33342-062-07)",0.1,0.1,,,0
RC,637,Valsartan: 90 Tablet In 1 Bottle (42291-857-90),0.22,0.22,,,0
RC,637,"Valsartan: 90 Tablet, Film Coated In 1 Bottle (33342-063-10)",0.19,0.19,,,0
RC,637,"Valsartan: 90 Tablet, Film Coated In 1 Bottle (55111-734-90)",0.3,0.3,,,0
RC,637,"Valsartan: 90 Tablet, Film Coated In 1 Bottle, Plastic (0378-5813-77)",0.61,0.61,,,0
RC,637,"Valsartan: 90 Tablet, Film Coated In 1 Bottle, Plastic (0378-5815-77)",1.01,1.01,,,0
RC,637,Vancomycin Hydrochloride: 2 Blister Pack In 1 Carton (62559-390-20)  / 10 Capsule In 1 Blister Pack,4.47,4.47,,,0
RC,637,Vancomycin Hydrochloride: 50 Capsule In 1 Bottle (62559-390-50),3.03,3.03,,,0
RC,637,"Varenicline: 56 Tablet, Film Coated In 1 Bottle (49884-156-76)",1.38,1.38,,,0
RC,637,Venlafaxine Hydrochloride: 100 Tablet In 1 Bottle (0093-9147-01),0.56,0.56,,,0
RC,637,"Venlafaxine Hydrochloride: 90 Capsule, Extended Release In 1 Bottle (0093-7385-98)",0.52,0.52,,,0
RC,637,"Verapamil Hydrochloride: 100 Tablet, Film Coated, Extended Release In 1 Bottle (68462-260-01)",0.56,0.56,,,0
RC,637,"Verapamil Hydrochloride: 100 Tablet, Film Coated, Extended Release In 1 Bottle (68462-292-01)",0.56,0.56,,,0
RC,637,"Verapamil Hydrochloride: 100 Tablet, Film Coated, Extended Release In 1 Bottle (68462-293-01)",0.59,0.59,,,0
RC,637,Viibryd: 30 Tablet In 1 Bottle (0456-1120-30),21.3,21.3,,,0
RC,637,"Vimpat: 6 Blister Pack In 1 Carton (0131-2479-60)  / 10 Tablet, Film Coated In 1 Blister Pack",38.52,38.52,,,0
RC,637,"Vitamin D: 100 Capsule In 1 Bottle, Plastic (64380-737-06)",0.33,0.33,,,0
RC,637,Vyvanse: 100 Capsule In 1 Bottle (59417-101-10),23.36,23.36,,,0
RC,637,Vyvanse: 100 Capsule In 1 Bottle (59417-103-10),23.33,23.33,,,0
RC,637,Warfarin Sodium: 100 Tablet In 1 Bottle (51672-4027-1),0.21,0.21,,,0
RC,637,"Xarelto: 60 Tablet, Film Coated In 1 Bottle (50458-577-60)",0.02,0.02,,,0
RC,637,"Xcopri Titration Pack: 1 Kit In 1 Carton (71699-201-28)  *  1 Tablet In 1 Blister Pack *  1 Tablet, Film Coated In 1 Blister Pack",7.17,7.17,,,0
RC,637,"Xcopri: 30 Tablet, Film Coated In 1 Bottle (71699-100-30)",73.22,73.22,,,0
RC,637,"Xeljanz: 60 Tablet, Film Coated In 1 Bottle (0069-1001-01)",182.94,182.94,,,0
RC,637,Xifaxan: 6 Blister Pack In 1 Carton (65649-303-03)  / 10 Tablet In 1 Blister Pack,96.8,96.8,,,0
RC,637,"Zaleplon: 100 Capsule In 1 Bottle, Plastic (29300-131-01)",0.37,0.37,,,0
RC,637,"Zenpep: 100 Capsule, Delayed Release In 1 Bottle (73562-110-01)",7.98,7.98,,,0
RC,637,Zidovudine: 12 Bottle In 1 Case (31722-509-60)  / 60 Tablet In 1 Bottle,0.58,0.58,,,0
RC,637,"Ziprasidone Hydrochloride: 4 Blister Pack In 1 Box, Unit-Dose (63739-005-32)  / 10 Capsule In 1 Blister Pack",4.04,4.04,,,0
RC,637,Ziprasidone: 80 Blister Pack In 1 Carton (0904-6269-45)  / 1 Capsule In 1 Blister Pack,3.14,3.14,,,0
RC,637,Ziprasidone: 80 Blister Pack In 1 Carton (0904-6272-45)  / 1 Capsule In 1 Blister Pack,3.61,3.61,,,0
RC,637,Zolpidem Tartrate: 100 Blister Pack In 1 Carton (0904-6082-61)  / 1 Tablet In 1 Blister Pack,0.13,0.13,,,0
RC,637,"Zolpidem Tartrate: 100 Tablet, Film Coated In 1 Bottle (16714-621-01)",0.05,0.05,,,0
RC,637,medroxyprogesterone acetate: 1 BOTTLE in 1 CARTON (59762-3742-2)  / 100 TABLET in 1 BOTTLE,0.49,0.49,,,0
